{"type":"FeatureCollection","features":[
{"type":"Feature","properties":{"object_type":"oks_future","_source":"inferred","heat_load":0.031,"flow_tph":0.388,"_load_source":"scheme","_ref":"Схема теплоснабжения г. Н. Новгорода до 2030 г. (актуализация на 2026 г.), шифр 22401, Обосновывающие материалы, Гл. 2 Прил. 1 Ч. 3, табл. 2.1 «Прогноз ввода строений различного назначения … до 2030 года»","_item":1,"_name":"Комбинат бытового обслуживания по ул. Светлоярская, к западу от дома № 46","_scheme_source":"\"3 МР Сормово\", ул. Иванова, 14-б","_district":"Сормовский район","_year":2025,"_address":"\"3 МР Сормово\", ул. Иванова, 14-б","_geocode":"source","_contour":"typical","floor_area_m2":300,"levels":1},"geometry":{"type":"Polygon","coordinates":[[[43.8260691,56.3607281],[43.8259139,56.3608215],[43.8256616,56.3606923],[43.8258167,56.3605989],[43.8260691,56.3607281]]]}},
{"type":"Feature","properties":{"object_type":"oks_future","_source":"inferred","heat_load":1.0,"flow_tph":12.5,"_load_source":"scheme","_ref":"Схема теплоснабжения г. Н. Новгорода до 2030 г. (актуализация на 2026 г.), шифр 22401, Обосновывающие материалы, Гл. 2 Прил. 1 Ч. 3, табл. 2.1 «Прогноз ввода строений различного назначения … до 2030 года»","_item":2,"_name":"проект планировки территории в границах улиц Светлоярская, Силикатная","_scheme_source":"\"3 МР Сормово\", ул. Иванова, 14-б","_district":"Сормовский район","_year":2030,"_address":"Силикатная улица","_geocode":"street","_contour":"typical","floor_area_m2":18974,"levels":17},"geometry":{"type":"Polygon","coordinates":[[[43.8443726,56.357593],[43.8441766,56.3574991],[43.8449139,56.3570246],[43.84511,56.3571185],[43.8443726,56.357593]]]}},
{"type":"Feature","properties":{"object_type":"oks_future","_source":"inferred","heat_load":1.0,"flow_tph":12.5,"_load_source":"scheme","_ref":"Схема теплоснабжения г. Н. Новгорода до 2030 г. (актуализация на 2026 г.), шифр 22401, Обосновывающие материалы, Гл. 2 Прил. 1 Ч. 3, табл. 2.1 «Прогноз ввода строений различного назначения … до 2030 года»","_item":2,"_name":"проект планировки территории в границах улиц Светлоярская, Силикатная","_scheme_source":"\"3 МР Сормово\", ул. Иванова, 14-б","_district":"Сормовский район","_year":2030,"_address":"Силикатная улица","_geocode":"street","_contour":"typical","floor_area_m2":18974,"levels":17},"geometry":{"type":"Polygon","coordinates":[[[43.8474185,56.3586844],[43.8472224,56.3585905],[43.8479597,56.3581159],[43.8481558,56.3582098],[43.8474185,56.3586844]]]}},
{"type":"Feature","properties":{"object_type":"oks_future","_source":"inferred","heat_load":1.0,"flow_tph":12.5,"_load_source":"scheme","_ref":"Схема теплоснабжения г. Н. Новгорода до 2030 г. (актуализация на 2026 г.), шифр 22401, Обосновывающие материалы, Гл. 2 Прил. 1 Ч. 3, табл. 2.1 «Прогноз ввода строений различного назначения … до 2030 года»","_item":2,"_name":"проект планировки территории в границах улиц Светлоярская, Силикатная","_scheme_source":"\"3 МР Сормово\", ул. Иванова, 14-б","_district":"Сормовский район","_year":2030,"_address":"Силикатная улица","_geocode":"street","_contour":"typical","floor_area_m2":18974,"levels":17},"geometry":{"type":"Polygon","coordinates":[[[43.8416105,56.359264],[43.8414413,56.3593728],[43.8405865,56.3589635],[43.8407557,56.3588546],[43.8416105,56.359264]]]}},
{"type":"Feature","properties":{"object_type":"oks_future","_source":"inferred","heat_load":1.0,"flow_tph":12.5,"_load_source":"scheme","_ref":"Схема теплоснабжения г. Н. Новгорода до 2030 г. (актуализация на 2026 г.), шифр 22401, Обосновывающие материалы, Гл. 2 Прил. 1 Ч. 3, табл. 2.1 «Прогноз ввода строений различного назначения … до 2030 года»","_item":2,"_name":"проект планировки территории в границах улиц Светлоярская, Силикатная","_scheme_source":"\"3 МР Сормово\", ул. Иванова, 14-б","_district":"Сормовский район","_year":2030,"_address":"Силикатная улица","_geocode":"street","_contour":"typical","floor_area_m2":18974,"levels":17},"geometry":{"type":"Polygon","coordinates":[[[43.8478874,56.3587935],[43.8476913,56.3586996],[43.8484286,56.358225],[43.8486247,56.3583189],[43.8478874,56.3587935]]]}},
{"type":"Feature","properties":{"object_type":"oks_future","_source":"inferred","heat_load":1.0,"flow_tph":12.5,"_load_source":"scheme","_ref":"Схема теплоснабжения г. Н. Новгорода до 2030 г. (актуализация на 2026 г.), шифр 22401, Обосновывающие материалы, Гл. 2 Прил. 1 Ч. 3, табл. 2.1 «Прогноз ввода строений различного назначения … до 2030 года»","_item":2,"_name":"проект планировки территории в границах улиц Светлоярская, Силикатная","_scheme_source":"\"3 МР Сормово\", ул. Иванова, 14-б","_district":"Сормовский район","_year":2030,"_address":"Силикатная улица","_geocode":"street","_contour":"typical","floor_area_m2":18974,"levels":17},"geometry":{"type":"Polygon","coordinates":[[[43.8481663,56.3590161],[43.8479702,56.3589223],[43.8487075,56.3584477],[43.8489036,56.3585416],[43.8481663,56.3590161]]]}},
{"type":"Feature","properties":{"object_type":"oks_future","_source":"inferred","heat_load":1.0,"flow_tph":12.5,"_load_source":"scheme","_ref":"Схема теплоснабжения г. Н. Новгорода до 2030 г. (актуализация на 2026 г.), шифр 22401, Обосновывающие материалы, Гл. 2 Прил. 1 Ч. 3, табл. 2.1 «Прогноз ввода строений различного назначения … до 2030 года»","_item":2,"_name":"проект планировки территории в границах улиц Светлоярская, Силикатная","_scheme_source":"\"3 МР Сормово\", ул. Иванова, 14-б","_district":"Сормовский район","_year":2030,"_address":"Силикатная улица","_geocode":"street","_contour":"typical","floor_area_m2":18974,"levels":17},"geometry":{"type":"Polygon","coordinates":[[[43.8487747,56.3591336],[43.8485787,56.3590397],[43.849316,56.3585652],[43.849512,56.358659],[43.8487747,56.3591336]]]}},
{"type":"Feature","properties":{"object_type":"oks_future","_source":"inferred","heat_load":1.0,"flow_tph":12.5,"_load_source":"scheme","_ref":"Схема теплоснабжения г. Н. Новгорода до 2030 г. (актуализация на 2026 г.), шифр 22401, Обосновывающие материалы, Гл. 2 Прил. 1 Ч. 3, табл. 2.1 «Прогноз ввода строений различного назначения … до 2030 года»","_item":2,"_name":"проект планировки территории в границах улиц Светлоярская, Силикатная","_scheme_source":"\"3 МР Сормово\", ул. Иванова, 14-б","_district":"Сормовский район","_year":2030,"_address":"Силикатная улица","_geocode":"street","_contour":"typical","floor_area_m2":18974,"levels":17},"geometry":{"type":"Polygon","coordinates":[[[43.8400088,56.3580789],[43.8398127,56.357985],[43.8405501,56.3575105],[43.8407462,56.3576044],[43.8400088,56.3580789]]]}},
{"type":"Feature","properties":{"object_type":"oks_future","_source":"inferred","heat_load":0.072,"flow_tph":0.9,"_load_source":"scheme","_ref":"Схема теплоснабжения г. Н. Новгорода до 2030 г. (актуализация на 2026 г.), шифр 22401, Обосновывающие материалы, Гл. 2 Прил. 1 Ч. 3, табл. 2.1 «Прогноз ввода строений различного назначения … до 2030 года»","_item":3,"_name":"Дом детского творчества по ул. Героев Космоса, у дома №14","_scheme_source":"\"7 МР Сормово №2\", ул. Гаугеля, 25","_district":"Сормовский район","_year":2025,"_address":"проспект Героев, 14","_geocode":"near","_contour":"typical","floor_area_m2":500,"levels":1},"geometry":{"type":"Polygon","coordinates":[[[43.8680996,56.3223689],[43.8680541,56.322531],[43.8676166,56.3224931],[43.8676622,56.322331],[43.8680996,56.3223689]]]}},
{"type":"Feature","properties":{"object_type":"oks_future","_source":"inferred","heat_load":0.0984,"flow_tph":1.23,"_load_source":"scheme","_ref":"Схема теплоснабжения г. Н. Новгорода до 2030 г. (актуализация на 2026 г.), шифр 22401, Обосновывающие материалы, Гл. 2 Прил. 1 Ч. 3, табл. 2.1 «Прогноз ввода строений различного назначения … до 2030 года»","_item":5,"_name":"Комбинат бытового обслуживания по ул. Ефремова, у дома № 10","_scheme_source":"\"9 МР Сормово\", ул. Базарная, 6","_district":"Сормовский район","_year":2026,"_address":"улица Ефремова, 10","_geocode":"near","_contour":"typical","floor_area_m2":1000,"levels":3},"geometry":{"type":"Polygon","coordinates":[[[43.8638227,56.3512921],[43.8640553,56.3513275],[43.8639597,56.3515212],[43.863727,56.3514859],[43.8638227,56.3512921]]]}},
{"type":"Feature","properties":{"object_type":"oks_future","_source":"inferred","heat_load":0.753,"flow_tph":9.412,"_load_source":"scheme","_ref":"Схема теплоснабжения г. Н. Новгорода до 2030 г. (актуализация на 2026 г.), шифр 22401, Обосновывающие материалы, Гл. 2 Прил. 1 Ч. 3, табл. 2.1 «Прогноз ввода строений различного назначения … до 2030 года»","_item":6,"_name":"жилой комплекс, состоящий из 3-х семнадцатиэтажных домов с подземными стоянками и помещениями общественного назначения по ул. Светлоярской, напротив дома №25","_scheme_source":"\"Баня №7\", ул. Станиславского, 3","_district":"Сормовский район","_year":2029,"_address":"Общественный переулок, 25","_geocode":"near","_contour":"typical","floor_area_m2":19510,"levels":17},"geometry":{"type":"Polygon","coordinates":[[[43.8252683,56.3794967],[43.8250228,56.3794509],[43.8253929,56.3788401],[43.8256384,56.3788859],[43.8252683,56.3794967]]]}},
{"type":"Feature","properties":{"object_type":"oks_future","_source":"inferred","heat_load":0.753,"flow_tph":9.412,"_load_source":"scheme","_ref":"Схема теплоснабжения г. Н. Новгорода до 2030 г. (актуализация на 2026 г.), шифр 22401, Обосновывающие материалы, Гл. 2 Прил. 1 Ч. 3, табл. 2.1 «Прогноз ввода строений различного назначения … до 2030 года»","_item":6,"_name":"жилой комплекс, состоящий из 3-х семнадцатиэтажных домов с подземными стоянками и помещениями общественного назначения по ул. Светлоярской, напротив дома №25","_scheme_source":"\"Баня №7\", ул. Станиславского, 3","_district":"Сормовский район","_year":2029,"_address":"Общественный переулок, 25","_geocode":"near","_contour":"typical","floor_area_m2":19510,"levels":17},"geometry":{"type":"Polygon","coordinates":[[[43.8260049,56.3786646],[43.8259223,56.3788009],[43.8248215,56.3785955],[43.824904,56.3784593],[43.8260049,56.3786646]]]}},
{"type":"Feature","properties":{"object_type":"oks_future","_source":"inferred","heat_load":0.17,"flow_tph":2.125,"_load_source":"scheme","_ref":"Схема теплоснабжения г. Н. Новгорода до 2030 г. (актуализация на 2026 г.), шифр 22401, Обосновывающие материалы, Гл. 2 Прил. 1 Ч. 3, табл. 2.1 «Прогноз ввода строений различного назначения … до 2030 года»","_item":7,"_name":"Объект по оказанию бытовых услуг (мастерская мелкого ремонта, парикмахерская, ателье), ул. Мокроусова, у дома № 17","_scheme_source":"\"Баня №7\", ул. Станиславского, 3","_district":"Сормовский район","_year":2025,"_address":"улица Мокроусова, 17","_geocode":"near","_contour":"typical","floor_area_m2":1500,"levels":3},"geometry":{"type":"Polygon","coordinates":[[[43.8376889,56.358878],[43.8373935,56.358878],[43.8373935,56.3586319],[43.8376889,56.3586319],[43.8376889,56.358878]]]}},
{"type":"Feature","properties":{"object_type":"oks_future","_source":"inferred","heat_load":0.09,"flow_tph":1.125,"_load_source":"scheme","_ref":"Схема теплоснабжения г. Н. Новгорода до 2030 г. (актуализация на 2026 г.), шифр 22401, Обосновывающие материалы, Гл. 2 Прил. 1 Ч. 3, табл. 2.1 «Прогноз ввода строений различного назначения … до 2030 года»","_item":8,"_name":"Магазин по ул. Светлоярская, 25А","_scheme_source":"\"Баня №7\", ул. Станиславского, 3","_district":"Сормовский район","_year":2025,"_address":"\"Баня №7\", ул. Станиславского, 3","_geocode":"source","_contour":"typical","floor_area_m2":6380,"levels":5},"geometry":{"type":"Polygon","coordinates":[[[43.8365387,56.3521526],[43.8369376,56.3522926],[43.8365593,56.3526248],[43.8361604,56.3524848],[43.8365387,56.3521526]]]}},
{"type":"Feature","properties":{"object_type":"oks_future","_source":"real","heat_load":0.2673,"flow_tph":3.341,"_load_source":"scheme","_ref":"Схема теплоснабжения г. Н. Новгорода до 2030 г. (актуализация на 2026 г.), шифр 22401, Обосновывающие материалы, Гл. 2 Прил. 1 Ч. 3, табл. 2.1 «Прогноз ввода строений различного назначения … до 2030 года»","_item":9,"_name":"Административно-торговое здание ул. Циолковского, 7/2 стр","_scheme_source":"\"Циолковского, 5\", ул. Коперника, 1-а","_district":"Сормовский район","_year":2029,"_address":"улица Циолковского, 7/2","_geocode":"at","_contour":"osm_construction","floor_area_m2":3000,"levels":3,"_osm":"r7617362"},"geometry":{"type":"Polygon","coordinates":[[[43.8388836,56.3453021],[43.8390867,56.3453554],[43.8391621,56.3453449],[43.8393274,56.3453103],[43.8394187,56.3452493],[43.8394593,56.3451721],[43.839439,56.3450966],[43.8390026,56.3449938],[43.8388895,56.3450275],[43.8386808,56.3452428],[43.8388836,56.3453021]]]}},
{"type":"Feature","properties":{"object_type":"oks_future","_source":"inferred","heat_load":0.7778,"flow_tph":9.722,"_load_source":"scheme","_ref":"Схема теплоснабжения г. Н. Новгорода до 2030 г. (актуализация на 2026 г.), шифр 22401, Обосновывающие материалы, Гл. 2 Прил. 1 Ч. 3, табл. 2.1 «Прогноз ввода строений различного назначения … до 2030 года»","_item":10,"_name":"проект планировки и межевания территории в границах улиц Циолковского, Культуры, Коперника, бульвара Юбилейный","_scheme_source":"\"Циолковского, 5\", ул. Коперника, 1-а","_district":"Сормовский район","_year":2030,"_address":"в границах улица Циолковского, улица Культуры, улица Коперника","_geocode":"streets","_contour":"typical","floor_area_m2":16365,"levels":17},"geometry":{"type":"Polygon","coordinates":[[[43.8420144,56.3440232],[43.8422304,56.3441024],[43.8416941,56.3445535],[43.8414781,56.3444743],[43.8420144,56.3440232]]]}},
{"type":"Feature","properties":{"object_type":"oks_future","_source":"inferred","heat_load":0.7778,"flow_tph":9.722,"_load_source":"scheme","_ref":"Схема теплоснабжения г. Н. Новгорода до 2030 г. (актуализация на 2026 г.), шифр 22401, Обосновывающие материалы, Гл. 2 Прил. 1 Ч. 3, табл. 2.1 «Прогноз ввода строений различного назначения … до 2030 года»","_item":10,"_name":"проект планировки и межевания территории в границах улиц Циолковского, Культуры, Коперника, бульвара Юбилейный","_scheme_source":"\"Циолковского, 5\", ул. Коперника, 1-а","_district":"Сормовский район","_year":2030,"_address":"в границах улица Циолковского, улица Культуры, улица Коперника","_geocode":"streets","_contour":"typical","floor_area_m2":16365,"levels":17},"geometry":{"type":"Polygon","coordinates":[[[43.8415896,56.3456285],[43.8418056,56.3457077],[43.8412693,56.3461588],[43.8410533,56.3460796],[43.8415896,56.3456285]]]}},
{"type":"Feature","properties":{"object_type":"oks_future","_source":"inferred","heat_load":0.7778,"flow_tph":9.722,"_load_source":"scheme","_ref":"Схема теплоснабжения г. Н. Новгорода до 2030 г. (актуализация на 2026 г.), шифр 22401, Обосновывающие материалы, Гл. 2 Прил. 1 Ч. 3, табл. 2.1 «Прогноз ввода строений различного назначения … до 2030 года»","_item":10,"_name":"проект планировки и межевания территории в границах улиц Циолковского, Культуры, Коперника, бульвара Юбилейный","_scheme_source":"\"Циолковского, 5\", ул. Коперника, 1-а","_district":"Сормовский район","_year":2030,"_address":"в границах улица Циолковского, улица Культуры, улица Коперника","_geocode":"streets","_contour":"typical","floor_area_m2":16365,"levels":17},"geometry":{"type":"Polygon","coordinates":[[[43.8427795,56.3439625],[43.8429955,56.3440417],[43.8424592,56.3444928],[43.8422432,56.3444136],[43.8427795,56.3439625]]]}},
{"type":"Feature","properties":{"object_type":"oks_future","_source":"inferred","heat_load":0.7778,"flow_tph":9.722,"_load_source":"scheme","_ref":"Схема теплоснабжения г. Н. Новгорода до 2030 г. (актуализация на 2026 г.), шифр 22401, Обосновывающие материалы, Гл. 2 Прил. 1 Ч. 3, табл. 2.1 «Прогноз ввода строений различного назначения … до 2030 года»","_item":10,"_name":"проект планировки и межевания территории в границах улиц Циолковского, Культуры, Коперника, бульвара Юбилейный","_scheme_source":"\"Циолковского, 5\", ул. Коперника, 1-а","_district":"Сормовский район","_year":2030,"_address":"в границах улица Циолковского, улица Культуры, улица Коперника","_geocode":"streets","_contour":"typical","floor_area_m2":16365,"levels":17},"geometry":{"type":"Polygon","coordinates":[[[43.8434427,56.3441434],[43.8436587,56.3442226],[43.8431224,56.3446736],[43.8429064,56.3445944],[43.8434427,56.3441434]]]}},
{"type":"Feature","properties":{"object_type":"oks_future","_source":"inferred","heat_load":0.0216,"flow_tph":0.27,"_load_source":"scheme","_ref":"Схема теплоснабжения г. Н. Новгорода до 2030 г. (актуализация на 2026 г.), шифр 22401, Обосновывающие материалы, Гл. 2 Прил. 1 Ч. 3, табл. 2.1 «Прогноз ввода строений различного назначения … до 2030 года»","_item":11,"_name":"Кафе и автомойка, ул. Шимборского, 14","_scheme_source":"\"Циолковского, 5\", ул. Коперника, 1-а","_district":"Сормовский район","_year":2025,"_address":"улица Шимборского","_geocode":"street","_contour":"typical","floor_area_m2":200,"levels":1},"geometry":{"type":"Polygon","coordinates":[[[43.8454383,56.3441726],[43.845358,56.344079],[43.845611,56.3440121],[43.8456913,56.3441058],[43.8454383,56.3441726]]]}},
{"type":"Feature","properties":{"object_type":"oks_future","_source":"inferred","heat_load":0.393,"flow_tph":4.913,"_load_source":"scheme","_ref":"Схема теплоснабжения г. Н. Новгорода до 2030 г. (актуализация на 2026 г.), шифр 22401, Обосновывающие материалы, Гл. 2 Прил. 1 Ч. 3, табл. 2.1 «Прогноз ввода строений различного назначения … до 2030 года»","_item":12,"_name":"Многоквартирный дом с помещениями общественного назначения и дошкольной образовательной организацией по ул. Чайковского, з/у 13","_scheme_source":"пр. Союзный, 43","_district":"Сормовский район","_year":2028,"_address":"Общественный переулок","_geocode":"street","_contour":"typical","floor_area_m2":8600,"levels":12},"geometry":{"type":"Polygon","coordinates":[[[43.8272779,56.3800818],[43.8270247,56.3800512],[43.8271792,56.379658],[43.8274323,56.3796886],[43.8272779,56.3800818]]]}},
{"type":"Feature","properties":{"object_type":"oks_future","_source":"inferred","heat_load":0.8002,"flow_tph":10.002,"_load_source":"scheme","_ref":"Схема теплоснабжения г. Н. Новгорода до 2030 г. (актуализация на 2026 г.), шифр 22401, Обосновывающие материалы, Гл. 2 Прил. 1 Ч. 3, табл. 2.1 «Прогноз ввода строений различного назначения … до 2030 года»","_item":13,"_name":"Территория по ул. Хальзовская, в сторону р.Волга между памятником природы «Копосовская дубрава» в садоводческом товариществе","_scheme_source":"пр. Союзный, 43","_district":"Сормовский район","_year":2030,"_address":"в границах Хальзовская улица, «Волга», Копосовский переулок, Дубравная улица","_geocode":"streets","_contour":"typical","floor_area_m2":15000,"levels":5},"geometry":{"type":"Polygon","coordinates":[[[43.830505,56.3759026],[43.8298177,56.3757763],[43.8301592,56.3752042],[43.8308465,56.3753305],[43.830505,56.3759026]]]}},
{"type":"Feature","properties":{"object_type":"oks_future","_source":"inferred","heat_load":0.8002,"flow_tph":10.002,"_load_source":"scheme","_ref":"Схема теплоснабжения г. Н. Новгорода до 2030 г. (актуализация на 2026 г.), шифр 22401, Обосновывающие материалы, Гл. 2 Прил. 1 Ч. 3, табл. 2.1 «Прогноз ввода строений различного назначения … до 2030 года»","_item":13,"_name":"Территория по ул. Хальзовская, в сторону р.Волга между памятником природы «Копосовская дубрава» в садоводческом товариществе","_scheme_source":"пр. Союзный, 43","_district":"Сормовский район","_year":2030,"_address":"в границах Хальзовская улица, «Волга», Копосовский переулок, Дубравная улица","_geocode":"streets","_contour":"typical","floor_area_m2":15000,"levels":5},"geometry":{"type":"Polygon","coordinates":[[[43.8354577,56.3790316],[43.8347703,56.3789053],[43.8351117,56.3783332],[43.8357991,56.3784595],[43.8354577,56.3790316]]]}},
{"type":"Feature","properties":{"object_type":"oks_future","_source":"inferred","heat_load":0.8002,"flow_tph":10.002,"_load_source":"scheme","_ref":"Схема теплоснабжения г. Н. Новгорода до 2030 г. (актуализация на 2026 г.), шифр 22401, Обосновывающие материалы, Гл. 2 Прил. 1 Ч. 3, табл. 2.1 «Прогноз ввода строений различного назначения … до 2030 года»","_item":13,"_name":"Территория по ул. Хальзовская, в сторону р.Волга между памятником природы «Копосовская дубрава» в садоводческом товариществе","_scheme_source":"пр. Союзный, 43","_district":"Сормовский район","_year":2030,"_address":"в границах Хальзовская улица, «Волга», Копосовский переулок, Дубравная улица","_geocode":"streets","_contour":"typical","floor_area_m2":15000,"levels":5},"geometry":{"type":"Polygon","coordinates":[[[43.8332419,56.3788681],[43.8334696,56.3784867],[43.8345007,56.3786762],[43.834273,56.3790576],[43.8332419,56.3788681]]]}},
{"type":"Feature","properties":{"object_type":"oks_future","_source":"inferred","heat_load":0.8002,"flow_tph":10.002,"_load_source":"scheme","_ref":"Схема теплоснабжения г. Н. Новгорода до 2030 г. (актуализация на 2026 г.), шифр 22401, Обосновывающие материалы, Гл. 2 Прил. 1 Ч. 3, табл. 2.1 «Прогноз ввода строений различного назначения … до 2030 года»","_item":13,"_name":"Территория по ул. Хальзовская, в сторону р.Волга между памятником природы «Копосовская дубрава» в садоводческом товариществе","_scheme_source":"пр. Союзный, 43","_district":"Сормовский район","_year":2030,"_address":"в границах Хальзовская улица, «Волга», Копосовский переулок, Дубравная улица","_geocode":"streets","_contour":"typical","floor_area_m2":15000,"levels":5},"geometry":{"type":"Polygon","coordinates":[[[43.825871,56.3766869],[43.8251837,56.3765605],[43.8255253,56.3759885],[43.8262126,56.3761148],[43.825871,56.3766869]]]}},
{"type":"Feature","properties":{"object_type":"oks_future","_source":"inferred","heat_load":0.8002,"flow_tph":10.002,"_load_source":"scheme","_ref":"Схема теплоснабжения г. Н. Новгорода до 2030 г. (актуализация на 2026 г.), шифр 22401, Обосновывающие материалы, Гл. 2 Прил. 1 Ч. 3, табл. 2.1 «Прогноз ввода строений различного назначения … до 2030 года»","_item":13,"_name":"Территория по ул. Хальзовская, в сторону р.Волга между памятником природы «Копосовская дубрава» в садоводческом товариществе","_scheme_source":"пр. Союзный, 43","_district":"Сормовский район","_year":2030,"_address":"в границах Хальзовская улица, «Волга», Копосовский переулок, Дубравная улица","_geocode":"streets","_contour":"typical","floor_area_m2":15000,"levels":5},"geometry":{"type":"Polygon","coordinates":[[[43.8357292,56.3791843],[43.8359568,56.3788029],[43.8369879,56.3789923],[43.8367603,56.3793737],[43.8357292,56.3791843]]]}},
{"type":"Feature","properties":{"object_type":"oks_future","_source":"inferred","heat_load":0.8002,"flow_tph":10.002,"_load_source":"scheme","_ref":"Схема теплоснабжения г. Н. Новгорода до 2030 г. (актуализация на 2026 г.), шифр 22401, Обосновывающие материалы, Гл. 2 Прил. 1 Ч. 3, табл. 2.1 «Прогноз ввода строений различного назначения … до 2030 года»","_item":13,"_name":"Территория по ул. Хальзовская, в сторону р.Волга между памятником природы «Копосовская дубрава» в садоводческом товариществе","_scheme_source":"пр. Союзный, 43","_district":"Сормовский район","_year":2030,"_address":"в границах Хальзовская улица, «Волга», Копосовский переулок, Дубравная улица","_geocode":"streets","_contour":"typical","floor_area_m2":15000,"levels":5},"geometry":{"type":"Polygon","coordinates":[[[43.8350384,56.3797251],[43.834351,56.3795988],[43.8346924,56.3790267],[43.8353798,56.379153],[43.8350384,56.3797251]]]}},
{"type":"Feature","properties":{"object_type":"oks_future","_source":"inferred","heat_load":0.3112,"flow_tph":3.89,"_load_source":"scheme","_ref":"Схема теплоснабжения г. Н. Новгорода до 2030 г. (актуализация на 2026 г.), шифр 22401, Обосновывающие материалы, Гл. 2 Прил. 1 Ч. 3, табл. 2.1 «Прогноз ввода строений различного назначения … до 2030 года»","_item":14,"_name":"Многоквартирный дом с помещениями общественного назначения и подземной парковкой (№ 2 по генплану), в границах улиц Старая Канава, Свободы и пер. Союзный","_scheme_source":"пр. Союзный, 43","_district":"Сормовский район","_year":2026,"_address":"в границах Общественный переулок, улица Старая Канава, Союзный переулок","_geocode":"streets","_contour":"typical","floor_area_m2":5000,"levels":9},"geometry":{"type":"Polygon","coordinates":[[[43.859544,56.3585967],[43.8597795,56.3586564],[43.8595461,56.3589401],[43.8593106,56.3588804],[43.859544,56.3585967]]]}},
{"type":"Feature","properties":{"object_type":"oks_future","_source":"inferred","heat_load":1.1227,"flow_tph":14.034,"_load_source":"scheme","_ref":"Схема теплоснабжения г. Н. Новгорода до 2030 г. (актуализация на 2026 г.), шифр 22401, Обосновывающие материалы, Гл. 2 Прил. 1 Ч. 3, табл. 2.1 «Прогноз ввода строений различного назначения … до 2030 года»","_item":15,"_name":"Строительство детской поликлиники на 500 посещений в смену, ул. Героя Сутырина, 19","_scheme_source":"пр. Союзный, 43","_district":"Сормовский район","_year":2026,"_address":"проспект Героев","_geocode":"street","_contour":"typical","floor_area_m2":5000,"levels":3},"geometry":{"type":"Polygon","coordinates":[[[43.8822228,56.3235182],[43.8826067,56.3237284],[43.8820393,56.3240484],[43.8816554,56.3238382],[43.8822228,56.3235182]]]}},
{"type":"Feature","properties":{"object_type":"oks_future","_source":"inferred","heat_load":0.1212,"flow_tph":1.515,"_load_source":"scheme","_ref":"Схема теплоснабжения г. Н. Новгорода до 2030 г. (актуализация на 2026 г.), шифр 22401, Обосновывающие материалы, Гл. 2 Прил. 1 Ч. 3, табл. 2.1 «Прогноз ввода строений различного назначения … до 2030 года»","_item":16,"_name":"Нежилое здание, ул. Замкнутая, 26а","_scheme_source":"пр. Союзный, 43","_district":"Сормовский район","_year":2025,"_address":"Замкнутая улица, 26а","_geocode":"at","_contour":"typical","floor_area_m2":1212,"levels":3},"geometry":{"type":"Polygon","coordinates":[[[43.8483301,56.3565591],[43.8485335,56.3564643],[43.8487897,56.3566337],[43.8485863,56.3567285],[43.8483301,56.3565591]]]}},
{"type":"Feature","properties":{"object_type":"oks_future","_source":"inferred","heat_load":0.6925,"flow_tph":8.656,"_load_source":"scheme","_ref":"Схема теплоснабжения г. Н. Новгорода до 2030 г. (актуализация на 2026 г.), шифр 22401, Обосновывающие материалы, Гл. 2 Прил. 1 Ч. 3, табл. 2.1 «Прогноз ввода строений различного назначения … до 2030 года»","_item":17,"_name":"Многоквартирный дом (№ 7 по генплану) в границах улиц Старая Канава, Свободы и пер. Союзный","_scheme_source":"пр. Союзный, 43","_district":"Сормовский район","_year":2027,"_address":"в границах улица Старая Канава, Союзный переулок","_geocode":"streets","_contour":"typical","floor_area_m2":13000,"levels":17},"geometry":{"type":"Polygon","coordinates":[[[43.8602517,56.3611955],[43.8603593,56.3610647],[43.8610629,56.361243],[43.8609554,56.3613738],[43.8602517,56.3611955]]]}},
{"type":"Feature","properties":{"object_type":"oks_future","_source":"inferred","heat_load":1.1764,"flow_tph":14.705,"_load_source":"scheme","_ref":"Схема теплоснабжения г. Н. Новгорода до 2030 г. (актуализация на 2026 г.), шифр 22401, Обосновывающие материалы, Гл. 2 Прил. 1 Ч. 3, табл. 2.1 «Прогноз ввода строений различного назначения … до 2030 года»","_item":18,"_name":"Общественное здание (№ 8 по генплану) в границах улиц Старая Канава, Свободы и пер. Союзный","_scheme_source":"пр. Союзный, 43","_district":"Сормовский район","_year":2027,"_address":"в границах Общественный переулок, улица Старая Канава, Союзный переулок","_geocode":"streets","_contour":"typical","floor_area_m2":17100,"levels":17},"geometry":{"type":"Polygon","coordinates":[[[43.8590673,56.3574217],[43.8591748,56.3572909],[43.8601003,56.3575255],[43.8599928,56.3576562],[43.8590673,56.3574217]]]}},
{"type":"Feature","properties":{"object_type":"oks_future","_source":"real","heat_load":0.8037,"flow_tph":10.046,"_load_source":"scheme","_ref":"Схема теплоснабжения г. Н. Новгорода до 2030 г. (актуализация на 2026 г.), шифр 22401, Обосновывающие материалы, Гл. 2 Прил. 1 Ч. 3, табл. 2.1 «Прогноз ввода строений различного назначения … до 2030 года»","_item":19,"_name":"Территория в границах ул.Маршала Казакова, Бригадная, Хохломская, Чебоксарская","_scheme_source":"Сормовская ТЭЦ","_district":"Сормовский район","_year":2030,"_address":"Сормовская ТЭЦ","_geocode":"source","_contour":"osm_construction","floor_area_m2":18933,"levels":17,"_osm":"w1084220574"},"geometry":{"type":"Polygon","coordinates":[[[43.892422,56.3508216],[43.8921888,56.3504898],[43.8919174,56.3505484],[43.8921506,56.3508802],[43.892422,56.3508216]]]}},
{"type":"Feature","properties":{"object_type":"oks_future","_source":"inferred","heat_load":0.8037,"flow_tph":10.046,"_load_source":"scheme","_ref":"Схема теплоснабжения г. Н. Новгорода до 2030 г. (актуализация на 2026 г.), шифр 22401, Обосновывающие материалы, Гл. 2 Прил. 1 Ч. 3, табл. 2.1 «Прогноз ввода строений различного назначения … до 2030 года»","_item":19,"_name":"Территория в границах ул.Маршала Казакова, Бригадная, Хохломская, Чебоксарская","_scheme_source":"Сормовская ТЭЦ","_district":"Сормовский район","_year":2030,"_address":"Сормовская ТЭЦ","_geocode":"source","_contour":"typical","floor_area_m2":18933,"levels":17},"geometry":{"type":"Polygon","coordinates":[[[43.8875535,56.3539253],[43.8876553,56.3537931],[43.888691,56.3540388],[43.8885893,56.354171],[43.8875535,56.3539253]]]}},
{"type":"Feature","properties":{"object_type":"oks_future","_source":"inferred","heat_load":0.8037,"flow_tph":10.046,"_load_source":"scheme","_ref":"Схема теплоснабжения г. Н. Новгорода до 2030 г. (актуализация на 2026 г.), шифр 22401, Обосновывающие материалы, Гл. 2 Прил. 1 Ч. 3, табл. 2.1 «Прогноз ввода строений различного назначения … до 2030 года»","_item":19,"_name":"Территория в границах ул.Маршала Казакова, Бригадная, Хохломская, Чебоксарская","_scheme_source":"Сормовская ТЭЦ","_district":"Сормовский район","_year":2030,"_address":"Сормовская ТЭЦ","_geocode":"source","_contour":"typical","floor_area_m2":18933,"levels":17},"geometry":{"type":"Polygon","coordinates":[[[43.8872011,56.3535194],[43.8873028,56.3533872],[43.8883386,56.3536329],[43.8882369,56.3537651],[43.8872011,56.3535194]]]}},
{"type":"Feature","properties":{"object_type":"oks_future","_source":"real","heat_load":1.166,"flow_tph":14.575,"_load_source":"scheme","_ref":"Схема теплоснабжения г. Н. Новгорода до 2030 г. (актуализация на 2026 г.), шифр 22401, Обосновывающие материалы, Гл. 2 Прил. 1 Ч. 3, табл. 2.1 «Прогноз ввода строений различного назначения … до 2030 года»","_item":20,"_name":"территория в границах улиц Энгельса, Карпинского, Большевисткая","_scheme_source":"Сормовская ТЭЦ","_district":"Сормовский район","_year":2030,"_address":"в границах улица Энгельса, улица Карпинского","_geocode":"streets","_contour":"osm_construction","floor_area_m2":16038,"levels":17,"_osm":"w1535982086"},"geometry":{"type":"Polygon","coordinates":[[[43.8664437,56.3384032],[43.8665343,56.3384123],[43.8665314,56.3384211],[43.8665952,56.3384275],[43.8665921,56.3384372],[43.8666515,56.3384431],[43.8666919,56.3383197],[43.8666643,56.3383169],[43.8667078,56.3381839],[43.8665457,56.3381676],[43.866551,56.3381514],[43.8664916,56.3381454],[43.8664498,56.338273],[43.8664852,56.3382765],[43.8664437,56.3384032]]]}},
{"type":"Feature","properties":{"object_type":"oks_future","_source":"inferred","heat_load":1.166,"flow_tph":14.575,"_load_source":"scheme","_ref":"Схема теплоснабжения г. Н. Новгорода до 2030 г. (актуализация на 2026 г.), шифр 22401, Обосновывающие материалы, Гл. 2 Прил. 1 Ч. 3, табл. 2.1 «Прогноз ввода строений различного назначения … до 2030 года»","_item":20,"_name":"территория в границах улиц Энгельса, Карпинского, Большевисткая","_scheme_source":"Сормовская ТЭЦ","_district":"Сормовский район","_year":2030,"_address":"в границах улица Энгельса, улица Карпинского","_geocode":"streets","_contour":"typical","floor_area_m2":16038,"levels":17},"geometry":{"type":"Polygon","coordinates":[[[43.8695461,56.3382786],[43.8692873,56.3382763],[43.869303,56.3377466],[43.8695617,56.337749],[43.8695461,56.3382786]]]}},
{"type":"Feature","properties":{"object_type":"oks_future","_source":"inferred","heat_load":1.166,"flow_tph":14.575,"_load_source":"scheme","_ref":"Схема теплоснабжения г. Н. Новгорода до 2030 г. (актуализация на 2026 г.), шифр 22401, Обосновывающие материалы, Гл. 2 Прил. 1 Ч. 3, табл. 2.1 «Прогноз ввода строений различного назначения … до 2030 года»","_item":20,"_name":"территория в границах улиц Энгельса, Карпинского, Большевисткая","_scheme_source":"Сормовская ТЭЦ","_district":"Сормовский район","_year":2030,"_address":"в границах улица Энгельса, улица Карпинского","_geocode":"streets","_contour":"typical","floor_area_m2":16038,"levels":17},"geometry":{"type":"Polygon","coordinates":[[[43.8694475,56.3376037],[43.8691888,56.3376014],[43.8692044,56.3370717],[43.8694632,56.3370741],[43.8694475,56.3376037]]]}},
{"type":"Feature","properties":{"object_type":"oks_future","_source":"inferred","heat_load":1.166,"flow_tph":14.575,"_load_source":"scheme","_ref":"Схема теплоснабжения г. Н. Новгорода до 2030 г. (актуализация на 2026 г.), шифр 22401, Обосновывающие материалы, Гл. 2 Прил. 1 Ч. 3, табл. 2.1 «Прогноз ввода строений различного назначения … до 2030 года»","_item":20,"_name":"территория в границах улиц Энгельса, Карпинского, Большевисткая","_scheme_source":"Сормовская ТЭЦ","_district":"Сормовский район","_year":2030,"_address":"в границах улица Энгельса, улица Карпинского","_geocode":"streets","_contour":"typical","floor_area_m2":16038,"levels":17},"geometry":{"type":"Polygon","coordinates":[[[43.8692624,56.3366928],[43.8690036,56.3366905],[43.8690193,56.3361609],[43.869278,56.3361632],[43.8692624,56.3366928]]]}},
{"type":"Feature","properties":{"object_type":"oks_future","_source":"inferred","heat_load":0.5035,"flow_tph":6.294,"_load_source":"scheme","_ref":"Схема теплоснабжения г. Н. Новгорода до 2030 г. (актуализация на 2026 г.), шифр 22401, Обосновывающие материалы, Гл. 2 Прил. 1 Ч. 3, табл. 2.1 «Прогноз ввода строений различного назначения … до 2030 года»","_item":21,"_name":"Реконструкция объекта капитального строительства под многоквартирный жилой дом с помещениями общественного назначения, подземной автостоянкой (ул. Дмитрия Павлова, д.13)","_scheme_source":"Сормовская ТЭЦ","_district":"Сормовский район","_year":2025,"_address":"улица Дмитрия Павлова, 13","_geocode":"at","_contour":"typical","floor_area_m2":7000,"levels":12},"geometry":{"type":"Polygon","coordinates":[[[43.8703259,56.3528824],[43.8705272,56.3529727],[43.8701563,56.3532274],[43.869955,56.3531371],[43.8703259,56.3528824]]]}},
{"type":"Feature","properties":{"object_type":"oks_future","_source":"inferred","heat_load":0.016,"flow_tph":0.2,"_load_source":"scheme","_ref":"Схема теплоснабжения г. Н. Новгорода до 2030 г. (актуализация на 2026 г.), шифр 22401, Обосновывающие материалы, Гл. 2 Прил. 1 Ч. 3, табл. 2.1 «Прогноз ввода строений различного назначения … до 2030 года»","_item":22,"_name":"Административное здание (ул. Заводской парк, д.21)","_scheme_source":"Сормовская ТЭЦ","_district":"Сормовский район","_year":2025,"_address":"Сормовская ТЭЦ","_geocode":"source","_contour":"typical","floor_area_m2":300,"levels":1},"geometry":{"type":"Polygon","coordinates":[[[43.8939731,56.3528779],[43.894063,56.352761],[43.8943787,56.3528359],[43.8942888,56.3529527],[43.8939731,56.3528779]]]}},
{"type":"Feature","properties":{"object_type":"oks_future","_source":"inferred","heat_load":0.0229,"flow_tph":0.286,"_load_source":"scheme","_ref":"Схема теплоснабжения г. Н. Новгорода до 2030 г. (актуализация на 2026 г.), шифр 22401, Обосновывающие материалы, Гл. 2 Прил. 1 Ч. 3, табл. 2.1 «Прогноз ввода строений различного назначения … до 2030 года»","_item":23,"_name":"Здание административно-бытового назначения (№ 4), ул. Коминтерна, 41а","_scheme_source":"Сормовская ТЭЦ","_district":"Сормовский район","_year":2025,"_address":"улица Коминтерна, 41а","_geocode":"at","_contour":"typical","floor_area_m2":229,"levels":1},"geometry":{"type":"Polygon","coordinates":[[[43.888597,56.3435606],[43.8886312,56.34367],[43.8883358,56.3436985],[43.8883016,56.3435892],[43.888597,56.3435606]]]}},
{"type":"Feature","properties":{"object_type":"oks_future","_source":"inferred","heat_load":0.12,"flow_tph":1.5,"_load_source":"scheme","_ref":"Схема теплоснабжения г. Н. Новгорода до 2030 г. (актуализация на 2026 г.), шифр 22401, Обосновывающие материалы, Гл. 2 Прил. 1 Ч. 3, табл. 2.1 «Прогноз ввода строений различного назначения … до 2030 года»","_item":24,"_name":"Демонстрационный зал (чешский склад), ул. Коминтерна, 31 (строение 1, 2, 3)","_scheme_source":"Сормовская ТЭЦ","_district":"Сормовский район","_year":2025,"_address":"улица Коминтерна, 31","_geocode":"at","_contour":"typical","floor_area_m2":1200,"levels":3},"geometry":{"type":"Polygon","coordinates":[[[43.8961986,56.3446064],[43.8959526,56.3446598],[43.8958083,56.3444549],[43.8960543,56.3444014],[43.8961986,56.3446064]]]}},
{"type":"Feature","properties":{"object_type":"oks_future","_source":"inferred","heat_load":0.1707,"flow_tph":2.134,"_load_source":"scheme","_ref":"Схема теплоснабжения г. Н. Новгорода до 2030 г. (актуализация на 2026 г.), шифр 22401, Обосновывающие материалы, Гл. 2 Прил. 1 Ч. 3, табл. 2.1 «Прогноз ввода строений различного назначения … до 2030 года»","_item":25,"_name":"Нежилое здание, ул. Заводской парк, 2","_scheme_source":"Сормовская ТЭЦ","_district":"Сормовский район","_year":2025,"_address":"Сормовская ТЭЦ","_geocode":"source","_contour":"typical","floor_area_m2":1707,"levels":3},"geometry":{"type":"Polygon","coordinates":[[[43.8873424,56.353277],[43.8874663,56.3531161],[43.887901,56.3532192],[43.8877771,56.3533801],[43.8873424,56.353277]]]}},
{"type":"Feature","properties":{"object_type":"oks_future","_source":"inferred","heat_load":0.082,"flow_tph":1.025,"_load_source":"scheme","_ref":"Схема теплоснабжения г. Н. Новгорода до 2030 г. (актуализация на 2026 г.), шифр 22401, Обосновывающие материалы, Гл. 2 Прил. 1 Ч. 3, табл. 2.1 «Прогноз ввода строений различного назначения … до 2030 года»","_item":26,"_name":"Нежилое здание, ул. Щербакова, напротив дома № 13 по ул. Заводской парк","_scheme_source":"Сормовская ТЭЦ","_district":"Сормовский район","_year":2026,"_address":"улица Щербакова","_geocode":"street","_contour":"typical","floor_area_m2":820,"levels":3},"geometry":{"type":"Polygon","coordinates":[[[43.8723421,56.3503931],[43.8724078,56.3502775],[43.8727203,56.3503322],[43.8726545,56.3504479],[43.8723421,56.3503931]]]}},
{"type":"Feature","properties":{"object_type":"oks_future","_source":"inferred","heat_load":0.3607,"flow_tph":4.509,"_load_source":"scheme","_ref":"Схема теплоснабжения г. Н. Новгорода до 2030 г. (актуализация на 2026 г.), шифр 22401, Обосновывающие материалы, Гл. 2 Прил. 1 Ч. 3, табл. 2.1 «Прогноз ввода строений различного назначения … до 2030 года»","_item":27,"_name":"Объект культурного наследия регионального значения \"Торгово-складской корпус \"Нижегородской ярмарки\", конец XIX века\", бульвар Мира, 23","_scheme_source":"Сормовская ТЭЦ","_district":"Сормовский район","_year":2025,"_address":"улица Культуры","_geocode":"street","_contour":"typical","floor_area_m2":3000,"levels":3},"geometry":{"type":"Polygon","coordinates":[[[43.8530232,56.3480548],[43.8534396,56.348074],[43.8533879,56.3484207],[43.8529716,56.3484016],[43.8530232,56.3480548]]]}},
{"type":"Feature","properties":{"object_type":"oks_future","_source":"inferred","heat_load":0.226,"flow_tph":2.825,"_load_source":"scheme","_ref":"Схема теплоснабжения г. Н. Новгорода до 2030 г. (актуализация на 2026 г.), шифр 22401, Обосновывающие материалы, Гл. 2 Прил. 1 Ч. 3, табл. 2.1 «Прогноз ввода строений различного назначения … до 2030 года»","_item":28,"_name":"10-этажный многоквартирны жилой дом со встроенными помещениями общественного назначения по ул. Энгельса (территория в границах улиц Энгельса, Карпинского, Большевисткая)","_scheme_source":"Сормовская ТЭЦ","_district":"Сормовский район","_year":2026,"_address":"в границах Общественный переулок, улица Энгельса, улица Карпинского","_geocode":"streets","_contour":"typical","floor_area_m2":4500,"levels":9},"geometry":{"type":"Polygon","coordinates":[[[43.8663538,56.3394854],[43.866095,56.339483],[43.8661033,56.3392023],[43.8663621,56.3392047],[43.8663538,56.3394854]]]}},
{"type":"Feature","properties":{"object_type":"oks_future","_source":"inferred","heat_load":0.016,"flow_tph":0.2,"_load_source":"scheme","_ref":"Схема теплоснабжения г. Н. Новгорода до 2030 г. (актуализация на 2026 г.), шифр 22401, Обосновывающие материалы, Гл. 2 Прил. 1 Ч. 3, табл. 2.1 «Прогноз ввода строений различного назначения … до 2030 года»","_item":29,"_name":"нежилое здание по ул. Заводской парк, 21","_scheme_source":"Сормовская ТЭЦ","_district":"Сормовский район","_year":2025,"_address":"Сормовская ТЭЦ","_geocode":"source","_contour":"typical","floor_area_m2":200,"levels":1},"geometry":{"type":"Polygon","coordinates":[[[43.8886179,56.3544253],[43.8886913,56.35433],[43.8889491,56.3543911],[43.8888757,56.3544865],[43.8886179,56.3544253]]]}},
{"type":"Feature","properties":{"object_type":"oks_future","_source":"inferred","heat_load":0.173,"flow_tph":2.162,"_load_source":"scheme","_ref":"Схема теплоснабжения г. Н. Новгорода до 2030 г. (актуализация на 2026 г.), шифр 22401, Обосновывающие материалы, Гл. 2 Прил. 1 Ч. 3, табл. 2.1 «Прогноз ввода строений различного назначения … до 2030 года»","_item":30,"_name":"Нежилые здания (литеры Б, В, Д) ул. Коминтерна, 41","_scheme_source":"Сормовская ТЭЦ","_district":"Сормовский район","_year":2026,"_address":"улица Коминтерна, 41","_geocode":"at","_contour":"typical","floor_area_m2":1600,"levels":3},"geometry":{"type":"Polygon","coordinates":[[[43.8829218,56.3432717],[43.8826167,56.3432733],[43.8826122,56.3430192],[43.8829172,56.3430176],[43.8829218,56.3432717]]]}},
{"type":"Feature","properties":{"object_type":"oks_future","_source":"inferred","heat_load":0.077,"flow_tph":0.963,"_load_source":"scheme","_ref":"Схема теплоснабжения г. Н. Новгорода до 2030 г. (актуализация на 2026 г.), шифр 22401, Обосновывающие материалы, Гл. 2 Прил. 1 Ч. 3, табл. 2.1 «Прогноз ввода строений различного назначения … до 2030 года»","_item":31,"_name":"Комбинат бытового обслуживания по ул. Василия Иванова, у д. 36А","_scheme_source":"ул. Иванова, 36-б","_district":"Сормовский район","_year":2026,"_address":"улица Василия Иванова, 36А","_geocode":"near","_contour":"typical","floor_area_m2":1000,"levels":3},"geometry":{"type":"Polygon","coordinates":[[[43.8266368,56.3675226],[43.8265152,56.3676383],[43.8262026,56.367537],[43.8263243,56.3674214],[43.8266368,56.3675226]]]}},
{"type":"Feature","properties":{"object_type":"oks_future","_source":"inferred","heat_load":1.1861,"flow_tph":14.826,"_load_source":"scheme","_ref":"Схема теплоснабжения г. Н. Новгорода до 2030 г. (актуализация на 2026 г.), шифр 22401, Обосновывающие материалы, Гл. 2 Прил. 1 Ч. 3, табл. 2.1 «Прогноз ввода строений различного назначения … до 2030 года»","_item":32,"_name":"проект планировки территории в границах улиц Боевой Дружины, Вождей Революции, Пугачева, пер. Хмелева","_scheme_source":"ул. Пугачева, 1","_district":"Сормовский район","_year":2030,"_address":"в границах улица Боевых Дружин, улица Вождей Революции, улица Пугачёва, переулок Хмелёва","_geocode":"streets","_contour":"typical","floor_area_m2":14667,"levels":17},"geometry":{"type":"Polygon","coordinates":[[[43.8537285,56.3532962],[43.8538668,56.3531747],[43.8546045,56.3534334],[43.8544662,56.3535549],[43.8537285,56.3532962]]]}},
{"type":"Feature","properties":{"object_type":"oks_future","_source":"inferred","heat_load":1.1861,"flow_tph":14.826,"_load_source":"scheme","_ref":"Схема теплоснабжения г. Н. Новгорода до 2030 г. (актуализация на 2026 г.), шифр 22401, Обосновывающие материалы, Гл. 2 Прил. 1 Ч. 3, табл. 2.1 «Прогноз ввода строений различного назначения … до 2030 года»","_item":32,"_name":"проект планировки территории в границах улиц Боевой Дружины, Вождей Революции, Пугачева, пер. Хмелева","_scheme_source":"ул. Пугачева, 1","_district":"Сормовский район","_year":2030,"_address":"в границах улица Боевых Дружин, улица Вождей Революции, улица Пугачёва, переулок Хмелёва","_geocode":"streets","_contour":"typical","floor_area_m2":14667,"levels":17},"geometry":{"type":"Polygon","coordinates":[[[43.8551833,56.3535891],[43.8549644,56.3535124],[43.8554303,56.3531028],[43.8556492,56.3531796],[43.8551833,56.3535891]]]}},
{"type":"Feature","properties":{"object_type":"oks_future","_source":"inferred","heat_load":1.1861,"flow_tph":14.826,"_load_source":"scheme","_ref":"Схема теплоснабжения г. Н. Новгорода до 2030 г. (актуализация на 2026 г.), шифр 22401, Обосновывающие материалы, Гл. 2 Прил. 1 Ч. 3, табл. 2.1 «Прогноз ввода строений различного назначения … до 2030 года»","_item":32,"_name":"проект планировки территории в границах улиц Боевой Дружины, Вождей Революции, Пугачева, пер. Хмелева","_scheme_source":"ул. Пугачева, 1","_district":"Сормовский район","_year":2030,"_address":"в границах улица Боевых Дружин, улица Вождей Революции, улица Пугачёва, переулок Хмелёва","_geocode":"streets","_contour":"typical","floor_area_m2":14667,"levels":17},"geometry":{"type":"Polygon","coordinates":[[[43.8473266,56.3491488],[43.8474648,56.3490272],[43.8482024,56.349286],[43.8480641,56.3494075],[43.8473266,56.3491488]]]}},
{"type":"Feature","properties":{"object_type":"oks_future","_source":"inferred","heat_load":0.0372,"flow_tph":0.465,"_load_source":"scheme","_ref":"Схема теплоснабжения г. Н. Новгорода до 2030 г. (актуализация на 2026 г.), шифр 22401, Обосновывающие материалы, Гл. 2 Прил. 1 Ч. 3, табл. 2.1 «Прогноз ввода строений различного назначения … до 2030 года»","_item":33,"_name":"Приемный пункт стеклопосуды, ул. Судостроительная, 11А","_scheme_source":"ул. Пугачева, 1","_district":"Сормовский район","_year":2025,"_address":"Судовая улица, 11А","_geocode":"at","_contour":"typical","floor_area_m2":300,"levels":1},"geometry":{"type":"Polygon","coordinates":[[[43.8443024,56.3510208],[43.8445111,56.351073],[43.8443703,56.3512468],[43.8441616,56.3511946],[43.8443024,56.3510208]]]}},
{"type":"Feature","properties":{"object_type":"oks_future","_source":"inferred","heat_load":0.0903,"flow_tph":1.129,"_load_source":"scheme","_ref":"Схема теплоснабжения г. Н. Новгорода до 2030 г. (актуализация на 2026 г.), шифр 22401, Обосновывающие материалы, Гл. 2 Прил. 1 Ч. 3, табл. 2.1 «Прогноз ввода строений различного назначения … до 2030 года»","_item":34,"_name":"Строительство отдельно стоящего учебного корпуса МАОУ \"Лицей № 82\" со спортивным ядром, ул. Культуры, 1","_scheme_source":"ул. Пугачева, 1","_district":"Сормовский район","_year":2026,"_address":"улица Культуры, 1","_geocode":"at","_contour":"typical","floor_area_m2":903,"levels":3},"geometry":{"type":"Polygon","coordinates":[[[43.8628293,56.3497381],[43.8628255,56.3498653],[43.8624818,56.3498622],[43.8624856,56.3497349],[43.8628293,56.3497381]]]}},
{"type":"Feature","properties":{"object_type":"oks_future","_source":"inferred","heat_load":0.1477,"flow_tph":1.846,"_load_source":"scheme","_ref":"Схема теплоснабжения г. Н. Новгорода до 2030 г. (актуализация на 2026 г.), шифр 22401, Обосновывающие материалы, Гл. 2 Прил. 1 Ч. 3, табл. 2.1 «Прогноз ввода строений различного назначения … до 2030 года»","_item":35,"_name":"Спортивный клуб, ул. Федосеенко, напротив домов №№ 38, 40, 42","_scheme_source":"Федосеенко, д. 64","_district":"Сормовский район","_year":2025,"_address":"улица Федосеенко, 38","_geocode":"near","_contour":"typical","floor_area_m2":2000,"levels":3},"geometry":{"type":"Polygon","coordinates":[[[43.8218082,56.3422768],[43.8215008,56.3421948],[43.8217224,56.3419387],[43.8220298,56.3420208],[43.8218082,56.3422768]]]}},
{"type":"Feature","properties":{"object_type":"oks_future","_source":"inferred","heat_load":0.7419,"flow_tph":9.274,"_load_source":"scheme","_ref":"Схема теплоснабжения г. Н. Новгорода до 2030 г. (актуализация на 2026 г.), шифр 22401, Обосновывающие материалы, Гл. 2 Прил. 1 Ч. 3, табл. 2.1 «Прогноз ввода строений различного назначения … до 2030 года»","_item":36,"_name":"Многоквартирный жилой дом № 1 (по генплану), ул. Ударная, 8","_scheme_source":"Федосеенко, д. 64","_district":"Сормовский район","_year":2025,"_address":"Ударная улица","_geocode":"street","_contour":"typical","floor_area_m2":16000,"levels":17},"geometry":{"type":"Polygon","coordinates":[[[43.8291781,56.3436741],[43.829056,56.3438008],[43.828217,56.3435515],[43.8283391,56.3434248],[43.8291781,56.3436741]]]}},
{"type":"Feature","properties":{"object_type":"oks_future","_source":"inferred","heat_load":0.7421,"flow_tph":9.276,"_load_source":"scheme","_ref":"Схема теплоснабжения г. Н. Новгорода до 2030 г. (актуализация на 2026 г.), шифр 22401, Обосновывающие материалы, Гл. 2 Прил. 1 Ч. 3, табл. 2.1 «Прогноз ввода строений различного назначения … до 2030 года»","_item":37,"_name":"Многоквартирный жилой дом № 2 (по генплану), ул. Ударная, 8","_scheme_source":"Федосеенко, д. 64","_district":"Сормовский район","_year":2026,"_address":"Ударная улица","_geocode":"street","_contour":"typical","floor_area_m2":16000,"levels":17},"geometry":{"type":"Polygon","coordinates":[[[43.8290865,56.3433527],[43.8289644,56.3434794],[43.8281254,56.3432301],[43.8282475,56.3431034],[43.8290865,56.3433527]]]}},
{"type":"Feature","properties":{"object_type":"oks_future","_source":"inferred","heat_load":0.338,"flow_tph":4.225,"_load_source":"scheme","_ref":"Схема теплоснабжения г. Н. Новгорода до 2030 г. (актуализация на 2026 г.), шифр 22401, Обосновывающие материалы, Гл. 2 Прил. 1 Ч. 3, табл. 2.1 «Прогноз ввода строений различного назначения … до 2030 года»","_item":38,"_name":"Комплексное освоение земельного участка в целях жилищного строительства по пр. Кораблестроителей, в районе домов №№42,44,45/1 в Сормовском районе (поз. 25 ПП)","_scheme_source":"ул. Зайцева, 31","_district":"Сормовский район","_year":2025,"_address":"проспект Кораблестроителей, 42","_geocode":"near","_contour":"typical","floor_area_m2":7500,"levels":12},"geometry":{"type":"Polygon","coordinates":[[[43.8056253,56.3615452],[43.805846,56.3616203],[43.8055155,56.3619195],[43.8052947,56.3618443],[43.8056253,56.3615452]]]}},
{"type":"Feature","properties":{"object_type":"oks_future","_source":"inferred","heat_load":0.982,"flow_tph":12.275,"_load_source":"scheme","_ref":"Схема теплоснабжения г. Н. Новгорода до 2030 г. (актуализация на 2026 г.), шифр 22401, Обосновывающие материалы, Гл. 2 Прил. 1 Ч. 3, табл. 2.1 «Прогноз ввода строений различного назначения … до 2030 года»","_item":39,"_name":"Строительство физкультурно-оздоровительного комплекса по пр. Кораблестроителей в районе жилых домов №№42,44, 45/1","_scheme_source":"ул. Зайцева, 31","_district":"Сормовский район","_year":2026,"_address":"проспект Кораблестроителей","_geocode":"street","_contour":"typical","floor_area_m2":6000,"levels":5},"geometry":{"type":"Polygon","coordinates":[[[43.8091624,56.3612665],[43.808905,56.3614766],[43.8083372,56.3612623],[43.8085945,56.3610522],[43.8091624,56.3612665]]]}},
{"type":"Feature","properties":{"object_type":"oks_future","_source":"inferred","heat_load":0.7097,"flow_tph":8.871,"_load_source":"scheme","_ref":"Схема теплоснабжения г. Н. Новгорода до 2030 г. (актуализация на 2026 г.), шифр 22401, Обосновывающие материалы, Гл. 2 Прил. 1 Ч. 3, табл. 2.1 «Прогноз ввода строений различного назначения … до 2030 года»","_item":40,"_name":"Многоквартирный дом (ул. Зайцева, рядом с домом № 22 )","_scheme_source":"ул. Зайцева, 31","_district":"Сормовский район","_year":2026,"_address":"улица Зайцева, 22","_geocode":"near","_contour":"typical","floor_area_m2":13300,"levels":17},"geometry":{"type":"Polygon","coordinates":[[[43.8016419,56.3664454],[43.801889,56.3664025],[43.8021255,56.3668217],[43.8018783,56.3668646],[43.8016419,56.3664454]]]}},
{"type":"Feature","properties":{"object_type":"oks_future","_source":"inferred","heat_load":1.4017,"flow_tph":17.522,"_load_source":"scheme","_ref":"Схема теплоснабжения г. Н. Новгорода до 2030 г. (актуализация на 2026 г.), шифр 22401, Обосновывающие материалы, Гл. 2 Прил. 1 Ч. 3, табл. 2.1 «Прогноз ввода строений различного назначения … до 2030 года»","_item":41,"_name":"Многоквартирные дома по пр. Кораблестроителей, 36/1, 36/2, 38/1, 38/2, 40, 42, 44, 45/1, 45/2, 45/3","_scheme_source":"ул. Зайцева, 31","_district":"Сормовский район","_year":2025,"_address":"проспект Кораблестроителей","_geocode":"street","_contour":"typical","floor_area_m2":14017,"levels":5},"geometry":{"type":"Polygon","coordinates":[[[43.8054156,56.3612135],[43.804837,56.3609951],[43.8054272,56.3605134],[43.8060057,56.3607318],[43.8054156,56.3612135]]]}},
{"type":"Feature","properties":{"object_type":"oks_future","_source":"inferred","heat_load":1.4017,"flow_tph":17.522,"_load_source":"scheme","_ref":"Схема теплоснабжения г. Н. Новгорода до 2030 г. (актуализация на 2026 г.), шифр 22401, Обосновывающие материалы, Гл. 2 Прил. 1 Ч. 3, табл. 2.1 «Прогноз ввода строений различного назначения … до 2030 года»","_item":41,"_name":"Многоквартирные дома по пр. Кораблестроителей, 36/1, 36/2, 38/1, 38/2, 40, 42, 44, 45/1, 45/2, 45/3","_scheme_source":"ул. Зайцева, 31","_district":"Сормовский район","_year":2025,"_address":"проспект Кораблестроителей","_geocode":"street","_contour":"typical","floor_area_m2":14017,"levels":5},"geometry":{"type":"Polygon","coordinates":[[[43.8051026,56.3614132],[43.8047092,56.3617343],[43.8038413,56.3614067],[43.8042347,56.3610856],[43.8051026,56.3614132]]]}},
{"type":"Feature","properties":{"object_type":"oks_future","_source":"inferred","heat_load":1.4017,"flow_tph":17.522,"_load_source":"scheme","_ref":"Схема теплоснабжения г. Н. Новгорода до 2030 г. (актуализация на 2026 г.), шифр 22401, Обосновывающие материалы, Гл. 2 Прил. 1 Ч. 3, табл. 2.1 «Прогноз ввода строений различного назначения … до 2030 года»","_item":41,"_name":"Многоквартирные дома по пр. Кораблестроителей, 36/1, 36/2, 38/1, 38/2, 40, 42, 44, 45/1, 45/2, 45/3","_scheme_source":"ул. Зайцева, 31","_district":"Сормовский район","_year":2025,"_address":"проспект Кораблестроителей","_geocode":"street","_contour":"typical","floor_area_m2":14017,"levels":5},"geometry":{"type":"Polygon","coordinates":[[[43.8051013,56.3605855],[43.8045228,56.3603671],[43.8051129,56.3598854],[43.8056915,56.3601037],[43.8051013,56.3605855]]]}},
{"type":"Feature","properties":{"object_type":"oks_future","_source":"inferred","heat_load":1.4017,"flow_tph":17.522,"_load_source":"scheme","_ref":"Схема теплоснабжения г. Н. Новгорода до 2030 г. (актуализация на 2026 г.), шифр 22401, Обосновывающие материалы, Гл. 2 Прил. 1 Ч. 3, табл. 2.1 «Прогноз ввода строений различного назначения … до 2030 года»","_item":41,"_name":"Многоквартирные дома по пр. Кораблестроителей, 36/1, 36/2, 38/1, 38/2, 40, 42, 44, 45/1, 45/2, 45/3","_scheme_source":"ул. Зайцева, 31","_district":"Сормовский район","_year":2025,"_address":"проспект Кораблестроителей","_geocode":"street","_contour":"typical","floor_area_m2":14017,"levels":5},"geometry":{"type":"Polygon","coordinates":[[[43.8134553,56.3624837],[43.8130619,56.3628049],[43.8121939,56.3624773],[43.8125873,56.3621562],[43.8134553,56.3624837]]]}},
{"type":"Feature","properties":{"object_type":"oks_future","_source":"inferred","heat_load":0.065,"flow_tph":0.812,"_load_source":"scheme","_ref":"Схема теплоснабжения г. Н. Новгорода до 2030 г. (актуализация на 2026 г.), шифр 22401, Обосновывающие материалы, Гл. 2 Прил. 1 Ч. 3, табл. 2.1 «Прогноз ввода строений различного назначения … до 2030 года»","_item":42,"_name":"Спортивный комплекс для игры в бадминтон по ул. Зайцева, у дома 23 в Сормовском р-не г. Н. Новгорода","_scheme_source":"ул. Зайцева, 31","_district":"Сормовский район","_year":2027,"_address":"улица Зайцева, 23","_geocode":"near","_contour":"typical","floor_area_m2":1000,"levels":3},"geometry":{"type":"Polygon","coordinates":[[[43.802272,56.3665737],[43.8025092,56.3665492],[43.8025754,56.3667467],[43.8023382,56.3667712],[43.802272,56.3665737]]]}},
{"type":"Feature","properties":{"object_type":"oks_future","_source":"inferred","heat_load":0.1012,"flow_tph":1.265,"_load_source":"scheme","_ref":"Схема теплоснабжения г. Н. Новгорода до 2030 г. (актуализация на 2026 г.), шифр 22401, Обосновывающие материалы, Гл. 2 Прил. 1 Ч. 3, табл. 2.1 «Прогноз ввода строений различного назначения … до 2030 года»","_item":43,"_name":"Корпус по высокоточной механической обработке металлов и металлоконструкций, расположенный по адресу: Нижегородская область, г. Н. Новгород, Сормовский р-он, ул. Зайцева, у дома 31 (литер Т)","_scheme_source":"ул. Зайцева, 31","_district":"Сормовский район","_year":2026,"_address":"улица Зайцева, 31","_geocode":"near","_contour":"typical","floor_area_m2":500,"levels":1},"geometry":{"type":"Polygon","coordinates":[[[43.7956059,56.3661858],[43.7958838,56.36613],[43.7960345,56.3663614],[43.7957566,56.3664172],[43.7956059,56.3661858]]]}},
{"type":"Feature","properties":{"object_type":"oks_future","_source":"inferred","heat_load":0.5092,"flow_tph":6.365,"_load_source":"scheme","_ref":"Схема теплоснабжения г. Н. Новгорода до 2030 г. (актуализация на 2026 г.), шифр 22401, Обосновывающие материалы, Гл. 2 Прил. 1 Ч. 3, табл. 2.1 «Прогноз ввода строений различного назначения … до 2030 года»","_item":44,"_name":"Православная гимназия в честь Иоанна Богослова (основное здание, блок столовой и актового зала, блок спортивного зала) (ул. В. Иванова, 63)","_scheme_source":"ул. Баренца, 9-а","_district":"Сормовский район","_year":2026,"_address":"улица Ивановка, 63","_geocode":"at","_contour":"typical","floor_area_m2":3400,"levels":3},"geometry":{"type":"Polygon","coordinates":[[[43.820611,56.3625063],[43.8202893,56.3623358],[43.8207501,56.3620679],[43.8210719,56.3622384],[43.820611,56.3625063]]]}},
{"type":"Feature","properties":{"object_type":"oks_future","_source":"inferred","heat_load":0.4227,"flow_tph":5.284,"_load_source":"scheme","_ref":"Схема теплоснабжения г. Н. Новгорода до 2030 г. (актуализация на 2026 г.), шифр 22401, Обосновывающие материалы, Гл. 2 Прил. 1 Ч. 3, табл. 2.1 «Прогноз ввода строений различного назначения … до 2030 года»","_item":45,"_name":"Многоквартирный жилой дом (в границах улиц Баренца, Стрелковая и проспекта Кораблестроителей)","_scheme_source":"ул. Баренца, 9-а","_district":"Сормовский район","_year":2025,"_address":"в границах улица Баренца, Стрелковая улица, проспект Кораблестроителей","_geocode":"streets","_contour":"typical","floor_area_m2":7000,"levels":12},"geometry":{"type":"Polygon","coordinates":[[[43.8160775,56.3654802],[43.8158607,56.3654016],[43.8161835,56.3651274],[43.8164003,56.365206],[43.8160775,56.3654802]]]}},
{"type":"Feature","properties":{"object_type":"oks_future","_source":"inferred","heat_load":0.8196,"flow_tph":10.245,"_load_source":"scheme","_ref":"Схема теплоснабжения г. Н. Новгорода до 2030 г. (актуализация на 2026 г.), шифр 22401, Обосновывающие материалы, Гл. 2 Прил. 1 Ч. 3, табл. 2.1 «Прогноз ввода строений различного назначения … до 2030 года»","_item":46,"_name":"Строительство пристроя к МАОУ \"Школа с углубленным изучением отдельных предметов № 183 имени Р.Алексеева\", ул. Энгельса, 28А","_scheme_source":"Энгельса, 1-в","_district":"Сормовский район","_year":2026,"_address":"улица Энгельса, 28А","_geocode":"at","_contour":"typical","floor_area_m2":6000,"levels":5},"geometry":{"type":"Polygon","coordinates":[[[43.8705327,56.3442626],[43.8708107,56.3440607],[43.8713558,56.3442923],[43.8710779,56.3444941],[43.8705327,56.3442626]]]}},
{"type":"Feature","properties":{"object_type":"oks_future","_source":"real","heat_load":0.2676,"flow_tph":3.345,"_load_source":"scheme","_ref":"Схема теплоснабжения г. Н. Новгорода до 2030 г. (актуализация на 2026 г.), шифр 22401, Обосновывающие материалы, Гл. 2 Прил. 1 Ч. 3, табл. 2.1 «Прогноз ввода строений различного назначения … до 2030 года»","_item":47,"_name":"кафе по пр. Ленина, напротив дома № 15/1 (на берегу у Силикатного озера)","_scheme_source":"\"Квартал Д\", пр. Ленина, 5-а","_district":"Канавинский район","_year":2026,"_address":"проспект Ленина, 15/1","_geocode":"near","_contour":"osm_construction","floor_area_m2":1000,"levels":3,"_osm":"w1152347476"},"geometry":{"type":"Polygon","coordinates":[[[43.9325943,56.2951947],[43.9330044,56.295097],[43.9329021,56.2949647],[43.932492,56.2950624],[43.9325943,56.2951947]]]}},
{"type":"Feature","properties":{"object_type":"oks_future","_source":"inferred","heat_load":0.654,"flow_tph":8.175,"_load_source":"scheme","_ref":"Схема теплоснабжения г. Н. Новгорода до 2030 г. (актуализация на 2026 г.), шифр 22401, Обосновывающие материалы, Гл. 2 Прил. 1 Ч. 3, табл. 2.1 «Прогноз ввода строений различного назначения … до 2030 года»","_item":48,"_name":"многоэтажные жилые дома в границах улиц Журова, Менделеева, Искры, Чонгарская в Канавинском районе","_scheme_source":"\"Квартал Д\", пр. Ленина, 5-а","_district":"Канавинский район","_year":2029,"_address":"в границах улица Журова, улица Менделеева, улица Искры, Чонгарская улица, Канавинская улица","_geocode":"streets","_contour":"typical","floor_area_m2":14687,"levels":17},"geometry":{"type":"Polygon","coordinates":[[[43.9347382,56.3050821],[43.9344907,56.3050405],[43.9347431,56.3045761],[43.9349906,56.3046177],[43.9347382,56.3050821]]]}},
{"type":"Feature","properties":{"object_type":"oks_future","_source":"inferred","heat_load":0.654,"flow_tph":8.175,"_load_source":"scheme","_ref":"Схема теплоснабжения г. Н. Новгорода до 2030 г. (актуализация на 2026 г.), шифр 22401, Обосновывающие материалы, Гл. 2 Прил. 1 Ч. 3, табл. 2.1 «Прогноз ввода строений различного назначения … до 2030 года»","_item":48,"_name":"многоэтажные жилые дома в границах улиц Журова, Менделеева, Искры, Чонгарская в Канавинском районе","_scheme_source":"\"Квартал Д\", пр. Ленина, 5-а","_district":"Канавинский район","_year":2029,"_address":"в границах улица Журова, улица Менделеева, улица Искры, Чонгарская улица, Канавинская улица","_geocode":"streets","_contour":"typical","floor_area_m2":14687,"levels":17},"geometry":{"type":"Polygon","coordinates":[[[43.9357245,56.3052795],[43.935477,56.305238],[43.9357294,56.3047736],[43.9359769,56.3048152],[43.9357245,56.3052795]]]}},
{"type":"Feature","properties":{"object_type":"oks_future","_source":"inferred","heat_load":0.654,"flow_tph":8.175,"_load_source":"scheme","_ref":"Схема теплоснабжения г. Н. Новгорода до 2030 г. (актуализация на 2026 г.), шифр 22401, Обосновывающие материалы, Гл. 2 Прил. 1 Ч. 3, табл. 2.1 «Прогноз ввода строений различного назначения … до 2030 года»","_item":48,"_name":"многоэтажные жилые дома в границах улиц Журова, Менделеева, Искры, Чонгарская в Канавинском районе","_scheme_source":"\"Квартал Д\", пр. Ленина, 5-а","_district":"Канавинский район","_year":2029,"_address":"в границах улица Журова, улица Менделеева, улица Искры, Чонгарская улица, Канавинская улица","_geocode":"streets","_contour":"typical","floor_area_m2":14687,"levels":17},"geometry":{"type":"Polygon","coordinates":[[[43.9333766,56.3038212],[43.9331291,56.3037796],[43.9333815,56.3033153],[43.933629,56.3033569],[43.9333766,56.3038212]]]}},
{"type":"Feature","properties":{"object_type":"oks_future","_source":"inferred","heat_load":0.932,"flow_tph":11.65,"_load_source":"scheme","_ref":"Схема теплоснабжения г. Н. Новгорода до 2030 г. (актуализация на 2026 г.), шифр 22401, Обосновывающие материалы, Гл. 2 Прил. 1 Ч. 3, табл. 2.1 «Прогноз ввода строений различного назначения … до 2030 года»","_item":49,"_name":"Проект планировки территории в границах улиц Актюбинская, Московское шоссе, Комсомольское шоссе, Фибролитовая в Канавинском районе г. Нижнего Новгорода. Административное здание (учреждения, специализированный магазин, кафе)","_scheme_source":"котельная завода «Красный Якорь»","_district":"Канавинский район","_year":2028,"_address":"в границах Актюбинская улица, Московское шоссе, Комсомольская площадь, Фибролитовая улица, Канавинский мост, Новая улица","_geocode":"streets","_contour":"typical","floor_area_m2":13300,"levels":5},"geometry":{"type":"Polygon","coordinates":[[[43.9207802,56.3169941],[43.9212431,56.3167167],[43.9219918,56.3171026],[43.9215289,56.31738],[43.9207802,56.3169941]]]}},
{"type":"Feature","properties":{"object_type":"oks_future","_source":"inferred","heat_load":0.643,"flow_tph":8.037,"_load_source":"scheme","_ref":"Схема теплоснабжения г. Н. Новгорода до 2030 г. (актуализация на 2026 г.), шифр 22401, Обосновывающие материалы, Гл. 2 Прил. 1 Ч. 3, табл. 2.1 «Прогноз ввода строений различного назначения … до 2030 года»","_item":50,"_name":"Проект планировки территории в границах улиц Актюбинская, Московское шоссе, Комсомольское шоссе, Фибролитовая в Канавинском районе г. Нижнего Новгорода. Жилой дом со встроенными помещениями общественного назначения № 4.1 по ГП","_scheme_source":"котельная завода «Красный Якорь»","_district":"Канавинский район","_year":2030,"_address":"в границах Актюбинская улица, Московское шоссе, Комсомольская площадь, Фибролитовая улица, Канавинский мост, Новая улица","_geocode":"streets","_contour":"typical","floor_area_m2":13400,"levels":17},"geometry":{"type":"Polygon","coordinates":[[[43.9204222,56.31726],[43.9205981,56.3171546],[43.921182,56.3174556],[43.9210061,56.317561],[43.9204222,56.31726]]]}},
{"type":"Feature","properties":{"object_type":"oks_future","_source":"inferred","heat_load":0.643,"flow_tph":8.037,"_load_source":"scheme","_ref":"Схема теплоснабжения г. Н. Новгорода до 2030 г. (актуализация на 2026 г.), шифр 22401, Обосновывающие материалы, Гл. 2 Прил. 1 Ч. 3, табл. 2.1 «Прогноз ввода строений различного назначения … до 2030 года»","_item":51,"_name":"Проект планировки территории в границах улиц Актюбинская, Московское шоссе, Комсомольское шоссе, Фибролитовая в Канавинском районе г. Нижнего Новгорода. Жилой дом со встроенными помещениями общественного назначения № 4.2 по ГП","_scheme_source":"котельная завода «Красный Якорь»","_district":"Канавинский район","_year":2026,"_address":"в границах Актюбинская улица, Московское шоссе, Комсомольская площадь, Фибролитовая улица, Канавинский мост, Новая улица","_geocode":"streets","_contour":"typical","floor_area_m2":13400,"levels":17},"geometry":{"type":"Polygon","coordinates":[[[43.9207724,56.3166072],[43.9209621,56.316705],[43.9204206,56.3170295],[43.9202309,56.3169318],[43.9207724,56.3166072]]]}},
{"type":"Feature","properties":{"object_type":"oks_future","_source":"inferred","heat_load":0.777,"flow_tph":9.713,"_load_source":"scheme","_ref":"Схема теплоснабжения г. Н. Новгорода до 2030 г. (актуализация на 2026 г.), шифр 22401, Обосновывающие материалы, Гл. 2 Прил. 1 Ч. 3, табл. 2.1 «Прогноз ввода строений различного назначения … до 2030 года»","_item":52,"_name":"Проект планировки территории в границах улиц Актюбинская, Московское шоссе, Комсомольское шоссе, Фибролитовая в Канавинском районе г. Нижнего Новгорода. Жилой дом со встроенными помещениями общественного назначения № 4.3 по ГП","_scheme_source":"котельная завода «Красный Якорь»","_district":"Канавинский район","_year":2027,"_address":"в границах Актюбинская улица, Московское шоссе, Комсомольская площадь, Фибролитовая улица, Канавинский мост, Новая улица","_geocode":"streets","_contour":"typical","floor_area_m2":16185,"levels":17},"geometry":{"type":"Polygon","coordinates":[[[43.9219385,56.319064],[43.9221144,56.3189586],[43.9228197,56.3193221],[43.9226439,56.3194275],[43.9219385,56.319064]]]}},
{"type":"Feature","properties":{"object_type":"oks_future","_source":"inferred","heat_load":0.777,"flow_tph":9.713,"_load_source":"scheme","_ref":"Схема теплоснабжения г. Н. Новгорода до 2030 г. (актуализация на 2026 г.), шифр 22401, Обосновывающие материалы, Гл. 2 Прил. 1 Ч. 3, табл. 2.1 «Прогноз ввода строений различного назначения … до 2030 года»","_item":52,"_name":"Проект планировки территории в границах улиц Актюбинская, Московское шоссе, Комсомольское шоссе, Фибролитовая в Канавинском районе г. Нижнего Новгорода. Жилой дом со встроенными помещениями общественного назначения № 4.3 по ГП","_scheme_source":"котельная завода «Красный Якорь»","_district":"Канавинский район","_year":2027,"_address":"в границах Актюбинская улица, Московское шоссе, Комсомольская площадь, Фибролитовая улица, Канавинский мост, Новая улица","_geocode":"streets","_contour":"typical","floor_area_m2":16185,"levels":17},"geometry":{"type":"Polygon","coordinates":[[[43.9211273,56.3190682],[43.9213032,56.3189628],[43.9220085,56.3193263],[43.9218326,56.3194317],[43.9211273,56.3190682]]]}},
{"type":"Feature","properties":{"object_type":"oks_future","_source":"inferred","heat_load":0.643,"flow_tph":8.037,"_load_source":"scheme","_ref":"Схема теплоснабжения г. Н. Новгорода до 2030 г. (актуализация на 2026 г.), шифр 22401, Обосновывающие материалы, Гл. 2 Прил. 1 Ч. 3, табл. 2.1 «Прогноз ввода строений различного назначения … до 2030 года»","_item":53,"_name":"Проект планировки территории в границах улиц Актюбинская, Московское шоссе, Комсомольское шоссе, Фибролитовая в Канавинском районе г. Нижнего Новгорода. Жилой дом со встроенными помещениями общественного назначения № 4.4 по ГП","_scheme_source":"котельная завода «Красный Якорь»","_district":"Канавинский район","_year":2030,"_address":"в границах Актюбинская улица, Московское шоссе, Комсомольская площадь, Фибролитовая улица, Канавинский мост, Новая улица","_geocode":"streets","_contour":"typical","floor_area_m2":13400,"levels":17},"geometry":{"type":"Polygon","coordinates":[[[43.9207119,56.3146299],[43.9208877,56.3145245],[43.9214716,56.3148255],[43.9212958,56.3149309],[43.9207119,56.3146299]]]}},
{"type":"Feature","properties":{"object_type":"oks_future","_source":"inferred","heat_load":0.911,"flow_tph":11.387,"_load_source":"scheme","_ref":"Схема теплоснабжения г. Н. Новгорода до 2030 г. (актуализация на 2026 г.), шифр 22401, Обосновывающие материалы, Гл. 2 Прил. 1 Ч. 3, табл. 2.1 «Прогноз ввода строений различного назначения … до 2030 года»","_item":54,"_name":"Проект планировки территории в границах улиц Актюбинская, Московское шоссе, Комсомольское шоссе, Фибролитовая в Канавинском районе г. Нижнего Новгорода. Жилой дом со встроенной ДОО № 5.1 по ГП","_scheme_source":"котельная завода «Красный Якорь»","_district":"Канавинский район","_year":2028,"_address":"в границах Актюбинская улица, Московское шоссе, Комсомольская площадь, Фибролитовая улица, Канавинский мост, Новая улица","_geocode":"streets","_contour":"typical","floor_area_m2":18980,"levels":17},"geometry":{"type":"Polygon","coordinates":[[[43.920956,56.3193558],[43.9211319,56.3192504],[43.9219591,56.3196767],[43.9217832,56.3197821],[43.920956,56.3193558]]]}},
{"type":"Feature","properties":{"object_type":"oks_future","_source":"inferred","heat_load":0.249,"flow_tph":3.113,"_load_source":"scheme","_ref":"Схема теплоснабжения г. Н. Новгорода до 2030 г. (актуализация на 2026 г.), шифр 22401, Обосновывающие материалы, Гл. 2 Прил. 1 Ч. 3, табл. 2.1 «Прогноз ввода строений различного назначения … до 2030 года»","_item":55,"_name":"Проект планировки территории в границах улиц Актюбинская, Московское шоссе, Комсомольское шоссе, Фибролитовая в Канавинском районе г. Нижнего Новгорода. Культовое здание с проведением обрядов и Пристрой к православной гимназии во имя святого благоверного князя Александра Невского","_scheme_source":"котельная завода «Красный Якорь»","_district":"Канавинский район","_year":2029,"_address":"в границах Актюбинская улица, Московское шоссе, Комсомольская площадь, Фибролитовая улица, Канавинский мост, Новая улица, улица Правды","_geocode":"streets","_contour":"typical","floor_area_m2":2920,"levels":3},"geometry":{"type":"Polygon","coordinates":[[[43.9263686,56.3132797],[43.9261408,56.3134704],[43.9256263,56.3132805],[43.9258541,56.3130898],[43.9263686,56.3132797]]]}},
{"type":"Feature","properties":{"object_type":"oks_future","_source":"inferred","heat_load":0.501,"flow_tph":6.263,"_load_source":"scheme","_ref":"Схема теплоснабжения г. Н. Новгорода до 2030 г. (актуализация на 2026 г.), шифр 22401, Обосновывающие материалы, Гл. 2 Прил. 1 Ч. 3, табл. 2.1 «Прогноз ввода строений различного назначения … до 2030 года»","_item":56,"_name":"Проект планировки территории в границах улиц Актюбинская, Московское шоссе, Комсомольское шоссе, Фибролитовая в Канавинском районе г. Нижнего Новгорода. Торгово- выставочный комплекс","_scheme_source":"котельная завода «Красный Якорь»","_district":"Канавинский район","_year":2029,"_address":"в границах Актюбинская улица, Московское шоссе, Комсомольская площадь, Фибролитовая улица, Канавинский мост, Новая улица, Торговая улица","_geocode":"streets","_contour":"typical","floor_area_m2":5900,"levels":3},"geometry":{"type":"Polygon","coordinates":[[[43.9320806,56.3207874],[43.9322794,56.3204814],[43.9331054,56.3206472],[43.9329066,56.3209531],[43.9320806,56.3207874]]]}},
{"type":"Feature","properties":{"object_type":"oks_future","_source":"real","heat_load":0.7823,"flow_tph":9.778,"_load_source":"scheme","_ref":"Схема теплоснабжения г. Н. Новгорода до 2030 г. (актуализация на 2026 г.), шифр 22401, Обосновывающие материалы, Гл. 2 Прил. 1 Ч. 3, табл. 2.1 «Прогноз ввода строений различного назначения … до 2030 года»","_item":57,"_name":"застройка территории в границах ул. Якорная, Актюбинская, Крановая, Авангардная","_scheme_source":"Московское шоссе, д. 52","_district":"Канавинский район","_year":2030,"_address":"в границах Якорная улица, Актюбинская улица, Крановая улица, Авангардная улица","_geocode":"streets","_contour":"osm_construction","floor_area_m2":18333,"levels":17,"_osm":"w1340374444"},"geometry":{"type":"Polygon","coordinates":[[[43.8884333,56.3120622],[43.888447,56.3119025],[43.8887504,56.3119105],[43.8887366,56.3120703],[43.8884333,56.3120622]]]}},
{"type":"Feature","properties":{"object_type":"oks_future","_source":"real","heat_load":0.7823,"flow_tph":9.778,"_load_source":"scheme","_ref":"Схема теплоснабжения г. Н. Новгорода до 2030 г. (актуализация на 2026 г.), шифр 22401, Обосновывающие материалы, Гл. 2 Прил. 1 Ч. 3, табл. 2.1 «Прогноз ввода строений различного назначения … до 2030 года»","_item":57,"_name":"застройка территории в границах ул. Якорная, Актюбинская, Крановая, Авангардная","_scheme_source":"Московское шоссе, д. 52","_district":"Канавинский район","_year":2030,"_address":"в границах Якорная улица, Актюбинская улица, Крановая улица, Авангардная улица","_geocode":"streets","_contour":"osm_construction","floor_area_m2":18333,"levels":17,"_osm":"w1340374443"},"geometry":{"type":"Polygon","coordinates":[[[43.8892215,56.3120701],[43.8892256,56.3119071],[43.8896037,56.3119101],[43.8895996,56.312073],[43.8892215,56.3120701]]]}},
{"type":"Feature","properties":{"object_type":"oks_future","_source":"inferred","heat_load":0.7823,"flow_tph":9.778,"_load_source":"scheme","_ref":"Схема теплоснабжения г. Н. Новгорода до 2030 г. (актуализация на 2026 г.), шифр 22401, Обосновывающие материалы, Гл. 2 Прил. 1 Ч. 3, табл. 2.1 «Прогноз ввода строений различного назначения … до 2030 года»","_item":57,"_name":"застройка территории в границах ул. Якорная, Актюбинская, Крановая, Авангардная","_scheme_source":"Московское шоссе, д. 52","_district":"Канавинский район","_year":2030,"_address":"в границах Якорная улица, Актюбинская улица, Крановая улица, Авангардная улица","_geocode":"streets","_contour":"typical","floor_area_m2":18333,"levels":17},"geometry":{"type":"Polygon","coordinates":[[[43.8847083,56.3107014],[43.8844497,56.3106991],[43.8844674,56.3100936],[43.8847259,56.3100959],[43.8847083,56.3107014]]]}},
{"type":"Feature","properties":{"object_type":"oks_future","_source":"inferred","heat_load":0.07,"flow_tph":0.875,"_load_source":"scheme","_ref":"Схема теплоснабжения г. Н. Новгорода до 2030 г. (актуализация на 2026 г.), шифр 22401, Обосновывающие материалы, Гл. 2 Прил. 1 Ч. 3, табл. 2.1 «Прогноз ввода строений различного назначения … до 2030 года»","_item":58,"_name":"Объект культурного наследия регионального значения \"Доходный дом З.Г. Вяхиревой\" по ул. Луначарского, д. 1/11","_scheme_source":"Сормовская ТЭЦ","_district":"Канавинский район","_year":2029,"_address":"улица Луначарского, 1/11","_geocode":"at","_contour":"typical","floor_area_m2":700,"levels":3},"geometry":{"type":"Polygon","coordinates":[[[43.9559795,56.3218451],[43.9561755,56.3218187],[43.9562466,56.3219821],[43.9560505,56.3220084],[43.9559795,56.3218451]]]}},
{"type":"Feature","properties":{"object_type":"oks_future","_source":"inferred","heat_load":1.393,"flow_tph":17.413,"_load_source":"scheme","_ref":"Схема теплоснабжения г. Н. Новгорода до 2030 г. (актуализация на 2026 г.), шифр 22401, Обосновывающие материалы, Гл. 2 Прил. 1 Ч. 3, табл. 2.1 «Прогноз ввода строений различного назначения … до 2030 года»","_item":59,"_name":"Строительство отдельно стоящего корпуса МАОУ \"Школа№55\" в Канавинском районе (ул. Сергея Есенина, 35А)","_scheme_source":"Сормовская ТЭЦ","_district":"Канавинский район","_year":2026,"_address":"улица Сергея Есенина, 35А","_geocode":"at","_contour":"typical","floor_area_m2":8000,"levels":5},"geometry":{"type":"Polygon","coordinates":[[[43.931486,56.3380845],[43.9312685,56.3383518],[43.9305464,56.3381706],[43.9307639,56.3379032],[43.931486,56.3380845]]]}},
{"type":"Feature","properties":{"object_type":"oks_future","_source":"inferred","heat_load":0.1861,"flow_tph":2.326,"_load_source":"scheme","_ref":"Схема теплоснабжения г. Н. Новгорода до 2030 г. (актуализация на 2026 г.), шифр 22401, Обосновывающие материалы, Гл. 2 Прил. 1 Ч. 3, табл. 2.1 «Прогноз ввода строений различного назначения … до 2030 года»","_item":60,"_name":"Нежилое здание (ул. Керченская, 13А)","_scheme_source":"Сормовская ТЭЦ","_district":"Канавинский район","_year":2025,"_address":"Керченская улица, 13А","_geocode":"at","_contour":"typical","floor_area_m2":1861,"levels":3},"geometry":{"type":"Polygon","coordinates":[[[43.9603586,56.3332831],[43.9600817,56.3333817],[43.9598155,56.333151],[43.9600924,56.3330524],[43.9603586,56.3332831]]]}},
{"type":"Feature","properties":{"object_type":"oks_future","_source":"real","heat_load":0.3985,"flow_tph":4.981,"_load_source":"scheme","_ref":"Схема теплоснабжения г. Н. Новгорода до 2030 г. (актуализация на 2026 г.), шифр 22401, Обосновывающие материалы, Гл. 2 Прил. 1 Ч. 3, табл. 2.1 «Прогноз ввода строений различного назначения … до 2030 года»","_item":61,"_name":"Многоквартирный дом со встроенными помещениями общественного назначения, ул. Мурашкинская, 13, литера А","_scheme_source":"Сормовская ТЭЦ","_district":"Канавинский район","_year":2026,"_address":"Мурашкинская улица, 13","_geocode":"at","_contour":"osm_construction","floor_area_m2":6500,"levels":12,"_osm":"w1524818230"},"geometry":{"type":"Polygon","coordinates":[[[43.9508894,56.327829],[43.9510411,56.3279377],[43.9515455,56.3277111],[43.9513914,56.3276011],[43.9508894,56.327829]]]}},
{"type":"Feature","properties":{"object_type":"oks_future","_source":"real","heat_load":4.0907,"flow_tph":51.133,"_load_source":"scheme","_ref":"Схема теплоснабжения г. Н. Новгорода до 2030 г. (актуализация на 2026 г.), шифр 22401, Обосновывающие материалы, Гл. 2 Прил. 1 Ч. 3, табл. 2.1 «Прогноз ввода строений различного назначения … до 2030 года»","_item":62,"_name":"Универсальный спортивный комплекс с искусственным льдом в г. Нижний Новгород, в квартале ул. Бетанкура, набережной р. Волга, ул. Должанская, ул. Самаркандская","_scheme_source":"Сормовская ТЭЦ","_district":"Канавинский район","_year":2025,"_address":"в границах Спортивная улица, улица Искры, Новая улица, улица Бетанкура, «Волга», Должанская улица, Самаркандская улица","_geocode":"streets","_contour":"osm_construction","floor_area_m2":14667,"levels":5,"_osm":"w1524818229"},"geometry":{"type":"Polygon","coordinates":[[[43.95134,56.3281345],[43.9515011,56.3280685],[43.9510505,56.3277254],[43.9508847,56.3277966],[43.95134,56.3281345]]]}},
{"type":"Feature","properties":{"object_type":"oks_future","_source":"inferred","heat_load":4.0907,"flow_tph":51.133,"_load_source":"scheme","_ref":"Схема теплоснабжения г. Н. Новгорода до 2030 г. (актуализация на 2026 г.), шифр 22401, Обосновывающие материалы, Гл. 2 Прил. 1 Ч. 3, табл. 2.1 «Прогноз ввода строений различного назначения … до 2030 года»","_item":62,"_name":"Универсальный спортивный комплекс с искусственным льдом в г. Нижний Новгород, в квартале ул. Бетанкура, набережной р. Волга, ул. Должанская, ул. Самаркандская","_scheme_source":"Сормовская ТЭЦ","_district":"Канавинский район","_year":2025,"_address":"в границах Спортивная улица, улица Искры, Новая улица, улица Бетанкура, «Волга», Должанская улица, Самаркандская улица","_geocode":"streets","_contour":"typical","floor_area_m2":14667,"levels":5},"geometry":{"type":"Polygon","coordinates":[[[43.9490345,56.3308716],[43.9495877,56.3306198],[43.9502675,56.3310808],[43.9497143,56.3313326],[43.9490345,56.3308716]]]}},
{"type":"Feature","properties":{"object_type":"oks_future","_source":"inferred","heat_load":4.0907,"flow_tph":51.133,"_load_source":"scheme","_ref":"Схема теплоснабжения г. Н. Новгорода до 2030 г. (актуализация на 2026 г.), шифр 22401, Обосновывающие материалы, Гл. 2 Прил. 1 Ч. 3, табл. 2.1 «Прогноз ввода строений различного назначения … до 2030 года»","_item":62,"_name":"Универсальный спортивный комплекс с искусственным льдом в г. Нижний Новгород, в квартале ул. Бетанкура, набережной р. Волга, ул. Должанская, ул. Самаркандская","_scheme_source":"Сормовская ТЭЦ","_district":"Канавинский район","_year":2025,"_address":"в границах Спортивная улица, улица Искры, Новая улица, улица Бетанкура, «Волга», Должанская улица, Самаркандская улица","_geocode":"streets","_contour":"typical","floor_area_m2":14667,"levels":5},"geometry":{"type":"Polygon","coordinates":[[[43.9499942,56.3319151],[43.949541,56.3316077],[43.9503708,56.3312301],[43.950824,56.3315374],[43.9499942,56.3319151]]]}},
{"type":"Feature","properties":{"object_type":"oks_future","_source":"real","heat_load":1.3103,"flow_tph":16.379,"_load_source":"scheme","_ref":"Схема теплоснабжения г. Н. Новгорода до 2030 г. (актуализация на 2026 г.), шифр 22401, Обосновывающие материалы, Гл. 2 Прил. 1 Ч. 3, табл. 2.1 «Прогноз ввода строений различного назначения … до 2030 года»","_item":63,"_name":"Многоквартирный дом со встроенными помещениями общественного назначения и детской образовательной организацией (в границах улиц Бетанкура, Сергея Акимова, Мещерского бульвара )","_scheme_source":"Сормовская ТЭЦ","_district":"Канавинский район","_year":2026,"_address":"в границах улица Бетанкура, улица Серова, улица Сергея Акимова, Мещерский бульвар","_geocode":"streets","_contour":"osm_construction","floor_area_m2":20000,"levels":17,"_osm":"w1524679400"},"geometry":{"type":"Polygon","coordinates":[[[43.9488769,56.331428],[43.9490863,56.3313353],[43.9488975,56.3312133],[43.948691,56.331307],[43.9488769,56.331428]]]}},
{"type":"Feature","properties":{"object_type":"oks_future","_source":"inferred","heat_load":1.1437,"flow_tph":14.296,"_load_source":"scheme","_ref":"Схема теплоснабжения г. Н. Новгорода до 2030 г. (актуализация на 2026 г.), шифр 22401, Обосновывающие материалы, Гл. 2 Прил. 1 Ч. 3, табл. 2.1 «Прогноз ввода строений различного назначения … до 2030 года»","_item":64,"_name":"Строительство пристроя к зданию МБОУ \"Школа № 121\", ул. Тонкинская, 4","_scheme_source":"Сормовская ТЭЦ","_district":"Канавинский район","_year":2026,"_address":"Тонкинская улица, 4","_geocode":"at","_contour":"typical","floor_area_m2":7000,"levels":5},"geometry":{"type":"Polygon","coordinates":[[[43.9358148,56.3237468],[43.9361364,56.3239551],[43.9355741,56.3242232],[43.9352524,56.3240148],[43.9358148,56.3237468]]]}},
{"type":"Feature","properties":{"object_type":"oks_future","_source":"inferred","heat_load":0.431,"flow_tph":5.388,"_load_source":"scheme","_ref":"Схема теплоснабжения г. Н. Новгорода до 2030 г. (актуализация на 2026 г.), шифр 22401, Обосновывающие материалы, Гл. 2 Прил. 1 Ч. 3, табл. 2.1 «Прогноз ввода строений различного назначения … до 2030 года»","_item":65,"_name":"Административно-бытовое здание. Здание центрального диспетчерского пункта (административно-производственное), Московское шоссе, 4","_scheme_source":"Сормовская ТЭЦ","_district":"Канавинский район","_year":2025,"_address":"Московское шоссе","_geocode":"street","_contour":"typical","floor_area_m2":4310,"levels":3},"geometry":{"type":"Polygon","coordinates":[[[43.7924526,56.3101778],[43.7924159,56.3104551],[43.7916676,56.3104245],[43.7917043,56.3101472],[43.7924526,56.3101778]]]}},
{"type":"Feature","properties":{"object_type":"oks_future","_source":"inferred","heat_load":0.1486,"flow_tph":1.858,"_load_source":"scheme","_ref":"Схема теплоснабжения г. Н. Новгорода до 2030 г. (актуализация на 2026 г.), шифр 22401, Обосновывающие материалы, Гл. 2 Прил. 1 Ч. 3, табл. 2.1 «Прогноз ввода строений различного назначения … до 2030 года»","_item":66,"_name":"Здание многофункционального назначения в квартале улиц Керченская, Бетанкура, бульвар Мира","_scheme_source":"Сормовская ТЭЦ","_district":"Канавинский район","_year":2025,"_address":"в границах Керченская улица, улица Бетанкура","_geocode":"streets","_contour":"typical","floor_area_m2":1000,"levels":3},"geometry":{"type":"Polygon","coordinates":[[[43.9608875,56.3346058],[43.9611118,56.3346549],[43.9609792,56.3348418],[43.9607549,56.3347927],[43.9608875,56.3346058]]]}},
{"type":"Feature","properties":{"object_type":"oks_future","_source":"inferred","heat_load":0.3917,"flow_tph":4.896,"_load_source":"scheme","_ref":"Схема теплоснабжения г. Н. Новгорода до 2030 г. (актуализация на 2026 г.), шифр 22401, Обосновывающие материалы, Гл. 2 Прил. 1 Ч. 3, табл. 2.1 «Прогноз ввода строений различного назначения … до 2030 года»","_item":67,"_name":"ОКН \"Ярмарочная водозаборная станция, начало XX в.\" по ул. Стрелка, д. 21в","_scheme_source":"Сормовская ТЭЦ","_district":"Канавинский район","_year":2025,"_address":"в границах Ярмарочный проезд, улица Стрелка","_geocode":"streets","_contour":"typical","floor_area_m2":2500,"levels":3},"geometry":{"type":"Polygon","coordinates":[[[43.963579,56.3290811],[43.9637947,56.3292557],[43.9633234,56.3294355],[43.9631077,56.3292609],[43.963579,56.3290811]]]}},
{"type":"Feature","properties":{"object_type":"oks_future","_source":"inferred","heat_load":0.186,"flow_tph":2.325,"_load_source":"scheme","_ref":"Схема теплоснабжения г. Н. Новгорода до 2030 г. (актуализация на 2026 г.), шифр 22401, Обосновывающие материалы, Гл. 2 Прил. 1 Ч. 3, табл. 2.1 «Прогноз ввода строений различного назначения … до 2030 года»","_item":68,"_name":"Реставрация и приспособление для современного использования ОКН \"Металлические конструкции павильоны Центрального здания Всероссийских выставок 1882 и 1896 годов\" по ул. Стрелка, д. 21 лит. Ж, И","_scheme_source":"Сормовская ТЭЦ","_district":"Канавинский район","_year":2025,"_address":"улица Стрелка","_geocode":"street","_contour":"typical","floor_area_m2":2000,"levels":3},"geometry":{"type":"Polygon","coordinates":[[[43.9703747,56.3360012],[43.9706485,56.3358884],[43.9709533,56.3361165],[43.9706794,56.3362294],[43.9703747,56.3360012]]]}},
{"type":"Feature","properties":{"object_type":"oks_future","_source":"inferred","heat_load":0.0042,"flow_tph":0.052,"_load_source":"scheme","_ref":"Схема теплоснабжения г. Н. Новгорода до 2030 г. (актуализация на 2026 г.), шифр 22401, Обосновывающие материалы, Гл. 2 Прил. 1 Ч. 3, табл. 2.1 «Прогноз ввода строений различного назначения … до 2030 года»","_item":69,"_name":"Многоквартирный жилой дом (нежилые помещения П3, П4, П5, П7) по ул. Керченская, 14А","_scheme_source":"Сормовская ТЭЦ","_district":"Канавинский район","_year":2025,"_address":"Керченская улица, 14А","_geocode":"at","_contour":"typical","floor_area_m2":42,"levels":1},"geometry":{"type":"Polygon","coordinates":[[[43.9627992,56.3324813],[43.9627972,56.3325532],[43.9626032,56.3325516],[43.9626051,56.3324797],[43.9627992,56.3324813]]]}},
{"type":"Feature","properties":{"object_type":"oks_future","_source":"inferred","heat_load":0.6033,"flow_tph":7.541,"_load_source":"scheme","_ref":"Схема теплоснабжения г. Н. Новгорода до 2030 г. (актуализация на 2026 г.), шифр 22401, Обосновывающие материалы, Гл. 2 Прил. 1 Ч. 3, табл. 2.1 «Прогноз ввода строений различного назначения … до 2030 года»","_item":70,"_name":"Нежилое помещение по ул. Советская, д. 12","_scheme_source":"Сормовская ТЭЦ","_district":"Канавинский район","_year":2026,"_address":"Сормовская ТЭЦ","_geocode":"source","_contour":"typical","floor_area_m2":4000,"levels":3},"geometry":{"type":"Polygon","coordinates":[[[43.8889087,56.3550345],[43.8890982,56.3547882],[43.8897637,56.3549461],[43.8895742,56.3551924],[43.8889087,56.3550345]]]}},
{"type":"Feature","properties":{"object_type":"oks_future","_source":"inferred","heat_load":0.3663,"flow_tph":4.579,"_load_source":"scheme","_ref":"Схема теплоснабжения г. Н. Новгорода до 2030 г. (актуализация на 2026 г.), шифр 22401, Обосновывающие материалы, Гл. 2 Прил. 1 Ч. 3, табл. 2.1 «Прогноз ввода строений различного назначения … до 2030 года»","_item":71,"_name":"Магазин по Мещерский бульвар, 10Б","_scheme_source":"Сормовская ТЭЦ","_district":"Канавинский район","_year":2025,"_address":"Мещерский бульвар","_geocode":"street","_contour":"typical","floor_area_m2":2000,"levels":3},"geometry":{"type":"Polygon","coordinates":[[[43.9464846,56.3339677],[43.9466958,56.3341164],[43.9462942,56.3342923],[43.9460831,56.3341436],[43.9464846,56.3339677]]]}},
{"type":"Feature","properties":{"object_type":"oks_future","_source":"inferred","heat_load":0.0433,"flow_tph":0.541,"_load_source":"scheme","_ref":"Схема теплоснабжения г. Н. Новгорода до 2030 г. (актуализация на 2026 г.), шифр 22401, Обосновывающие материалы, Гл. 2 Прил. 1 Ч. 3, табл. 2.1 «Прогноз ввода строений различного назначения … до 2030 года»","_item":72,"_name":"Нежилое здание по ул. Стрелка, 4В","_scheme_source":"Сормовская ТЭЦ","_district":"Канавинский район","_year":2025,"_address":"улица Стрелка, 4В","_geocode":"at","_contour":"typical","floor_area_m2":300,"levels":1},"geometry":{"type":"Polygon","coordinates":[[[43.9676993,56.331192],[43.9675179,56.3312693],[43.967309,56.3311181],[43.9674905,56.3310408],[43.9676993,56.331192]]]}},
{"type":"Feature","properties":{"object_type":"oks_future","_source":"inferred","heat_load":0.196,"flow_tph":2.45,"_load_source":"scheme","_ref":"Схема теплоснабжения г. Н. Новгорода до 2030 г. (актуализация на 2026 г.), шифр 22401, Обосновывающие материалы, Гл. 2 Прил. 1 Ч. 3, табл. 2.1 «Прогноз ввода строений различного назначения … до 2030 года»","_item":73,"_name":"Отель \"Никитин\" по ул. Стрелка, 13","_scheme_source":"Сормовская ТЭЦ","_district":"Канавинский район","_year":2025,"_address":"улица Стрелка, 13","_geocode":"at","_contour":"typical","floor_area_m2":1300,"levels":3},"geometry":{"type":"Polygon","coordinates":[[[43.9713501,56.334941],[43.9715228,56.3350598],[43.971202,56.3352037],[43.9710293,56.3350849],[43.9713501,56.334941]]]}},
{"type":"Feature","properties":{"object_type":"oks_future","_source":"real","heat_load":1.3729,"flow_tph":17.162,"_load_source":"scheme","_ref":"Схема теплоснабжения г. Н. Новгорода до 2030 г. (актуализация на 2026 г.), шифр 22401, Обосновывающие материалы, Гл. 2 Прил. 1 Ч. 3, табл. 2.1 «Прогноз ввода строений различного назначения … до 2030 года»","_item":74,"_name":"Многоэтажный многоквартирный жилой дом с помещениями общественного назначения, подземной автостоянкой, в границах улиц Октябрьская Революция, Григорьева, Витебская","_scheme_source":"ул. Вольская, 15-а","_district":"Канавинский район","_year":2026,"_address":"в границах Октябрьская улица, улица Октябрьской Революции, улица Грига, Витебская улица","_geocode":"streets","_contour":"osm_construction","floor_area_m2":18000,"levels":17,"_osm":"r21073840"},"geometry":{"type":"Polygon","coordinates":[[[43.9379106,56.3101534],[43.9373438,56.310214],[43.9375769,56.3108808],[43.9384481,56.3107871],[43.9386879,56.3107613],[43.9391064,56.3107168],[43.9392344,56.310703],[43.9391911,56.3105793],[43.9390631,56.3105931],[43.9390234,56.3104799],[43.9387143,56.3105132],[43.9386397,56.3106232],[43.9383998,56.310649],[43.9383334,56.3106344],[43.9378371,56.3106878],[43.9377106,56.310326],[43.9379629,56.3102988],[43.9379716,56.3103231],[43.9382081,56.310297],[43.9382278,56.3103516],[43.9383039,56.3103838],[43.9386213,56.3103486],[43.9387209,56.3103378],[43.9386301,56.310079],[43.9385305,56.3100898],[43.9381471,56.3101272],[43.9379106,56.3101534]]]}},
{"type":"Feature","properties":{"object_type":"oks_future","_source":"inferred","heat_load":1.3729,"flow_tph":17.162,"_load_source":"scheme","_ref":"Схема теплоснабжения г. Н. Новгорода до 2030 г. (актуализация на 2026 г.), шифр 22401, Обосновывающие материалы, Гл. 2 Прил. 1 Ч. 3, табл. 2.1 «Прогноз ввода строений различного назначения … до 2030 года»","_item":74,"_name":"Многоэтажный многоквартирный жилой дом с помещениями общественного назначения, подземной автостоянкой, в границах улиц Октябрьская Революция, Григорьева, Витебская","_scheme_source":"ул. Вольская, 15-а","_district":"Канавинский район","_year":2026,"_address":"в границах Октябрьская улица, улица Октябрьской Революции, улица Грига, Витебская улица","_geocode":"streets","_contour":"typical","floor_area_m2":18000,"levels":17},"geometry":{"type":"Polygon","coordinates":[[[43.9409837,56.3115588],[43.9412381,56.3115328],[43.9414316,56.3121176],[43.9411772,56.3121436],[43.9409837,56.3115588]]]}},
{"type":"Feature","properties":{"object_type":"oks_future","_source":"inferred","heat_load":0.5389,"flow_tph":6.736,"_load_source":"scheme","_ref":"Схема теплоснабжения г. Н. Новгорода до 2030 г. (актуализация на 2026 г.), шифр 22401, Обосновывающие материалы, Гл. 2 Прил. 1 Ч. 3, табл. 2.1 «Прогноз ввода строений различного назначения … до 2030 года»","_item":75,"_name":"Многоквартирный жилой дом со встроенными помещениями общественного назначения, со встроенной подземной автостоянкой № 2 (по генплану), в границах улиц Октябрьской революции, Менделеева, Журова, переулка Сивашский","_scheme_source":"ул. Климовская, 86-а","_district":"Канавинский район","_year":2025,"_address":"в границах Октябрьская улица, улица Октябрьской Революции, улица Менделеева, улица Журова, Сивашская улица","_geocode":"streets","_contour":"typical","floor_area_m2":11000,"levels":12},"geometry":{"type":"Polygon","coordinates":[[[43.9354177,56.3053458],[43.9356628,56.3053916],[43.9353682,56.3058795],[43.935123,56.3058338],[43.9354177,56.3053458]]]}},
{"type":"Feature","properties":{"object_type":"oks_future","_source":"inferred","heat_load":0.656,"flow_tph":8.2,"_load_source":"scheme","_ref":"Схема теплоснабжения г. Н. Новгорода до 2030 г. (актуализация на 2026 г.), шифр 22401, Обосновывающие материалы, Гл. 2 Прил. 1 Ч. 3, табл. 2.1 «Прогноз ввода строений различного назначения … до 2030 года»","_item":76,"_name":"Многоквартирный жилой дом № 1 (по генплану), в границах улиц Октябрьской революции, Менделеева, Журова, переулка Сивашский","_scheme_source":"ул. Климовская, 86-а","_district":"Канавинский район","_year":2026,"_address":"в границах Октябрьская улица, улица Октябрьской Революции, улица Менделеева, улица Журова, Сивашская улица","_geocode":"streets","_contour":"typical","floor_area_m2":13000,"levels":17},"geometry":{"type":"Polygon","coordinates":[[[43.932955,56.3031841],[43.9332001,56.3032299],[43.9329543,56.3036369],[43.9327092,56.3035912],[43.932955,56.3031841]]]}},
{"type":"Feature","properties":{"object_type":"oks_future","_source":"inferred","heat_load":0.4978,"flow_tph":6.223,"_load_source":"scheme","_ref":"Схема теплоснабжения г. Н. Новгорода до 2030 г. (актуализация на 2026 г.), шифр 22401, Обосновывающие материалы, Гл. 2 Прил. 1 Ч. 3, табл. 2.1 «Прогноз ввода строений различного назначения … до 2030 года»","_item":77,"_name":"Многоквартирный жилой дом № 3 (по генплану), в границах улиц Октябрьской революции, Менделеева, Журова, переулка Сивашский","_scheme_source":"ул. Климовская, 86-а","_district":"Канавинский район","_year":2027,"_address":"в границах Октябрьская улица, улица Октябрьской Революции, улица Менделеева, улица Журова, Сивашская улица","_geocode":"streets","_contour":"typical","floor_area_m2":10000,"levels":12},"geometry":{"type":"Polygon","coordinates":[[[43.9343784,56.303081],[43.9342961,56.3032173],[43.9334982,56.3030683],[43.9335805,56.3029321],[43.9343784,56.303081]]]}},
{"type":"Feature","properties":{"object_type":"oks_future","_source":"inferred","heat_load":0.4411,"flow_tph":5.514,"_load_source":"scheme","_ref":"Схема теплоснабжения г. Н. Новгорода до 2030 г. (актуализация на 2026 г.), шифр 22401, Обосновывающие материалы, Гл. 2 Прил. 1 Ч. 3, табл. 2.1 «Прогноз ввода строений различного назначения … до 2030 года»","_item":78,"_name":"Строительство служебно-технического здания на территории ст.Родина ДЖД г. Нижний Новгород (ул. Октябрьской Революции, д. 23А-Ж)","_scheme_source":"ул. Климовская, 86-а","_district":"Канавинский район","_year":2026,"_address":"улица Октябрьской Революции, 23А","_geocode":"at","_contour":"typical","floor_area_m2":4000,"levels":3},"geometry":{"type":"Polygon","coordinates":[[[43.9335515,56.3074245],[43.933958,56.3072807],[43.9343462,56.3076196],[43.9339398,56.3077634],[43.9335515,56.3074245]]]}},
{"type":"Feature","properties":{"object_type":"oks_future","_source":"real","heat_load":1.4931,"flow_tph":18.664,"_load_source":"scheme","_ref":"Схема теплоснабжения г. Н. Новгорода до 2030 г. (актуализация на 2026 г.), шифр 22401, Обосновывающие материалы, Гл. 2 Прил. 1 Ч. 3, табл. 2.1 «Прогноз ввода строений различного назначения … до 2030 года»","_item":79,"_name":"Реставрация и реконструкция в виде приспособления под современное использование (многоквартирный жилой дом) с помещениями общественного назначения объекта: \"Дворец культуры им. В.И.Ленина\" (ул. Октябрьской революции, д. 33, литеры А1, А2, А3, А4, А5)","_scheme_source":"ул. Климовская, 86-а","_district":"Канавинский район","_year":2026,"_address":"в границах проспект Ленина, Октябрьская улица, улица Октябрьской Революции, улица Литке","_geocode":"streets","_contour":"osm_construction","floor_area_m2":13000,"levels":5,"_osm":"w1497714090"},"geometry":{"type":"Polygon","coordinates":[[[43.9429716,56.3007775],[43.9430184,56.3008783],[43.943163,56.3008576],[43.9431162,56.3007569],[43.9429716,56.3007775]]]}},
{"type":"Feature","properties":{"object_type":"oks_future","_source":"inferred","heat_load":0.5887,"flow_tph":7.358,"_load_source":"scheme","_ref":"Схема теплоснабжения г. Н. Новгорода до 2030 г. (актуализация на 2026 г.), шифр 22401, Обосновывающие материалы, Гл. 2 Прил. 1 Ч. 3, табл. 2.1 «Прогноз ввода строений различного назначения … до 2030 года»","_item":80,"_name":"Территория в границах ул.Кузбасская, Ракетная, Пурехская","_scheme_source":"ул. Конотопская, 5","_district":"Канавинский район","_year":2030,"_address":"в границах Кузбасская улица, Ракетная улица, Пурехская улица","_geocode":"streets","_contour":"typical","floor_area_m2":18550,"levels":17},"geometry":{"type":"Polygon","coordinates":[[[43.8812998,56.2986972],[43.8814992,56.2987887],[43.8807978,56.2992612],[43.8805984,56.2991698],[43.8812998,56.2986972]]]}},
{"type":"Feature","properties":{"object_type":"oks_future","_source":"inferred","heat_load":0.5887,"flow_tph":7.358,"_load_source":"scheme","_ref":"Схема теплоснабжения г. Н. Новгорода до 2030 г. (актуализация на 2026 г.), шифр 22401, Обосновывающие материалы, Гл. 2 Прил. 1 Ч. 3, табл. 2.1 «Прогноз ввода строений различного назначения … до 2030 года»","_item":80,"_name":"Территория в границах ул.Кузбасская, Ракетная, Пурехская","_scheme_source":"ул. Конотопская, 5","_district":"Канавинский район","_year":2030,"_address":"в границах Кузбасская улица, Ракетная улица, Пурехская улица","_geocode":"streets","_contour":"typical","floor_area_m2":18550,"levels":17},"geometry":{"type":"Polygon","coordinates":[[[43.8822512,56.2985937],[43.8824506,56.2986852],[43.8817493,56.2991577],[43.8815499,56.2990663],[43.8822512,56.2985937]]]}},
{"type":"Feature","properties":{"object_type":"oks_future","_source":"inferred","heat_load":0.5887,"flow_tph":7.358,"_load_source":"scheme","_ref":"Схема теплоснабжения г. Н. Новгорода до 2030 г. (актуализация на 2026 г.), шифр 22401, Обосновывающие материалы, Гл. 2 Прил. 1 Ч. 3, табл. 2.1 «Прогноз ввода строений различного назначения … до 2030 года»","_item":80,"_name":"Территория в границах ул.Кузбасская, Ракетная, Пурехская","_scheme_source":"ул. Конотопская, 5","_district":"Канавинский район","_year":2030,"_address":"в границах Кузбасская улица, Ракетная улица, Пурехская улица","_geocode":"streets","_contour":"typical","floor_area_m2":18550,"levels":17},"geometry":{"type":"Polygon","coordinates":[[[43.8823864,56.2989283],[43.8825858,56.2990197],[43.8818844,56.2994923],[43.881685,56.2994008],[43.8823864,56.2989283]]]}},
{"type":"Feature","properties":{"object_type":"oks_future","_source":"inferred","heat_load":0.5887,"flow_tph":7.358,"_load_source":"scheme","_ref":"Схема теплоснабжения г. Н. Новгорода до 2030 г. (актуализация на 2026 г.), шифр 22401, Обосновывающие материалы, Гл. 2 Прил. 1 Ч. 3, табл. 2.1 «Прогноз ввода строений различного назначения … до 2030 года»","_item":80,"_name":"Территория в границах ул.Кузбасская, Ракетная, Пурехская","_scheme_source":"ул. Конотопская, 5","_district":"Канавинский район","_year":2030,"_address":"в границах Кузбасская улица, Ракетная улица, Пурехская улица","_geocode":"streets","_contour":"typical","floor_area_m2":18550,"levels":17},"geometry":{"type":"Polygon","coordinates":[[[43.882742,56.2992434],[43.8829414,56.2993349],[43.88224,56.2998075],[43.8820406,56.299716],[43.882742,56.2992434]]]}},
{"type":"Feature","properties":{"object_type":"oks_future","_source":"inferred","heat_load":0.1281,"flow_tph":1.601,"_load_source":"scheme","_ref":"Схема теплоснабжения г. Н. Новгорода до 2030 г. (актуализация на 2026 г.), шифр 22401, Обосновывающие материалы, Гл. 2 Прил. 1 Ч. 3, табл. 2.1 «Прогноз ввода строений различного назначения … до 2030 года»","_item":81,"_name":"Нежилое здание (конный манеж Зооцентр) по ул. Движенцев, д. 17","_scheme_source":"ул. Таллинская, 15-в","_district":"Канавинский район","_year":2025,"_address":"улица Движенцев, 17","_geocode":"at","_contour":"typical","floor_area_m2":4000,"levels":9},"geometry":{"type":"Polygon","coordinates":[[[43.8459593,56.2927748],[43.8460915,56.2926513],[43.8464771,56.2927789],[43.846345,56.2929024],[43.8459593,56.2927748]]]}},
{"type":"Feature","properties":{"object_type":"oks_future","_source":"inferred","heat_load":0.0067,"flow_tph":0.084,"_load_source":"scheme","_ref":"Схема теплоснабжения г. Н. Новгорода до 2030 г. (актуализация на 2026 г.), шифр 22401, Обосновывающие материалы, Гл. 2 Прил. 1 Ч. 3, табл. 2.1 «Прогноз ввода строений различного назначения … до 2030 года»","_item":82,"_name":"Реконструкция объекта незавершенного строительства многоквартирного жилого дома. Устройство перехода между основным и дополнительным корпусом МБОУ \"Школа № 168 имени И.И.Лабузы\"","_scheme_source":"ул. Таллинская, 15-в","_district":"Канавинский район","_year":2025,"_address":"ул. Таллинская, 15-в","_geocode":"source","_contour":"typical","floor_area_m2":100,"levels":1},"geometry":{"type":"Polygon","coordinates":[[[43.8553616,56.2914056],[43.8554752,56.2914429],[43.8553746,56.2915377],[43.855261,56.2915004],[43.8553616,56.2914056]]]}},
{"type":"Feature","properties":{"object_type":"oks_future","_source":"inferred","heat_load":0.38,"flow_tph":4.75,"_load_source":"scheme","_ref":"Схема теплоснабжения г. Н. Новгорода до 2030 г. (актуализация на 2026 г.), шифр 22401, Обосновывающие материалы, Гл. 2 Прил. 1 Ч. 3, табл. 2.1 «Прогноз ввода строений различного назначения … до 2030 года»","_item":83,"_name":"Объект торговли по адресу г.Нижний Новгород, Московское шоссе, рядом с домом №314","_scheme_source":"ул. Тепличная, 8-а (БМК)","_district":"Канавинский район","_year":2025,"_address":"Московское шоссе, 314","_geocode":"near","_contour":"typical","floor_area_m2":4420,"levels":3},"geometry":{"type":"Polygon","coordinates":[[[43.8087222,56.3117661],[43.8092288,56.3117684],[43.8092227,56.3121907],[43.8087162,56.3121885],[43.8087222,56.3117661]]]}},
{"type":"Feature","properties":{"object_type":"oks_future","_source":"inferred","heat_load":0.19,"flow_tph":2.375,"_load_source":"scheme","_ref":"Схема теплоснабжения г. Н. Новгорода до 2030 г. (актуализация на 2026 г.), шифр 22401, Обосновывающие материалы, Гл. 2 Прил. 1 Ч. 3, табл. 2.1 «Прогноз ввода строений различного назначения … до 2030 года»","_item":84,"_name":"проект планировки и межевания территории в границах улиц Обухова, Октябрьской Революции, Чкалова, Рутковского в Канавинском районе","_scheme_source":"ул. Чкалова, 37-а (БМК)","_district":"Канавинский район","_year":2029,"_address":"в границах улица Обухова, Октябрьская улица, улица Октябрьской Революции, улица Чкалова, Канавинская улица","_geocode":"streets","_contour":"typical","floor_area_m2":3460,"levels":9},"geometry":{"type":"Polygon","coordinates":[[[43.9427985,56.3169261],[43.9426414,56.3168118],[43.94295,56.3166808],[43.9431071,56.316795],[43.9427985,56.3169261]]]}},
{"type":"Feature","properties":{"object_type":"oks_future","_source":"inferred","heat_load":0.54,"flow_tph":6.75,"_load_source":"scheme","_ref":"Схема теплоснабжения г. Н. Новгорода до 2030 г. (актуализация на 2026 г.), шифр 22401, Обосновывающие материалы, Гл. 2 Прил. 1 Ч. 3, табл. 2.1 «Прогноз ввода строений различного назначения … до 2030 года»","_item":85,"_name":"Жилой дом с подземной автостоянкой по адресу: Московское шоссе, 84б в Конавинском районе г.Н.Новгорода","_scheme_source":"\"15 квартал Московское шоссе\", ул. Тихорецкая, 3-в","_district":"Канавинский район","_year":2025,"_address":"Московское шоссе","_geocode":"street","_contour":"typical","floor_area_m2":12740,"levels":17},"geometry":{"type":"Polygon","coordinates":[[[43.7922389,56.3112688],[43.791981,56.3112583],[43.7920365,56.3108386],[43.7922944,56.3108492],[43.7922389,56.3112688]]]}},
{"type":"Feature","properties":{"object_type":"oks_future","_source":"inferred","heat_load":0.3717,"flow_tph":4.646,"_load_source":"scheme","_ref":"Схема теплоснабжения г. Н. Новгорода до 2030 г. (актуализация на 2026 г.), шифр 22401, Обосновывающие материалы, Гл. 2 Прил. 1 Ч. 3, табл. 2.1 «Прогноз ввода строений различного назначения … до 2030 года»","_item":86,"_name":"здание рынка со стационарной парковкой автомашин у дома №3 по ул. Авангардная","_scheme_source":"\"15 квартал Московское шоссе\", ул. Тихорецкая, 3-в","_district":"Канавинский район","_year":2029,"_address":"Авангардная улица","_geocode":"street","_contour":"typical","floor_area_m2":4320,"levels":3},"geometry":{"type":"Polygon","coordinates":[[[43.8832771,56.3098035],[43.8837776,56.3098129],[43.8837522,56.3102302],[43.8832517,56.3102208],[43.8832771,56.3098035]]]}},
{"type":"Feature","properties":{"object_type":"oks_future","_source":"inferred","heat_load":1.222,"flow_tph":15.275,"_load_source":"scheme","_ref":"Схема теплоснабжения г. Н. Новгорода до 2030 г. (актуализация на 2026 г.), шифр 22401, Обосновывающие материалы, Гл. 2 Прил. 1 Ч. 3, табл. 2.1 «Прогноз ввода строений различного назначения … до 2030 года»","_item":87,"_name":"Производственно-сладской комплекс в районе здания №30А по Московскому шоссе в Канавинском районе г. Нижнего Новгорода","_scheme_source":"\"15 квартал Московское шоссе\", ул. Тихорецкая, 3-в","_district":"Канавинский район","_year":2030,"_address":"в границах Московское шоссе, Канавинский мост, Новая улица","_geocode":"streets","_contour":"typical","floor_area_m2":13375,"levels":5},"geometry":{"type":"Polygon","coordinates":[[[43.9667994,56.3247079],[43.9661899,56.3248789],[43.9657281,56.324371],[43.9663376,56.3241999],[43.9667994,56.3247079]]]}},
{"type":"Feature","properties":{"object_type":"oks_future","_source":"inferred","heat_load":1.222,"flow_tph":15.275,"_load_source":"scheme","_ref":"Схема теплоснабжения г. Н. Новгорода до 2030 г. (актуализация на 2026 г.), шифр 22401, Обосновывающие материалы, Гл. 2 Прил. 1 Ч. 3, табл. 2.1 «Прогноз ввода строений различного назначения … до 2030 года»","_item":87,"_name":"Производственно-сладской комплекс в районе здания №30А по Московскому шоссе в Канавинском районе г. Нижнего Новгорода","_scheme_source":"\"15 квартал Московское шоссе\", ул. Тихорецкая, 3-в","_district":"Канавинский район","_year":2030,"_address":"в границах Московское шоссе, Канавинский мост, Новая улица","_geocode":"streets","_contour":"typical","floor_area_m2":13375,"levels":5},"geometry":{"type":"Polygon","coordinates":[[[43.966037,56.3240254],[43.9654276,56.3241965],[43.9649658,56.3236885],[43.9655753,56.3235174],[43.966037,56.3240254]]]}},
{"type":"Feature","properties":{"object_type":"oks_future","_source":"inferred","heat_load":1.222,"flow_tph":15.275,"_load_source":"scheme","_ref":"Схема теплоснабжения г. Н. Новгорода до 2030 г. (актуализация на 2026 г.), шифр 22401, Обосновывающие материалы, Гл. 2 Прил. 1 Ч. 3, табл. 2.1 «Прогноз ввода строений различного назначения … до 2030 года»","_item":87,"_name":"Производственно-сладской комплекс в районе здания №30А по Московскому шоссе в Канавинском районе г. Нижнего Новгорода","_scheme_source":"\"15 квартал Московское шоссе\", ул. Тихорецкая, 3-в","_district":"Канавинский район","_year":2030,"_address":"в границах Московское шоссе, Канавинский мост, Новая улица","_geocode":"streets","_contour":"typical","floor_area_m2":13375,"levels":5},"geometry":{"type":"Polygon","coordinates":[[[43.9654929,56.3233551],[43.9648834,56.3235261],[43.9644217,56.3230181],[43.9650311,56.3228471],[43.9654929,56.3233551]]]}},
{"type":"Feature","properties":{"object_type":"oks_future","_source":"inferred","heat_load":0.6366,"flow_tph":7.958,"_load_source":"scheme","_ref":"Схема теплоснабжения г. Н. Новгорода до 2030 г. (актуализация на 2026 г.), шифр 22401, Обосновывающие материалы, Гл. 2 Прил. 1 Ч. 3, табл. 2.1 «Прогноз ввода строений различного назначения … до 2030 года»","_item":88,"_name":"Многоквартирный жилой дом со встроенными помещениями общественного назначения № 7 (по генплану), ул. Украинская, в 30 метрах от жилых домов №№ 27, 35 (участок № 7)","_scheme_source":"Новая БМК по ул. Украинская, в 65 м на северо- запад от дома № 48","_district":"Канавинский район","_year":2025,"_address":"Украинская улица","_geocode":"street","_contour":"typical","floor_area_m2":12000,"levels":17},"geometry":{"type":"Polygon","coordinates":[[[43.9261246,56.3043903],[43.9259659,56.3045038],[43.9254029,56.3042606],[43.9255615,56.3041471],[43.9261246,56.3043903]]]}},
{"type":"Feature","properties":{"object_type":"oks_future","_source":"inferred","heat_load":0.6427,"flow_tph":8.034,"_load_source":"scheme","_ref":"Схема теплоснабжения г. Н. Новгорода до 2030 г. (актуализация на 2026 г.), шифр 22401, Обосновывающие материалы, Гл. 2 Прил. 1 Ч. 3, табл. 2.1 «Прогноз ввода строений различного назначения … до 2030 года»","_item":89,"_name":"Многоквартирный жилой дом со встроенными помещениями общественного назначения № 8 (по генплану), ул. Украинская, в 30 м от жилых домов №№ 27, 35 (участок 8)","_scheme_source":"Новая БМК по ул. Украинская, в 65 м на северо- запад от дома № 48","_district":"Канавинский район","_year":2026,"_address":"Украинская улица","_geocode":"street","_contour":"typical","floor_area_m2":12000,"levels":17},"geometry":{"type":"Polygon","coordinates":[[[43.9234403,56.304367],[43.9232817,56.3044805],[43.9227186,56.3042373],[43.9228773,56.3041238],[43.9234403,56.304367]]]}},
{"type":"Feature","properties":{"object_type":"oks_future","_source":"inferred","heat_load":0.7841,"flow_tph":9.801,"_load_source":"scheme","_ref":"Схема теплоснабжения г. Н. Новгорода до 2030 г. (актуализация на 2026 г.), шифр 22401, Обосновывающие материалы, Гл. 2 Прил. 1 Ч. 3, табл. 2.1 «Прогноз ввода строений различного назначения … до 2030 года»","_item":90,"_name":"Многоквартирный жилой дом № 2.1 в границах улиц Украинская, Комсомольское шоссе","_scheme_source":"Новая БМК по ул. Украинская, в 65 м на северо- запад от дома № 48","_district":"Канавинский район","_year":2027,"_address":"в границах Украинская улица, Комсомольская площадь","_geocode":"streets","_contour":"typical","floor_area_m2":17000,"levels":17},"geometry":{"type":"Polygon","coordinates":[[[43.9336895,56.3023215],[43.9337662,56.3021842],[43.9347308,56.3023507],[43.9346541,56.302488],[43.9336895,56.3023215]]]}},
{"type":"Feature","properties":{"object_type":"oks_future","_source":"inferred","heat_load":0.4813,"flow_tph":6.016,"_load_source":"scheme","_ref":"Схема теплоснабжения г. Н. Новгорода до 2030 г. (актуализация на 2026 г.), шифр 22401, Обосновывающие материалы, Гл. 2 Прил. 1 Ч. 3, табл. 2.1 «Прогноз ввода строений различного назначения … до 2030 года»","_item":91,"_name":"Многоквартирный жилой дом № 2.3 в границах улиц Украинская, Комсомольское шоссе","_scheme_source":"Новая БМК по ул. Украинская, в 65 м на северо- запад от дома № 48","_district":"Канавинский район","_year":2027,"_address":"в границах Украинская улица, Комсомольская площадь","_geocode":"streets","_contour":"typical","floor_area_m2":10000,"levels":12},"geometry":{"type":"Polygon","coordinates":[[[43.9332244,56.3025414],[43.933301,56.3024041],[43.9341048,56.3025428],[43.9340282,56.3026801],[43.9332244,56.3025414]]]}},
{"type":"Feature","properties":{"object_type":"oks_future","_source":"inferred","heat_load":0.7841,"flow_tph":9.801,"_load_source":"scheme","_ref":"Схема теплоснабжения г. Н. Новгорода до 2030 г. (актуализация на 2026 г.), шифр 22401, Обосновывающие материалы, Гл. 2 Прил. 1 Ч. 3, табл. 2.1 «Прогноз ввода строений различного назначения … до 2030 года»","_item":92,"_name":"Многоквартирный жилой дом № 3.1 в границах улиц Украинская, Комсомольское шоссе","_scheme_source":"Новая БМК по ул. Украинская, в 65 м на северо- запад от дома № 48","_district":"Канавинский район","_year":2028,"_address":"в границах Украинская улица, Комсомольская площадь","_geocode":"streets","_contour":"typical","floor_area_m2":17000,"levels":17},"geometry":{"type":"Polygon","coordinates":[[[43.9351083,56.3009006],[43.9348614,56.300858],[43.9351607,56.3003217],[43.9354076,56.3003643],[43.9351083,56.3009006]]]}},
{"type":"Feature","properties":{"object_type":"oks_future","_source":"inferred","heat_load":0.4813,"flow_tph":6.016,"_load_source":"scheme","_ref":"Схема теплоснабжения г. Н. Новгорода до 2030 г. (актуализация на 2026 г.), шифр 22401, Обосновывающие материалы, Гл. 2 Прил. 1 Ч. 3, табл. 2.1 «Прогноз ввода строений различного назначения … до 2030 года»","_item":93,"_name":"Многоквартирный жилой дом № 3.3 в границах улиц Украинская, Комсомольское шоссе","_scheme_source":"Новая БМК по ул. Украинская, в 65 м на северо- запад от дома № 48","_district":"Канавинский район","_year":2028,"_address":"в границах Украинская улица, Комсомольская площадь","_geocode":"streets","_contour":"typical","floor_area_m2":10000,"levels":12},"geometry":{"type":"Polygon","coordinates":[[[43.9327942,56.3003704],[43.9325473,56.3003278],[43.9327968,56.2998809],[43.9330437,56.2999236],[43.9327942,56.3003704]]]}},
{"type":"Feature","properties":{"object_type":"oks_future","_source":"inferred","heat_load":0.7841,"flow_tph":9.801,"_load_source":"scheme","_ref":"Схема теплоснабжения г. Н. Новгорода до 2030 г. (актуализация на 2026 г.), шифр 22401, Обосновывающие материалы, Гл. 2 Прил. 1 Ч. 3, табл. 2.1 «Прогноз ввода строений различного назначения … до 2030 года»","_item":94,"_name":"Многоквартирный жилой дом № 4.1 в границах улиц Украинская, Комсомольское шоссе","_scheme_source":"Новая БМК по ул. Украинская, в 65 м на северо- запад от дома № 48","_district":"Канавинский район","_year":2029,"_address":"в границах Украинская улица, Комсомольская площадь","_geocode":"streets","_contour":"typical","floor_area_m2":17000,"levels":17},"geometry":{"type":"Polygon","coordinates":[[[43.9344009,56.3071791],[43.9344776,56.3070419],[43.9354423,56.3072083],[43.9353656,56.3073456],[43.9344009,56.3071791]]]}},
{"type":"Feature","properties":{"object_type":"oks_future","_source":"inferred","heat_load":0.4813,"flow_tph":6.016,"_load_source":"scheme","_ref":"Схема теплоснабжения г. Н. Новгорода до 2030 г. (актуализация на 2026 г.), шифр 22401, Обосновывающие материалы, Гл. 2 Прил. 1 Ч. 3, табл. 2.1 «Прогноз ввода строений различного назначения … до 2030 года»","_item":95,"_name":"Многоквартирный жилой дом № 4.3 в границах улиц Украинская, Комсомольское шоссе","_scheme_source":"Новая БМК по ул. Украинская, в 65 м на северо- запад от дома № 48","_district":"Канавинский район","_year":2029,"_address":"в границах Украинская улица, Комсомольская площадь","_geocode":"streets","_contour":"typical","floor_area_m2":10000,"levels":12},"geometry":{"type":"Polygon","coordinates":[[[43.9291446,56.304813],[43.9292213,56.3046757],[43.9300251,56.3048145],[43.9299485,56.3049518],[43.9291446,56.304813]]]}},
{"type":"Feature","properties":{"object_type":"oks_future","_source":"inferred","heat_load":0.2118,"flow_tph":2.647,"_load_source":"scheme","_ref":"Схема теплоснабжения г. Н. Новгорода до 2030 г. (актуализация на 2026 г.), шифр 22401, Обосновывающие материалы, Гл. 2 Прил. 1 Ч. 3, табл. 2.1 «Прогноз ввода строений различного назначения … до 2030 года»","_item":96,"_name":"Стояка-паркинг подземная № 2.2 по ул. Украинская, в 30 метрах от жилых домов №№ 27,35","_scheme_source":"Новая БМК по ул. Украинская, в 65 м на северо- запад от дома № 48","_district":"Канавинский район","_year":2027,"_address":"Украинская улица","_geocode":"street","_contour":"typical","floor_area_m2":2000,"levels":3},"geometry":{"type":"Polygon","coordinates":[[[43.922772,56.3040256],[43.922503,56.3039094],[43.9228165,56.303685],[43.9230855,56.3038012],[43.922772,56.3040256]]]}},
{"type":"Feature","properties":{"object_type":"oks_future","_source":"inferred","heat_load":0.2118,"flow_tph":2.647,"_load_source":"scheme","_ref":"Схема теплоснабжения г. Н. Новгорода до 2030 г. (актуализация на 2026 г.), шифр 22401, Обосновывающие материалы, Гл. 2 Прил. 1 Ч. 3, табл. 2.1 «Прогноз ввода строений различного назначения … до 2030 года»","_item":97,"_name":"Стояка-паркинг подземная № 3.2 по ул. Украинская, в 30 метрах от жилых домов №№ 27,35","_scheme_source":"Новая БМК по ул. Украинская, в 65 м на северо- запад от дома № 48","_district":"Канавинский район","_year":2028,"_address":"Украинская улица","_geocode":"street","_contour":"typical","floor_area_m2":2000,"levels":3},"geometry":{"type":"Polygon","coordinates":[[[43.9265354,56.3043901],[43.9262664,56.3042739],[43.9265799,56.3040496],[43.9268489,56.3041658],[43.9265354,56.3043901]]]}},
{"type":"Feature","properties":{"object_type":"oks_future","_source":"inferred","heat_load":0.2118,"flow_tph":2.647,"_load_source":"scheme","_ref":"Схема теплоснабжения г. Н. Новгорода до 2030 г. (актуализация на 2026 г.), шифр 22401, Обосновывающие материалы, Гл. 2 Прил. 1 Ч. 3, табл. 2.1 «Прогноз ввода строений различного назначения … до 2030 года»","_item":98,"_name":"Стояка-паркинг подземная № 4.2 по ул. Украинская, в 30 метрах от жилых домов №№ 27,35","_scheme_source":"Новая БМК по ул. Украинская, в 65 м на северо- запад от дома № 48","_district":"Канавинский район","_year":2029,"_address":"Украинская улица","_geocode":"street","_contour":"typical","floor_area_m2":2000,"levels":3},"geometry":{"type":"Polygon","coordinates":[[[43.9269051,56.3046751],[43.9266961,56.3048247],[43.9262925,56.3046504],[43.9265015,56.3045008],[43.9269051,56.3046751]]]}},
{"type":"Feature","properties":{"object_type":"oks_future","_source":"inferred","heat_load":0.3496,"flow_tph":4.37,"_load_source":"scheme","_ref":"Схема теплоснабжения г. Н. Новгорода до 2030 г. (актуализация на 2026 г.), шифр 22401, Обосновывающие материалы, Гл. 2 Прил. 1 Ч. 3, табл. 2.1 «Прогноз ввода строений различного назначения … до 2030 года»","_item":99,"_name":"Детский сад по ул. Украинская, в 30 метрах от жилых домов №№ 27,35","_scheme_source":"Новая БМК по ул. Украинская, в 65 м на северо- запад от дома № 48","_district":"Канавинский район","_year":2030,"_address":"Украинская улица","_geocode":"street","_contour":"typical","floor_area_m2":3000,"levels":3},"geometry":{"type":"Polygon","coordinates":[[[43.9234453,56.3029965],[43.9231158,56.3028542],[43.9234998,56.3025794],[43.9238292,56.3027217],[43.9234453,56.3029965]]]}},
{"type":"Feature","properties":{"object_type":"oks_future","_source":"real","heat_load":0.5959,"flow_tph":7.449,"_load_source":"scheme","_ref":"Схема теплоснабжения г. Н. Новгорода до 2030 г. (актуализация на 2026 г.), шифр 22401, Обосновывающие материалы, Гл. 2 Прил. 1 Ч. 3, табл. 2.1 «Прогноз ввода строений различного назначения … до 2030 года»","_item":100,"_name":"Гаражи в границах улиц Лесной городок, Вязниковская, пер. Камчатский в Канавинском районе г. Нижнего Новгорода","_scheme_source":"ул. Лесной городок, 6-в","_district":"Канавинский район","_year":2030,"_address":"в границах Лесная улица, улица Лесной Городок, Вязниковская улица, Камчатский переулок, Канавинская улица, Новая улица","_geocode":"streets","_contour":"osm_construction","floor_area_m2":15000,"levels":5,"_osm":"w205368979"},"geometry":{"type":"Polygon","coordinates":[[[43.8434574,56.3080856],[43.8434731,56.3079505],[43.843315,56.3079448],[43.8432993,56.30808],[43.8434574,56.3080856]]]}},
{"type":"Feature","properties":{"object_type":"oks_future","_source":"real","heat_load":0.5225,"flow_tph":6.531,"_load_source":"scheme","_ref":"Схема теплоснабжения г. Н. Новгорода до 2030 г. (актуализация на 2026 г.), шифр 22401, Обосновывающие материалы, Гл. 2 Прил. 1 Ч. 3, табл. 2.1 «Прогноз ввода строений различного назначения … до 2030 года»","_item":101,"_name":"Детское дошкольное учреждение в границах улиц 1-я Оранжерейная, Серафимовича, Цветочная в Советском районе г. Нижнего Новгорода","_scheme_source":"ул. Лесной городок, 6-в","_district":"Канавинский район","_year":2027,"_address":"Новая улица","_geocode":"street","_contour":"osm_construction","floor_area_m2":5100,"levels":3,"_osm":"w1531300871"},"geometry":{"type":"Polygon","coordinates":[[[43.984598,56.3125966],[43.9848148,56.3126387],[43.9848826,56.3127364],[43.984659,56.3127755],[43.9847308,56.3128912],[43.9851563,56.3128168],[43.9849856,56.3125237],[43.9846698,56.3124545],[43.984598,56.3125966]]]}},
{"type":"Feature","properties":{"object_type":"oks_future","_source":"inferred","heat_load":0.1554,"flow_tph":1.943,"_load_source":"scheme","_ref":"Схема теплоснабжения г. Н. Новгорода до 2030 г. (актуализация на 2026 г.), шифр 22401, Обосновывающие материалы, Гл. 2 Прил. 1 Ч. 3, табл. 2.1 «Прогноз ввода строений различного назначения … до 2030 года»","_item":102,"_name":"ДОУ по ул.Лесной городок у дома № 6","_scheme_source":"ул. Лесной городок, 6-в","_district":"Канавинский район","_year":2025,"_address":"Лесная улица, 6","_geocode":"near","_contour":"typical","floor_area_m2":3660,"levels":3},"geometry":{"type":"Polygon","coordinates":[[[43.8420515,56.3074956],[43.8425112,56.3075137],[43.8424624,56.3078971],[43.8420026,56.307879],[43.8420515,56.3074956]]]}},
{"type":"Feature","properties":{"object_type":"oks_future","_source":"inferred","heat_load":0.2869,"flow_tph":3.586,"_load_source":"scheme","_ref":"Схема теплоснабжения г. Н. Новгорода до 2030 г. (актуализация на 2026 г.), шифр 22401, Обосновывающие материалы, Гл. 2 Прил. 1 Ч. 3, табл. 2.1 «Прогноз ввода строений различного назначения … до 2030 года»","_item":103,"_name":"Дошкольное образовательное учреждение на 270 мест в границах улиц Лесной городок, Вязниковская, пер. Камчатский в Канавинском районе г. Нижнего Новгорода","_scheme_source":"ул. Лесной городок, 6-в","_district":"Канавинский район","_year":2027,"_address":"в границах Лесная улица, улица Лесной Городок, Вязниковская улица, Камчатский переулок, Канавинская улица, Новая улица","_geocode":"streets","_contour":"typical","floor_area_m2":2800,"levels":3},"geometry":{"type":"Polygon","coordinates":[[[43.8466061,56.3085424],[43.8466785,56.3083219],[43.8472734,56.3083823],[43.8472011,56.3086027],[43.8466061,56.3085424]]]}},
{"type":"Feature","properties":{"object_type":"oks_future","_source":"inferred","heat_load":0.8318,"flow_tph":10.398,"_load_source":"scheme","_ref":"Схема теплоснабжения г. Н. Новгорода до 2030 г. (актуализация на 2026 г.), шифр 22401, Обосновывающие материалы, Гл. 2 Прил. 1 Ч. 3, табл. 2.1 «Прогноз ввода строений различного назначения … до 2030 года»","_item":104,"_name":"Многоквартирные дома №5 и №6 в границах улиц Лесной городок, Вязниковская, пер. Камчатский в Канавинском районе г. Нижнего Новгорода","_scheme_source":"ул. Лесной городок, 6-в","_district":"Канавинский район","_year":2028,"_address":"в границах Лесная улица, улица Лесной Городок, Вязниковская улица, Камчатский переулок, Канавинская улица, Новая улица","_geocode":"streets","_contour":"typical","floor_area_m2":16050,"levels":17},"geometry":{"type":"Polygon","coordinates":[[[43.8463642,56.3081661],[43.8464106,56.3080247],[43.8473488,56.3081199],[43.8473024,56.3082613],[43.8463642,56.3081661]]]}},
{"type":"Feature","properties":{"object_type":"oks_future","_source":"inferred","heat_load":0.8318,"flow_tph":10.398,"_load_source":"scheme","_ref":"Схема теплоснабжения г. Н. Новгорода до 2030 г. (актуализация на 2026 г.), шифр 22401, Обосновывающие материалы, Гл. 2 Прил. 1 Ч. 3, табл. 2.1 «Прогноз ввода строений различного назначения … до 2030 года»","_item":104,"_name":"Многоквартирные дома №5 и №6 в границах улиц Лесной городок, Вязниковская, пер. Камчатский в Канавинском районе г. Нижнего Новгорода","_scheme_source":"ул. Лесной городок, 6-в","_district":"Канавинский район","_year":2028,"_address":"в границах Лесная улица, улица Лесной Городок, Вязниковская улица, Камчатский переулок, Канавинская улица, Новая улица","_geocode":"streets","_contour":"typical","floor_area_m2":16050,"levels":17},"geometry":{"type":"Polygon","coordinates":[[[43.8457347,56.3081779],[43.8459891,56.3082037],[43.8458179,56.3087252],[43.8455635,56.3086994],[43.8457347,56.3081779]]]}},
{"type":"Feature","properties":{"object_type":"oks_future","_source":"inferred","heat_load":1.0054,"flow_tph":12.568,"_load_source":"scheme","_ref":"Схема теплоснабжения г. Н. Новгорода до 2030 г. (актуализация на 2026 г.), шифр 22401, Обосновывающие материалы, Гл. 2 Прил. 1 Ч. 3, табл. 2.1 «Прогноз ввода строений различного назначения … до 2030 года»","_item":105,"_name":"Многоквартирные дома №7 и №9 в границах улиц Лесной городок, Вязниковская, пер. Камчатский в Канавинском районе г. Нижнего Новгорода","_scheme_source":"ул. Лесной городок, 6-в","_district":"Канавинский район","_year":2029,"_address":"в границах Лесная улица, улица Лесной Городок, Вязниковская улица, Камчатский переулок, Канавинская улица, Новая улица","_geocode":"streets","_contour":"typical","floor_area_m2":19400,"levels":17},"geometry":{"type":"Polygon","coordinates":[[[43.8464799,56.3077409],[43.8465263,56.3075995],[43.8476603,56.3077145],[43.8476139,56.3078559],[43.8464799,56.3077409]]]}},
{"type":"Feature","properties":{"object_type":"oks_future","_source":"inferred","heat_load":1.0054,"flow_tph":12.568,"_load_source":"scheme","_ref":"Схема теплоснабжения г. Н. Новгорода до 2030 г. (актуализация на 2026 г.), шифр 22401, Обосновывающие материалы, Гл. 2 Прил. 1 Ч. 3, табл. 2.1 «Прогноз ввода строений различного назначения … до 2030 года»","_item":105,"_name":"Многоквартирные дома №7 и №9 в границах улиц Лесной городок, Вязниковская, пер. Камчатский в Канавинском районе г. Нижнего Новгорода","_scheme_source":"ул. Лесной городок, 6-в","_district":"Канавинский район","_year":2029,"_address":"в границах Лесная улица, улица Лесной Городок, Вязниковская улица, Камчатский переулок, Канавинская улица, Новая улица","_geocode":"streets","_contour":"typical","floor_area_m2":19400,"levels":17},"geometry":{"type":"Polygon","coordinates":[[[43.8452304,56.3078953],[43.8454848,56.3079211],[43.8452779,56.3085515],[43.8450235,56.3085257],[43.8452304,56.3078953]]]}},
{"type":"Feature","properties":{"object_type":"oks_future","_source":"inferred","heat_load":1.0054,"flow_tph":12.568,"_load_source":"scheme","_ref":"Схема теплоснабжения г. Н. Новгорода до 2030 г. (актуализация на 2026 г.), шифр 22401, Обосновывающие материалы, Гл. 2 Прил. 1 Ч. 3, табл. 2.1 «Прогноз ввода строений различного назначения … до 2030 года»","_item":106,"_name":"Многоквартирные дома №8 и №10 в границах улиц Лесной городок, Вязниковская, пер. Камчатский в Канавинском районе г. Нижнего Новгорода","_scheme_source":"ул. Лесной городок, 6-в","_district":"Канавинский район","_year":2030,"_address":"в границах Лесная улица, улица Лесной Городок, Вязниковская улица, Камчатский переулок, Канавинская улица, Новая улица","_geocode":"streets","_contour":"typical","floor_area_m2":19400,"levels":17},"geometry":{"type":"Polygon","coordinates":[[[43.8463907,56.3074036],[43.8464371,56.3072622],[43.8475711,56.3073772],[43.8475246,56.3075186],[43.8463907,56.3074036]]]}},
{"type":"Feature","properties":{"object_type":"oks_future","_source":"inferred","heat_load":1.0054,"flow_tph":12.568,"_load_source":"scheme","_ref":"Схема теплоснабжения г. Н. Новгорода до 2030 г. (актуализация на 2026 г.), шифр 22401, Обосновывающие материалы, Гл. 2 Прил. 1 Ч. 3, табл. 2.1 «Прогноз ввода строений различного назначения … до 2030 года»","_item":106,"_name":"Многоквартирные дома №8 и №10 в границах улиц Лесной городок, Вязниковская, пер. Камчатский в Канавинском районе г. Нижнего Новгорода","_scheme_source":"ул. Лесной городок, 6-в","_district":"Канавинский район","_year":2030,"_address":"в границах Лесная улица, улица Лесной Городок, Вязниковская улица, Камчатский переулок, Канавинская улица, Новая улица","_geocode":"streets","_contour":"typical","floor_area_m2":19400,"levels":17},"geometry":{"type":"Polygon","coordinates":[[[43.8481849,56.3074246],[43.8484393,56.3074504],[43.8482324,56.3080808],[43.847978,56.308055],[43.8481849,56.3074246]]]}},
{"type":"Feature","properties":{"object_type":"oks_future","_source":"inferred","heat_load":0.2832,"flow_tph":3.54,"_load_source":"scheme","_ref":"Схема теплоснабжения г. Н. Новгорода до 2030 г. (актуализация на 2026 г.), шифр 22401, Обосновывающие материалы, Гл. 2 Прил. 1 Ч. 3, табл. 2.1 «Прогноз ввода строений различного назначения … до 2030 года»","_item":107,"_name":"Нежилое здание общественного назначения с магазином и подземной автостоянкой в границах улиц Лесной городок, Вязниковская, пер. Камчатский в Канавинском районе г. Нижнего Новгорода","_scheme_source":"ул. Лесной городок, 6-в","_district":"Канавинский район","_year":2028,"_address":"в границах Лесная улица, улица Лесной Городок, Вязниковская улица, Камчатский переулок, Канавинская улица, Новая улица","_geocode":"streets","_contour":"typical","floor_area_m2":3100,"levels":3},"geometry":{"type":"Polygon","coordinates":[[[43.8455966,56.3092844],[43.8456728,56.3090524],[43.8462987,56.3091159],[43.8462226,56.3093479],[43.8455966,56.3092844]]]}},
{"type":"Feature","properties":{"object_type":"oks_future","_source":"inferred","heat_load":0.5756,"flow_tph":7.195,"_load_source":"scheme","_ref":"Схема теплоснабжения г. Н. Новгорода до 2030 г. (актуализация на 2026 г.), шифр 22401, Обосновывающие материалы, Гл. 2 Прил. 1 Ч. 3, табл. 2.1 «Прогноз ввода строений различного назначения … до 2030 года»","_item":108,"_name":"Общеобразовательное учреждение (школа на 405 мест) в границах улиц Лесной городок, Вязниковская, пер. Камчатский в Канавинском районе г. Нижнего Новгорода","_scheme_source":"ул. Лесной городок, 6-в","_district":"Канавинский район","_year":2029,"_address":"в границах Лесная улица, улица Лесной Городок, Вязниковская улица, Камчатский переулок, Канавинская улица, Новая улица","_geocode":"streets","_contour":"typical","floor_area_m2":6300,"levels":5},"geometry":{"type":"Polygon","coordinates":[[[43.8450848,56.3077404],[43.8451689,56.3074843],[43.8458601,56.3075544],[43.845776,56.3078105],[43.8450848,56.3077404]]]}},
{"type":"Feature","properties":{"object_type":"oks_future","_source":"inferred","heat_load":0.158,"flow_tph":1.975,"_load_source":"scheme","_ref":"Схема теплоснабжения г. Н. Новгорода до 2030 г. (актуализация на 2026 г.), шифр 22401, Обосновывающие материалы, Гл. 2 Прил. 1 Ч. 3, табл. 2.1 «Прогноз ввода строений различного назначения … до 2030 года»","_item":109,"_name":"Объекты, соответствующие разрешенным видам использованияоколо дома №27 по ул. Лесной городок в Канавинском районе","_scheme_source":"ул. Лесной городок, 6-в","_district":"Канавинский район","_year":2026,"_address":"в границах Лесная улица, улица Лесной Городок, Канавинская улица","_geocode":"streets","_contour":"typical","floor_area_m2":1840,"levels":3},"geometry":{"type":"Polygon","coordinates":[[[43.8400096,56.3128051],[43.8402007,56.3126577],[43.8405984,56.312817],[43.8404073,56.3129644],[43.8400096,56.3128051]]]}},
{"type":"Feature","properties":{"object_type":"oks_future","_source":"real","heat_load":0.1096,"flow_tph":1.37,"_load_source":"scheme","_ref":"Схема теплоснабжения г. Н. Новгорода до 2030 г. (актуализация на 2026 г.), шифр 22401, Обосновывающие материалы, Гл. 2 Прил. 1 Ч. 3, табл. 2.1 «Прогноз ввода строений различного назначения … до 2030 года»","_item":110,"_name":"Поликлиника в границах улиц 1-я Оранжерейная, Серафимовича, Цветочная в Советском районе г. Нижнего Новгорода","_scheme_source":"ул. Лесной городок, 6-в","_district":"Канавинский район","_year":2028,"_address":"Новая улица","_geocode":"street","_contour":"osm_construction","floor_area_m2":1200,"levels":3,"_osm":"w1301932189"},"geometry":{"type":"Polygon","coordinates":[[[43.9827107,56.3135505],[43.9832309,56.3134592],[43.9831695,56.3133515],[43.9828629,56.3134054],[43.9827708,56.3132438],[43.9825573,56.3132813],[43.9827107,56.3135505]]]}},
{"type":"Feature","properties":{"object_type":"oks_future","_source":"inferred","heat_load":0.3634,"flow_tph":4.543,"_load_source":"scheme","_ref":"Схема теплоснабжения г. Н. Новгорода до 2030 г. (актуализация на 2026 г.), шифр 22401, Обосновывающие материалы, Гл. 2 Прил. 1 Ч. 3, табл. 2.1 «Прогноз ввода строений различного назначения … до 2030 года»","_item":111,"_name":"Многоквартирный жилой дом (ул. Лесной городок, 7Б (литера А))","_scheme_source":"ул. Лесной городок, 6-в","_district":"Канавинский район","_year":2025,"_address":"улица Лесной Городок, 7Б","_geocode":"at","_contour":"typical","floor_area_m2":5000,"levels":9},"geometry":{"type":"Polygon","coordinates":[[[43.8398739,56.3075424],[43.8397434,56.3076665],[43.839259,56.307509],[43.8393894,56.3073849],[43.8398739,56.3075424]]]}},
{"type":"Feature","properties":{"object_type":"oks_future","_source":"inferred","heat_load":0.7502,"flow_tph":9.378,"_load_source":"scheme","_ref":"Схема теплоснабжения г. Н. Новгорода до 2030 г. (актуализация на 2026 г.), шифр 22401, Обосновывающие материалы, Гл. 2 Прил. 1 Ч. 3, табл. 2.1 «Прогноз ввода строений различного назначения … до 2030 года»","_item":112,"_name":"Объекты капитального строительства на территории академии по Анкудиновскому шоссе, 3 (общежитие, спортзал, административное здание)","_scheme_source":"\"Академия МВД\", Анкудиновское шоссе, 3-б","_district":"Приокский район","_year":2029,"_address":"Анкудиновское шоссе","_geocode":"street","_contour":"typical","floor_area_m2":14914,"levels":5},"geometry":{"type":"Polygon","coordinates":[[[43.9952801,56.264033],[43.9955857,56.2636703],[43.9965634,56.2639254],[43.9962578,56.2642882],[43.9952801,56.264033]]]}},
{"type":"Feature","properties":{"object_type":"oks_future","_source":"inferred","heat_load":0.7502,"flow_tph":9.378,"_load_source":"scheme","_ref":"Схема теплоснабжения г. Н. Новгорода до 2030 г. (актуализация на 2026 г.), шифр 22401, Обосновывающие материалы, Гл. 2 Прил. 1 Ч. 3, табл. 2.1 «Прогноз ввода строений различного назначения … до 2030 года»","_item":112,"_name":"Объекты капитального строительства на территории академии по Анкудиновскому шоссе, 3 (общежитие, спортзал, административное здание)","_scheme_source":"\"Академия МВД\", Анкудиновское шоссе, 3-б","_district":"Приокский район","_year":2029,"_address":"Анкудиновское шоссе","_geocode":"street","_contour":"typical","floor_area_m2":14914,"levels":5},"geometry":{"type":"Polygon","coordinates":[[[43.9887784,56.2678332],[43.9881266,56.267663],[43.9885852,56.267119],[43.989237,56.2672891],[43.9887784,56.2678332]]]}},
{"type":"Feature","properties":{"object_type":"oks_future","_source":"inferred","heat_load":0.7502,"flow_tph":9.378,"_load_source":"scheme","_ref":"Схема теплоснабжения г. Н. Новгорода до 2030 г. (актуализация на 2026 г.), шифр 22401, Обосновывающие материалы, Гл. 2 Прил. 1 Ч. 3, табл. 2.1 «Прогноз ввода строений различного назначения … до 2030 года»","_item":112,"_name":"Объекты капитального строительства на территории академии по Анкудиновскому шоссе, 3 (общежитие, спортзал, административное здание)","_scheme_source":"\"Академия МВД\", Анкудиновское шоссе, 3-б","_district":"Приокский район","_year":2029,"_address":"Анкудиновское шоссе","_geocode":"street","_contour":"typical","floor_area_m2":14914,"levels":5},"geometry":{"type":"Polygon","coordinates":[[[43.9919435,56.2640981],[43.9912917,56.263928],[43.9917502,56.2633839],[43.992402,56.263554],[43.9919435,56.2640981]]]}},
{"type":"Feature","properties":{"object_type":"oks_future","_source":"inferred","heat_load":0.7502,"flow_tph":9.378,"_load_source":"scheme","_ref":"Схема теплоснабжения г. Н. Новгорода до 2030 г. (актуализация на 2026 г.), шифр 22401, Обосновывающие материалы, Гл. 2 Прил. 1 Ч. 3, табл. 2.1 «Прогноз ввода строений различного назначения … до 2030 года»","_item":112,"_name":"Объекты капитального строительства на территории академии по Анкудиновскому шоссе, 3 (общежитие, спортзал, административное здание)","_scheme_source":"\"Академия МВД\", Анкудиновское шоссе, 3-б","_district":"Приокский район","_year":2029,"_address":"Анкудиновское шоссе","_geocode":"street","_contour":"typical","floor_area_m2":14914,"levels":5},"geometry":{"type":"Polygon","coordinates":[[[43.9879073,56.2684999],[43.9872555,56.2683297],[43.9877141,56.2677857],[43.988366,56.2679558],[43.9879073,56.2684999]]]}},
{"type":"Feature","properties":{"object_type":"oks_future","_source":"inferred","heat_load":0.7502,"flow_tph":9.378,"_load_source":"scheme","_ref":"Схема теплоснабжения г. Н. Новгорода до 2030 г. (актуализация на 2026 г.), шифр 22401, Обосновывающие материалы, Гл. 2 Прил. 1 Ч. 3, табл. 2.1 «Прогноз ввода строений различного назначения … до 2030 года»","_item":112,"_name":"Объекты капитального строительства на территории академии по Анкудиновскому шоссе, 3 (общежитие, спортзал, административное здание)","_scheme_source":"\"Академия МВД\", Анкудиновское шоссе, 3-б","_district":"Приокский район","_year":2029,"_address":"Анкудиновское шоссе","_geocode":"street","_contour":"typical","floor_area_m2":14914,"levels":5},"geometry":{"type":"Polygon","coordinates":[[[43.9878155,56.2675995],[43.9871637,56.2674294],[43.9876223,56.2668853],[43.9882741,56.2670554],[43.9878155,56.2675995]]]}},
{"type":"Feature","properties":{"object_type":"oks_future","_source":"inferred","heat_load":0.7502,"flow_tph":9.378,"_load_source":"scheme","_ref":"Схема теплоснабжения г. Н. Новгорода до 2030 г. (актуализация на 2026 г.), шифр 22401, Обосновывающие материалы, Гл. 2 Прил. 1 Ч. 3, табл. 2.1 «Прогноз ввода строений различного назначения … до 2030 года»","_item":112,"_name":"Объекты капитального строительства на территории академии по Анкудиновскому шоссе, 3 (общежитие, спортзал, административное здание)","_scheme_source":"\"Академия МВД\", Анкудиновское шоссе, 3-б","_district":"Приокский район","_year":2029,"_address":"Анкудиновское шоссе","_geocode":"street","_contour":"typical","floor_area_m2":14914,"levels":5},"geometry":{"type":"Polygon","coordinates":[[[43.9889802,56.2703881],[43.9883283,56.270218],[43.9887869,56.2696739],[43.9894388,56.269844],[43.9889802,56.2703881]]]}},
{"type":"Feature","properties":{"object_type":"oks_future","_source":"inferred","heat_load":0.7502,"flow_tph":9.378,"_load_source":"scheme","_ref":"Схема теплоснабжения г. Н. Новгорода до 2030 г. (актуализация на 2026 г.), шифр 22401, Обосновывающие материалы, Гл. 2 Прил. 1 Ч. 3, табл. 2.1 «Прогноз ввода строений различного назначения … до 2030 года»","_item":112,"_name":"Объекты капитального строительства на территории академии по Анкудиновскому шоссе, 3 (общежитие, спортзал, административное здание)","_scheme_source":"\"Академия МВД\", Анкудиновское шоссе, 3-б","_district":"Приокский район","_year":2029,"_address":"Анкудиновское шоссе","_geocode":"street","_contour":"typical","floor_area_m2":14914,"levels":5},"geometry":{"type":"Polygon","coordinates":[[[43.9910674,56.2639156],[43.9904156,56.2637454],[43.9908741,56.2632014],[43.9915259,56.2633715],[43.9910674,56.2639156]]]}},
{"type":"Feature","properties":{"object_type":"oks_future","_source":"inferred","heat_load":0.7171,"flow_tph":8.964,"_load_source":"scheme","_ref":"Схема теплоснабжения г. Н. Новгорода до 2030 г. (актуализация на 2026 г.), шифр 22401, Обосновывающие материалы, Гл. 2 Прил. 1 Ч. 3, табл. 2.1 «Прогноз ввода строений различного назначения … до 2030 года»","_item":113,"_name":"Центр ядерной медицины, Анкудиновское шоссе, 1","_scheme_source":"\"Академия МВД\", Анкудиновское шоссе, 3-б","_district":"Приокский район","_year":2025,"_address":"Анкудиновское шоссе","_geocode":"street","_contour":"typical","floor_area_m2":6000,"levels":5},"geometry":{"type":"Polygon","coordinates":[[[43.9968508,56.2682454],[43.9970446,56.2680154],[43.9976648,56.2681772],[43.997471,56.2684073],[43.9968508,56.2682454]]]}},
{"type":"Feature","properties":{"object_type":"oks_future","_source":"inferred","heat_load":0.2477,"flow_tph":3.096,"_load_source":"scheme","_ref":"Схема теплоснабжения г. Н. Новгорода до 2030 г. (актуализация на 2026 г.), шифр 22401, Обосновывающие материалы, Гл. 2 Прил. 1 Ч. 3, табл. 2.1 «Прогноз ввода строений различного назначения … до 2030 года»","_item":114,"_name":"Лабораторный корпус с блоком помещений кафедры онкологии ФГБОУ ВО \"ПИМУ\" Минздрава России (Анкудиновское шоссе, 1)","_scheme_source":"\"Академия МВД\", Анкудиновское шоссе, 3-б","_district":"Приокский район","_year":2025,"_address":"Анкудиновское шоссе","_geocode":"street","_contour":"typical","floor_area_m2":2000,"levels":3},"geometry":{"type":"Polygon","coordinates":[[[43.9984038,56.2670639],[43.9980957,56.2669835],[43.9983124,56.2667262],[43.9986206,56.2668066],[43.9984038,56.2670639]]]}},
{"type":"Feature","properties":{"object_type":"oks_future","_source":"inferred","heat_load":0.6875,"flow_tph":8.594,"_load_source":"scheme","_ref":"Схема теплоснабжения г. Н. Новгорода до 2030 г. (актуализация на 2026 г.), шифр 22401, Обосновывающие материалы, Гл. 2 Прил. 1 Ч. 3, табл. 2.1 «Прогноз ввода строений различного назначения … до 2030 года»","_item":115,"_name":"Общежитие (ул. Анкудиновское шоссе, 3 )","_scheme_source":"\"Академия МВД\", Анкудиновское шоссе, 3-б","_district":"Приокский район","_year":2025,"_address":"Анкудиновское шоссе","_geocode":"street","_contour":"typical","floor_area_m2":10250,"levels":12},"geometry":{"type":"Polygon","coordinates":[[[43.9949405,56.2653951],[43.9950502,56.265265],[43.9958305,56.2654686],[43.9957209,56.2655987],[43.9949405,56.2653951]]]}},
{"type":"Feature","properties":{"object_type":"oks_future","_source":"inferred","heat_load":0.6875,"flow_tph":8.594,"_load_source":"scheme","_ref":"Схема теплоснабжения г. Н. Новгорода до 2030 г. (актуализация на 2026 г.), шифр 22401, Обосновывающие материалы, Гл. 2 Прил. 1 Ч. 3, табл. 2.1 «Прогноз ввода строений различного назначения … до 2030 года»","_item":115,"_name":"Общежитие (ул. Анкудиновское шоссе, 3 )","_scheme_source":"\"Академия МВД\", Анкудиновское шоссе, 3-б","_district":"Приокский район","_year":2025,"_address":"Анкудиновское шоссе","_geocode":"street","_contour":"typical","floor_area_m2":10250,"levels":12},"geometry":{"type":"Polygon","coordinates":[[[43.9958277,56.2653082],[43.9955939,56.2652472],[43.9959598,56.2648129],[43.9961936,56.2648739],[43.9958277,56.2653082]]]}},
{"type":"Feature","properties":{"object_type":"oks_future","_source":"inferred","heat_load":0.6004,"flow_tph":7.504,"_load_source":"scheme","_ref":"Схема теплоснабжения г. Н. Новгорода до 2030 г. (актуализация на 2026 г.), шифр 22401, Обосновывающие материалы, Гл. 2 Прил. 1 Ч. 3, табл. 2.1 «Прогноз ввода строений различного назначения … до 2030 года»","_item":116,"_name":"Жилой дом переменной этажности (12-25 этажей) с помещениями общественного назначения и подземной автостоянкой в границах улиц 40 лет Октября, Работкинской, Горная","_scheme_source":"\"Кварц\", ул. Горная, 13-а","_district":"Приокский район","_year":2027,"_address":"в границах Летний переулок, улица 40 лет Октября, Работкинская улица, Горная улица","_geocode":"streets","_contour":"typical","floor_area_m2":12500,"levels":5},"geometry":{"type":"Polygon","coordinates":[[[43.9889291,56.26046],[43.9895744,56.2603854],[43.9897755,56.260924],[43.9891302,56.2609987],[43.9889291,56.26046]]]}},
{"type":"Feature","properties":{"object_type":"oks_future","_source":"inferred","heat_load":0.6004,"flow_tph":7.504,"_load_source":"scheme","_ref":"Схема теплоснабжения г. Н. Новгорода до 2030 г. (актуализация на 2026 г.), шифр 22401, Обосновывающие материалы, Гл. 2 Прил. 1 Ч. 3, табл. 2.1 «Прогноз ввода строений различного назначения … до 2030 года»","_item":116,"_name":"Жилой дом переменной этажности (12-25 этажей) с помещениями общественного назначения и подземной автостоянкой в границах улиц 40 лет Октября, Работкинской, Горная","_scheme_source":"\"Кварц\", ул. Горная, 13-а","_district":"Приокский район","_year":2027,"_address":"в границах Летний переулок, улица 40 лет Октября, Работкинская улица, Горная улица","_geocode":"streets","_contour":"typical","floor_area_m2":12500,"levels":5},"geometry":{"type":"Polygon","coordinates":[[[43.9920723,56.2610072],[43.9927175,56.2609325],[43.9929187,56.2614712],[43.9922734,56.2615458],[43.9920723,56.2610072]]]}},
{"type":"Feature","properties":{"object_type":"oks_future","_source":"inferred","heat_load":0.6239,"flow_tph":7.798,"_load_source":"scheme","_ref":"Схема теплоснабжения г. Н. Новгорода до 2030 г. (актуализация на 2026 г.), шифр 22401, Обосновывающие материалы, Гл. 2 Прил. 1 Ч. 3, табл. 2.1 «Прогноз ввода строений различного назначения … до 2030 года»","_item":117,"_name":"проект планировки и межевания территории в границах улиц Сурикова, Корейская, Крылова, пер. Корейский","_scheme_source":"\"Медицинская Академия\", пр. Гагарина, 70-а","_district":"Приокский район","_year":2030,"_address":"в границах улица Сурикова, Корейская улица, улица Крылова","_geocode":"streets","_contour":"typical","floor_area_m2":16000,"levels":17},"geometry":{"type":"Polygon","coordinates":[[[43.9882455,56.2737249],[43.9882897,56.2738665],[43.9873538,56.2739569],[43.9873097,56.2738153],[43.9882455,56.2737249]]]}},
{"type":"Feature","properties":{"object_type":"oks_future","_source":"inferred","heat_load":0.6239,"flow_tph":7.798,"_load_source":"scheme","_ref":"Схема теплоснабжения г. Н. Новгорода до 2030 г. (актуализация на 2026 г.), шифр 22401, Обосновывающие материалы, Гл. 2 Прил. 1 Ч. 3, табл. 2.1 «Прогноз ввода строений различного назначения … до 2030 года»","_item":117,"_name":"проект планировки и межевания территории в границах улиц Сурикова, Корейская, Крылова, пер. Корейский","_scheme_source":"\"Медицинская Академия\", пр. Гагарина, 70-а","_district":"Приокский район","_year":2030,"_address":"в границах улица Сурикова, Корейская улица, улица Крылова","_geocode":"streets","_contour":"typical","floor_area_m2":16000,"levels":17},"geometry":{"type":"Polygon","coordinates":[[[43.989828,56.2739063],[43.9898722,56.2740479],[43.9889364,56.2741383],[43.9888922,56.2739967],[43.989828,56.2739063]]]}},
{"type":"Feature","properties":{"object_type":"oks_future","_source":"inferred","heat_load":1.2908,"flow_tph":16.135,"_load_source":"scheme","_ref":"Схема теплоснабжения г. Н. Новгорода до 2030 г. (актуализация на 2026 г.), шифр 22401, Обосновывающие материалы, Гл. 2 Прил. 1 Ч. 3, табл. 2.1 «Прогноз ввода строений различного назначения … до 2030 года»","_item":118,"_name":"Строительство пристроя к зданию МБОУ \"Школа№134\" в Приокском районе (ул. 40 лет Победы, д. 16)","_scheme_source":"\"МР Юго-Запад\", ул. 40 лет Победы, 15","_district":"Приокский район","_year":2025,"_address":"улица 40 лет Победы, 16","_geocode":"at","_contour":"typical","floor_area_m2":5000,"levels":3},"geometry":{"type":"Polygon","coordinates":[[[43.9509463,56.2263364],[43.9513982,56.2264986],[43.9509615,56.2268762],[43.9505096,56.226714],[43.9509463,56.2263364]]]}},
{"type":"Feature","properties":{"object_type":"oks_future","_source":"inferred","heat_load":0.8313,"flow_tph":10.391,"_load_source":"scheme","_ref":"Схема теплоснабжения г. Н. Новгорода до 2030 г. (актуализация на 2026 г.), шифр 22401, Обосновывающие материалы, Гл. 2 Прил. 1 Ч. 3, табл. 2.1 «Прогноз ввода строений различного назначения … до 2030 года»","_item":119,"_name":"Многоквартирный дом по ул. 40 лет Победы (рядом с домами № 12 и № 13, западнее торцов зданий на 23 метра)","_scheme_source":"\"МР Юго-Запад\", ул. 40 лет Победы, 15","_district":"Приокский район","_year":2026,"_address":"Летний переулок, 12","_geocode":"near","_contour":"typical","floor_area_m2":16000,"levels":17},"geometry":{"type":"Polygon","coordinates":[[[43.9509301,56.223544],[43.9510266,56.2236773],[43.9501469,56.223875],[43.9500504,56.2237417],[43.9509301,56.223544]]]}},
{"type":"Feature","properties":{"object_type":"oks_future","_source":"inferred","heat_load":0.3281,"flow_tph":4.101,"_load_source":"scheme","_ref":"Схема теплоснабжения г. Н. Новгорода до 2030 г. (актуализация на 2026 г.), шифр 22401, Обосновывающие материалы, Гл. 2 Прил. 1 Ч. 3, табл. 2.1 «Прогноз ввода строений различного назначения … до 2030 года»","_item":120,"_name":"Жилой дом по ул. Петровского,9 (стр.) в Приокском районе","_scheme_source":"\"Термаль\", пр. Гагарина, 178-б","_district":"Приокский район","_year":2027,"_address":"Петровский проезд","_geocode":"street","_contour":"typical","floor_area_m2":8500,"levels":12},"geometry":{"type":"Polygon","coordinates":[[[43.9723721,56.2454341],[43.9726224,56.2453989],[43.9727975,56.2457845],[43.9725472,56.2458197],[43.9723721,56.2454341]]]}},
{"type":"Feature","properties":{"object_type":"oks_future","_source":"inferred","heat_load":0.5106,"flow_tph":6.382,"_load_source":"scheme","_ref":"Схема теплоснабжения г. Н. Новгорода до 2030 г. (актуализация на 2026 г.), шифр 22401, Обосновывающие материалы, Гл. 2 Прил. 1 Ч. 3, табл. 2.1 «Прогноз ввода строений различного назначения … до 2030 года»","_item":121,"_name":"Территория в границах Крутоярский проезд, ул.Кащенко, Ларина, р.Ока","_scheme_source":"\"Термаль\", пр. Гагарина, 178-б","_district":"Приокский район","_year":2030,"_address":"в границах улица Кащенко, улица Ларина","_geocode":"streets","_contour":"typical","floor_area_m2":18326,"levels":17},"geometry":{"type":"Polygon","coordinates":[[[43.979967,56.2421924],[43.9801971,56.2421271],[43.9806904,56.2426665],[43.9804603,56.2427318],[43.979967,56.2421924]]]}},
{"type":"Feature","properties":{"object_type":"oks_future","_source":"inferred","heat_load":0.5106,"flow_tph":6.382,"_load_source":"scheme","_ref":"Схема теплоснабжения г. Н. Новгорода до 2030 г. (актуализация на 2026 г.), шифр 22401, Обосновывающие материалы, Гл. 2 Прил. 1 Ч. 3, табл. 2.1 «Прогноз ввода строений различного назначения … до 2030 года»","_item":121,"_name":"Территория в границах Крутоярский проезд, ул.Кащенко, Ларина, р.Ока","_scheme_source":"\"Термаль\", пр. Гагарина, 178-б","_district":"Приокский район","_year":2030,"_address":"в границах улица Кащенко, улица Ларина","_geocode":"streets","_contour":"typical","floor_area_m2":18326,"levels":17},"geometry":{"type":"Polygon","coordinates":[[[43.9819148,56.2417777],[43.982032,56.2419058],[43.9810634,56.2421805],[43.9809462,56.2420524],[43.9819148,56.2417777]]]}},
{"type":"Feature","properties":{"object_type":"oks_future","_source":"inferred","heat_load":0.5106,"flow_tph":6.382,"_load_source":"scheme","_ref":"Схема теплоснабжения г. Н. Новгорода до 2030 г. (актуализация на 2026 г.), шифр 22401, Обосновывающие материалы, Гл. 2 Прил. 1 Ч. 3, табл. 2.1 «Прогноз ввода строений различного назначения … до 2030 года»","_item":121,"_name":"Территория в границах Крутоярский проезд, ул.Кащенко, Ларина, р.Ока","_scheme_source":"\"Термаль\", пр. Гагарина, 178-б","_district":"Приокский район","_year":2030,"_address":"в границах улица Кащенко, улица Ларина","_geocode":"streets","_contour":"typical","floor_area_m2":18326,"levels":17},"geometry":{"type":"Polygon","coordinates":[[[43.9814883,56.2427299],[43.9816055,56.242858],[43.9806368,56.2431327],[43.9805197,56.2430046],[43.9814883,56.2427299]]]}},
{"type":"Feature","properties":{"object_type":"oks_future","_source":"inferred","heat_load":0.5106,"flow_tph":6.382,"_load_source":"scheme","_ref":"Схема теплоснабжения г. Н. Новгорода до 2030 г. (актуализация на 2026 г.), шифр 22401, Обосновывающие материалы, Гл. 2 Прил. 1 Ч. 3, табл. 2.1 «Прогноз ввода строений различного назначения … до 2030 года»","_item":121,"_name":"Территория в границах Крутоярский проезд, ул.Кащенко, Ларина, р.Ока","_scheme_source":"\"Термаль\", пр. Гагарина, 178-б","_district":"Приокский район","_year":2030,"_address":"в границах улица Кащенко, улица Ларина","_geocode":"streets","_contour":"typical","floor_area_m2":18326,"levels":17},"geometry":{"type":"Polygon","coordinates":[[[43.9824651,56.2422156],[43.9825823,56.2423437],[43.9816137,56.2426184],[43.9814965,56.2424903],[43.9824651,56.2422156]]]}},
{"type":"Feature","properties":{"object_type":"oks_future","_source":"inferred","heat_load":0.5106,"flow_tph":6.382,"_load_source":"scheme","_ref":"Схема теплоснабжения г. Н. Новгорода до 2030 г. (актуализация на 2026 г.), шифр 22401, Обосновывающие материалы, Гл. 2 Прил. 1 Ч. 3, табл. 2.1 «Прогноз ввода строений различного назначения … до 2030 года»","_item":121,"_name":"Территория в границах Крутоярский проезд, ул.Кащенко, Ларина, р.Ока","_scheme_source":"\"Термаль\", пр. Гагарина, 178-б","_district":"Приокский район","_year":2030,"_address":"в границах улица Кащенко, улица Ларина","_geocode":"streets","_contour":"typical","floor_area_m2":18326,"levels":17},"geometry":{"type":"Polygon","coordinates":[[[43.9820859,56.2428706],[43.982203,56.2429987],[43.9812344,56.2432734],[43.9811172,56.2431453],[43.9820859,56.2428706]]]}},
{"type":"Feature","properties":{"object_type":"oks_future","_source":"inferred","heat_load":0.5106,"flow_tph":6.382,"_load_source":"scheme","_ref":"Схема теплоснабжения г. Н. Новгорода до 2030 г. (актуализация на 2026 г.), шифр 22401, Обосновывающие материалы, Гл. 2 Прил. 1 Ч. 3, табл. 2.1 «Прогноз ввода строений различного назначения … до 2030 года»","_item":121,"_name":"Территория в границах Крутоярский проезд, ул.Кащенко, Ларина, р.Ока","_scheme_source":"\"Термаль\", пр. Гагарина, 178-б","_district":"Приокский район","_year":2030,"_address":"в границах улица Кащенко, улица Ларина","_geocode":"streets","_contour":"typical","floor_area_m2":18326,"levels":17},"geometry":{"type":"Polygon","coordinates":[[[43.9833436,56.2424421],[43.9834608,56.2425702],[43.9824921,56.2428449],[43.982375,56.2427168],[43.9833436,56.2424421]]]}},
{"type":"Feature","properties":{"object_type":"oks_future","_source":"inferred","heat_load":0.5106,"flow_tph":6.382,"_load_source":"scheme","_ref":"Схема теплоснабжения г. Н. Новгорода до 2030 г. (актуализация на 2026 г.), шифр 22401, Обосновывающие материалы, Гл. 2 Прил. 1 Ч. 3, табл. 2.1 «Прогноз ввода строений различного назначения … до 2030 года»","_item":121,"_name":"Территория в границах Крутоярский проезд, ул.Кащенко, Ларина, р.Ока","_scheme_source":"\"Термаль\", пр. Гагарина, 178-б","_district":"Приокский район","_year":2030,"_address":"в границах улица Кащенко, улица Ларина","_geocode":"streets","_contour":"typical","floor_area_m2":18326,"levels":17},"geometry":{"type":"Polygon","coordinates":[[[43.9781813,56.2436026],[43.9784114,56.2435374],[43.9789047,56.2440768],[43.9786746,56.244142],[43.9781813,56.2436026]]]}},
{"type":"Feature","properties":{"object_type":"oks_future","_source":"inferred","heat_load":0.6213,"flow_tph":7.766,"_load_source":"scheme","_ref":"Схема теплоснабжения г. Н. Новгорода до 2030 г. (актуализация на 2026 г.), шифр 22401, Обосновывающие материалы, Гл. 2 Прил. 1 Ч. 3, табл. 2.1 «Прогноз ввода строений различного назначения … до 2030 года»","_item":123,"_name":"Территория сельхозакадемии","_scheme_source":"пр. Гагарина, 97 (БМК)","_district":"Приокский район","_year":2030,"_address":"пр. Гагарина, 97 (БМК)","_geocode":"source","_contour":"typical","floor_area_m2":19649,"levels":17},"geometry":{"type":"Polygon","coordinates":[[[43.9551938,56.2430773],[43.954936,56.2430706],[43.9549902,56.2424223],[43.9552481,56.242429],[43.9551938,56.2430773]]]}},
{"type":"Feature","properties":{"object_type":"oks_future","_source":"inferred","heat_load":0.6213,"flow_tph":7.766,"_load_source":"scheme","_ref":"Схема теплоснабжения г. Н. Новгорода до 2030 г. (актуализация на 2026 г.), шифр 22401, Обосновывающие материалы, Гл. 2 Прил. 1 Ч. 3, табл. 2.1 «Прогноз ввода строений различного назначения … до 2030 года»","_item":123,"_name":"Территория сельхозакадемии","_scheme_source":"пр. Гагарина, 97 (БМК)","_district":"Приокский район","_year":2030,"_address":"пр. Гагарина, 97 (БМК)","_geocode":"source","_contour":"typical","floor_area_m2":19649,"levels":17},"geometry":{"type":"Polygon","coordinates":[[[43.9527857,56.2421659],[43.9525278,56.2421592],[43.9525821,56.2415109],[43.95284,56.2415176],[43.9527857,56.2421659]]]}},
{"type":"Feature","properties":{"object_type":"oks_future","_source":"inferred","heat_load":0.6213,"flow_tph":7.766,"_load_source":"scheme","_ref":"Схема теплоснабжения г. Н. Новгорода до 2030 г. (актуализация на 2026 г.), шифр 22401, Обосновывающие материалы, Гл. 2 Прил. 1 Ч. 3, табл. 2.1 «Прогноз ввода строений различного назначения … до 2030 года»","_item":123,"_name":"Территория сельхозакадемии","_scheme_source":"пр. Гагарина, 97 (БМК)","_district":"Приокский район","_year":2030,"_address":"пр. Гагарина, 97 (БМК)","_geocode":"source","_contour":"typical","floor_area_m2":19649,"levels":17},"geometry":{"type":"Polygon","coordinates":[[[43.9532108,56.2429708],[43.9529529,56.2429641],[43.9530072,56.2423158],[43.9532651,56.2423225],[43.9532108,56.2429708]]]}},
{"type":"Feature","properties":{"object_type":"oks_future","_source":"inferred","heat_load":0.6213,"flow_tph":7.766,"_load_source":"scheme","_ref":"Схема теплоснабжения г. Н. Новгорода до 2030 г. (актуализация на 2026 г.), шифр 22401, Обосновывающие материалы, Гл. 2 Прил. 1 Ч. 3, табл. 2.1 «Прогноз ввода строений различного назначения … до 2030 года»","_item":123,"_name":"Территория сельхозакадемии","_scheme_source":"пр. Гагарина, 97 (БМК)","_district":"Приокский район","_year":2030,"_address":"пр. Гагарина, 97 (БМК)","_geocode":"source","_contour":"typical","floor_area_m2":19649,"levels":17},"geometry":{"type":"Polygon","coordinates":[[[43.9527257,56.2429971],[43.9524679,56.2429904],[43.9525222,56.2423421],[43.95278,56.2423488],[43.9527257,56.2429971]]]}},
{"type":"Feature","properties":{"object_type":"oks_future","_source":"inferred","heat_load":0.6213,"flow_tph":7.766,"_load_source":"scheme","_ref":"Схема теплоснабжения г. Н. Новгорода до 2030 г. (актуализация на 2026 г.), шифр 22401, Обосновывающие материалы, Гл. 2 Прил. 1 Ч. 3, табл. 2.1 «Прогноз ввода строений различного назначения … до 2030 года»","_item":123,"_name":"Территория сельхозакадемии","_scheme_source":"пр. Гагарина, 97 (БМК)","_district":"Приокский район","_year":2030,"_address":"пр. Гагарина, 97 (БМК)","_geocode":"source","_contour":"typical","floor_area_m2":19649,"levels":17},"geometry":{"type":"Polygon","coordinates":[[[43.952275,56.2424964],[43.9520171,56.2424897],[43.9520714,56.2418414],[43.9523293,56.2418481],[43.952275,56.2424964]]]}},
{"type":"Feature","properties":{"object_type":"oks_future","_source":"inferred","heat_load":0.6213,"flow_tph":7.766,"_load_source":"scheme","_ref":"Схема теплоснабжения г. Н. Новгорода до 2030 г. (актуализация на 2026 г.), шифр 22401, Обосновывающие материалы, Гл. 2 Прил. 1 Ч. 3, табл. 2.1 «Прогноз ввода строений различного назначения … до 2030 года»","_item":123,"_name":"Территория сельхозакадемии","_scheme_source":"пр. Гагарина, 97 (БМК)","_district":"Приокский район","_year":2030,"_address":"пр. Гагарина, 97 (БМК)","_geocode":"source","_contour":"typical","floor_area_m2":19649,"levels":17},"geometry":{"type":"Polygon","coordinates":[[[43.9521777,56.2432366],[43.9521897,56.243093],[43.953354,56.2431232],[43.953342,56.2432668],[43.9521777,56.2432366]]]}},
{"type":"Feature","properties":{"object_type":"oks_future","_source":"inferred","heat_load":0.6213,"flow_tph":7.766,"_load_source":"scheme","_ref":"Схема теплоснабжения г. Н. Новгорода до 2030 г. (актуализация на 2026 г.), шифр 22401, Обосновывающие материалы, Гл. 2 Прил. 1 Ч. 3, табл. 2.1 «Прогноз ввода строений различного назначения … до 2030 года»","_item":123,"_name":"Территория сельхозакадемии","_scheme_source":"пр. Гагарина, 97 (БМК)","_district":"Приокский район","_year":2030,"_address":"пр. Гагарина, 97 (БМК)","_geocode":"source","_contour":"typical","floor_area_m2":19649,"levels":17},"geometry":{"type":"Polygon","coordinates":[[[43.9517842,56.2427106],[43.9515263,56.2427039],[43.9515807,56.2420556],[43.9518385,56.2420623],[43.9517842,56.2427106]]]}},
{"type":"Feature","properties":{"object_type":"oks_future","_source":"inferred","heat_load":0.6213,"flow_tph":7.766,"_load_source":"scheme","_ref":"Схема теплоснабжения г. Н. Новгорода до 2030 г. (актуализация на 2026 г.), шифр 22401, Обосновывающие материалы, Гл. 2 Прил. 1 Ч. 3, табл. 2.1 «Прогноз ввода строений различного назначения … до 2030 года»","_item":123,"_name":"Территория сельхозакадемии","_scheme_source":"пр. Гагарина, 97 (БМК)","_district":"Приокский район","_year":2030,"_address":"пр. Гагарина, 97 (БМК)","_geocode":"source","_contour":"typical","floor_area_m2":19649,"levels":17},"geometry":{"type":"Polygon","coordinates":[[[43.9514633,56.2419295],[43.9512054,56.2419228],[43.9512597,56.2412745],[43.9515176,56.2412812],[43.9514633,56.2419295]]]}},
{"type":"Feature","properties":{"object_type":"oks_future","_source":"inferred","heat_load":0.2191,"flow_tph":2.739,"_load_source":"scheme","_ref":"Схема теплоснабжения г. Н. Новгорода до 2030 г. (актуализация на 2026 г.), шифр 22401, Обосновывающие материалы, Гл. 2 Прил. 1 Ч. 3, табл. 2.1 «Прогноз ввода строений различного назначения … до 2030 года»","_item":124,"_name":"ул. Вятская, 2А (Жилой дом по адресу ул. Вятская, 2А)","_scheme_source":"пр. Гагарина, 97 (БМК)","_district":"Приокский район","_year":2025,"_address":"Вятская улица, 2А","_geocode":"at","_contour":"typical","floor_area_m2":5000,"levels":9},"geometry":{"type":"Polygon","coordinates":[[[43.965366,56.2330159],[43.9652233,56.2331357],[43.9647566,56.2329633],[43.9648993,56.2328435],[43.965366,56.2330159]]]}},
{"type":"Feature","properties":{"object_type":"oks_future","_source":"inferred","heat_load":0.8129,"flow_tph":10.161,"_load_source":"scheme","_ref":"Схема теплоснабжения г. Н. Новгорода до 2030 г. (актуализация на 2026 г.), шифр 22401, Обосновывающие материалы, Гл. 2 Прил. 1 Ч. 3, табл. 2.1 «Прогноз ввода строений различного назначения … до 2030 года»","_item":125,"_name":"Многоквартирный дом №1 со встроенными помещениями общественного назначения, встроенной дошкольной образовательной организацией и с подземным гаражом- стоянкой в границах улиц Батумская, Героя Елисеева в Приокском районе г. Нижнего Новгорода","_scheme_source":"ул. Батумская, 7-б","_district":"Приокский район","_year":2025,"_address":"в границах Гаражная улица, Батумская улица, улица Героя Елисеева, Приокская улица, Новая улица","_geocode":"streets","_contour":"typical","floor_area_m2":14650,"levels":17},"geometry":{"type":"Polygon","coordinates":[[[43.908902,56.2230546],[43.9087365,56.223165],[43.90807,56.2228547],[43.9082354,56.2227444],[43.908902,56.2230546]]]}},
{"type":"Feature","properties":{"object_type":"oks_future","_source":"inferred","heat_load":0.8129,"flow_tph":10.161,"_load_source":"scheme","_ref":"Схема теплоснабжения г. Н. Новгорода до 2030 г. (актуализация на 2026 г.), шифр 22401, Обосновывающие материалы, Гл. 2 Прил. 1 Ч. 3, табл. 2.1 «Прогноз ввода строений различного назначения … до 2030 года»","_item":125,"_name":"Многоквартирный дом №1 со встроенными помещениями общественного назначения, встроенной дошкольной образовательной организацией и с подземным гаражом- стоянкой в границах улиц Батумская, Героя Елисеева в Приокском районе г. Нижнего Новгорода","_scheme_source":"ул. Батумская, 7-б","_district":"Приокский район","_year":2025,"_address":"в границах Гаражная улица, Батумская улица, улица Героя Елисеева, Приокская улица, Новая улица","_geocode":"streets","_contour":"typical","floor_area_m2":14650,"levels":17},"geometry":{"type":"Polygon","coordinates":[[[43.90681,56.2197754],[43.906612,56.2196833],[43.9071688,56.2193119],[43.9073668,56.2194041],[43.90681,56.2197754]]]}},
{"type":"Feature","properties":{"object_type":"oks_future","_source":"inferred","heat_load":0.7602,"flow_tph":9.502,"_load_source":"scheme","_ref":"Схема теплоснабжения г. Н. Новгорода до 2030 г. (актуализация на 2026 г.), шифр 22401, Обосновывающие материалы, Гл. 2 Прил. 1 Ч. 3, табл. 2.1 «Прогноз ввода строений различного назначения … до 2030 года»","_item":126,"_name":"Многоквартирный дом №2 со встроенными помещениями общественного назначения, встроенной дошкольной образовательной организацией и с подземным гаражом- стоянкой в границах улиц Батумская, Героя Елисеева в Приокском районе г. Нижнего Новгорода","_scheme_source":"ул. Батумская, 7-б","_district":"Приокский район","_year":2026,"_address":"в границах Гаражная улица, Батумская улица, улица Героя Елисеева, Приокская улица, Новая улица","_geocode":"streets","_contour":"typical","floor_area_m2":13700,"levels":17},"geometry":{"type":"Polygon","coordinates":[[[43.9076088,56.2198834],[43.9074108,56.2197913],[43.9079315,56.219444],[43.9081295,56.2195361],[43.9076088,56.2198834]]]}},
{"type":"Feature","properties":{"object_type":"oks_future","_source":"inferred","heat_load":0.8105,"flow_tph":10.131,"_load_source":"scheme","_ref":"Схема теплоснабжения г. Н. Новгорода до 2030 г. (актуализация на 2026 г.), шифр 22401, Обосновывающие материалы, Гл. 2 Прил. 1 Ч. 3, табл. 2.1 «Прогноз ввода строений различного назначения … до 2030 года»","_item":127,"_name":"многоквартирный жилой дом № 1Б (по генплану) с помещениями общественного назначения и подземно- надземной автостоянкой с эксплуатируемой кровлей в границах улиц Пятигорская, 40 лет Октября, пр. Гагарина","_scheme_source":"ул. Батумская, 7-б","_district":"Приокский район","_year":2025,"_address":"в границах Пятигорская улица, Летний переулок, улица 40 лет Октября, проспект Гагарина","_geocode":"streets","_contour":"typical","floor_area_m2":11960,"levels":12},"geometry":{"type":"Polygon","coordinates":[[[43.9673427,56.2519604],[43.9672817,56.2518207],[43.9682585,56.2516884],[43.9683195,56.2518281],[43.9673427,56.2519604]]]}},
{"type":"Feature","properties":{"object_type":"oks_future","_source":"inferred","heat_load":0.8105,"flow_tph":10.131,"_load_source":"scheme","_ref":"Схема теплоснабжения г. Н. Новгорода до 2030 г. (актуализация на 2026 г.), шифр 22401, Обосновывающие материалы, Гл. 2 Прил. 1 Ч. 3, табл. 2.1 «Прогноз ввода строений различного назначения … до 2030 года»","_item":127,"_name":"многоквартирный жилой дом № 1Б (по генплану) с помещениями общественного назначения и подземно- надземной автостоянкой с эксплуатируемой кровлей в границах улиц Пятигорская, 40 лет Октября, пр. Гагарина","_scheme_source":"ул. Батумская, 7-б","_district":"Приокский район","_year":2025,"_address":"в границах Пятигорская улица, Летний переулок, улица 40 лет Октября, проспект Гагарина","_geocode":"streets","_contour":"typical","floor_area_m2":11960,"levels":12},"geometry":{"type":"Polygon","coordinates":[[[43.9664742,56.25124],[43.9667251,56.251206],[43.9669626,56.2517498],[43.9667117,56.2517838],[43.9664742,56.25124]]]}},
{"type":"Feature","properties":{"object_type":"oks_future","_source":"inferred","heat_load":0.7143,"flow_tph":8.928,"_load_source":"scheme","_ref":"Схема теплоснабжения г. Н. Новгорода до 2030 г. (актуализация на 2026 г.), шифр 22401, Обосновывающие материалы, Гл. 2 Прил. 1 Ч. 3, табл. 2.1 «Прогноз ввода строений различного назначения … до 2030 года»","_item":128,"_name":"Многоквартирный жилой дом № 2 в границах улиц Пятигорская, 40 лет Октября, пр. Гагарина (мкр. Караваиха)","_scheme_source":"ул. Батумская, 7-б","_district":"Приокский район","_year":2026,"_address":"в границах Пятигорская улица, Летний переулок, улица 40 лет Октября, проспект Гагарина","_geocode":"streets","_contour":"typical","floor_area_m2":12500,"levels":17},"geometry":{"type":"Polygon","coordinates":[[[43.9681249,56.2519735],[43.9683758,56.2519396],[43.9685511,56.2523407],[43.9683002,56.2523747],[43.9681249,56.2519735]]]}},
{"type":"Feature","properties":{"object_type":"oks_future","_source":"inferred","heat_load":0.7143,"flow_tph":8.928,"_load_source":"scheme","_ref":"Схема теплоснабжения г. Н. Новгорода до 2030 г. (актуализация на 2026 г.), шифр 22401, Обосновывающие материалы, Гл. 2 Прил. 1 Ч. 3, табл. 2.1 «Прогноз ввода строений различного назначения … до 2030 года»","_item":128,"_name":"Многоквартирный жилой дом № 2 в границах улиц Пятигорская, 40 лет Октября, пр. Гагарина (мкр. Караваиха)","_scheme_source":"ул. Батумская, 7-б","_district":"Приокский район","_year":2026,"_address":"в границах Пятигорская улица, Летний переулок, улица 40 лет Октября, проспект Гагарина","_geocode":"streets","_contour":"typical","floor_area_m2":12500,"levels":17},"geometry":{"type":"Polygon","coordinates":[[[43.9692812,56.2509219],[43.9695321,56.2508879],[43.9697074,56.2512891],[43.9694565,56.2513231],[43.9692812,56.2509219]]]}},
{"type":"Feature","properties":{"object_type":"oks_future","_source":"inferred","heat_load":1.0405,"flow_tph":13.006,"_load_source":"scheme","_ref":"Схема теплоснабжения г. Н. Новгорода до 2030 г. (актуализация на 2026 г.), шифр 22401, Обосновывающие материалы, Гл. 2 Прил. 1 Ч. 3, табл. 2.1 «Прогноз ввода строений различного назначения … до 2030 года»","_item":129,"_name":"Многоквартирный жилой дом № 3 в границах улиц Пятигорская, 40 лет Октября, пр. Гагарина (мкр. Караваиха)","_scheme_source":"ул. Батумская, 7-б","_district":"Приокский район","_year":2027,"_address":"в границах Пятигорская улица, Летний переулок, улица 40 лет Октября, проспект Гагарина","_geocode":"streets","_contour":"typical","floor_area_m2":14700,"levels":17},"geometry":{"type":"Polygon","coordinates":[[[43.9681905,56.2526917],[43.9684414,56.2526577],[43.9686476,56.2531295],[43.9683967,56.2531635],[43.9681905,56.2526917]]]}},
{"type":"Feature","properties":{"object_type":"oks_future","_source":"inferred","heat_load":1.0405,"flow_tph":13.006,"_load_source":"scheme","_ref":"Схема теплоснабжения г. Н. Новгорода до 2030 г. (актуализация на 2026 г.), шифр 22401, Обосновывающие материалы, Гл. 2 Прил. 1 Ч. 3, табл. 2.1 «Прогноз ввода строений различного назначения … до 2030 года»","_item":129,"_name":"Многоквартирный жилой дом № 3 в границах улиц Пятигорская, 40 лет Октября, пр. Гагарина (мкр. Караваиха)","_scheme_source":"ул. Батумская, 7-б","_district":"Приокский район","_year":2027,"_address":"в границах Пятигорская улица, Летний переулок, улица 40 лет Октября, проспект Гагарина","_geocode":"streets","_contour":"typical","floor_area_m2":14700,"levels":17},"geometry":{"type":"Polygon","coordinates":[[[43.9679648,56.2497845],[43.9682157,56.2497505],[43.9684218,56.2502223],[43.9681709,56.2502563],[43.9679648,56.2497845]]]}},
{"type":"Feature","properties":{"object_type":"oks_future","_source":"inferred","heat_load":0.7003,"flow_tph":8.754,"_load_source":"scheme","_ref":"Схема теплоснабжения г. Н. Новгорода до 2030 г. (актуализация на 2026 г.), шифр 22401, Обосновывающие материалы, Гл. 2 Прил. 1 Ч. 3, табл. 2.1 «Прогноз ввода строений различного назначения … до 2030 года»","_item":130,"_name":"проект планировки и межевания в границах улиц Бонч- Бруевича, Героя Елисеева, Батумской, Столетова в Приокском районе","_scheme_source":"ул. Батумская, 7-б","_district":"Приокский район","_year":2030,"_address":"в границах улица Бонч-Бруевича, улица Героя Елисеева, Батумская улица, улица Столетова, Приокская улица","_geocode":"streets","_contour":"typical","floor_area_m2":14500,"levels":17},"geometry":{"type":"Polygon","coordinates":[[[43.9831402,56.2699611],[43.9829836,56.2700754],[43.9822993,56.2697849],[43.9824559,56.2696706],[43.9831402,56.2699611]]]}},
{"type":"Feature","properties":{"object_type":"oks_future","_source":"inferred","heat_load":0.2193,"flow_tph":2.741,"_load_source":"scheme","_ref":"Схема теплоснабжения г. Н. Новгорода до 2030 г. (актуализация на 2026 г.), шифр 22401, Обосновывающие материалы, Гл. 2 Прил. 1 Ч. 3, табл. 2.1 «Прогноз ввода строений различного назначения … до 2030 года»","_item":131,"_name":"Дошкольная образовательная организация в границах улиц 40 лет Октября, Работкинская, Горная в Приокском районе г. Нижнего Новгорода (1-й и 2-й Осташковский пер.)","_scheme_source":"ул. Радистов, 24","_district":"Приокский район","_year":2028,"_address":"в границах Летний переулок, улица 40 лет Октября, Работкинская улица, Горная улица, Приокская улица, Новая улица, 1-й Осташковский переулок","_geocode":"streets","_contour":"typical","floor_area_m2":2400,"levels":3},"geometry":{"type":"Polygon","coordinates":[[[43.9705127,56.2499878],[43.9706169,56.250187],[43.9700801,56.2502739],[43.969976,56.2500747],[43.9705127,56.2499878]]]}},
{"type":"Feature","properties":{"object_type":"oks_future","_source":"inferred","heat_load":0.384,"flow_tph":4.8,"_load_source":"scheme","_ref":"Схема теплоснабжения г. Н. Новгорода до 2030 г. (актуализация на 2026 г.), шифр 22401, Обосновывающие материалы, Гл. 2 Прил. 1 Ч. 3, табл. 2.1 «Прогноз ввода строений различного назначения … до 2030 года»","_item":132,"_name":"жилой дом по ул. 40 лет Октября, 23 (на месте магазина №12)","_scheme_source":"ул. Радистов, 24","_district":"Приокский район","_year":2025,"_address":"Летний переулок","_geocode":"street","_contour":"typical","floor_area_m2":9060,"levels":12},"geometry":{"type":"Polygon","coordinates":[[[43.9602403,56.2199176],[43.9599896,56.2199516],[43.9598099,56.2195396],[43.9600606,56.2195057],[43.9602403,56.2199176]]]}},
{"type":"Feature","properties":{"object_type":"oks_future","_source":"real","heat_load":0.6219,"flow_tph":7.774,"_load_source":"scheme","_ref":"Схема теплоснабжения г. Н. Новгорода до 2030 г. (актуализация на 2026 г.), шифр 22401, Обосновывающие материалы, Гл. 2 Прил. 1 Ч. 3, табл. 2.1 «Прогноз ввода строений различного назначения … до 2030 года»","_item":133,"_name":"Многоквартирный дом №5 со встроенными помещениями общественного назначения в границах улиц 40 лет Октября, Работкинская, Горная в Приокском районе г. Нижнего Новгорода (1-й Осташковский пер., Осенний пр-д)","_scheme_source":"ул. Радистов, 24","_district":"Приокский район","_year":2029,"_address":"в границах Летний переулок, улица 40 лет Октября, Работкинская улица, Горная улица, Приокская улица, Новая улица, 1-й Осташковский переулок, Осенний проезд","_geocode":"streets","_contour":"osm_construction","floor_area_m2":12000,"levels":17,"_osm":"w481268947"},"geometry":{"type":"Polygon","coordinates":[[[43.9810832,56.2532217],[43.9810897,56.2531563],[43.9812453,56.2531611],[43.9812496,56.2531178],[43.9815207,56.2531261],[43.9815154,56.25318],[43.9814519,56.253178],[43.9814465,56.2532328],[43.9810832,56.2532217]]]}},
{"type":"Feature","properties":{"object_type":"oks_future","_source":"inferred","heat_load":0.4918,"flow_tph":6.147,"_load_source":"scheme","_ref":"Схема теплоснабжения г. Н. Новгорода до 2030 г. (актуализация на 2026 г.), шифр 22401, Обосновывающие материалы, Гл. 2 Прил. 1 Ч. 3, табл. 2.1 «Прогноз ввода строений различного назначения … до 2030 года»","_item":134,"_name":"Общеобразовательная организация (расширение школы №140) в границах улиц 40 лет Октября, Работкинская, Горная в Приокском районе г. Нижнего Новгорода (Осенний пр-д, ул. Ветлужская, ул. Горная)","_scheme_source":"ул. Радистов, 24","_district":"Приокский район","_year":2025,"_address":"в границах Летний переулок, улица 40 лет Октября, Работкинская улица, Горная улица, Приокская улица, Новая улица, Осенний проезд, Ветлужская улица","_geocode":"streets","_contour":"typical","floor_area_m2":4800,"levels":3},"geometry":{"type":"Polygon","coordinates":[[[43.9793129,56.2535903],[43.9793495,56.253883],[43.9785608,56.2539136],[43.9785242,56.2536209],[43.9793129,56.2535903]]]}},
{"type":"Feature","properties":{"object_type":"oks_future","_source":"inferred","heat_load":0.757,"flow_tph":9.463,"_load_source":"scheme","_ref":"Схема теплоснабжения г. Н. Новгорода до 2030 г. (актуализация на 2026 г.), шифр 22401, Обосновывающие материалы, Гл. 2 Прил. 1 Ч. 3, табл. 2.1 «Прогноз ввода строений различного назначения … до 2030 года»","_item":135,"_name":"Реконструкция водопроводной станции \"Малиновая гряда\" (пр. Гагарина, д. 121)","_scheme_source":"ул. Тропинина, д.47","_district":"Приокский район","_year":2025,"_address":"проспект Гагарина, 121","_geocode":"at","_contour":"typical","floor_area_m2":7570,"levels":5},"geometry":{"type":"Polygon","coordinates":[[[43.9325278,56.2216591],[43.9327217,56.2219233],[43.9320104,56.2220854],[43.9318165,56.2218212],[43.9325278,56.2216591]]]}},
{"type":"Feature","properties":{"object_type":"oks_future","_source":"inferred","heat_load":0.305,"flow_tph":3.812,"_load_source":"scheme","_ref":"Схема теплоснабжения г. Н. Новгорода до 2030 г. (актуализация на 2026 г.), шифр 22401, Обосновывающие материалы, Гл. 2 Прил. 1 Ч. 3, табл. 2.1 «Прогноз ввода строений различного назначения … до 2030 года»","_item":136,"_name":"торгово-развлекательный центр, Анкудиновское ш., памятник природы \"Щелоковский хутор\", ул. Цветочная, дублер пр-та Гагарина (участок №12)","_scheme_source":"Котельная ООО «СТН-Энергосети», ул. Цветочная, ЗВ","_district":"Приокский район","_year":2025,"_address":"в границах Анкудиновское шоссе, Щёлоковская улица, проспект Гагарина","_geocode":"streets","_contour":"typical","floor_area_m2":5790,"levels":3},"geometry":{"type":"Polygon","coordinates":[[[43.9899933,56.2734751],[43.989579,56.2737003],[43.9889718,56.2733546],[43.9893861,56.2731294],[43.9899933,56.2734751]]]}},
{"type":"Feature","properties":{"object_type":"oks_future","_source":"real","heat_load":0.5617,"flow_tph":7.021,"_load_source":"scheme","_ref":"Схема теплоснабжения г. Н. Новгорода до 2030 г. (актуализация на 2026 г.), шифр 22401, Обосновывающие материалы, Гл. 2 Прил. 1 Ч. 3, табл. 2.1 «Прогноз ввода строений различного назначения … до 2030 года»","_item":137,"_name":"Многоквартирный дом со встроенными-пристроенными помещениями общественного назначения и подземно- надземной автостоянкой с эксплуатируемой кровлей (пр. Гагарина, 144)","_scheme_source":"ул. Углова, 7","_district":"Приокский район","_year":2025,"_address":"проспект Гагарина, 144","_geocode":"at","_contour":"osm_building","floor_area_m2":10500,"levels":12,"_osm":"w1435065941"},"geometry":{"type":"Polygon","coordinates":[[[43.9752173,56.2631384],[43.9754584,56.2631146],[43.9753719,56.2628448],[43.9749851,56.2625815],[43.9748007,56.262665],[43.9751395,56.2628958],[43.9752173,56.2631384]]]}},
{"type":"Feature","properties":{"object_type":"oks_future","_source":"inferred","heat_load":0.5617,"flow_tph":7.021,"_load_source":"scheme","_ref":"Схема теплоснабжения г. Н. Новгорода до 2030 г. (актуализация на 2026 г.), шифр 22401, Обосновывающие материалы, Гл. 2 Прил. 1 Ч. 3, табл. 2.1 «Прогноз ввода строений различного назначения … до 2030 года»","_item":137,"_name":"Многоквартирный дом со встроенными-пристроенными помещениями общественного назначения и подземно- надземной автостоянкой с эксплуатируемой кровлей (пр. Гагарина, 144)","_scheme_source":"ул. Углова, 7","_district":"Приокский район","_year":2025,"_address":"проспект Гагарина, 144","_geocode":"at","_contour":"typical","floor_area_m2":10500,"levels":12},"geometry":{"type":"Polygon","coordinates":[[[43.9760582,56.2647804],[43.9758,56.2647783],[43.9758131,56.264287],[43.9760714,56.2642892],[43.9760582,56.2647804]]]}},
{"type":"Feature","properties":{"object_type":"oks_future","_source":"inferred","heat_load":0.148,"flow_tph":1.85,"_load_source":"scheme","_ref":"Схема теплоснабжения г. Н. Новгорода до 2030 г. (актуализация на 2026 г.), шифр 22401, Обосновывающие материалы, Гл. 2 Прил. 1 Ч. 3, табл. 2.1 «Прогноз ввода строений различного назначения … до 2030 года»","_item":138,"_name":"Нежилое здание общественного назначения по ул. Пятигорская, д. 3","_scheme_source":"ул. Углова, 7","_district":"Приокский район","_year":2026,"_address":"Пятигорская улица, 3","_geocode":"at","_contour":"typical","floor_area_m2":1000,"levels":3},"geometry":{"type":"Polygon","coordinates":[[[43.9771156,56.2644222],[43.9770889,56.2642891],[43.9774477,56.2642668],[43.9774744,56.2643999],[43.9771156,56.2644222]]]}},
{"type":"Feature","properties":{"object_type":"oks_future","_source":"real","heat_load":0.4834,"flow_tph":6.042,"_load_source":"scheme","_ref":"Схема теплоснабжения г. Н. Новгорода до 2030 г. (актуализация на 2026 г.), шифр 22401, Обосновывающие материалы, Гл. 2 Прил. 1 Ч. 3, табл. 2.1 «Прогноз ввода строений различного назначения … до 2030 года»","_item":139,"_name":"Многоквартирный дом со встроенно-пристроенными помещениями общественного назначения и подземной стоянкой автомобилей, пр. Гагарина, 192","_scheme_source":"ул. Голованова, 25А","_district":"Приокский район","_year":2025,"_address":"проспект Гагарина","_geocode":"street","_contour":"osm_construction","floor_area_m2":8500,"levels":12,"_osm":"w157834245"},"geometry":{"type":"Polygon","coordinates":[[[43.9855596,56.2881887],[43.986183,56.2881772],[43.986179,56.2881104],[43.9860371,56.2881131],[43.986021,56.2878473],[43.9856436,56.2878544],[43.9856497,56.2879563],[43.9855457,56.2879582],[43.9855596,56.2881887]]]}},
{"type":"Feature","properties":{"object_type":"oks_future","_source":"inferred","heat_load":0.9245,"flow_tph":11.556,"_load_source":"scheme","_ref":"Схема теплоснабжения г. Н. Новгорода до 2030 г. (актуализация на 2026 г.), шифр 22401, Обосновывающие материалы, Гл. 2 Прил. 1 Ч. 3, табл. 2.1 «Прогноз ввода строений различного назначения … до 2030 года»","_item":140,"_name":"Комплексное развитие территории п. Новинки (1-я очередь)","_scheme_source":"Котельная №1 \"Ольгино\"","_district":"Приокский район","_year":2027,"_address":"Новая улица","_geocode":"street","_contour":"typical","floor_area_m2":17857,"levels":17},"geometry":{"type":"Polygon","coordinates":[[[43.8625607,56.2010069],[43.8624142,56.2008887],[43.8632849,56.2005536],[43.8634314,56.2006718],[43.8625607,56.2010069]]]}},
{"type":"Feature","properties":{"object_type":"oks_future","_source":"inferred","heat_load":0.9245,"flow_tph":11.556,"_load_source":"scheme","_ref":"Схема теплоснабжения г. Н. Новгорода до 2030 г. (актуализация на 2026 г.), шифр 22401, Обосновывающие материалы, Гл. 2 Прил. 1 Ч. 3, табл. 2.1 «Прогноз ввода строений различного назначения … до 2030 года»","_item":140,"_name":"Комплексное развитие территории п. Новинки (1-я очередь)","_scheme_source":"Котельная №1 \"Ольгино\"","_district":"Приокский район","_year":2027,"_address":"Новая улица","_geocode":"street","_contour":"typical","floor_area_m2":17857,"levels":17},"geometry":{"type":"Polygon","coordinates":[[[43.8628678,56.1999541],[43.8626556,56.2000358],[43.8620544,56.1995504],[43.8622666,56.1994687],[43.8628678,56.1999541]]]}},
{"type":"Feature","properties":{"object_type":"oks_future","_source":"inferred","heat_load":0.9245,"flow_tph":11.556,"_load_source":"scheme","_ref":"Схема теплоснабжения г. Н. Новгорода до 2030 г. (актуализация на 2026 г.), шифр 22401, Обосновывающие материалы, Гл. 2 Прил. 1 Ч. 3, табл. 2.1 «Прогноз ввода строений различного назначения … до 2030 года»","_item":140,"_name":"Комплексное развитие территории п. Новинки (1-я очередь)","_scheme_source":"Котельная №1 \"Ольгино\"","_district":"Приокский район","_year":2027,"_address":"Новая улица","_geocode":"street","_contour":"typical","floor_area_m2":17857,"levels":17},"geometry":{"type":"Polygon","coordinates":[[[43.8602452,56.2008999],[43.8600987,56.2007816],[43.8609694,56.2004465],[43.8611159,56.2005648],[43.8602452,56.2008999]]]}},
{"type":"Feature","properties":{"object_type":"oks_future","_source":"inferred","heat_load":0.9245,"flow_tph":11.556,"_load_source":"scheme","_ref":"Схема теплоснабжения г. Н. Новгорода до 2030 г. (актуализация на 2026 г.), шифр 22401, Обосновывающие материалы, Гл. 2 Прил. 1 Ч. 3, табл. 2.1 «Прогноз ввода строений различного назначения … до 2030 года»","_item":140,"_name":"Комплексное развитие территории п. Новинки (1-я очередь)","_scheme_source":"Котельная №1 \"Ольгино\"","_district":"Приокский район","_year":2027,"_address":"Новая улица","_geocode":"street","_contour":"typical","floor_area_m2":17857,"levels":17},"geometry":{"type":"Polygon","coordinates":[[[43.8631224,56.2011295],[43.8629759,56.2010112],[43.8638467,56.2006761],[43.8639932,56.2007944],[43.8631224,56.2011295]]]}},
{"type":"Feature","properties":{"object_type":"oks_future","_source":"inferred","heat_load":0.9245,"flow_tph":11.556,"_load_source":"scheme","_ref":"Схема теплоснабжения г. Н. Новгорода до 2030 г. (актуализация на 2026 г.), шифр 22401, Обосновывающие материалы, Гл. 2 Прил. 1 Ч. 3, табл. 2.1 «Прогноз ввода строений различного назначения … до 2030 года»","_item":140,"_name":"Комплексное развитие территории п. Новинки (1-я очередь)","_scheme_source":"Котельная №1 \"Ольгино\"","_district":"Приокский район","_year":2027,"_address":"Новая улица","_geocode":"street","_contour":"typical","floor_area_m2":17857,"levels":17},"geometry":{"type":"Polygon","coordinates":[[[43.8605108,56.1998664],[43.8603643,56.1997481],[43.861235,56.199413],[43.8613815,56.1995313],[43.8605108,56.1998664]]]}},
{"type":"Feature","properties":{"object_type":"oks_future","_source":"inferred","heat_load":0.9245,"flow_tph":11.556,"_load_source":"scheme","_ref":"Схема теплоснабжения г. Н. Новгорода до 2030 г. (актуализация на 2026 г.), шифр 22401, Обосновывающие материалы, Гл. 2 Прил. 1 Ч. 3, табл. 2.1 «Прогноз ввода строений различного назначения … до 2030 года»","_item":140,"_name":"Комплексное развитие территории п. Новинки (1-я очередь)","_scheme_source":"Котельная №1 \"Ольгино\"","_district":"Приокский район","_year":2027,"_address":"Новая улица","_geocode":"street","_contour":"typical","floor_area_m2":17857,"levels":17},"geometry":{"type":"Polygon","coordinates":[[[43.863348,56.199726],[43.8631358,56.1998077],[43.8625347,56.1993223],[43.8627469,56.1992406],[43.863348,56.199726]]]}},
{"type":"Feature","properties":{"object_type":"oks_future","_source":"inferred","heat_load":0.9245,"flow_tph":11.556,"_load_source":"scheme","_ref":"Схема теплоснабжения г. Н. Новгорода до 2030 г. (актуализация на 2026 г.), шифр 22401, Обосновывающие материалы, Гл. 2 Прил. 1 Ч. 3, табл. 2.1 «Прогноз ввода строений различного назначения … до 2030 года»","_item":140,"_name":"Комплексное развитие территории п. Новинки (1-я очередь)","_scheme_source":"Котельная №1 \"Ольгино\"","_district":"Приокский район","_year":2027,"_address":"Новая улица","_geocode":"street","_contour":"typical","floor_area_m2":17857,"levels":17},"geometry":{"type":"Polygon","coordinates":[[[43.8630202,56.2015889],[43.862808,56.2016705],[43.8622068,56.2011852],[43.862419,56.2011035],[43.8630202,56.2015889]]]}},
{"type":"Feature","properties":{"object_type":"oks_future","_source":"inferred","heat_load":0.9245,"flow_tph":11.556,"_load_source":"scheme","_ref":"Схема теплоснабжения г. Н. Новгорода до 2030 г. (актуализация на 2026 г.), шифр 22401, Обосновывающие материалы, Гл. 2 Прил. 1 Ч. 3, табл. 2.1 «Прогноз ввода строений различного назначения … до 2030 года»","_item":141,"_name":"Комплексное развитие территории п. Новинки (2-я очередь)","_scheme_source":"Котельная №1 \"Ольгино\"","_district":"Приокский район","_year":2028,"_address":"Новая улица","_geocode":"street","_contour":"typical","floor_area_m2":17857,"levels":17},"geometry":{"type":"Polygon","coordinates":[[[43.8645671,56.2006904],[43.8643549,56.200772],[43.8637537,56.2002867],[43.8639659,56.200205],[43.8645671,56.2006904]]]}},
{"type":"Feature","properties":{"object_type":"oks_future","_source":"inferred","heat_load":0.9245,"flow_tph":11.556,"_load_source":"scheme","_ref":"Схема теплоснабжения г. Н. Новгорода до 2030 г. (актуализация на 2026 г.), шифр 22401, Обосновывающие материалы, Гл. 2 Прил. 1 Ч. 3, табл. 2.1 «Прогноз ввода строений различного назначения … до 2030 года»","_item":141,"_name":"Комплексное развитие территории п. Новинки (2-я очередь)","_scheme_source":"Котельная №1 \"Ольгино\"","_district":"Приокский район","_year":2028,"_address":"Новая улица","_geocode":"street","_contour":"typical","floor_area_m2":17857,"levels":17},"geometry":{"type":"Polygon","coordinates":[[[43.8631994,56.2014154],[43.8630529,56.2012972],[43.8639236,56.2009621],[43.8640701,56.2010803],[43.8631994,56.2014154]]]}},
{"type":"Feature","properties":{"object_type":"oks_future","_source":"inferred","heat_load":0.9245,"flow_tph":11.556,"_load_source":"scheme","_ref":"Схема теплоснабжения г. Н. Новгорода до 2030 г. (актуализация на 2026 г.), шифр 22401, Обосновывающие материалы, Гл. 2 Прил. 1 Ч. 3, табл. 2.1 «Прогноз ввода строений различного назначения … до 2030 года»","_item":141,"_name":"Комплексное развитие территории п. Новинки (2-я очередь)","_scheme_source":"Котельная №1 \"Ольгино\"","_district":"Приокский район","_year":2028,"_address":"Новая улица","_geocode":"street","_contour":"typical","floor_area_m2":17857,"levels":17},"geometry":{"type":"Polygon","coordinates":[[[43.8598054,56.1998236],[43.8596589,56.1997053],[43.8605296,56.1993702],[43.8606761,56.1994885],[43.8598054,56.1998236]]]}},
{"type":"Feature","properties":{"object_type":"oks_future","_source":"inferred","heat_load":0.9245,"flow_tph":11.556,"_load_source":"scheme","_ref":"Схема теплоснабжения г. Н. Новгорода до 2030 г. (актуализация на 2026 г.), шифр 22401, Обосновывающие материалы, Гл. 2 Прил. 1 Ч. 3, табл. 2.1 «Прогноз ввода строений различного назначения … до 2030 года»","_item":141,"_name":"Комплексное развитие территории п. Новинки (2-я очередь)","_scheme_source":"Котельная №1 \"Ольгино\"","_district":"Приокский район","_year":2028,"_address":"Новая улица","_geocode":"street","_contour":"typical","floor_area_m2":17857,"levels":17},"geometry":{"type":"Polygon","coordinates":[[[43.8591962,56.200785],[43.8590497,56.2006667],[43.8599205,56.2003316],[43.860067,56.2004499],[43.8591962,56.200785]]]}},
{"type":"Feature","properties":{"object_type":"oks_future","_source":"inferred","heat_load":0.9245,"flow_tph":11.556,"_load_source":"scheme","_ref":"Схема теплоснабжения г. Н. Новгорода до 2030 г. (актуализация на 2026 г.), шифр 22401, Обосновывающие материалы, Гл. 2 Прил. 1 Ч. 3, табл. 2.1 «Прогноз ввода строений различного назначения … до 2030 года»","_item":141,"_name":"Комплексное развитие территории п. Новинки (2-я очередь)","_scheme_source":"Котельная №1 \"Ольгино\"","_district":"Приокский район","_year":2028,"_address":"Новая улица","_geocode":"street","_contour":"typical","floor_area_m2":17857,"levels":17},"geometry":{"type":"Polygon","coordinates":[[[43.8638958,56.2014537],[43.8637493,56.2013354],[43.86462,56.2010003],[43.8647666,56.2011186],[43.8638958,56.2014537]]]}},
{"type":"Feature","properties":{"object_type":"oks_future","_source":"inferred","heat_load":0.9245,"flow_tph":11.556,"_load_source":"scheme","_ref":"Схема теплоснабжения г. Н. Новгорода до 2030 г. (актуализация на 2026 г.), шифр 22401, Обосновывающие материалы, Гл. 2 Прил. 1 Ч. 3, табл. 2.1 «Прогноз ввода строений различного назначения … до 2030 года»","_item":141,"_name":"Комплексное развитие территории п. Новинки (2-я очередь)","_scheme_source":"Котельная №1 \"Ольгино\"","_district":"Приокский район","_year":2028,"_address":"Новая улица","_geocode":"street","_contour":"typical","floor_area_m2":17857,"levels":17},"geometry":{"type":"Polygon","coordinates":[[[43.8630118,56.202035],[43.8627996,56.2021167],[43.8621985,56.2016313],[43.8624107,56.2015496],[43.8630118,56.202035]]]}},
{"type":"Feature","properties":{"object_type":"oks_future","_source":"inferred","heat_load":0.9245,"flow_tph":11.556,"_load_source":"scheme","_ref":"Схема теплоснабжения г. Н. Новгорода до 2030 г. (актуализация на 2026 г.), шифр 22401, Обосновывающие материалы, Гл. 2 Прил. 1 Ч. 3, табл. 2.1 «Прогноз ввода строений различного назначения … до 2030 года»","_item":141,"_name":"Комплексное развитие территории п. Новинки (2-я очередь)","_scheme_source":"Котельная №1 \"Ольгино\"","_district":"Приокский район","_year":2028,"_address":"Новая улица","_geocode":"street","_contour":"typical","floor_area_m2":17857,"levels":17},"geometry":{"type":"Polygon","coordinates":[[[43.8654775,56.2009225],[43.8652653,56.2010042],[43.8646641,56.2005189],[43.8648763,56.2004372],[43.8654775,56.2009225]]]}},
{"type":"Feature","properties":{"object_type":"oks_future","_source":"inferred","heat_load":0.9245,"flow_tph":11.556,"_load_source":"scheme","_ref":"Схема теплоснабжения г. Н. Новгорода до 2030 г. (актуализация на 2026 г.), шифр 22401, Обосновывающие материалы, Гл. 2 Прил. 1 Ч. 3, табл. 2.1 «Прогноз ввода строений различного назначения … до 2030 года»","_item":142,"_name":"Комплексное развитие территории п. Новинки (3-я очередь)","_scheme_source":"Котельная №1 \"Ольгино\"","_district":"Приокский район","_year":2029,"_address":"Новая улица","_geocode":"street","_contour":"typical","floor_area_m2":17857,"levels":17},"geometry":{"type":"Polygon","coordinates":[[[43.8639767,56.2017416],[43.8638302,56.2016233],[43.8647009,56.2012882],[43.8648474,56.2014065],[43.8639767,56.2017416]]]}},
{"type":"Feature","properties":{"object_type":"oks_future","_source":"inferred","heat_load":0.9245,"flow_tph":11.556,"_load_source":"scheme","_ref":"Схема теплоснабжения г. Н. Новгорода до 2030 г. (актуализация на 2026 г.), шифр 22401, Обосновывающие материалы, Гл. 2 Прил. 1 Ч. 3, табл. 2.1 «Прогноз ввода строений различного назначения … до 2030 года»","_item":142,"_name":"Комплексное развитие территории п. Новинки (3-я очередь)","_scheme_source":"Котельная №1 \"Ольгино\"","_district":"Приокский район","_year":2029,"_address":"Новая улица","_geocode":"street","_contour":"typical","floor_area_m2":17857,"levels":17},"geometry":{"type":"Polygon","coordinates":[[[43.8640497,56.2021603],[43.8638375,56.202242],[43.8632363,56.2017566],[43.8634485,56.2016749],[43.8640497,56.2021603]]]}},
{"type":"Feature","properties":{"object_type":"oks_future","_source":"inferred","heat_load":0.9245,"flow_tph":11.556,"_load_source":"scheme","_ref":"Схема теплоснабжения г. Н. Новгорода до 2030 г. (актуализация на 2026 г.), шифр 22401, Обосновывающие материалы, Гл. 2 Прил. 1 Ч. 3, табл. 2.1 «Прогноз ввода строений различного назначения … до 2030 года»","_item":142,"_name":"Комплексное развитие территории п. Новинки (3-я очередь)","_scheme_source":"Котельная №1 \"Ольгино\"","_district":"Приокский район","_year":2029,"_address":"Новая улица","_geocode":"street","_contour":"typical","floor_area_m2":17857,"levels":17},"geometry":{"type":"Polygon","coordinates":[[[43.8584151,56.2007782],[43.8582686,56.2006599],[43.8591393,56.2003248],[43.8592858,56.2004431],[43.8584151,56.2007782]]]}},
{"type":"Feature","properties":{"object_type":"oks_future","_source":"inferred","heat_load":0.9245,"flow_tph":11.556,"_load_source":"scheme","_ref":"Схема теплоснабжения г. Н. Новгорода до 2030 г. (актуализация на 2026 г.), шифр 22401, Обосновывающие материалы, Гл. 2 Прил. 1 Ч. 3, табл. 2.1 «Прогноз ввода строений различного назначения … до 2030 года»","_item":142,"_name":"Комплексное развитие территории п. Новинки (3-я очередь)","_scheme_source":"Котельная №1 \"Ольгино\"","_district":"Приокский район","_year":2029,"_address":"Новая улица","_geocode":"street","_contour":"typical","floor_area_m2":17857,"levels":17},"geometry":{"type":"Polygon","coordinates":[[[43.8644772,56.199114],[43.864265,56.1991957],[43.8636639,56.1987103],[43.8638761,56.1986287],[43.8644772,56.199114]]]}},
{"type":"Feature","properties":{"object_type":"oks_future","_source":"inferred","heat_load":0.9245,"flow_tph":11.556,"_load_source":"scheme","_ref":"Схема теплоснабжения г. Н. Новгорода до 2030 г. (актуализация на 2026 г.), шифр 22401, Обосновывающие материалы, Гл. 2 Прил. 1 Ч. 3, табл. 2.1 «Прогноз ввода строений различного назначения … до 2030 года»","_item":142,"_name":"Комплексное развитие территории п. Новинки (3-я очередь)","_scheme_source":"Котельная №1 \"Ольгино\"","_district":"Приокский район","_year":2029,"_address":"Новая улица","_geocode":"street","_contour":"typical","floor_area_m2":17857,"levels":17},"geometry":{"type":"Polygon","coordinates":[[[43.8659336,56.2005902],[43.8657214,56.2006718],[43.8651203,56.2001865],[43.8653325,56.2001048],[43.8659336,56.2005902]]]}},
{"type":"Feature","properties":{"object_type":"oks_future","_source":"inferred","heat_load":0.9245,"flow_tph":11.556,"_load_source":"scheme","_ref":"Схема теплоснабжения г. Н. Новгорода до 2030 г. (актуализация на 2026 г.), шифр 22401, Обосновывающие материалы, Гл. 2 Прил. 1 Ч. 3, табл. 2.1 «Прогноз ввода строений различного назначения … до 2030 года»","_item":142,"_name":"Комплексное развитие территории п. Новинки (3-я очередь)","_scheme_source":"Котельная №1 \"Ольгино\"","_district":"Приокский район","_year":2029,"_address":"Новая улица","_geocode":"street","_contour":"typical","floor_area_m2":17857,"levels":17},"geometry":{"type":"Polygon","coordinates":[[[43.8630008,56.2024746],[43.8627886,56.2025562],[43.8621875,56.2020709],[43.8623997,56.2019892],[43.8630008,56.2024746]]]}},
{"type":"Feature","properties":{"object_type":"oks_future","_source":"inferred","heat_load":0.9245,"flow_tph":11.556,"_load_source":"scheme","_ref":"Схема теплоснабжения г. Н. Новгорода до 2030 г. (актуализация на 2026 г.), шифр 22401, Обосновывающие материалы, Гл. 2 Прил. 1 Ч. 3, табл. 2.1 «Прогноз ввода строений различного назначения … до 2030 года»","_item":142,"_name":"Комплексное развитие территории п. Новинки (3-я очередь)","_scheme_source":"Котельная №1 \"Ольгино\"","_district":"Приокский район","_year":2029,"_address":"Новая улица","_geocode":"street","_contour":"typical","floor_area_m2":17857,"levels":17},"geometry":{"type":"Polygon","coordinates":[[[43.8645464,56.2018677],[43.8643998,56.2017494],[43.8652706,56.2014143],[43.8654171,56.2015325],[43.8645464,56.2018677]]]}},
{"type":"Feature","properties":{"object_type":"oks_future","_source":"inferred","heat_load":1.0369,"flow_tph":12.961,"_load_source":"scheme","_ref":"Схема теплоснабжения г. Н. Новгорода до 2030 г. (актуализация на 2026 г.), шифр 22401, Обосновывающие материалы, Гл. 2 Прил. 1 Ч. 3, табл. 2.1 «Прогноз ввода строений различного назначения … до 2030 года»","_item":143,"_name":"Комплексное развитие территории п. Новинки (4-я очередь)","_scheme_source":"Котельная №1 \"Ольгино\"","_district":"Приокский район","_year":2030,"_address":"Новая улица","_geocode":"street","_contour":"typical","floor_area_m2":20000,"levels":17},"geometry":{"type":"Polygon","coordinates":[[[43.8652904,56.2013031],[43.8651439,56.2011849],[43.8661191,56.2008095],[43.8662656,56.2009278],[43.8652904,56.2013031]]]}},
{"type":"Feature","properties":{"object_type":"oks_future","_source":"inferred","heat_load":1.0369,"flow_tph":12.961,"_load_source":"scheme","_ref":"Схема теплоснабжения г. Н. Новгорода до 2030 г. (актуализация на 2026 г.), шифр 22401, Обосновывающие материалы, Гл. 2 Прил. 1 Ч. 3, табл. 2.1 «Прогноз ввода строений различного назначения … до 2030 года»","_item":143,"_name":"Комплексное развитие территории п. Новинки (4-я очередь)","_scheme_source":"Котельная №1 \"Ольгино\"","_district":"Приокский район","_year":2030,"_address":"Новая улица","_geocode":"street","_contour":"typical","floor_area_m2":20000,"levels":17},"geometry":{"type":"Polygon","coordinates":[[[43.8587699,56.1999949],[43.8585577,56.2000766],[43.8578845,56.1995329],[43.8580967,56.1994513],[43.8587699,56.1999949]]]}},
{"type":"Feature","properties":{"object_type":"oks_future","_source":"inferred","heat_load":1.0369,"flow_tph":12.961,"_load_source":"scheme","_ref":"Схема теплоснабжения г. Н. Новгорода до 2030 г. (актуализация на 2026 г.), шифр 22401, Обосновывающие материалы, Гл. 2 Прил. 1 Ч. 3, табл. 2.1 «Прогноз ввода строений различного назначения … до 2030 года»","_item":143,"_name":"Комплексное развитие территории п. Новинки (4-я очередь)","_scheme_source":"Котельная №1 \"Ольгино\"","_district":"Приокский район","_year":2030,"_address":"Новая улица","_geocode":"street","_contour":"typical","floor_area_m2":20000,"levels":17},"geometry":{"type":"Polygon","coordinates":[[[43.8646488,56.1987986],[43.8644366,56.1988803],[43.8637633,56.1983366],[43.8639755,56.198255],[43.8646488,56.1987986]]]}},
{"type":"Feature","properties":{"object_type":"oks_future","_source":"inferred","heat_load":1.0369,"flow_tph":12.961,"_load_source":"scheme","_ref":"Схема теплоснабжения г. Н. Новгорода до 2030 г. (актуализация на 2026 г.), шифр 22401, Обосновывающие материалы, Гл. 2 Прил. 1 Ч. 3, табл. 2.1 «Прогноз ввода строений различного назначения … до 2030 года»","_item":143,"_name":"Комплексное развитие территории п. Новинки (4-я очередь)","_scheme_source":"Котельная №1 \"Ольгино\"","_district":"Приокский район","_year":2030,"_address":"Новая улица","_geocode":"street","_contour":"typical","floor_area_m2":20000,"levels":17},"geometry":{"type":"Polygon","coordinates":[[[43.8645632,56.2021702],[43.8644167,56.2020519],[43.8653919,56.2016766],[43.8655384,56.2017949],[43.8645632,56.2021702]]]}},
{"type":"Feature","properties":{"object_type":"oks_future","_source":"inferred","heat_load":1.0369,"flow_tph":12.961,"_load_source":"scheme","_ref":"Схема теплоснабжения г. Н. Новгорода до 2030 г. (актуализация на 2026 г.), шифр 22401, Обосновывающие материалы, Гл. 2 Прил. 1 Ч. 3, табл. 2.1 «Прогноз ввода строений различного назначения … до 2030 года»","_item":143,"_name":"Комплексное развитие территории п. Новинки (4-я очередь)","_scheme_source":"Котельная №1 \"Ольгино\"","_district":"Приокский район","_year":2030,"_address":"Новая улица","_geocode":"street","_contour":"typical","floor_area_m2":20000,"levels":17},"geometry":{"type":"Polygon","coordinates":[[[43.8640982,56.202666],[43.863886,56.2027477],[43.8632127,56.2022041],[43.8634249,56.2021224],[43.8640982,56.202666]]]}},
{"type":"Feature","properties":{"object_type":"oks_future","_source":"inferred","heat_load":1.0369,"flow_tph":12.961,"_load_source":"scheme","_ref":"Схема теплоснабжения г. Н. Новгорода до 2030 г. (актуализация на 2026 г.), шифр 22401, Обосновывающие материалы, Гл. 2 Прил. 1 Ч. 3, табл. 2.1 «Прогноз ввода строений различного назначения … до 2030 года»","_item":143,"_name":"Комплексное развитие территории п. Новинки (4-я очередь)","_scheme_source":"Котельная №1 \"Ольгино\"","_district":"Приокский район","_year":2030,"_address":"Новая улица","_geocode":"street","_contour":"typical","floor_area_m2":20000,"levels":17},"geometry":{"type":"Polygon","coordinates":[[[43.8575846,56.2007913],[43.8574381,56.200673],[43.8584134,56.2002977],[43.8585599,56.200416],[43.8575846,56.2007913]]]}},
{"type":"Feature","properties":{"object_type":"oks_future","_source":"inferred","heat_load":1.0369,"flow_tph":12.961,"_load_source":"scheme","_ref":"Схема теплоснабжения г. Н. Новгорода до 2030 г. (актуализация на 2026 г.), шифр 22401, Обосновывающие материалы, Гл. 2 Прил. 1 Ч. 3, табл. 2.1 «Прогноз ввода строений различного назначения … до 2030 года»","_item":143,"_name":"Комплексное развитие территории п. Новинки (4-я очередь)","_scheme_source":"Котельная №1 \"Ольгино\"","_district":"Приокский район","_year":2030,"_address":"Новая улица","_geocode":"street","_contour":"typical","floor_area_m2":20000,"levels":17},"geometry":{"type":"Polygon","coordinates":[[[43.8609928,56.1983674],[43.8608464,56.1982491],[43.8618215,56.1978738],[43.861968,56.1979921],[43.8609928,56.1983674]]]}},
{"type":"Feature","properties":{"object_type":"oks_future","_source":"inferred","heat_load":0.5481,"flow_tph":6.851,"_load_source":"scheme","_ref":"Схема теплоснабжения г. Н. Новгорода до 2030 г. (актуализация на 2026 г.), шифр 22401, Обосновывающие материалы, Гл. 2 Прил. 1 Ч. 3, табл. 2.1 «Прогноз ввода строений различного назначения … до 2030 года»","_item":144,"_name":"Территория в границах Высоковский проезд, ул.Родниковая, р.Кова","_scheme_source":"\"Высоковский проезд, 39\", пер. Звенигородский, 8-а","_district":"Советский район","_year":2030,"_address":"Родниковая улица","_geocode":"street","_contour":"typical","floor_area_m2":18725,"levels":17},"geometry":{"type":"Polygon","coordinates":[[[44.0388307,56.3150192],[44.038692,56.3148979],[44.0396311,56.3145661],[44.0397698,56.3146874],[44.0388307,56.3150192]]]}},
{"type":"Feature","properties":{"object_type":"oks_future","_source":"inferred","heat_load":0.5481,"flow_tph":6.851,"_load_source":"scheme","_ref":"Схема теплоснабжения г. Н. Новгорода до 2030 г. (актуализация на 2026 г.), шифр 22401, Обосновывающие материалы, Гл. 2 Прил. 1 Ч. 3, табл. 2.1 «Прогноз ввода строений различного назначения … до 2030 года»","_item":144,"_name":"Территория в границах Высоковский проезд, ул.Родниковая, р.Кова","_scheme_source":"\"Высоковский проезд, 39\", пер. Звенигородский, 8-а","_district":"Советский район","_year":2030,"_address":"Родниковая улица","_geocode":"street","_contour":"typical","floor_area_m2":18725,"levels":17},"geometry":{"type":"Polygon","coordinates":[[[44.0400872,56.3151661],[44.0403054,56.315089],[44.0409025,56.315611],[44.0406842,56.3156881],[44.0400872,56.3151661]]]}},
{"type":"Feature","properties":{"object_type":"oks_future","_source":"inferred","heat_load":0.5481,"flow_tph":6.851,"_load_source":"scheme","_ref":"Схема теплоснабжения г. Н. Новгорода до 2030 г. (актуализация на 2026 г.), шифр 22401, Обосновывающие материалы, Гл. 2 Прил. 1 Ч. 3, табл. 2.1 «Прогноз ввода строений различного назначения … до 2030 года»","_item":144,"_name":"Территория в границах Высоковский проезд, ул.Родниковая, р.Кова","_scheme_source":"\"Высоковский проезд, 39\", пер. Звенигородский, 8-а","_district":"Советский район","_year":2030,"_address":"Родниковая улица","_geocode":"street","_contour":"typical","floor_area_m2":18725,"levels":17},"geometry":{"type":"Polygon","coordinates":[[[44.0354466,56.3165641],[44.0353078,56.3164428],[44.036247,56.316111],[44.0363857,56.3162323],[44.0354466,56.3165641]]]}},
{"type":"Feature","properties":{"object_type":"oks_future","_source":"inferred","heat_load":0.5481,"flow_tph":6.851,"_load_source":"scheme","_ref":"Схема теплоснабжения г. Н. Новгорода до 2030 г. (актуализация на 2026 г.), шифр 22401, Обосновывающие материалы, Гл. 2 Прил. 1 Ч. 3, табл. 2.1 «Прогноз ввода строений различного назначения … до 2030 года»","_item":144,"_name":"Территория в границах Высоковский проезд, ул.Родниковая, р.Кова","_scheme_source":"\"Высоковский проезд, 39\", пер. Звенигородский, 8-а","_district":"Советский район","_year":2030,"_address":"Родниковая улица","_geocode":"street","_contour":"typical","floor_area_m2":18725,"levels":17},"geometry":{"type":"Polygon","coordinates":[[[44.0438976,56.3151173],[44.0441158,56.3150402],[44.0447129,56.3155621],[44.0444947,56.3156392],[44.0438976,56.3151173]]]}},
{"type":"Feature","properties":{"object_type":"oks_future","_source":"inferred","heat_load":0.5481,"flow_tph":6.851,"_load_source":"scheme","_ref":"Схема теплоснабжения г. Н. Новгорода до 2030 г. (актуализация на 2026 г.), шифр 22401, Обосновывающие материалы, Гл. 2 Прил. 1 Ч. 3, табл. 2.1 «Прогноз ввода строений различного назначения … до 2030 года»","_item":144,"_name":"Территория в границах Высоковский проезд, ул.Родниковая, р.Кова","_scheme_source":"\"Высоковский проезд, 39\", пер. Звенигородский, 8-а","_district":"Советский район","_year":2030,"_address":"Родниковая улица","_geocode":"street","_contour":"typical","floor_area_m2":18725,"levels":17},"geometry":{"type":"Polygon","coordinates":[[[44.0396801,56.3165691],[44.0398984,56.316492],[44.0404955,56.3170139],[44.0402772,56.317091],[44.0396801,56.3165691]]]}},
{"type":"Feature","properties":{"object_type":"oks_future","_source":"inferred","heat_load":0.5481,"flow_tph":6.851,"_load_source":"scheme","_ref":"Схема теплоснабжения г. Н. Новгорода до 2030 г. (актуализация на 2026 г.), шифр 22401, Обосновывающие материалы, Гл. 2 Прил. 1 Ч. 3, табл. 2.1 «Прогноз ввода строений различного назначения … до 2030 года»","_item":144,"_name":"Территория в границах Высоковский проезд, ул.Родниковая, р.Кова","_scheme_source":"\"Высоковский проезд, 39\", пер. Звенигородский, 8-а","_district":"Советский район","_year":2030,"_address":"Родниковая улица","_geocode":"street","_contour":"typical","floor_area_m2":18725,"levels":17},"geometry":{"type":"Polygon","coordinates":[[[44.0363725,56.3170082],[44.0362337,56.3168869],[44.0371729,56.3165551],[44.0373116,56.3166764],[44.0363725,56.3170082]]]}},
{"type":"Feature","properties":{"object_type":"oks_future","_source":"inferred","heat_load":0.5481,"flow_tph":6.851,"_load_source":"scheme","_ref":"Схема теплоснабжения г. Н. Новгорода до 2030 г. (актуализация на 2026 г.), шифр 22401, Обосновывающие материалы, Гл. 2 Прил. 1 Ч. 3, табл. 2.1 «Прогноз ввода строений различного назначения … до 2030 года»","_item":144,"_name":"Территория в границах Высоковский проезд, ул.Родниковая, р.Кова","_scheme_source":"\"Высоковский проезд, 39\", пер. Звенигородский, 8-а","_district":"Советский район","_year":2030,"_address":"Родниковая улица","_geocode":"street","_contour":"typical","floor_area_m2":18725,"levels":17},"geometry":{"type":"Polygon","coordinates":[[[44.0460328,56.3132516],[44.0458941,56.3131303],[44.0468331,56.3127985],[44.0469718,56.3129198],[44.0460328,56.3132516]]]}},
{"type":"Feature","properties":{"object_type":"oks_future","_source":"inferred","heat_load":0.5481,"flow_tph":6.851,"_load_source":"scheme","_ref":"Схема теплоснабжения г. Н. Новгорода до 2030 г. (актуализация на 2026 г.), шифр 22401, Обосновывающие материалы, Гл. 2 Прил. 1 Ч. 3, табл. 2.1 «Прогноз ввода строений различного назначения … до 2030 года»","_item":144,"_name":"Территория в границах Высоковский проезд, ул.Родниковая, р.Кова","_scheme_source":"\"Высоковский проезд, 39\", пер. Звенигородский, 8-а","_district":"Советский район","_year":2030,"_address":"Родниковая улица","_geocode":"street","_contour":"typical","floor_area_m2":18725,"levels":17},"geometry":{"type":"Polygon","coordinates":[[[44.0382323,56.3179225],[44.0384506,56.3178454],[44.0390476,56.3183673],[44.0388294,56.3184445],[44.0382323,56.3179225]]]}},
{"type":"Feature","properties":{"object_type":"oks_future","_source":"inferred","heat_load":0.9649,"flow_tph":12.061,"_load_source":"scheme","_ref":"Схема теплоснабжения г. Н. Новгорода до 2030 г. (актуализация на 2026 г.), шифр 22401, Обосновывающие материалы, Гл. 2 Прил. 1 Ч. 3, табл. 2.1 «Прогноз ввода строений различного назначения … до 2030 года»","_item":145,"_name":"Многоэтажные жилые дома №9 и №10 с помещениями общественного назначения в границах пр. Гагарина, улиц Бекетова, Нартова, Медицинская в Советском районе г. Нижнего Новгорода (ЖК \"Зенит\")","_scheme_source":"\"ГЗРУ\", пр. Гагарина 60 корп. 22","_district":"Советский район","_year":2026,"_address":"в границах проспект Гагарина, улица Бекетова, переулок Нартова, Медицинская улица, Советская площадь, Новая улица","_geocode":"streets","_contour":"typical","floor_area_m2":18000,"levels":17},"geometry":{"type":"Polygon","coordinates":[[[43.9943571,56.2939919],[43.9942991,56.2941319],[43.9932572,56.2939985],[43.9933152,56.2938584],[43.9943571,56.2939919]]]}},
{"type":"Feature","properties":{"object_type":"oks_future","_source":"inferred","heat_load":0.9649,"flow_tph":12.061,"_load_source":"scheme","_ref":"Схема теплоснабжения г. Н. Новгорода до 2030 г. (актуализация на 2026 г.), шифр 22401, Обосновывающие материалы, Гл. 2 Прил. 1 Ч. 3, табл. 2.1 «Прогноз ввода строений различного назначения … до 2030 года»","_item":145,"_name":"Многоэтажные жилые дома №9 и №10 с помещениями общественного назначения в границах пр. Гагарина, улиц Бекетова, Нартова, Медицинская в Советском районе г. Нижнего Новгорода (ЖК \"Зенит\")","_scheme_source":"\"ГЗРУ\", пр. Гагарина 60 корп. 22","_district":"Советский район","_year":2026,"_address":"в границах проспект Гагарина, улица Бекетова, переулок Нартова, Медицинская улица, Советская площадь, Новая улица","_geocode":"streets","_contour":"typical","floor_area_m2":18000,"levels":17},"geometry":{"type":"Polygon","coordinates":[[[43.9929474,56.2937808],[43.9928894,56.2939208],[43.9918476,56.2937874],[43.9919056,56.2936473],[43.9929474,56.2937808]]]}},
{"type":"Feature","properties":{"object_type":"oks_future","_source":"inferred","heat_load":1.0435,"flow_tph":13.044,"_load_source":"scheme","_ref":"Схема теплоснабжения г. Н. Новгорода до 2030 г. (актуализация на 2026 г.), шифр 22401, Обосновывающие материалы, Гл. 2 Прил. 1 Ч. 3, табл. 2.1 «Прогноз ввода строений различного назначения … до 2030 года»","_item":146,"_name":"спортивный комплекс с исскуственным льдом на территории за дворцом спорта \"Нагорный\" областного совета профсоюзов на пересечении ул. Бекетова и пр. Гагарина","_scheme_source":"\"Дворец Спорта\", пр. Гагарина, 25-е","_district":"Советский район","_year":2029,"_address":"в границах Первая улица, улица Бекетова, проспект Гагарина","_geocode":"streets","_contour":"typical","floor_area_m2":12135,"levels":5},"geometry":{"type":"Polygon","coordinates":[[[43.998614,56.2968612],[43.9979846,56.2967711],[43.9982279,56.2962461],[43.9988572,56.2963363],[43.998614,56.2968612]]]}},
{"type":"Feature","properties":{"object_type":"oks_future","_source":"inferred","heat_load":1.0435,"flow_tph":13.044,"_load_source":"scheme","_ref":"Схема теплоснабжения г. Н. Новгорода до 2030 г. (актуализация на 2026 г.), шифр 22401, Обосновывающие материалы, Гл. 2 Прил. 1 Ч. 3, табл. 2.1 «Прогноз ввода строений различного назначения … до 2030 года»","_item":146,"_name":"спортивный комплекс с исскуственным льдом на территории за дворцом спорта \"Нагорный\" областного совета профсоюзов на пересечении ул. Бекетова и пр. Гагарина","_scheme_source":"\"Дворец Спорта\", пр. Гагарина, 25-е","_district":"Советский район","_year":2029,"_address":"в границах Первая улица, улица Бекетова, проспект Гагарина","_geocode":"streets","_contour":"typical","floor_area_m2":12135,"levels":5},"geometry":{"type":"Polygon","coordinates":[[[44.0022571,56.2968303],[44.0020949,56.2971802],[44.0011509,56.297045],[44.001313,56.296695],[44.0022571,56.2968303]]]}},
{"type":"Feature","properties":{"object_type":"oks_future","_source":"inferred","heat_load":1.0435,"flow_tph":13.044,"_load_source":"scheme","_ref":"Схема теплоснабжения г. Н. Новгорода до 2030 г. (актуализация на 2026 г.), шифр 22401, Обосновывающие материалы, Гл. 2 Прил. 1 Ч. 3, табл. 2.1 «Прогноз ввода строений различного назначения … до 2030 года»","_item":146,"_name":"спортивный комплекс с исскуственным льдом на территории за дворцом спорта \"Нагорный\" областного совета профсоюзов на пересечении ул. Бекетова и пр. Гагарина","_scheme_source":"\"Дворец Спорта\", пр. Гагарина, 25-е","_district":"Советский район","_year":2029,"_address":"в границах Первая улица, улица Бекетова, проспект Гагарина","_geocode":"streets","_contour":"typical","floor_area_m2":12135,"levels":5},"geometry":{"type":"Polygon","coordinates":[[[44.0017691,56.2972519],[44.001607,56.2976018],[44.0006629,56.2974665],[44.0008251,56.2971166],[44.0017691,56.2972519]]]}},
{"type":"Feature","properties":{"object_type":"oks_future","_source":"inferred","heat_load":1.0435,"flow_tph":13.044,"_load_source":"scheme","_ref":"Схема теплоснабжения г. Н. Новгорода до 2030 г. (актуализация на 2026 г.), шифр 22401, Обосновывающие материалы, Гл. 2 Прил. 1 Ч. 3, табл. 2.1 «Прогноз ввода строений различного назначения … до 2030 года»","_item":146,"_name":"спортивный комплекс с исскуственным льдом на территории за дворцом спорта \"Нагорный\" областного совета профсоюзов на пересечении ул. Бекетова и пр. Гагарина","_scheme_source":"\"Дворец Спорта\", пр. Гагарина, 25-е","_district":"Советский район","_year":2029,"_address":"в границах Первая улица, улица Бекетова, проспект Гагарина","_geocode":"streets","_contour":"typical","floor_area_m2":12135,"levels":5},"geometry":{"type":"Polygon","coordinates":[[[44.0034729,56.2971197],[44.0033107,56.2974696],[44.0023667,56.2973344],[44.0025288,56.2969844],[44.0034729,56.2971197]]]}},
{"type":"Feature","properties":{"object_type":"oks_future","_source":"real","heat_load":0.0656,"flow_tph":0.82,"_load_source":"scheme","_ref":"Схема теплоснабжения г. Н. Новгорода до 2030 г. (актуализация на 2026 г.), шифр 22401, Обосновывающие материалы, Гл. 2 Прил. 1 Ч. 3, табл. 2.1 «Прогноз ввода строений различного назначения … до 2030 года»","_item":147,"_name":"Нежилое здание по ул. Геологов, д. 1, лит. ММ1М2М3","_scheme_source":"\"Дворец Спорта\", пр. Гагарина, 25-е","_district":"Советский район","_year":2025,"_address":"\"Дворец Спорта\", пр. Гагарина, 25-е","_geocode":"source","_contour":"osm_construction","floor_area_m2":700,"levels":3,"_osm":"w158056699"},"geometry":{"type":"Polygon","coordinates":[[[43.9855257,56.2941093],[43.9860059,56.2940662],[43.985959,56.2939054],[43.9858783,56.2939127],[43.9858542,56.2938301],[43.9854548,56.2938659],[43.9855257,56.2941093]]]}},
{"type":"Feature","properties":{"object_type":"oks_future","_source":"inferred","heat_load":0.513,"flow_tph":6.413,"_load_source":"scheme","_ref":"Схема теплоснабжения г. Н. Новгорода до 2030 г. (актуализация на 2026 г.), шифр 22401, Обосновывающие материалы, Гл. 2 Прил. 1 Ч. 3, табл. 2.1 «Прогноз ввода строений различного назначения … до 2030 года»","_item":148,"_name":"ДОУ по ул. Ванеева, у дома №221","_scheme_source":"\"Кардиоцентр\", ул. Ванеева, 209-б","_district":"Советский район","_year":2026,"_address":"улица Ванеева, 221","_geocode":"near","_contour":"typical","floor_area_m2":2660,"levels":3},"geometry":{"type":"Polygon","coordinates":[[[44.0311844,56.2840366],[44.0307967,56.2840716],[44.0307024,56.2837482],[44.0310901,56.2837132],[44.0311844,56.2840366]]]}},
{"type":"Feature","properties":{"object_type":"oks_future","_source":"inferred","heat_load":0.839,"flow_tph":10.487,"_load_source":"scheme","_ref":"Схема теплоснабжения г. Н. Новгорода до 2030 г. (актуализация на 2026 г.), шифр 22401, Обосновывающие материалы, Гл. 2 Прил. 1 Ч. 3, табл. 2.1 «Прогноз ввода строений различного назначения … до 2030 года»","_item":149,"_name":"Седьмой пусковой комплекс жилой дом № 19 (по генплану) со встроенными помещениями общественного назначения и подземной автостоянкой, ул. Ванеева (южнее Нижегородской областной детской клинической больницы)","_scheme_source":"\"Кардиоцентр\", ул. Ванеева, 209-б","_district":"Советский район","_year":2025,"_address":"улица Ванеева","_geocode":"street","_contour":"typical","floor_area_m2":11500,"levels":12},"geometry":{"type":"Polygon","coordinates":[[[44.0346678,56.29379],[44.0344167,56.2937559],[44.0346457,56.2932331],[44.0348969,56.2932671],[44.0346678,56.29379]]]}},
{"type":"Feature","properties":{"object_type":"oks_future","_source":"inferred","heat_load":0.839,"flow_tph":10.487,"_load_source":"scheme","_ref":"Схема теплоснабжения г. Н. Новгорода до 2030 г. (актуализация на 2026 г.), шифр 22401, Обосновывающие материалы, Гл. 2 Прил. 1 Ч. 3, табл. 2.1 «Прогноз ввода строений различного назначения … до 2030 года»","_item":149,"_name":"Седьмой пусковой комплекс жилой дом № 19 (по генплану) со встроенными помещениями общественного назначения и подземной автостоянкой, ул. Ванеева (южнее Нижегородской областной детской клинической больницы)","_scheme_source":"\"Кардиоцентр\", ул. Ванеева, 209-б","_district":"Советский район","_year":2025,"_address":"улица Ванеева","_geocode":"street","_contour":"typical","floor_area_m2":11500,"levels":12},"geometry":{"type":"Polygon","coordinates":[[[44.033708,56.2906209],[44.0337691,56.2904812],[44.0347092,56.2906086],[44.0346481,56.2907482],[44.033708,56.2906209]]]}},
{"type":"Feature","properties":{"object_type":"oks_future","_source":"inferred","heat_load":0.557,"flow_tph":6.963,"_load_source":"scheme","_ref":"Схема теплоснабжения г. Н. Новгорода до 2030 г. (актуализация на 2026 г.), шифр 22401, Обосновывающие материалы, Гл. 2 Прил. 1 Ч. 3, табл. 2.1 «Прогноз ввода строений различного назначения … до 2030 года»","_item":150,"_name":"Блок 1А (литера Г); Блок 3 (литера Б) (ул. Ванеева, 211)","_scheme_source":"\"Кардиоцентр\", ул. Ванеева, 209-б","_district":"Советский район","_year":2025,"_address":"улица Ванеева, 211","_geocode":"at","_contour":"typical","floor_area_m2":5570,"levels":3},"geometry":{"type":"Polygon","coordinates":[[[44.0377653,56.2854734],[44.0371973,56.285483],[44.0371715,56.2850091],[44.0377396,56.2849995],[44.0377653,56.2854734]]]}},
{"type":"Feature","properties":{"object_type":"oks_future","_source":"inferred","heat_load":0.0349,"flow_tph":0.436,"_load_source":"scheme","_ref":"Схема теплоснабжения г. Н. Новгорода до 2030 г. (актуализация на 2026 г.), шифр 22401, Обосновывающие материалы, Гл. 2 Прил. 1 Ч. 3, табл. 2.1 «Прогноз ввода строений различного назначения … до 2030 года»","_item":152,"_name":"Больница (хозблок) по ул. Ванеева, 209 к1а","_scheme_source":"\"Кардиоцентр\", ул. Ванеева, 209-б","_district":"Советский район","_year":2025,"_address":"улица Ванеева, 209","_geocode":"at","_contour":"typical","floor_area_m2":349,"levels":1},"geometry":{"type":"Polygon","coordinates":[[[44.035398,56.2887294],[44.035152,56.2887218],[44.0351725,56.2885166],[44.0354185,56.2885242],[44.035398,56.2887294]]]}},
{"type":"Feature","properties":{"object_type":"oks_future","_source":"real","heat_load":0.586,"flow_tph":7.326,"_load_source":"scheme","_ref":"Схема теплоснабжения г. Н. Новгорода до 2030 г. (актуализация на 2026 г.), шифр 22401, Обосновывающие материалы, Гл. 2 Прил. 1 Ч. 3, табл. 2.1 «Прогноз ввода строений различного назначения … до 2030 года»","_item":153,"_name":"застройка территории в границах улиц Малая Покровская, Заломова, Нижегородская, Гоголя в Нижегородском районе г.Н.Новгорода","_scheme_source":"\"НТЦ\", ул. Ветеринарная, 5","_district":"Советский район","_year":2030,"_address":"в границах Малая Покровская улица, улица Заломова, Нижегородская улица, переулок Гоголя, Новая улица","_geocode":"streets","_contour":"osm_construction","floor_area_m2":11455,"levels":12,"_osm":"w1390283126"},"geometry":{"type":"Polygon","coordinates":[[[43.984218,56.3211872],[43.9844034,56.3211998],[43.9844229,56.321116],[43.9843042,56.3211069],[43.9842945,56.3211277],[43.9842278,56.3211232],[43.984218,56.3211872]]]}},
{"type":"Feature","properties":{"object_type":"oks_future","_source":"real","heat_load":0.586,"flow_tph":7.326,"_load_source":"scheme","_ref":"Схема теплоснабжения г. Н. Новгорода до 2030 г. (актуализация на 2026 г.), шифр 22401, Обосновывающие материалы, Гл. 2 Прил. 1 Ч. 3, табл. 2.1 «Прогноз ввода строений различного назначения … до 2030 года»","_item":153,"_name":"застройка территории в границах улиц Малая Покровская, Заломова, Нижегородская, Гоголя в Нижегородском районе г.Н.Новгорода","_scheme_source":"\"НТЦ\", ул. Ветеринарная, 5","_district":"Советский район","_year":2030,"_address":"в границах Малая Покровская улица, улица Заломова, Нижегородская улица, переулок Гоголя, Новая улица","_geocode":"streets","_contour":"osm_construction","floor_area_m2":11455,"levels":12,"_osm":"w147488138"},"geometry":{"type":"Polygon","coordinates":[[[43.9829674,56.3211525],[43.9831266,56.3211616],[43.9831487,56.3210429],[43.9829895,56.3210338],[43.9829674,56.3211525]]]}},
{"type":"Feature","properties":{"object_type":"oks_future","_source":"inferred","heat_load":0.841,"flow_tph":10.512,"_load_source":"scheme","_ref":"Схема теплоснабжения г. Н. Новгорода до 2030 г. (актуализация на 2026 г.), шифр 22401, Обосновывающие материалы, Гл. 2 Прил. 1 Ч. 3, табл. 2.1 «Прогноз ввода строений различного назначения … до 2030 года»","_item":154,"_name":"Многоквартирные жилые дома с помещениями общественного назначения по ул. Героя Жидкова, 17/1 стр, 17/2 стр (ЖК \"Студии на Лядова\")","_scheme_source":"\"НТЦ\", ул. Ветеринарная, 5","_district":"Советский район","_year":2027,"_address":"в границах улица Героя Жидкова, площадь Лядова","_geocode":"streets","_contour":"typical","floor_area_m2":14750,"levels":17},"geometry":{"type":"Polygon","coordinates":[[[43.9808298,56.3044416],[43.9810858,56.3044215],[43.9812084,56.3049039],[43.9809524,56.304924],[43.9808298,56.3044416]]]}},
{"type":"Feature","properties":{"object_type":"oks_future","_source":"inferred","heat_load":0.841,"flow_tph":10.512,"_load_source":"scheme","_ref":"Схема теплоснабжения г. Н. Новгорода до 2030 г. (актуализация на 2026 г.), шифр 22401, Обосновывающие материалы, Гл. 2 Прил. 1 Ч. 3, табл. 2.1 «Прогноз ввода строений различного назначения … до 2030 года»","_item":154,"_name":"Многоквартирные жилые дома с помещениями общественного назначения по ул. Героя Жидкова, 17/1 стр, 17/2 стр (ЖК \"Студии на Лядова\")","_scheme_source":"\"НТЦ\", ул. Ветеринарная, 5","_district":"Советский район","_year":2027,"_address":"в границах улица Героя Жидкова, площадь Лядова","_geocode":"streets","_contour":"typical","floor_area_m2":14750,"levels":17},"geometry":{"type":"Polygon","coordinates":[[[43.981494,56.3027784],[43.9814578,56.302636],[43.9823255,56.3025679],[43.9823617,56.3027102],[43.981494,56.3027784]]]}},
{"type":"Feature","properties":{"object_type":"oks_future","_source":"inferred","heat_load":1.5815,"flow_tph":19.769,"_load_source":"scheme","_ref":"Схема теплоснабжения г. Н. Новгорода до 2030 г. (актуализация на 2026 г.), шифр 22401, Обосновывающие материалы, Гл. 2 Прил. 1 Ч. 3, табл. 2.1 «Прогноз ввода строений различного назначения … до 2030 года»","_item":155,"_name":"планировка и межевание территории в границах Артельного проезда, ул. Артельной, реки Старка","_scheme_source":"\"НТЦ\", ул. Ветеринарная, 5","_district":"Советский район","_year":2030,"_address":"Артельная улица","_geocode":"street","_contour":"typical","floor_area_m2":16425,"levels":17},"geometry":{"type":"Polygon","coordinates":[[[43.992119,56.2968894],[43.9918618,56.2968753],[43.9919571,56.2963354],[43.9922144,56.2963495],[43.992119,56.2968894]]]}},
{"type":"Feature","properties":{"object_type":"oks_future","_source":"inferred","heat_load":1.5815,"flow_tph":19.769,"_load_source":"scheme","_ref":"Схема теплоснабжения г. Н. Новгорода до 2030 г. (актуализация на 2026 г.), шифр 22401, Обосновывающие материалы, Гл. 2 Прил. 1 Ч. 3, табл. 2.1 «Прогноз ввода строений различного назначения … до 2030 года»","_item":155,"_name":"планировка и межевание территории в границах Артельного проезда, ул. Артельной, реки Старка","_scheme_source":"\"НТЦ\", ул. Ветеринарная, 5","_district":"Советский район","_year":2030,"_address":"Артельная улица","_geocode":"street","_contour":"typical","floor_area_m2":16425,"levels":17},"geometry":{"type":"Polygon","coordinates":[[[43.9974043,56.2972796],[43.997147,56.2972656],[43.9972423,56.2967256],[43.9974996,56.2967397],[43.9974043,56.2972796]]]}},
{"type":"Feature","properties":{"object_type":"oks_future","_source":"inferred","heat_load":1.5815,"flow_tph":19.769,"_load_source":"scheme","_ref":"Схема теплоснабжения г. Н. Новгорода до 2030 г. (актуализация на 2026 г.), шифр 22401, Обосновывающие материалы, Гл. 2 Прил. 1 Ч. 3, табл. 2.1 «Прогноз ввода строений различного назначения … до 2030 года»","_item":155,"_name":"планировка и межевание территории в границах Артельного проезда, ул. Артельной, реки Старка","_scheme_source":"\"НТЦ\", ул. Ветеринарная, 5","_district":"Советский район","_year":2030,"_address":"Артельная улица","_geocode":"street","_contour":"typical","floor_area_m2":16425,"levels":17},"geometry":{"type":"Polygon","coordinates":[[[43.9986412,56.2971546],[43.9986159,56.2972976],[43.9976449,56.2972447],[43.9976701,56.2971016],[43.9986412,56.2971546]]]}},
{"type":"Feature","properties":{"object_type":"oks_future","_source":"inferred","heat_load":1.5815,"flow_tph":19.769,"_load_source":"scheme","_ref":"Схема теплоснабжения г. Н. Новгорода до 2030 г. (актуализация на 2026 г.), шифр 22401, Обосновывающие материалы, Гл. 2 Прил. 1 Ч. 3, табл. 2.1 «Прогноз ввода строений различного назначения … до 2030 года»","_item":155,"_name":"планировка и межевание территории в границах Артельного проезда, ул. Артельной, реки Старка","_scheme_source":"\"НТЦ\", ул. Ветеринарная, 5","_district":"Советский район","_year":2030,"_address":"Артельная улица","_geocode":"street","_contour":"typical","floor_area_m2":16425,"levels":17},"geometry":{"type":"Polygon","coordinates":[[[43.997714,56.296039],[43.9976888,56.2961821],[43.9967178,56.2961291],[43.996743,56.295986],[43.997714,56.296039]]]}},
{"type":"Feature","properties":{"object_type":"oks_future","_source":"inferred","heat_load":0.3174,"flow_tph":3.968,"_load_source":"scheme","_ref":"Схема теплоснабжения г. Н. Новгорода до 2030 г. (актуализация на 2026 г.), шифр 22401, Обосновывающие материалы, Гл. 2 Прил. 1 Ч. 3, табл. 2.1 «Прогноз ввода строений различного назначения … до 2030 года»","_item":156,"_name":"Проект планировки и межевания территории в границах улиц Бекетова, Нартова, Юбилейная, переулок Нартова в Советском районе г. Нижнего Новгорода. Административное 10-эт. здание с автостоянкой","_scheme_source":"\"НТЦ\", ул. Ветеринарная, 5","_district":"Советский район","_year":2030,"_address":"в границах улица Бекетова, переулок Нартова, Юбилейная улица, Первая улица, Советская площадь, Новая улица","_geocode":"streets","_contour":"typical","floor_area_m2":8650,"levels":5},"geometry":{"type":"Polygon","coordinates":[[[44.0150065,56.2900984],[44.0148754,56.2903947],[44.0140763,56.2902853],[44.0142075,56.289989],[44.0150065,56.2900984]]]}},
{"type":"Feature","properties":{"object_type":"oks_future","_source":"inferred","heat_load":0.2204,"flow_tph":2.755,"_load_source":"scheme","_ref":"Схема теплоснабжения г. Н. Новгорода до 2030 г. (актуализация на 2026 г.), шифр 22401, Обосновывающие материалы, Гл. 2 Прил. 1 Ч. 3, табл. 2.1 «Прогноз ввода строений различного назначения … до 2030 года»","_item":157,"_name":"Проект планировки и межевания территории в границах улиц Бекетова, Нартова, Юбилейная, переулок Нартова в Советском районе г. Нижнего Новгорода. Административно- офисное 12-эт. здание с автостоянкой","_scheme_source":"\"НТЦ\", ул. Ветеринарная, 5","_district":"Советский район","_year":2029,"_address":"в границах улица Бекетова, переулок Нартова, Юбилейная улица, Первая улица, Советская площадь, Новая улица","_geocode":"streets","_contour":"typical","floor_area_m2":6000,"levels":5},"geometry":{"type":"Polygon","coordinates":[[[44.0138545,56.2901657],[44.0137453,56.2904124],[44.0130798,56.2903213],[44.013189,56.2900746],[44.0138545,56.2901657]]]}},
{"type":"Feature","properties":{"object_type":"oks_future","_source":"inferred","heat_load":0.3645,"flow_tph":4.556,"_load_source":"scheme","_ref":"Схема теплоснабжения г. Н. Новгорода до 2030 г. (актуализация на 2026 г.), шифр 22401, Обосновывающие материалы, Гл. 2 Прил. 1 Ч. 3, табл. 2.1 «Прогноз ввода строений различного назначения … до 2030 года»","_item":158,"_name":"Проект планировки и межевания территории в границах улиц Бекетова, Нартова, Юбилейная, переулок Нартова в Советском районе г. Нижнего Новгорода. Административно- офисное 5-эт. здание с автостоянкой","_scheme_source":"\"НТЦ\", ул. Ветеринарная, 5","_district":"Советский район","_year":2028,"_address":"в границах улица Бекетова, переулок Нартова, Юбилейная улица, Первая улица, Советская площадь, Новая улица","_geocode":"streets","_contour":"typical","floor_area_m2":9930,"levels":5},"geometry":{"type":"Polygon","coordinates":[[[44.0156541,56.2896138],[44.0155136,56.2899313],[44.0146574,56.2898141],[44.0147979,56.2894966],[44.0156541,56.2896138]]]}},
{"type":"Feature","properties":{"object_type":"oks_future","_source":"inferred","heat_load":0.4137,"flow_tph":5.171,"_load_source":"scheme","_ref":"Схема теплоснабжения г. Н. Новгорода до 2030 г. (актуализация на 2026 г.), шифр 22401, Обосновывающие материалы, Гл. 2 Прил. 1 Ч. 3, табл. 2.1 «Прогноз ввода строений различного назначения … до 2030 года»","_item":159,"_name":"Проект планировки и межевания территории в границах улиц Бекетова, Нартова, Юбилейная, переулок Нартова в Советском районе г. Нижнего Новгорода. Гараж-стоянка 5-эт. закрытого типа","_scheme_source":"\"НТЦ\", ул. Ветеринарная, 5","_district":"Советский район","_year":2030,"_address":"в границах улица Бекетова, переулок Нартова, Юбилейная улица, Первая улица, Советская площадь, Новая улица, Гаражная улица","_geocode":"streets","_contour":"typical","floor_area_m2":11270,"levels":5},"geometry":{"type":"Polygon","coordinates":[[[44.0189826,56.2978201],[44.0183763,56.2977328],[44.0186118,56.2972271],[44.0192181,56.2973144],[44.0189826,56.2978201]]]}},
{"type":"Feature","properties":{"object_type":"oks_future","_source":"inferred","heat_load":0.4137,"flow_tph":5.171,"_load_source":"scheme","_ref":"Схема теплоснабжения г. Н. Новгорода до 2030 г. (актуализация на 2026 г.), шифр 22401, Обосновывающие материалы, Гл. 2 Прил. 1 Ч. 3, табл. 2.1 «Прогноз ввода строений различного назначения … до 2030 года»","_item":159,"_name":"Проект планировки и межевания территории в границах улиц Бекетова, Нартова, Юбилейная, переулок Нартова в Советском районе г. Нижнего Новгорода. Гараж-стоянка 5-эт. закрытого типа","_scheme_source":"\"НТЦ\", ул. Ветеринарная, 5","_district":"Советский район","_year":2030,"_address":"в границах улица Бекетова, переулок Нартова, Юбилейная улица, Первая улица, Советская площадь, Новая улица, Гаражная улица","_geocode":"streets","_contour":"typical","floor_area_m2":11270,"levels":5},"geometry":{"type":"Polygon","coordinates":[[[44.018567,56.2984288],[44.0179607,56.2983416],[44.0181962,56.2978358],[44.0188025,56.2979231],[44.018567,56.2984288]]]}},
{"type":"Feature","properties":{"object_type":"oks_future","_source":"inferred","heat_load":0.1303,"flow_tph":1.629,"_load_source":"scheme","_ref":"Схема теплоснабжения г. Н. Новгорода до 2030 г. (актуализация на 2026 г.), шифр 22401, Обосновывающие материалы, Гл. 2 Прил. 1 Ч. 3, табл. 2.1 «Прогноз ввода строений различного назначения … до 2030 года»","_item":160,"_name":"Проект планировки и межевания территории в границах улиц Бекетова, Нартова, Юбилейная, переулок Нартова в Советском районе г. Нижнего Новгорода. Надстройка 3- этажного здания торгового центра до 4-х этажей","_scheme_source":"\"НТЦ\", ул. Ветеринарная, 5","_district":"Советский район","_year":2028,"_address":"в границах улица Бекетова, переулок Нартова, Юбилейная улица, Первая улица, Советская площадь, Новая улица","_geocode":"streets","_contour":"typical","floor_area_m2":3550,"levels":3},"geometry":{"type":"Polygon","coordinates":[[[44.0121308,56.2967192],[44.0120223,56.2969643],[44.0113613,56.2968738],[44.0114698,56.2966288],[44.0121308,56.2967192]]]}},
{"type":"Feature","properties":{"object_type":"oks_future","_source":"real","heat_load":0.9706,"flow_tph":12.133,"_load_source":"scheme","_ref":"Схема теплоснабжения г. Н. Новгорода до 2030 г. (актуализация на 2026 г.), шифр 22401, Обосновывающие материалы, Гл. 2 Прил. 1 Ч. 3, табл. 2.1 «Прогноз ввода строений различного назначения … до 2030 года»","_item":161,"_name":"реконструируемый учебный корпус № 2, подземный паркинг на 78 м/мест по ул. Б.Печерская,25/12","_scheme_source":"\"НТЦ\", ул. Ветеринарная, 5","_district":"Советский район","_year":2027,"_address":"Печёрский съезд, 25/12","_geocode":"at","_contour":"osm_construction","floor_area_m2":6000,"levels":5,"_osm":"w222765940"},"geometry":{"type":"Polygon","coordinates":[[[44.022773,56.3248881],[44.0231481,56.3248117],[44.0230796,56.3247084],[44.0227045,56.3247849],[44.022773,56.3248881]]]}},
{"type":"Feature","properties":{"object_type":"oks_future","_source":"inferred","heat_load":0.66,"flow_tph":8.25,"_load_source":"scheme","_ref":"Схема теплоснабжения г. Н. Новгорода до 2030 г. (актуализация на 2026 г.), шифр 22401, Обосновывающие материалы, Гл. 2 Прил. 1 Ч. 3, табл. 2.1 «Прогноз ввода строений различного назначения … до 2030 года»","_item":162,"_name":"Многоквартирный жилой дом с подвалом, встроенно- пристроенными помещениями общественного назначения и эксплуатируемой кровлей (1-ая очередь строительства, 2-ой пусковой комплекс) №1 (на основном чертеже) в застройке территории по ул. Ванеева в Советском районе города Нижнего Новгорода (в границах улиц Бориса Панина, Ванеева в Советском районе города Нижнего Новгорода)","_scheme_source":"\"НТЦ\", ул. Ветеринарная, 5","_district":"Советский район","_year":2025,"_address":"в границах улица Ванеева, Советская площадь, Горная улица, Новая улица, улица Бориса Панина","_geocode":"streets","_contour":"typical","floor_area_m2":10000,"levels":12},"geometry":{"type":"Polygon","coordinates":[[[44.0211038,56.3051438],[44.0213126,56.3052286],[44.020816,56.3056064],[44.0206072,56.3055216],[44.0211038,56.3051438]]]}},
{"type":"Feature","properties":{"object_type":"oks_future","_source":"inferred","heat_load":0.0305,"flow_tph":0.381,"_load_source":"scheme","_ref":"Схема теплоснабжения г. Н. Новгорода до 2030 г. (актуализация на 2026 г.), шифр 22401, Обосновывающие материалы, Гл. 2 Прил. 1 Ч. 3, табл. 2.1 «Прогноз ввода строений различного назначения … до 2030 года»","_item":163,"_name":"многоквартирный жилой дом, здание дневного стационара (ул. Тимирязева, 3)","_scheme_source":"\"НТЦ\", ул. Ветеринарная, 5","_district":"Советский район","_year":2026,"_address":"улица Тимирязева, 3","_geocode":"at","_contour":"typical","floor_area_m2":700,"levels":3},"geometry":{"type":"Polygon","coordinates":[[[43.9934888,56.3055373],[43.9932891,56.305522],[43.9933303,56.3053555],[43.99353,56.3053708],[43.9934888,56.3055373]]]}},
{"type":"Feature","properties":{"object_type":"oks_future","_source":"inferred","heat_load":1.1902,"flow_tph":14.877,"_load_source":"scheme","_ref":"Схема теплоснабжения г. Н. Новгорода до 2030 г. (актуализация на 2026 г.), шифр 22401, Обосновывающие материалы, Гл. 2 Прил. 1 Ч. 3, табл. 2.1 «Прогноз ввода строений различного назначения … до 2030 года»","_item":164,"_name":"Гостиница с подземной автостоянкой (№5 по генплану) в застройке жилого квартала в границах улиц Студенческая, Окский съезд, проспект Гагарина в Советском районе города Нижнего Новгорода (ул. Маршала Баграмяна, участок 7)","_scheme_source":"\"НТЦ\", ул. Ветеринарная, 5","_district":"Советский район","_year":2027,"_address":"в границах Студенческая улица, проспект Гагарина, Советская площадь, Горная улица, Новая улица, улица Марата, улица Маршала Баграмяна","_geocode":"streets","_contour":"typical","floor_area_m2":16000,"levels":17},"geometry":{"type":"Polygon","coordinates":[[[43.9843755,56.2996123],[43.9846335,56.2996036],[43.984691,56.3001311],[43.9844329,56.3001398],[43.9843755,56.2996123]]]}},
{"type":"Feature","properties":{"object_type":"oks_future","_source":"real","heat_load":0.7101,"flow_tph":8.876,"_load_source":"scheme","_ref":"Схема теплоснабжения г. Н. Новгорода до 2030 г. (актуализация на 2026 г.), шифр 22401, Обосновывающие материалы, Гл. 2 Прил. 1 Ч. 3, табл. 2.1 «Прогноз ввода строений различного назначения … до 2030 года»","_item":166,"_name":"Жилые дома с магазинами, конторскими помещениями и подземной автостоянкой, 1ПК, в границах улиц М.Горького, Короленко, Славянская, Студеная(ЖК 'Дом на Горького')","_scheme_source":"\"НТЦ\", ул. Ветеринарная, 5","_district":"Советский район","_year":2025,"_address":"в границах Конный проезд, Горная улица, улица Короленко, Славянская улица, Студёная улица","_geocode":"streets","_contour":"osm_construction","floor_area_m2":13000,"levels":17,"_osm":"w173350445"},"geometry":{"type":"Polygon","coordinates":[[[44.0015633,56.3081517],[44.0016264,56.3078551],[44.0016842,56.3078589],[44.0017544,56.3075293],[44.0013466,56.3075026],[44.0012132,56.3081288],[44.0015633,56.3081517]]]}},
{"type":"Feature","properties":{"object_type":"oks_future","_source":"inferred","heat_load":0.7101,"flow_tph":8.876,"_load_source":"scheme","_ref":"Схема теплоснабжения г. Н. Новгорода до 2030 г. (актуализация на 2026 г.), шифр 22401, Обосновывающие материалы, Гл. 2 Прил. 1 Ч. 3, табл. 2.1 «Прогноз ввода строений различного назначения … до 2030 года»","_item":166,"_name":"Жилые дома с магазинами, конторскими помещениями и подземной автостоянкой, 1ПК, в границах улиц М.Горького, Короленко, Славянская, Студеная(ЖК 'Дом на Горького')","_scheme_source":"\"НТЦ\", ул. Ветеринарная, 5","_district":"Советский район","_year":2025,"_address":"в границах Конный проезд, Горная улица, улица Короленко, Славянская улица, Студёная улица","_geocode":"streets","_contour":"typical","floor_area_m2":13000,"levels":17},"geometry":{"type":"Polygon","coordinates":[[[44.0023573,56.3106237],[44.0021142,56.3105747],[44.0023777,56.3101711],[44.0026208,56.3102201],[44.0023573,56.3106237]]]}},
{"type":"Feature","properties":{"object_type":"oks_future","_source":"inferred","heat_load":0.3518,"flow_tph":4.397,"_load_source":"scheme","_ref":"Схема теплоснабжения г. Н. Новгорода до 2030 г. (актуализация на 2026 г.), шифр 22401, Обосновывающие материалы, Гл. 2 Прил. 1 Ч. 3, табл. 2.1 «Прогноз ввода строений различного назначения … до 2030 года»","_item":167,"_name":"Административное-производственное здание со складами и бытовыми помещениями, ул. Ветеринарная, 5","_scheme_source":"\"НТЦ\", ул. Ветеринарная, 5","_district":"Советский район","_year":2025,"_address":"Ветеринарная улица, 5","_geocode":"at","_contour":"typical","floor_area_m2":2000,"levels":3},"geometry":{"type":"Polygon","coordinates":[[[43.994864,56.3033941],[43.9948276,56.3035824],[43.9943195,56.3035521],[43.9943558,56.3033637],[43.994864,56.3033941]]]}},
{"type":"Feature","properties":{"object_type":"oks_future","_source":"inferred","heat_load":1.1434,"flow_tph":14.292,"_load_source":"scheme","_ref":"Схема теплоснабжения г. Н. Новгорода до 2030 г. (актуализация на 2026 г.), шифр 22401, Обосновывающие материалы, Гл. 2 Прил. 1 Ч. 3, табл. 2.1 «Прогноз ввода строений различного назначения … до 2030 года»","_item":168,"_name":"Многоквартирный дом со встроенными помещениями общественного назначения и подземной стоянкой (№ 1 по генплану), ул. Артельная, 15","_scheme_source":"\"НТЦ\", ул. Ветеринарная, 5","_district":"Советский район","_year":2027,"_address":"Артельная улица","_geocode":"street","_contour":"typical","floor_area_m2":20000,"levels":17},"geometry":{"type":"Polygon","coordinates":[[[43.9994065,56.3016964],[43.9993813,56.3018395],[43.9981988,56.301775],[43.998224,56.3016319],[43.9994065,56.3016964]]]}},
{"type":"Feature","properties":{"object_type":"oks_future","_source":"inferred","heat_load":1.1434,"flow_tph":14.292,"_load_source":"scheme","_ref":"Схема теплоснабжения г. Н. Новгорода до 2030 г. (актуализация на 2026 г.), шифр 22401, Обосновывающие материалы, Гл. 2 Прил. 1 Ч. 3, табл. 2.1 «Прогноз ввода строений различного назначения … до 2030 года»","_item":168,"_name":"Многоквартирный дом со встроенными помещениями общественного назначения и подземной стоянкой (№ 1 по генплану), ул. Артельная, 15","_scheme_source":"\"НТЦ\", ул. Ветеринарная, 5","_district":"Советский район","_year":2027,"_address":"Артельная улица","_geocode":"street","_contour":"typical","floor_area_m2":20000,"levels":17},"geometry":{"type":"Polygon","coordinates":[[[44.0025509,56.2978429],[44.0025257,56.297986],[44.0013433,56.2979215],[44.0013685,56.2977784],[44.0025509,56.2978429]]]}},
{"type":"Feature","properties":{"object_type":"oks_future","_source":"inferred","heat_load":1.1434,"flow_tph":14.292,"_load_source":"scheme","_ref":"Схема теплоснабжения г. Н. Новгорода до 2030 г. (актуализация на 2026 г.), шифр 22401, Обосновывающие материалы, Гл. 2 Прил. 1 Ч. 3, табл. 2.1 «Прогноз ввода строений различного назначения … до 2030 года»","_item":168,"_name":"Многоквартирный дом со встроенными помещениями общественного назначения и подземной стоянкой (№ 1 по генплану), ул. Артельная, 15","_scheme_source":"\"НТЦ\", ул. Ветеринарная, 5","_district":"Советский район","_year":2027,"_address":"Артельная улица","_geocode":"street","_contour":"typical","floor_area_m2":20000,"levels":17},"geometry":{"type":"Polygon","coordinates":[[[44.0029526,56.2981845],[44.0029274,56.2983276],[44.0017449,56.2982631],[44.0017702,56.2981201],[44.0029526,56.2981845]]]}},
{"type":"Feature","properties":{"object_type":"oks_future","_source":"inferred","heat_load":1.6933,"flow_tph":21.167,"_load_source":"scheme","_ref":"Схема теплоснабжения г. Н. Новгорода до 2030 г. (актуализация на 2026 г.), шифр 22401, Обосновывающие материалы, Гл. 2 Прил. 1 Ч. 3, табл. 2.1 «Прогноз ввода строений различного назначения … до 2030 года»","_item":169,"_name":"Многоквартирный дом со встроенными помещениями общественного назначения и подземной стоянкой (№ 1 по генплану) (ул. Артельная, 15)","_scheme_source":"\"НТЦ\", ул. Ветеринарная, 5","_district":"Советский район","_year":2025,"_address":"Артельная улица","_geocode":"street","_contour":"typical","floor_area_m2":12500,"levels":17},"geometry":{"type":"Polygon","coordinates":[[[43.995229,56.2967067],[43.9952037,56.2968497],[43.9944647,56.2968094],[43.99449,56.2966663],[43.995229,56.2967067]]]}},
{"type":"Feature","properties":{"object_type":"oks_future","_source":"inferred","heat_load":1.6933,"flow_tph":21.167,"_load_source":"scheme","_ref":"Схема теплоснабжения г. Н. Новгорода до 2030 г. (актуализация на 2026 г.), шифр 22401, Обосновывающие материалы, Гл. 2 Прил. 1 Ч. 3, табл. 2.1 «Прогноз ввода строений различного назначения … до 2030 года»","_item":169,"_name":"Многоквартирный дом со встроенными помещениями общественного назначения и подземной стоянкой (№ 1 по генплану) (ул. Артельная, 15)","_scheme_source":"\"НТЦ\", ул. Ветеринарная, 5","_district":"Советский район","_year":2025,"_address":"Артельная улица","_geocode":"street","_contour":"typical","floor_area_m2":12500,"levels":17},"geometry":{"type":"Polygon","coordinates":[[[43.9903066,56.2994208],[43.9900493,56.2994068],[43.9901219,56.2989959],[43.9903792,56.29901],[43.9903066,56.2994208]]]}},
{"type":"Feature","properties":{"object_type":"oks_future","_source":"inferred","heat_load":0.753,"flow_tph":9.412,"_load_source":"scheme","_ref":"Схема теплоснабжения г. Н. Новгорода до 2030 г. (актуализация на 2026 г.), шифр 22401, Обосновывающие материалы, Гл. 2 Прил. 1 Ч. 3, табл. 2.1 «Прогноз ввода строений различного назначения … до 2030 года»","_item":170,"_name":"Строительство спортивного центра (ул. Ванеева, 110Б)","_scheme_source":"\"НТЦ\", ул. Ветеринарная, 5","_district":"Советский район","_year":2026,"_address":"улица Ванеева, 110Б","_geocode":"at","_contour":"typical","floor_area_m2":5000,"levels":3},"geometry":{"type":"Polygon","coordinates":[[[44.0385141,56.2858363],[44.0379757,56.2858322],[44.037987,56.285383],[44.0385253,56.2853872],[44.0385141,56.2858363]]]}},
{"type":"Feature","properties":{"object_type":"oks_future","_source":"inferred","heat_load":0.8231,"flow_tph":10.289,"_load_source":"scheme","_ref":"Схема теплоснабжения г. Н. Новгорода до 2030 г. (актуализация на 2026 г.), шифр 22401, Обосновывающие материалы, Гл. 2 Прил. 1 Ч. 3, табл. 2.1 «Прогноз ввода строений различного назначения … до 2030 года»","_item":171,"_name":"Жилой комплекс (2 очередь строительства) (в квартале улиц Белинского, Тверская, Невзоровых )","_scheme_source":"\"НТЦ\", ул. Ветеринарная, 5","_district":"Советский район","_year":2025,"_address":"в границах улица Белинского, Тверская улица, улица Невзоровых","_geocode":"streets","_contour":"typical","floor_area_m2":16000,"levels":17},"geometry":{"type":"Polygon","coordinates":[[[44.0137108,56.3176285],[44.0138456,56.3175058],[44.0146573,56.3177811],[44.0145225,56.3179038],[44.0137108,56.3176285]]]}},
{"type":"Feature","properties":{"object_type":"oks_future","_source":"inferred","heat_load":1.2297,"flow_tph":15.371,"_load_source":"scheme","_ref":"Схема теплоснабжения г. Н. Новгорода до 2030 г. (актуализация на 2026 г.), шифр 22401, Обосновывающие материалы, Гл. 2 Прил. 1 Ч. 3, табл. 2.1 «Прогноз ввода строений различного назначения … до 2030 года»","_item":172,"_name":"Административное здание с многоэтажным паркингом и элементами сервисно-технического обслуживания, ул. Тимирязева (пересечение с ул. Оранжерейный тупик)","_scheme_source":"\"НТЦ\", ул. Ветеринарная, 5","_district":"Советский район","_year":2026,"_address":"в границах улица Тимирязева, Первая улица, Оранжерейный проезд","_geocode":"streets","_contour":"typical","floor_area_m2":9000,"levels":5},"geometry":{"type":"Polygon","coordinates":[[[44.0046708,56.3029314],[44.0048065,56.3026295],[44.0056212,56.3027426],[44.0054855,56.3030446],[44.0046708,56.3029314]]]}},
{"type":"Feature","properties":{"object_type":"oks_future","_source":"inferred","heat_load":0.034,"flow_tph":0.425,"_load_source":"scheme","_ref":"Схема теплоснабжения г. Н. Новгорода до 2030 г. (актуализация на 2026 г.), шифр 22401, Обосновывающие материалы, Гл. 2 Прил. 1 Ч. 3, табл. 2.1 «Прогноз ввода строений различного назначения … до 2030 года»","_item":173,"_name":"Школа, ул. Генкиной, 84","_scheme_source":"\"НТЦ\", ул. Ветеринарная, 5","_district":"Советский район","_year":2025,"_address":"улица Генкиной, 84","_geocode":"at","_contour":"typical","floor_area_m2":340,"levels":1},"geometry":{"type":"Polygon","coordinates":[[[44.0299529,56.3175283],[44.0298368,56.3176472],[44.0295159,56.3175505],[44.029632,56.3174316],[44.0299529,56.3175283]]]}},
{"type":"Feature","properties":{"object_type":"oks_future","_source":"real","heat_load":0.2157,"flow_tph":2.696,"_load_source":"scheme","_ref":"Схема теплоснабжения г. Н. Новгорода до 2030 г. (актуализация на 2026 г.), шифр 22401, Обосновывающие материалы, Гл. 2 Прил. 1 Ч. 3, табл. 2.1 «Прогноз ввода строений различного назначения … до 2030 года»","_item":174,"_name":"Международная телефонная станция № 3, ул. Студенческая, 13","_scheme_source":"\"НТЦ\", ул. Ветеринарная, 5","_district":"Советский район","_year":2025,"_address":"Студенческая улица","_geocode":"street","_contour":"osm_construction","floor_area_m2":1500,"levels":3,"_osm":"w1429989447"},"geometry":{"type":"Polygon","coordinates":[[[43.9908002,56.3045719],[43.9910732,56.3046817],[43.991653,56.3042379],[43.9913802,56.3041282],[43.9908002,56.3045719]]]}},
{"type":"Feature","properties":{"object_type":"oks_future","_source":"inferred","heat_load":0.3192,"flow_tph":3.991,"_load_source":"scheme","_ref":"Схема теплоснабжения г. Н. Новгорода до 2030 г. (актуализация на 2026 г.), шифр 22401, Обосновывающие материалы, Гл. 2 Прил. 1 Ч. 3, табл. 2.1 «Прогноз ввода строений различного назначения … до 2030 года»","_item":176,"_name":"Здание бытового обслуживания с подземной автостоянкой на пересечении улиц Короленко - Новая","_scheme_source":"\"НТЦ\", ул. Ветеринарная, 5","_district":"Советский район","_year":2027,"_address":"в границах Первая улица, улица Короленко, Новая улица","_geocode":"streets","_contour":"typical","floor_area_m2":9905,"levels":5},"geometry":{"type":"Polygon","coordinates":[[[43.9925738,56.3091336],[43.9928865,56.30941],[43.9921407,56.3096707],[43.991828,56.3093944],[43.9925738,56.3091336]]]}},
{"type":"Feature","properties":{"object_type":"oks_future","_source":"inferred","heat_load":0.3192,"flow_tph":3.991,"_load_source":"scheme","_ref":"Схема теплоснабжения г. Н. Новгорода до 2030 г. (актуализация на 2026 г.), шифр 22401, Обосновывающие материалы, Гл. 2 Прил. 1 Ч. 3, табл. 2.1 «Прогноз ввода строений различного назначения … до 2030 года»","_item":176,"_name":"Здание бытового обслуживания с подземной автостоянкой на пересечении улиц Короленко - Новая","_scheme_source":"\"НТЦ\", ул. Ветеринарная, 5","_district":"Советский район","_year":2027,"_address":"в границах Первая улица, улица Короленко, Новая улица","_geocode":"streets","_contour":"typical","floor_area_m2":9905,"levels":5},"geometry":{"type":"Polygon","coordinates":[[[43.9905487,56.3104403],[43.9900514,56.3106141],[43.9895824,56.3101995],[43.9900796,56.3100257],[43.9905487,56.3104403]]]}},
{"type":"Feature","properties":{"object_type":"oks_future","_source":"real","heat_load":0.9262,"flow_tph":11.578,"_load_source":"scheme","_ref":"Схема теплоснабжения г. Н. Новгорода до 2030 г. (актуализация на 2026 г.), шифр 22401, Обосновывающие материалы, Гл. 2 Прил. 1 Ч. 3, табл. 2.1 «Прогноз ввода строений различного назначения … до 2030 года»","_item":177,"_name":"многоквартирный жилой дом № 1 (по генплану) со встроенными помещениями общественного назначения в границах проспекта Гагарина и переулка Светлогорский","_scheme_source":"\"НТЦ\", ул. Ветеринарная, 5","_district":"Советский район","_year":2026,"_address":"в границах проспект Гагарина, Первая улица, Свежий переулок","_geocode":"streets","_contour":"osm_construction","floor_area_m2":20000,"levels":17,"_osm":"w156360640"},"geometry":{"type":"Polygon","coordinates":[[[44.0254645,56.2966726],[44.0251617,56.2966228],[44.0251085,56.2967224],[44.0251844,56.2967349],[44.025156,56.2967881],[44.0253829,56.2968254],[44.0254645,56.2966726]]]}},
{"type":"Feature","properties":{"object_type":"oks_future","_source":"inferred","heat_load":0.4885,"flow_tph":6.107,"_load_source":"scheme","_ref":"Схема теплоснабжения г. Н. Новгорода до 2030 г. (актуализация на 2026 г.), шифр 22401, Обосновывающие материалы, Гл. 2 Прил. 1 Ч. 3, табл. 2.1 «Прогноз ввода строений различного назначения … до 2030 года»","_item":178,"_name":"многоквартирный жилой дом № 3б (по генплану) со встроенными помещениями общественного назначения в границах проспекта Гагарина и переулка Светлогорский","_scheme_source":"\"НТЦ\", ул. Ветеринарная, 5","_district":"Советский район","_year":2025,"_address":"в границах проспект Гагарина, Первая улица, Свежий переулок","_geocode":"streets","_contour":"typical","floor_area_m2":10500,"levels":12},"geometry":{"type":"Polygon","coordinates":[[[44.0195139,56.2975046],[44.0197658,56.2975372],[44.0195658,56.2980157],[44.019314,56.2979832],[44.0195139,56.2975046]]]}},
{"type":"Feature","properties":{"object_type":"oks_future","_source":"inferred","heat_load":0.4885,"flow_tph":6.107,"_load_source":"scheme","_ref":"Схема теплоснабжения г. Н. Новгорода до 2030 г. (актуализация на 2026 г.), шифр 22401, Обосновывающие материалы, Гл. 2 Прил. 1 Ч. 3, табл. 2.1 «Прогноз ввода строений различного назначения … до 2030 года»","_item":178,"_name":"многоквартирный жилой дом № 3б (по генплану) со встроенными помещениями общественного назначения в границах проспекта Гагарина и переулка Светлогорский","_scheme_source":"\"НТЦ\", ул. Ветеринарная, 5","_district":"Советский район","_year":2025,"_address":"в границах проспект Гагарина, Первая улица, Свежий переулок","_geocode":"streets","_contour":"typical","floor_area_m2":10500,"levels":12},"geometry":{"type":"Polygon","coordinates":[[[44.0176598,56.2977337],[44.0176013,56.2978737],[44.0167406,56.2977625],[44.0167991,56.2976225],[44.0176598,56.2977337]]]}},
{"type":"Feature","properties":{"object_type":"oks_future","_source":"inferred","heat_load":0.3249,"flow_tph":4.061,"_load_source":"scheme","_ref":"Схема теплоснабжения г. Н. Новгорода до 2030 г. (актуализация на 2026 г.), шифр 22401, Обосновывающие материалы, Гл. 2 Прил. 1 Ч. 3, табл. 2.1 «Прогноз ввода строений различного назначения … до 2030 года»","_item":179,"_name":"Апарт-отель по ул. Звездинка, 24А","_scheme_source":"\"НТЦ\", ул. Ветеринарная, 5","_district":"Советский район","_year":2027,"_address":"\"НТЦ\", ул. Ветеринарная, 5","_geocode":"source","_contour":"typical","floor_area_m2":2500,"levels":5},"geometry":{"type":"Polygon","coordinates":[[[43.9970049,56.303357],[43.9969857,56.3035004],[43.9964821,56.3034795],[43.9965013,56.3033362],[43.9970049,56.303357]]]}},
{"type":"Feature","properties":{"object_type":"oks_future","_source":"real","heat_load":0.7572,"flow_tph":9.466,"_load_source":"scheme","_ref":"Схема теплоснабжения г. Н. Новгорода до 2030 г. (актуализация на 2026 г.), шифр 22401, Обосновывающие материалы, Гл. 2 Прил. 1 Ч. 3, табл. 2.1 «Прогноз ввода строений различного назначения … до 2030 года»","_item":181,"_name":"Многоквартирный жилой дом со встроенными учреждениями общественного назначения и встроенно-пристроенной подземной автостоянкой автомобилей (№30 по генплану) в границах улиц Гаражная, Бориса Панина, Высоковский проезд вдоль реки Старка в Советском районе (ЖК \"Янтарь\")","_scheme_source":"\"НТЦ\", ул. Ветеринарная, 5","_district":"Советский район","_year":2025,"_address":"в границах Гаражная улица, улица Бориса Панина, Советская площадь","_geocode":"streets","_contour":"osm_construction","floor_area_m2":17500,"levels":17,"_osm":"w157888120"},"geometry":{"type":"Polygon","coordinates":[[[44.0342415,56.304534],[44.0341749,56.304607],[44.0346659,56.3047448],[44.0347324,56.3046718],[44.0342415,56.304534]]]}},
{"type":"Feature","properties":{"object_type":"oks_future","_source":"real","heat_load":0.7572,"flow_tph":9.466,"_load_source":"scheme","_ref":"Схема теплоснабжения г. Н. Новгорода до 2030 г. (актуализация на 2026 г.), шифр 22401, Обосновывающие материалы, Гл. 2 Прил. 1 Ч. 3, табл. 2.1 «Прогноз ввода строений различного назначения … до 2030 года»","_item":181,"_name":"Многоквартирный жилой дом со встроенными учреждениями общественного назначения и встроенно-пристроенной подземной автостоянкой автомобилей (№30 по генплану) в границах улиц Гаражная, Бориса Панина, Высоковский проезд вдоль реки Старка в Советском районе (ЖК \"Янтарь\")","_scheme_source":"\"НТЦ\", ул. Ветеринарная, 5","_district":"Советский район","_year":2025,"_address":"в границах Гаражная улица, улица Бориса Панина, Советская площадь","_geocode":"streets","_contour":"osm_construction","floor_area_m2":17500,"levels":17,"_osm":"w157888105"},"geometry":{"type":"Polygon","coordinates":[[[44.0355447,56.3048972],[44.0353466,56.3048423],[44.0351928,56.3050129],[44.0353909,56.3050679],[44.0355447,56.3048972]]]}},
{"type":"Feature","properties":{"object_type":"oks_future","_source":"inferred","heat_load":0.4226,"flow_tph":5.282,"_load_source":"scheme","_ref":"Схема теплоснабжения г. Н. Новгорода до 2030 г. (актуализация на 2026 г.), шифр 22401, Обосновывающие материалы, Гл. 2 Прил. 1 Ч. 3, табл. 2.1 «Прогноз ввода строений различного назначения … до 2030 года»","_item":182,"_name":"2-я очередь строительства (жилой дом № 2) по ул. 1-я Оранжерейная, земельный участок 14А","_scheme_source":"\"НТЦ\", ул. Ветеринарная, 5","_district":"Советский район","_year":2025,"_address":"1-я Оранжерейная улица","_geocode":"street","_contour":"typical","floor_area_m2":11000,"levels":12},"geometry":{"type":"Polygon","coordinates":[[[44.0072061,56.3067815],[44.007128,56.3066445],[44.0080107,56.3064891],[44.0080888,56.3066261],[44.0072061,56.3067815]]]}},
{"type":"Feature","properties":{"object_type":"oks_future","_source":"inferred","heat_load":0.4226,"flow_tph":5.282,"_load_source":"scheme","_ref":"Схема теплоснабжения г. Н. Новгорода до 2030 г. (актуализация на 2026 г.), шифр 22401, Обосновывающие материалы, Гл. 2 Прил. 1 Ч. 3, табл. 2.1 «Прогноз ввода строений различного назначения … до 2030 года»","_item":182,"_name":"2-я очередь строительства (жилой дом № 2) по ул. 1-я Оранжерейная, земельный участок 14А","_scheme_source":"\"НТЦ\", ул. Ветеринарная, 5","_district":"Советский район","_year":2025,"_address":"1-я Оранжерейная улица","_geocode":"street","_contour":"typical","floor_area_m2":11000,"levels":12},"geometry":{"type":"Polygon","coordinates":[[[44.0067942,56.3071801],[44.0067161,56.3070431],[44.0075988,56.3068877],[44.0076769,56.3070247],[44.0067942,56.3071801]]]}},
{"type":"Feature","properties":{"object_type":"oks_future","_source":"inferred","heat_load":0.282,"flow_tph":3.525,"_load_source":"scheme","_ref":"Схема теплоснабжения г. Н. Новгорода до 2030 г. (актуализация на 2026 г.), шифр 22401, Обосновывающие материалы, Гл. 2 Прил. 1 Ч. 3, табл. 2.1 «Прогноз ввода строений различного назначения … до 2030 года»","_item":183,"_name":"Комплексное развитие территории (детское дошкольное учреждение на 200 мест) по ул. 2-я Оранжерейная","_scheme_source":"\"НТЦ\", ул. Ветеринарная, 5","_district":"Советский район","_year":2027,"_address":"2-я Оранжерейная улица","_geocode":"street","_contour":"typical","floor_area_m2":2400,"levels":3},"geometry":{"type":"Polygon","coordinates":[[[44.0016832,56.3045922],[44.0016278,56.3047974],[44.0010742,56.3047511],[44.0011296,56.304546],[44.0016832,56.3045922]]]}},
{"type":"Feature","properties":{"object_type":"oks_future","_source":"inferred","heat_load":0.4,"flow_tph":5.0,"_load_source":"scheme","_ref":"Схема теплоснабжения г. Н. Новгорода до 2030 г. (актуализация на 2026 г.), шифр 22401, Обосновывающие материалы, Гл. 2 Прил. 1 Ч. 3, табл. 2.1 «Прогноз ввода строений различного назначения … до 2030 года»","_item":184,"_name":"Административное здание по ул. Кулибина, 3","_scheme_source":"\"НТЦ\", ул. Ветеринарная, 5","_district":"Советский район","_year":2025,"_address":"улица Кулибина, 3","_geocode":"at","_contour":"typical","floor_area_m2":2700,"levels":3},"geometry":{"type":"Polygon","coordinates":[[[43.9909613,56.306953],[43.9910245,56.3071702],[43.9904383,56.307223],[43.9903751,56.3070057],[43.9909613,56.306953]]]}},
{"type":"Feature","properties":{"object_type":"oks_future","_source":"inferred","heat_load":2.3267,"flow_tph":29.084,"_load_source":"scheme","_ref":"Схема теплоснабжения г. Н. Новгорода до 2030 г. (актуализация на 2026 г.), шифр 22401, Обосновывающие материалы, Гл. 2 Прил. 1 Ч. 3, табл. 2.1 «Прогноз ввода строений различного назначения … до 2030 года»","_item":185,"_name":"Создание имущественного комплекса наземного электрического транспорта общего пользования в г. Н.Новгороде (Этап 1.6. Реконструкция трамвайного депо № 1) по ул. Генерала Ивлиева, 1А","_scheme_source":"\"НТЦ\", ул. Ветеринарная, 5","_district":"Советский район","_year":2026,"_address":"улица имени Генерала И.Д. Ивлиева, 1А","_geocode":"at","_contour":"typical","floor_area_m2":10000,"levels":5},"geometry":{"type":"Polygon","coordinates":[[[44.0553873,56.2989447],[44.0548493,56.29881],[44.0552128,56.2983613],[44.0557508,56.2984961],[44.0553873,56.2989447]]]}},
{"type":"Feature","properties":{"object_type":"oks_future","_source":"inferred","heat_load":2.1896,"flow_tph":27.37,"_load_source":"scheme","_ref":"Схема теплоснабжения г. Н. Новгорода до 2030 г. (актуализация на 2026 г.), шифр 22401, Обосновывающие материалы, Гл. 2 Прил. 1 Ч. 3, табл. 2.1 «Прогноз ввода строений различного назначения … до 2030 года»","_item":186,"_name":"Реконструкция троллейбусного депо по ул. Генерала Ивлиева","_scheme_source":"\"НТЦ\", ул. Ветеринарная, 5","_district":"Советский район","_year":2027,"_address":"улица имени Генерала И.Д. Ивлиева","_geocode":"street","_contour":"typical","floor_area_m2":11000,"levels":5},"geometry":{"type":"Polygon","coordinates":[[[44.0545932,56.2759812],[44.0544244,56.2756502],[44.0553168,56.2755093],[44.0554857,56.2758402],[44.0545932,56.2759812]]]}},
{"type":"Feature","properties":{"object_type":"oks_future","_source":"inferred","heat_load":0.8083,"flow_tph":10.104,"_load_source":"scheme","_ref":"Схема теплоснабжения г. Н. Новгорода до 2030 г. (актуализация на 2026 г.), шифр 22401, Обосновывающие материалы, Гл. 2 Прил. 1 Ч. 3, табл. 2.1 «Прогноз ввода строений различного назначения … до 2030 года»","_item":187,"_name":"Многоквартирный жилой дом в границах улиц Эльтонская, Рыбинская, Агрономическая","_scheme_source":"\"НТЦ\", ул. Ветеринарная, 5","_district":"Советский район","_year":2028,"_address":"в границах Эльтонская улица, Рыбинская улица","_geocode":"streets","_contour":"typical","floor_area_m2":16250,"levels":17},"geometry":{"type":"Polygon","coordinates":[[[44.0216143,56.3006897],[44.0214902,56.3008158],[44.0206433,56.3005582],[44.0207674,56.3004321],[44.0216143,56.3006897]]]}},
{"type":"Feature","properties":{"object_type":"oks_future","_source":"inferred","heat_load":0.8083,"flow_tph":10.104,"_load_source":"scheme","_ref":"Схема теплоснабжения г. Н. Новгорода до 2030 г. (актуализация на 2026 г.), шифр 22401, Обосновывающие материалы, Гл. 2 Прил. 1 Ч. 3, табл. 2.1 «Прогноз ввода строений различного назначения … до 2030 года»","_item":187,"_name":"Многоквартирный жилой дом в границах улиц Эльтонская, Рыбинская, Агрономическая","_scheme_source":"\"НТЦ\", ул. Ветеринарная, 5","_district":"Советский район","_year":2028,"_address":"в границах Эльтонская улица, Рыбинская улица","_geocode":"streets","_contour":"typical","floor_area_m2":16250,"levels":17},"geometry":{"type":"Polygon","coordinates":[[[44.0211526,56.3008977],[44.0210285,56.3010238],[44.0201816,56.3007662],[44.0203056,56.3006401],[44.0211526,56.3008977]]]}},
{"type":"Feature","properties":{"object_type":"oks_future","_source":"inferred","heat_load":0.8083,"flow_tph":10.104,"_load_source":"scheme","_ref":"Схема теплоснабжения г. Н. Новгорода до 2030 г. (актуализация на 2026 г.), шифр 22401, Обосновывающие материалы, Гл. 2 Прил. 1 Ч. 3, табл. 2.1 «Прогноз ввода строений различного назначения … до 2030 года»","_item":187,"_name":"Многоквартирный жилой дом в границах улиц Эльтонская, Рыбинская, Агрономическая","_scheme_source":"\"НТЦ\", ул. Ветеринарная, 5","_district":"Советский район","_year":2028,"_address":"в границах Эльтонская улица, Рыбинская улица","_geocode":"streets","_contour":"typical","floor_area_m2":16250,"levels":17},"geometry":{"type":"Polygon","coordinates":[[[44.0205188,56.3003536],[44.0203948,56.3004797],[44.0195478,56.3002221],[44.0196719,56.300096],[44.0205188,56.3003536]]]}},
{"type":"Feature","properties":{"object_type":"oks_future","_source":"inferred","heat_load":0.8083,"flow_tph":10.104,"_load_source":"scheme","_ref":"Схема теплоснабжения г. Н. Новгорода до 2030 г. (актуализация на 2026 г.), шифр 22401, Обосновывающие материалы, Гл. 2 Прил. 1 Ч. 3, табл. 2.1 «Прогноз ввода строений различного назначения … до 2030 года»","_item":187,"_name":"Многоквартирный жилой дом в границах улиц Эльтонская, Рыбинская, Агрономическая","_scheme_source":"\"НТЦ\", ул. Ветеринарная, 5","_district":"Советский район","_year":2028,"_address":"в границах Эльтонская улица, Рыбинская улица","_geocode":"streets","_contour":"typical","floor_area_m2":16250,"levels":17},"geometry":{"type":"Polygon","coordinates":[[[44.0199921,56.3006856],[44.019868,56.3008118],[44.0190211,56.3005542],[44.0191452,56.300428],[44.0199921,56.3006856]]]}},
{"type":"Feature","properties":{"object_type":"oks_future","_source":"inferred","heat_load":0.8447,"flow_tph":10.559,"_load_source":"scheme","_ref":"Схема теплоснабжения г. Н. Новгорода до 2030 г. (актуализация на 2026 г.), шифр 22401, Обосновывающие материалы, Гл. 2 Прил. 1 Ч. 3, табл. 2.1 «Прогноз ввода строений различного назначения … до 2030 года»","_item":188,"_name":"Жилой дом с помещениями общественного назначения и подземной стоянкой № 4-8 (по генплану) и блок обслуживания № 13-10 (по генплану) в границах улиц Чачиной и Ветеринарная","_scheme_source":"\"НТЦ\", ул. Ветеринарная, 5","_district":"Советский район","_year":2026,"_address":"в границах улица Чачиной, Ветеринарная улица","_geocode":"streets","_contour":"typical","floor_area_m2":16000,"levels":17},"geometry":{"type":"Polygon","coordinates":[[[44.0033325,56.303558],[44.0031826,56.3036752],[44.0024081,56.3033687],[44.002558,56.3032516],[44.0033325,56.303558]]]}},
{"type":"Feature","properties":{"object_type":"oks_future","_source":"inferred","heat_load":0.691,"flow_tph":8.637,"_load_source":"scheme","_ref":"Схема теплоснабжения г. Н. Новгорода до 2030 г. (актуализация на 2026 г.), шифр 22401, Обосновывающие материалы, Гл. 2 Прил. 1 Ч. 3, табл. 2.1 «Прогноз ввода строений различного назначения … до 2030 года»","_item":189,"_name":"Жилой дом с помещениями общественного назначения и подземной стоянкой № 7-4 (по генплану) в границах улиц Чачиной и Ветеринарная","_scheme_source":"\"НТЦ\", ул. Ветеринарная, 5","_district":"Советский район","_year":2027,"_address":"в границах улица Чачиной, Ветеринарная улица","_geocode":"streets","_contour":"typical","floor_area_m2":13000,"levels":17},"geometry":{"type":"Polygon","coordinates":[[[44.002868,56.303684],[44.0027181,56.3038011],[44.0020888,56.3035522],[44.0022387,56.3034351],[44.002868,56.303684]]]}},
{"type":"Feature","properties":{"object_type":"oks_future","_source":"inferred","heat_load":0.6222,"flow_tph":7.778,"_load_source":"scheme","_ref":"Схема теплоснабжения г. Н. Новгорода до 2030 г. (актуализация на 2026 г.), шифр 22401, Обосновывающие материалы, Гл. 2 Прил. 1 Ч. 3, табл. 2.1 «Прогноз ввода строений различного назначения … до 2030 года»","_item":190,"_name":"Жилой дом с помещениями общественного назначения и подземной стоянкой № 7-5 (по генплану) в границах улиц Чачиной и Ветеринарная","_scheme_source":"\"НТЦ\", ул. Ветеринарная, 5","_district":"Советский район","_year":2028,"_address":"в границах улица Чачиной, Ветеринарная улица","_geocode":"streets","_contour":"typical","floor_area_m2":12000,"levels":17},"geometry":{"type":"Polygon","coordinates":[[[44.0028632,56.3029276],[44.0027133,56.3030447],[44.0021325,56.3028149],[44.0022824,56.3026978],[44.0028632,56.3029276]]]}},
{"type":"Feature","properties":{"object_type":"oks_future","_source":"inferred","heat_load":0.6222,"flow_tph":7.778,"_load_source":"scheme","_ref":"Схема теплоснабжения г. Н. Новгорода до 2030 г. (актуализация на 2026 г.), шифр 22401, Обосновывающие материалы, Гл. 2 Прил. 1 Ч. 3, табл. 2.1 «Прогноз ввода строений различного назначения … до 2030 года»","_item":190,"_name":"Жилой дом с помещениями общественного назначения и подземной стоянкой № 7-5 (по генплану) в границах улиц Чачиной и Ветеринарная","_scheme_source":"\"НТЦ\", ул. Ветеринарная, 5","_district":"Советский район","_year":2028,"_address":"в границах улица Чачиной, Ветеринарная улица","_geocode":"streets","_contour":"typical","floor_area_m2":12000,"levels":17},"geometry":{"type":"Polygon","coordinates":[[[44.0018233,56.3035554],[44.0016127,56.303472],[44.002026,56.3031491],[44.0022367,56.3032324],[44.0018233,56.3035554]]]}},
{"type":"Feature","properties":{"object_type":"oks_future","_source":"inferred","heat_load":0.6344,"flow_tph":7.93,"_load_source":"scheme","_ref":"Схема теплоснабжения г. Н. Новгорода до 2030 г. (актуализация на 2026 г.), шифр 22401, Обосновывающие материалы, Гл. 2 Прил. 1 Ч. 3, табл. 2.1 «Прогноз ввода строений различного назначения … до 2030 года»","_item":191,"_name":"Комплексное развитие территории (жилой комплекс трема 8- 16 этажными корпусами, с помещениями коммерческого назначения и подземной автостоянкой) в границах улиц Ашхабадская, Генкиной, Тверская","_scheme_source":"\"НТЦ\", ул. Ветеринарная, 5","_district":"Советский район","_year":2028,"_address":"в границах Третья улица, Ашхабадская улица, улица Генкиной, Тверская улица","_geocode":"streets","_contour":"typical","floor_area_m2":15000,"levels":17},"geometry":{"type":"Polygon","coordinates":[[[44.0106364,56.3073379],[44.0108743,56.3073943],[44.0105247,56.3078501],[44.0102869,56.3077937],[44.0106364,56.3073379]]]}},
{"type":"Feature","properties":{"object_type":"oks_future","_source":"inferred","heat_load":0.6344,"flow_tph":7.93,"_load_source":"scheme","_ref":"Схема теплоснабжения г. Н. Новгорода до 2030 г. (актуализация на 2026 г.), шифр 22401, Обосновывающие материалы, Гл. 2 Прил. 1 Ч. 3, табл. 2.1 «Прогноз ввода строений различного назначения … до 2030 года»","_item":191,"_name":"Комплексное развитие территории (жилой комплекс трема 8- 16 этажными корпусами, с помещениями коммерческого назначения и подземной автостоянкой) в границах улиц Ашхабадская, Генкиной, Тверская","_scheme_source":"\"НТЦ\", ул. Ветеринарная, 5","_district":"Советский район","_year":2028,"_address":"в границах Третья улица, Ашхабадская улица, улица Генкиной, Тверская улица","_geocode":"streets","_contour":"typical","floor_area_m2":15000,"levels":17},"geometry":{"type":"Polygon","coordinates":[[[44.0062768,56.3068554],[44.0065147,56.3069118],[44.0061651,56.3073676],[44.0059272,56.3073112],[44.0062768,56.3068554]]]}},
{"type":"Feature","properties":{"object_type":"oks_future","_source":"inferred","heat_load":0.6344,"flow_tph":7.93,"_load_source":"scheme","_ref":"Схема теплоснабжения г. Н. Новгорода до 2030 г. (актуализация на 2026 г.), шифр 22401, Обосновывающие материалы, Гл. 2 Прил. 1 Ч. 3, табл. 2.1 «Прогноз ввода строений различного назначения … до 2030 года»","_item":191,"_name":"Комплексное развитие территории (жилой комплекс трема 8- 16 этажными корпусами, с помещениями коммерческого назначения и подземной автостоянкой) в границах улиц Ашхабадская, Генкиной, Тверская","_scheme_source":"\"НТЦ\", ул. Ветеринарная, 5","_district":"Советский район","_year":2028,"_address":"в границах Третья улица, Ашхабадская улица, улица Генкиной, Тверская улица","_geocode":"streets","_contour":"typical","floor_area_m2":15000,"levels":17},"geometry":{"type":"Polygon","coordinates":[[[44.0112307,56.30723],[44.0114686,56.3072863],[44.0111191,56.3077421],[44.0108812,56.3076857],[44.0112307,56.30723]]]}},
{"type":"Feature","properties":{"object_type":"oks_future","_source":"real","heat_load":2.37,"flow_tph":29.625,"_load_source":"scheme","_ref":"Схема теплоснабжения г. Н. Новгорода до 2030 г. (актуализация на 2026 г.), шифр 22401, Обосновывающие материалы, Гл. 2 Прил. 1 Ч. 3, табл. 2.1 «Прогноз ввода строений различного назначения … до 2030 года»","_item":193,"_name":"семейный медицинский центр \"Мать и дитя Нижний Новгород\"","_scheme_source":"ИТ-Парк Анкудиновка ОАО \"Сбербанк РФ\" (Кузнечиха)\"","_district":"Советский район","_year":2027,"_address":"Медицинская улица","_geocode":"street","_contour":"osm_construction","floor_area_m2":10830,"levels":5,"_osm":"w944824195"},"geometry":{"type":"Polygon","coordinates":[[[43.9937587,56.2805847],[43.9937003,56.2803687],[43.9939419,56.2803485],[43.9939598,56.2804146],[43.9942458,56.2803908],[43.9942279,56.2803247],[43.9944886,56.2803029],[43.9945471,56.2805189],[43.9937587,56.2805847]]]}},
{"type":"Feature","properties":{"object_type":"oks_future","_source":"inferred","heat_load":0.84,"flow_tph":10.5,"_load_source":"scheme","_ref":"Схема теплоснабжения г. Н. Новгорода до 2030 г. (актуализация на 2026 г.), шифр 22401, Обосновывающие материалы, Гл. 2 Прил. 1 Ч. 3, табл. 2.1 «Прогноз ввода строений различного назначения … до 2030 года»","_item":194,"_name":"Проект планировки и межевания территории в районе деревни Кузнечиха в Советском районе города Нижнего Новгорода для размещения технопарка ʺИТ парк Анкудиновкаʺ. Диспетчерский центр 12-эт. системного управления режимами работы магистральных нефтепроводов","_scheme_source":"Новая блочно-модульная котельная \"ИТ парк Анкудиновка\"","_district":"Советский район","_year":2027,"_address":"Советская площадь","_geocode":"street","_contour":"typical","floor_area_m2":12000,"levels":5},"geometry":{"type":"Polygon","coordinates":[[[44.0421589,56.295267],[44.0422434,56.2949107],[44.0432045,56.2949812],[44.04312,56.2953375],[44.0421589,56.295267]]]}},
{"type":"Feature","properties":{"object_type":"oks_future","_source":"inferred","heat_load":1.2785,"flow_tph":15.981,"_load_source":"scheme","_ref":"Схема теплоснабжения г. Н. Новгорода до 2030 г. (актуализация на 2026 г.), шифр 22401, Обосновывающие материалы, Гл. 2 Прил. 1 Ч. 3, табл. 2.1 «Прогноз ввода строений различного назначения … до 2030 года»","_item":270,"_name":"Многосекционный 12-20-ти этажный жилой дом №53 (со встроенным дет. садом)","_scheme_source":"Котельная \"Центр\"","_district":"Советский район","_year":2029,"_address":"Садовая улица","_geocode":"street","_contour":"typical","floor_area_m2":18300,"levels":17},"geometry":{"type":"Polygon","coordinates":[[[44.0777266,56.2453353],[44.0776478,56.2454722],[44.0766139,56.2452878],[44.0766927,56.2451509],[44.0777266,56.2453353]]]}},
{"type":"Feature","properties":{"object_type":"oks_future","_source":"inferred","heat_load":0.1895,"flow_tph":2.369,"_load_source":"scheme","_ref":"Схема теплоснабжения г. Н. Новгорода до 2030 г. (актуализация на 2026 г.), шифр 22401, Обосновывающие материалы, Гл. 2 Прил. 1 Ч. 3, табл. 2.1 «Прогноз ввода строений различного назначения … до 2030 года»","_item":321,"_name":"Общественно-деловое здание №61","_scheme_source":"Котельная \"Центр\"","_district":"Советский район","_year":2025,"_address":"Деловая улица","_geocode":"street","_contour":"typical","floor_area_m2":1500,"levels":3},"geometry":{"type":"Polygon","coordinates":[[[44.0651335,56.3056366],[44.0651467,56.3058005],[44.0647046,56.3058115],[44.0646914,56.3056476],[44.0651335,56.3056366]]]}},
{"type":"Feature","properties":{"object_type":"oks_future","_source":"inferred","heat_load":0.1441,"flow_tph":1.801,"_load_source":"scheme","_ref":"Схема теплоснабжения г. Н. Новгорода до 2030 г. (актуализация на 2026 г.), шифр 22401, Обосновывающие материалы, Гл. 2 Прил. 1 Ч. 3, табл. 2.1 «Прогноз ввода строений различного назначения … до 2030 года»","_item":322,"_name":"Общественно-деловое здание №62","_scheme_source":"Котельная \"Центр\"","_district":"Советский район","_year":2026,"_address":"Деловая улица","_geocode":"street","_contour":"typical","floor_area_m2":1200,"levels":3},"geometry":{"type":"Polygon","coordinates":[[[44.0623628,56.3056978],[44.0620992,56.3057044],[44.0620815,56.3054845],[44.0623451,56.305478],[44.0623628,56.3056978]]]}},
{"type":"Feature","properties":{"object_type":"oks_future","_source":"inferred","heat_load":0.1222,"flow_tph":1.528,"_load_source":"scheme","_ref":"Схема теплоснабжения г. Н. Новгорода до 2030 г. (актуализация на 2026 г.), шифр 22401, Обосновывающие материалы, Гл. 2 Прил. 1 Ч. 3, табл. 2.1 «Прогноз ввода строений различного назначения … до 2030 года»","_item":323,"_name":"Общественно-деловое здание №63","_scheme_source":"Котельная \"Центр\"","_district":"Советский район","_year":2027,"_address":"Деловая улица","_geocode":"street","_contour":"typical","floor_area_m2":1100,"levels":3},"geometry":{"type":"Polygon","coordinates":[[[44.0634346,56.3047458],[44.0631821,56.3047521],[44.0631652,56.3045416],[44.0634176,56.3045353],[44.0634346,56.3047458]]]}},
{"type":"Feature","properties":{"object_type":"oks_future","_source":"inferred","heat_load":0.116,"flow_tph":1.45,"_load_source":"scheme","_ref":"Схема теплоснабжения г. Н. Новгорода до 2030 г. (актуализация на 2026 г.), шифр 22401, Обосновывающие материалы, Гл. 2 Прил. 1 Ч. 3, табл. 2.1 «Прогноз ввода строений различного назначения … до 2030 года»","_item":324,"_name":"Общественно-деловое здание №64","_scheme_source":"Котельная \"Центр\"","_district":"Советский район","_year":2029,"_address":"Деловая улица","_geocode":"street","_contour":"typical","floor_area_m2":1000,"levels":3},"geometry":{"type":"Polygon","coordinates":[[[44.0623359,56.3064156],[44.0623466,56.3065494],[44.0619856,56.3065584],[44.0619749,56.3064246],[44.0623359,56.3064156]]]}},
{"type":"Feature","properties":{"object_type":"oks_future","_source":"inferred","heat_load":1.1004,"flow_tph":13.755,"_load_source":"scheme","_ref":"Схема теплоснабжения г. Н. Новгорода до 2030 г. (актуализация на 2026 г.), шифр 22401, Обосновывающие материалы, Гл. 2 Прил. 1 Ч. 3, табл. 2.1 «Прогноз ввода строений различного назначения … до 2030 года»","_item":352,"_name":"Многосекционный 9-ти этажный жилой дом №5 (со встроенным дет. садом)","_scheme_source":"Котельная \"Юг\"","_district":"Советский район","_year":2027,"_address":"Садовая улица","_geocode":"street","_contour":"typical","floor_area_m2":19300,"levels":17},"geometry":{"type":"Polygon","coordinates":[[[44.0698979,56.2473689],[44.0701438,56.2474128],[44.0697945,56.2480199],[44.0695486,56.247976],[44.0698979,56.2473689]]]}},
{"type":"Feature","properties":{"object_type":"oks_future","_source":"inferred","heat_load":0.4021,"flow_tph":5.026,"_load_source":"scheme","_ref":"Схема теплоснабжения г. Н. Новгорода до 2030 г. (актуализация на 2026 г.), шифр 22401, Обосновывающие материалы, Гл. 2 Прил. 1 Ч. 3, табл. 2.1 «Прогноз ввода строений различного назначения … до 2030 года»","_item":354,"_name":"Общественно-деловое здание №30","_scheme_source":"Котельная \"Юг\"","_district":"Советский район","_year":2027,"_address":"Деловая улица","_geocode":"street","_contour":"typical","floor_area_m2":2500,"levels":3},"geometry":{"type":"Polygon","coordinates":[[[44.0658136,56.3051238],[44.0654331,56.3051332],[44.0654075,56.3048159],[44.0657881,56.3048064],[44.0658136,56.3051238]]]}},
{"type":"Feature","properties":{"object_type":"oks_future","_source":"inferred","heat_load":0.2129,"flow_tph":2.661,"_load_source":"scheme","_ref":"Схема теплоснабжения г. Н. Новгорода до 2030 г. (актуализация на 2026 г.), шифр 22401, Обосновывающие материалы, Гл. 2 Прил. 1 Ч. 3, табл. 2.1 «Прогноз ввода строений различного назначения … до 2030 года»","_item":355,"_name":"Общественно-деловое здание №31","_scheme_source":"Котельная \"Юг\"","_district":"Советский район","_year":2029,"_address":"Деловая улица","_geocode":"street","_contour":"typical","floor_area_m2":1000,"levels":3},"geometry":{"type":"Polygon","coordinates":[[[44.0655169,56.306375],[44.0655277,56.3065088],[44.0651667,56.3065178],[44.0651559,56.306384],[44.0655169,56.306375]]]}},
{"type":"Feature","properties":{"object_type":"oks_future","_source":"inferred","heat_load":0.4021,"flow_tph":5.026,"_load_source":"scheme","_ref":"Схема теплоснабжения г. Н. Новгорода до 2030 г. (актуализация на 2026 г.), шифр 22401, Обосновывающие материалы, Гл. 2 Прил. 1 Ч. 3, табл. 2.1 «Прогноз ввода строений различного назначения … до 2030 года»","_item":356,"_name":"Общественно-деловое здание №32","_scheme_source":"Котельная \"Юг\"","_district":"Советский район","_year":2030,"_address":"Деловая улица","_geocode":"street","_contour":"typical","floor_area_m2":2500,"levels":3},"geometry":{"type":"Polygon","coordinates":[[[44.0664559,56.3051177],[44.0660754,56.3051272],[44.0660498,56.3048099],[44.0664303,56.3048004],[44.0664559,56.3051177]]]}},
{"type":"Feature","properties":{"object_type":"oks_future","_source":"inferred","heat_load":0.7341,"flow_tph":9.177,"_load_source":"scheme","_ref":"Схема теплоснабжения г. Н. Новгорода до 2030 г. (актуализация на 2026 г.), шифр 22401, Обосновывающие материалы, Гл. 2 Прил. 1 Ч. 3, табл. 2.1 «Прогноз ввода строений различного назначения … до 2030 года»","_item":360,"_name":"участок № 1 в технопарке \"ИТ парк Анкудиновка\" жилищное строительство (ЖК \"Цветы-2\")","_scheme_source":"Котельная ООО «СТН-Энергосети», ул. Цветочная, ЗВ","_district":"Советский район","_year":2026,"_address":"Цветная улица","_geocode":"street","_contour":"typical","floor_area_m2":18025,"levels":17},"geometry":{"type":"Polygon","coordinates":[[[44.068569,56.2471491],[44.0687925,56.2472211],[44.0682567,56.2477364],[44.0680332,56.2476643],[44.068569,56.2471491]]]}},
{"type":"Feature","properties":{"object_type":"oks_future","_source":"inferred","heat_load":0.7341,"flow_tph":9.177,"_load_source":"scheme","_ref":"Схема теплоснабжения г. Н. Новгорода до 2030 г. (актуализация на 2026 г.), шифр 22401, Обосновывающие материалы, Гл. 2 Прил. 1 Ч. 3, табл. 2.1 «Прогноз ввода строений различного назначения … до 2030 года»","_item":360,"_name":"участок № 1 в технопарке \"ИТ парк Анкудиновка\" жилищное строительство (ЖК \"Цветы-2\")","_scheme_source":"Котельная ООО «СТН-Энергосети», ул. Цветочная, ЗВ","_district":"Советский район","_year":2026,"_address":"Цветная улица","_geocode":"street","_contour":"typical","floor_area_m2":18025,"levels":17},"geometry":{"type":"Polygon","coordinates":[[[44.0679067,56.2477851],[44.0681301,56.2478571],[44.0675943,56.2483724],[44.0673708,56.2483003],[44.0679067,56.2477851]]]}},
{"type":"Feature","properties":{"object_type":"oks_future","_source":"inferred","heat_load":0.7341,"flow_tph":9.177,"_load_source":"scheme","_ref":"Схема теплоснабжения г. Н. Новгорода до 2030 г. (актуализация на 2026 г.), шифр 22401, Обосновывающие материалы, Гл. 2 Прил. 1 Ч. 3, табл. 2.1 «Прогноз ввода строений различного назначения … до 2030 года»","_item":360,"_name":"участок № 1 в технопарке \"ИТ парк Анкудиновка\" жилищное строительство (ЖК \"Цветы-2\")","_scheme_source":"Котельная ООО «СТН-Энергосети», ул. Цветочная, ЗВ","_district":"Советский район","_year":2026,"_address":"Цветная улица","_geocode":"street","_contour":"typical","floor_area_m2":18025,"levels":17},"geometry":{"type":"Polygon","coordinates":[[[44.0692255,56.248196],[44.069449,56.248268],[44.0689132,56.2487832],[44.0686897,56.2487112],[44.0692255,56.248196]]]}},
{"type":"Feature","properties":{"object_type":"oks_future","_source":"inferred","heat_load":0.7341,"flow_tph":9.177,"_load_source":"scheme","_ref":"Схема теплоснабжения г. Н. Новгорода до 2030 г. (актуализация на 2026 г.), шифр 22401, Обосновывающие материалы, Гл. 2 Прил. 1 Ч. 3, табл. 2.1 «Прогноз ввода строений различного назначения … до 2030 года»","_item":360,"_name":"участок № 1 в технопарке \"ИТ парк Анкудиновка\" жилищное строительство (ЖК \"Цветы-2\")","_scheme_source":"Котельная ООО «СТН-Энергосети», ул. Цветочная, ЗВ","_district":"Советский район","_year":2026,"_address":"Цветная улица","_geocode":"street","_contour":"typical","floor_area_m2":18025,"levels":17},"geometry":{"type":"Polygon","coordinates":[[[44.0679504,56.249132],[44.0678211,56.2492564],[44.0668956,56.2489581],[44.067025,56.2488337],[44.0679504,56.249132]]]}},
{"type":"Feature","properties":{"object_type":"oks_future","_source":"inferred","heat_load":0.6707,"flow_tph":8.384,"_load_source":"scheme","_ref":"Схема теплоснабжения г. Н. Новгорода до 2030 г. (актуализация на 2026 г.), шифр 22401, Обосновывающие материалы, Гл. 2 Прил. 1 Ч. 3, табл. 2.1 «Прогноз ввода строений различного назначения … до 2030 года»","_item":361,"_name":"Канатная транспортная система общего пользования в г. Н.Новгород от станции метрополитена Заречная г. Н.Новгород до проспекта Гагарина, 31Г, г. Нижний Новгород. Станция канатной «дороги пр. Гагарина» по адресу: г. Н.Новгород, , пр. Гагарина, 31Г","_scheme_source":"\"ГЗРУ\", пр. Гагарина 60 корп. 22","_district":"Ленинский район","_year":2026,"_address":"проспект Гагарина, 31Г","_geocode":"at","_contour":"typical","floor_area_m2":5000,"levels":3},"geometry":{"type":"Polygon","coordinates":[[[43.9787288,56.2892907],[43.9788085,56.2895869],[43.9780096,56.2896533],[43.97793,56.2893572],[43.9787288,56.2892907]]]}},
{"type":"Feature","properties":{"object_type":"oks_future","_source":"inferred","heat_load":0.119,"flow_tph":1.487,"_load_source":"scheme","_ref":"Схема теплоснабжения г. Н. Новгорода до 2030 г. (актуализация на 2026 г.), шифр 22401, Обосновывающие материалы, Гл. 2 Прил. 1 Ч. 3, табл. 2.1 «Прогноз ввода строений различного назначения … до 2030 года»","_item":362,"_name":"Здание управления, ул. Шлиссельбургская, 29","_scheme_source":"Автозаводская ТЭЦ","_district":"Ленинский район","_year":2026,"_address":"Шлиссельбургская улица, 29","_geocode":"at","_contour":"typical","floor_area_m2":1500,"levels":3},"geometry":{"type":"Polygon","coordinates":[[[43.9292958,56.2932065],[43.9290009,56.293204],[43.9290078,56.2929579],[43.9293027,56.2929605],[43.9292958,56.2932065]]]}},
{"type":"Feature","properties":{"object_type":"oks_future","_source":"inferred","heat_load":1.1067,"flow_tph":13.834,"_load_source":"scheme","_ref":"Схема теплоснабжения г. Н. Новгорода до 2030 г. (актуализация на 2026 г.), шифр 22401, Обосновывающие материалы, Гл. 2 Прил. 1 Ч. 3, табл. 2.1 «Прогноз ввода строений различного назначения … до 2030 года»","_item":363,"_name":"Многоквартирный жилой дом с помещениями общественного назначения и гаражем-стоянкой, по адресу г.Н.Новгород, ул.Новикова-Прибоя, д.2(стр.)","_scheme_source":"Автозаводская ТЭЦ","_district":"Ленинский район","_year":2025,"_address":"улица Новикова-Прибоя, 2","_geocode":"at","_contour":"typical","floor_area_m2":13000,"levels":17},"geometry":{"type":"Polygon","coordinates":[[[43.9300831,56.2592565],[43.9302612,56.2593607],[43.9297025,56.2596567],[43.9295244,56.2595526],[43.9300831,56.2592565]]]}},
{"type":"Feature","properties":{"object_type":"oks_future","_source":"inferred","heat_load":0.188,"flow_tph":2.35,"_load_source":"scheme","_ref":"Схема теплоснабжения г. Н. Новгорода до 2030 г. (актуализация на 2026 г.), шифр 22401, Обосновывающие материалы, Гл. 2 Прил. 1 Ч. 3, табл. 2.1 «Прогноз ввода строений различного назначения … до 2030 года»","_item":364,"_name":"Шинный центр с шиномонтажом и автомойкой, ул.Героя Попова, около электроподстанции, примерно в 100 метрах от дома №43А","_scheme_source":"Автозаводская ТЭЦ","_district":"Ленинский район","_year":2026,"_address":"проспект Героев, 43А","_geocode":"near","_contour":"typical","floor_area_m2":1600,"levels":3},"geometry":{"type":"Polygon","coordinates":[[[43.9244159,56.2550611],[43.92422,56.2551907],[43.9238706,56.2550272],[43.9240665,56.2548975],[43.9244159,56.2550611]]]}},
{"type":"Feature","properties":{"object_type":"oks_future","_source":"inferred","heat_load":0.396,"flow_tph":4.95,"_load_source":"scheme","_ref":"Схема теплоснабжения г. Н. Новгорода до 2030 г. (актуализация на 2026 г.), шифр 22401, Обосновывающие материалы, Гл. 2 Прил. 1 Ч. 3, табл. 2.1 «Прогноз ввода строений различного назначения … до 2030 года»","_item":365,"_name":"Реконструкция объекта незавершенного строительства \"Гостиничный комплекс рядом с домом №21 по ул.Грекова в Ленинском районе г. Нижнего Новгорода\" Нижегородская область, город Нижний Новгород, Ленинский район, ул. Грекова с домом №21","_scheme_source":"Автозаводская ТЭЦ","_district":"Ленинский район","_year":2025,"_address":"в границах переулок Грекова, проспект Ленина, Горная улица","_geocode":"streets","_contour":"typical","floor_area_m2":2500,"levels":3},"geometry":{"type":"Polygon","coordinates":[[[43.9217565,56.2646189],[43.9214939,56.2644657],[43.9219069,56.2642465],[43.9221695,56.2643997],[43.9217565,56.2646189]]]}},
{"type":"Feature","properties":{"object_type":"oks_future","_source":"inferred","heat_load":0.39,"flow_tph":4.875,"_load_source":"scheme","_ref":"Схема теплоснабжения г. Н. Новгорода до 2030 г. (актуализация на 2026 г.), шифр 22401, Обосновывающие материалы, Гл. 2 Прил. 1 Ч. 3, табл. 2.1 «Прогноз ввода строений различного назначения … до 2030 года»","_item":366,"_name":"Канатная транспортная система общего пользования в г. Нижний Новгород от станции метрополитена Заречная, г. Нижний Новгород до пр. Гагарина 31Г, г. Нижний Новгород» - Станция канатной дороги «Тихая гавань»","_scheme_source":"Автозаводская ТЭЦ","_district":"Ленинский район","_year":2025,"_address":"проспект Гагарина, 31Г","_geocode":"at","_contour":"typical","floor_area_m2":1500,"levels":3},"geometry":{"type":"Polygon","coordinates":[[[43.9801041,56.2905802],[43.9803958,56.2905559],[43.9804613,56.2907992],[43.9801696,56.2908235],[43.9801041,56.2905802]]]}},
{"type":"Feature","properties":{"object_type":"oks_future","_source":"inferred","heat_load":0.532,"flow_tph":6.65,"_load_source":"scheme","_ref":"Схема теплоснабжения г. Н. Новгорода до 2030 г. (актуализация на 2026 г.), шифр 22401, Обосновывающие материалы, Гл. 2 Прил. 1 Ч. 3, табл. 2.1 «Прогноз ввода строений различного назначения … до 2030 года»","_item":367,"_name":"Канатная транспортная система общего пользования в г. Нижний Новгород от станции метрополитена Заречная, г. Нижний Новгород до пр. Гагарина 31Г, г. Нижний Новгород» - Станция канатной дороги «Заречная»","_scheme_source":"Автозаводская ТЭЦ","_district":"Ленинский район","_year":2026,"_address":"проспект Гагарина, 31Г","_geocode":"at","_contour":"typical","floor_area_m2":2500,"levels":3},"geometry":{"type":"Polygon","coordinates":[[[43.9796395,56.2892891],[43.9800161,56.2892577],[43.9801006,56.2895719],[43.979724,56.2896032],[43.9796395,56.2892891]]]}},
{"type":"Feature","properties":{"object_type":"oks_future","_source":"inferred","heat_load":1.425,"flow_tph":17.812,"_load_source":"scheme","_ref":"Схема теплоснабжения г. Н. Новгорода до 2030 г. (актуализация на 2026 г.), шифр 22401, Обосновывающие материалы, Гл. 2 Прил. 1 Ч. 3, табл. 2.1 «Прогноз ввода строений различного назначения … до 2030 года»","_item":368,"_name":"Объект незавершенного строительства: производственный корпус, кад.№52:18:00:50294:128, ул. Адмирала Нахимова,13","_scheme_source":"Автозаводская ТЭЦ","_district":"Ленинский район","_year":2026,"_address":"улица Адмирала Нахимова, 13","_geocode":"at","_contour":"typical","floor_area_m2":9500,"levels":5},"geometry":{"type":"Polygon","coordinates":[[[43.9295347,56.2653121],[43.9292019,56.2650515],[43.9299045,56.2647737],[43.9302373,56.2650344],[43.9295347,56.2653121]]]}},
{"type":"Feature","properties":{"object_type":"oks_future","_source":"inferred","heat_load":1.425,"flow_tph":17.812,"_load_source":"scheme","_ref":"Схема теплоснабжения г. Н. Новгорода до 2030 г. (актуализация на 2026 г.), шифр 22401, Обосновывающие материалы, Гл. 2 Прил. 1 Ч. 3, табл. 2.1 «Прогноз ввода строений различного назначения … до 2030 года»","_item":368,"_name":"Объект незавершенного строительства: производственный корпус, кад.№52:18:00:50294:128, ул. Адмирала Нахимова,13","_scheme_source":"Автозаводская ТЭЦ","_district":"Ленинский район","_year":2026,"_address":"улица Адмирала Нахимова, 13","_geocode":"at","_contour":"typical","floor_area_m2":9500,"levels":5},"geometry":{"type":"Polygon","coordinates":[[[43.9319224,56.265334],[43.9315897,56.2650733],[43.9322922,56.2647955],[43.932625,56.2650562],[43.9319224,56.265334]]]}},
{"type":"Feature","properties":{"object_type":"oks_future","_source":"inferred","heat_load":2.2,"flow_tph":27.5,"_load_source":"scheme","_ref":"Схема теплоснабжения г. Н. Новгорода до 2030 г. (актуализация на 2026 г.), шифр 22401, Обосновывающие материалы, Гл. 2 Прил. 1 Ч. 3, табл. 2.1 «Прогноз ввода строений различного назначения … до 2030 года»","_item":369,"_name":"Встроенное помещение, кад.№52:18:00:50294:294 ул. Адмирала Нахимова,13","_scheme_source":"Автозаводская ТЭЦ","_district":"Ленинский район","_year":2026,"_address":"улица Адмирала Нахимова, 13","_geocode":"at","_contour":"typical","floor_area_m2":14700,"levels":5},"geometry":{"type":"Polygon","coordinates":[[[43.9334146,56.2656233],[43.932832,56.2658537],[43.9322111,56.2653673],[43.9327937,56.2651369],[43.9334146,56.2656233]]]}},
{"type":"Feature","properties":{"object_type":"oks_future","_source":"inferred","heat_load":1.854,"flow_tph":23.175,"_load_source":"scheme","_ref":"Схема теплоснабжения г. Н. Новгорода до 2030 г. (актуализация на 2026 г.), шифр 22401, Обосновывающие материалы, Гл. 2 Прил. 1 Ч. 3, табл. 2.1 «Прогноз ввода строений различного назначения … до 2030 года»","_item":370,"_name":"Автоматизированный технологический комплекс, кад.№52:18:00:50294:119 ул. Адмирала Нахимова,13","_scheme_source":"Автозаводская ТЭЦ","_district":"Ленинский район","_year":2026,"_address":"улица Адмирала Нахимова, 13","_geocode":"at","_contour":"typical","floor_area_m2":12400,"levels":5},"geometry":{"type":"Polygon","coordinates":[[[43.9330058,56.2663943],[43.9326256,56.2660965],[43.9334282,56.2657791],[43.9338084,56.2660769],[43.9330058,56.2663943]]]}},
{"type":"Feature","properties":{"object_type":"oks_future","_source":"inferred","heat_load":1.3278,"flow_tph":16.598,"_load_source":"scheme","_ref":"Схема теплоснабжения г. Н. Новгорода до 2030 г. (актуализация на 2026 г.), шифр 22401, Обосновывающие материалы, Гл. 2 Прил. 1 Ч. 3, табл. 2.1 «Прогноз ввода строений различного назначения … до 2030 года»","_item":371,"_name":"«Комплексное развитие территории в Ленинском районе города Нижнего Новгорода в границах улиц Самочкина, Снежная, Энтузиастов, Премудрова и р. Ржавки»","_scheme_source":"Автозаводская ТЭЦ","_district":"Ленинский район","_year":2030,"_address":"в границах проспект Ленина, Горная улица, Снежная улица, улица Энтузиастов, улица Премудрова","_geocode":"streets","_contour":"typical","floor_area_m2":18889,"levels":17},"geometry":{"type":"Polygon","coordinates":[[[43.9238105,56.2870287],[43.9240516,56.286977],[43.9244556,56.287559],[43.9242144,56.2876108],[43.9238105,56.2870287]]]}},
{"type":"Feature","properties":{"object_type":"oks_future","_source":"inferred","heat_load":1.3278,"flow_tph":16.598,"_load_source":"scheme","_ref":"Схема теплоснабжения г. Н. Новгорода до 2030 г. (актуализация на 2026 г.), шифр 22401, Обосновывающие материалы, Гл. 2 Прил. 1 Ч. 3, табл. 2.1 «Прогноз ввода строений различного назначения … до 2030 года»","_item":371,"_name":"«Комплексное развитие территории в Ленинском районе города Нижнего Новгорода в границах улиц Самочкина, Снежная, Энтузиастов, Премудрова и р. Ржавки»","_scheme_source":"Автозаводская ТЭЦ","_district":"Ленинский район","_year":2030,"_address":"в границах проспект Ленина, Горная улица, Снежная улица, улица Энтузиастов, улица Премудрова","_geocode":"streets","_contour":"typical","floor_area_m2":18889,"levels":17},"geometry":{"type":"Polygon","coordinates":[[[43.9273734,56.2878822],[43.9274665,56.2880163],[43.92642,56.288241],[43.9263269,56.2881069],[43.9273734,56.2878822]]]}},
{"type":"Feature","properties":{"object_type":"oks_future","_source":"inferred","heat_load":1.3278,"flow_tph":16.598,"_load_source":"scheme","_ref":"Схема теплоснабжения г. Н. Новгорода до 2030 г. (актуализация на 2026 г.), шифр 22401, Обосновывающие материалы, Гл. 2 Прил. 1 Ч. 3, табл. 2.1 «Прогноз ввода строений различного назначения … до 2030 года»","_item":371,"_name":"«Комплексное развитие территории в Ленинском районе города Нижнего Новгорода в границах улиц Самочкина, Снежная, Энтузиастов, Премудрова и р. Ржавки»","_scheme_source":"Автозаводская ТЭЦ","_district":"Ленинский район","_year":2030,"_address":"в границах проспект Ленина, Горная улица, Снежная улица, улица Энтузиастов, улица Премудрова","_geocode":"streets","_contour":"typical","floor_area_m2":18889,"levels":17},"geometry":{"type":"Polygon","coordinates":[[[43.9245372,56.2863118],[43.9247783,56.28626],[43.9251823,56.2868421],[43.9249411,56.2868938],[43.9245372,56.2863118]]]}},
{"type":"Feature","properties":{"object_type":"oks_future","_source":"inferred","heat_load":1.3278,"flow_tph":16.598,"_load_source":"scheme","_ref":"Схема теплоснабжения г. Н. Новгорода до 2030 г. (актуализация на 2026 г.), шифр 22401, Обосновывающие материалы, Гл. 2 Прил. 1 Ч. 3, табл. 2.1 «Прогноз ввода строений различного назначения … до 2030 года»","_item":371,"_name":"«Комплексное развитие территории в Ленинском районе города Нижнего Новгорода в границах улиц Самочкина, Снежная, Энтузиастов, Премудрова и р. Ржавки»","_scheme_source":"Автозаводская ТЭЦ","_district":"Ленинский район","_year":2030,"_address":"в границах проспект Ленина, Горная улица, Снежная улица, улица Энтузиастов, улица Премудрова","_geocode":"streets","_contour":"typical","floor_area_m2":18889,"levels":17},"geometry":{"type":"Polygon","coordinates":[[[43.9262158,56.2862211],[43.9263089,56.2863552],[43.9252624,56.2865799],[43.9251693,56.2864458],[43.9262158,56.2862211]]]}},
{"type":"Feature","properties":{"object_type":"oks_future","_source":"inferred","heat_load":1.3278,"flow_tph":16.598,"_load_source":"scheme","_ref":"Схема теплоснабжения г. Н. Новгорода до 2030 г. (актуализация на 2026 г.), шифр 22401, Обосновывающие материалы, Гл. 2 Прил. 1 Ч. 3, табл. 2.1 «Прогноз ввода строений различного назначения … до 2030 года»","_item":371,"_name":"«Комплексное развитие территории в Ленинском районе города Нижнего Новгорода в границах улиц Самочкина, Снежная, Энтузиастов, Премудрова и р. Ржавки»","_scheme_source":"Автозаводская ТЭЦ","_district":"Ленинский район","_year":2030,"_address":"в границах проспект Ленина, Горная улица, Снежная улица, улица Энтузиастов, улица Премудрова","_geocode":"streets","_contour":"typical","floor_area_m2":18889,"levels":17},"geometry":{"type":"Polygon","coordinates":[[[43.9250576,56.285613],[43.9251507,56.2857471],[43.9241042,56.2859718],[43.9240111,56.2858377],[43.9250576,56.285613]]]}},
{"type":"Feature","properties":{"object_type":"oks_future","_source":"inferred","heat_load":1.3278,"flow_tph":16.598,"_load_source":"scheme","_ref":"Схема теплоснабжения г. Н. Новгорода до 2030 г. (актуализация на 2026 г.), шифр 22401, Обосновывающие материалы, Гл. 2 Прил. 1 Ч. 3, табл. 2.1 «Прогноз ввода строений различного назначения … до 2030 года»","_item":371,"_name":"«Комплексное развитие территории в Ленинском районе города Нижнего Новгорода в границах улиц Самочкина, Снежная, Энтузиастов, Премудрова и р. Ржавки»","_scheme_source":"Автозаводская ТЭЦ","_district":"Ленинский район","_year":2030,"_address":"в границах проспект Ленина, Горная улица, Снежная улица, улица Энтузиастов, улица Премудрова","_geocode":"streets","_contour":"typical","floor_area_m2":18889,"levels":17},"geometry":{"type":"Polygon","coordinates":[[[43.9214624,56.2857899],[43.9215554,56.285924],[43.920509,56.2861486],[43.9204159,56.2860145],[43.9214624,56.2857899]]]}},
{"type":"Feature","properties":{"object_type":"oks_future","_source":"inferred","heat_load":1.3278,"flow_tph":16.598,"_load_source":"scheme","_ref":"Схема теплоснабжения г. Н. Новгорода до 2030 г. (актуализация на 2026 г.), шифр 22401, Обосновывающие материалы, Гл. 2 Прил. 1 Ч. 3, табл. 2.1 «Прогноз ввода строений различного назначения … до 2030 года»","_item":371,"_name":"«Комплексное развитие территории в Ленинском районе города Нижнего Новгорода в границах улиц Самочкина, Снежная, Энтузиастов, Премудрова и р. Ржавки»","_scheme_source":"Автозаводская ТЭЦ","_district":"Ленинский район","_year":2030,"_address":"в границах проспект Ленина, Горная улица, Снежная улица, улица Энтузиастов, улица Премудрова","_geocode":"streets","_contour":"typical","floor_area_m2":18889,"levels":17},"geometry":{"type":"Polygon","coordinates":[[[43.9287599,56.2869394],[43.929001,56.2868876],[43.929405,56.2874696],[43.9291639,56.2875214],[43.9287599,56.2869394]]]}},
{"type":"Feature","properties":{"object_type":"oks_future","_source":"inferred","heat_load":1.3278,"flow_tph":16.598,"_load_source":"scheme","_ref":"Схема теплоснабжения г. Н. Новгорода до 2030 г. (актуализация на 2026 г.), шифр 22401, Обосновывающие материалы, Гл. 2 Прил. 1 Ч. 3, табл. 2.1 «Прогноз ввода строений различного назначения … до 2030 года»","_item":371,"_name":"«Комплексное развитие территории в Ленинском районе города Нижнего Новгорода в границах улиц Самочкина, Снежная, Энтузиастов, Премудрова и р. Ржавки»","_scheme_source":"Автозаводская ТЭЦ","_district":"Ленинский район","_year":2030,"_address":"в границах проспект Ленина, Горная улица, Снежная улица, улица Энтузиастов, улица Премудрова","_geocode":"streets","_contour":"typical","floor_area_m2":18889,"levels":17},"geometry":{"type":"Polygon","coordinates":[[[43.9241723,56.2849837],[43.9244134,56.284932],[43.9248174,56.285514],[43.9245763,56.2855658],[43.9241723,56.2849837]]]}},
{"type":"Feature","properties":{"object_type":"oks_future","_source":"inferred","heat_load":1.3278,"flow_tph":16.598,"_load_source":"scheme","_ref":"Схема теплоснабжения г. Н. Новгорода до 2030 г. (актуализация на 2026 г.), шифр 22401, Обосновывающие материалы, Гл. 2 Прил. 1 Ч. 3, табл. 2.1 «Прогноз ввода строений различного назначения … до 2030 года»","_item":371,"_name":"«Комплексное развитие территории в Ленинском районе города Нижнего Новгорода в границах улиц Самочкина, Снежная, Энтузиастов, Премудрова и р. Ржавки»","_scheme_source":"Автозаводская ТЭЦ","_district":"Ленинский район","_year":2030,"_address":"в границах проспект Ленина, Горная улица, Снежная улица, улица Энтузиастов, улица Премудрова","_geocode":"streets","_contour":"typical","floor_area_m2":18889,"levels":17},"geometry":{"type":"Polygon","coordinates":[[[43.9259461,56.2852057],[43.9261872,56.2851539],[43.9265912,56.285736],[43.9263501,56.2857877],[43.9259461,56.2852057]]]}},
{"type":"Feature","properties":{"object_type":"oks_future","_source":"inferred","heat_load":0.9723,"flow_tph":12.154,"_load_source":"scheme","_ref":"Схема теплоснабжения г. Н. Новгорода до 2030 г. (актуализация на 2026 г.), шифр 22401, Обосновывающие материалы, Гл. 2 Прил. 1 Ч. 3, табл. 2.1 «Прогноз ввода строений различного назначения … до 2030 года»","_item":372,"_name":"Многоквартирный дом со встроенными помещениями общественного назначения и подземной стоянкой автомобилей №1, №2 (по генплану) в границах улиц Усиевича, Гончарова и Заречного бульвара","_scheme_source":"Автозаводская ТЭЦ","_district":"Ленинский район","_year":2026,"_address":"в границах улица Усиевича, улица Гончарова, Заречная улица","_geocode":"streets","_contour":"typical","floor_area_m2":20000,"levels":17},"geometry":{"type":"Polygon","coordinates":[[[43.934811,56.2814283],[43.9349238,56.2815577],[43.9338553,56.281846],[43.9337425,56.2817166],[43.934811,56.2814283]]]}},
{"type":"Feature","properties":{"object_type":"oks_future","_source":"inferred","heat_load":2.057,"flow_tph":25.712,"_load_source":"scheme","_ref":"Схема теплоснабжения г. Н. Новгорода до 2030 г. (актуализация на 2026 г.), шифр 22401, Обосновывающие материалы, Гл. 2 Прил. 1 Ч. 3, табл. 2.1 «Прогноз ввода строений различного назначения … до 2030 года»","_item":373,"_name":"«Общеобразовательная организация(школа) №17.1(по генплану) комплексного развития территории в Ленинском районе города Нижнего Новгорода в границах улиц Самочкина, Снежная, Энтузиастов, Премудрая и р. Ржавки» ООО «СЗ «Проект-С-35»","_scheme_source":"Автозаводская ТЭЦ","_district":"Ленинский район","_year":2030,"_address":"в границах проспект Ленина, Горная улица, Снежная улица, улица Энтузиастов, улица Премудрова","_geocode":"streets","_contour":"typical","floor_area_m2":14300,"levels":5},"geometry":{"type":"Polygon","coordinates":[[[43.929203,56.2864808],[43.929861,56.2863395],[43.930242,56.2868884],[43.9295841,56.2870297],[43.929203,56.2864808]]]}},
{"type":"Feature","properties":{"object_type":"oks_future","_source":"inferred","heat_load":1.0049,"flow_tph":12.561,"_load_source":"scheme","_ref":"Схема теплоснабжения г. Н. Новгорода до 2030 г. (актуализация на 2026 г.), шифр 22401, Обосновывающие материалы, Гл. 2 Прил. 1 Ч. 3, табл. 2.1 «Прогноз ввода строений различного назначения … до 2030 года»","_item":375,"_name":"Жилой дом № 2 (по генплану) с помещениями общественного назначения и подземной автостоянкой в границах улиц Мичурина и Июльских дней","_scheme_source":"Июльских дней, 1","_district":"Ленинский район","_year":2025,"_address":"в границах улица Мичурина, улица Июльских Дней","_geocode":"streets","_contour":"typical","floor_area_m2":15000,"levels":17},"geometry":{"type":"Polygon","coordinates":[[[43.949378,56.3019406],[43.9495474,56.3020492],[43.9488743,56.3023739],[43.9487048,56.3022653],[43.949378,56.3019406]]]}},
{"type":"Feature","properties":{"object_type":"oks_future","_source":"inferred","heat_load":1.022,"flow_tph":12.775,"_load_source":"scheme","_ref":"Схема теплоснабжения г. Н. Новгорода до 2030 г. (актуализация на 2026 г.), шифр 22401, Обосновывающие материалы, Гл. 2 Прил. 1 Ч. 3, табл. 2.1 «Прогноз ввода строений различного назначения … до 2030 года»","_item":376,"_name":"Жилая застройка в границах ул. Чонгарская, Правды, Менделеева","_scheme_source":"Июльских дней, 1","_district":"Ленинский район","_year":2027,"_address":"в границах Чонгарская улица, улица Правды, улица Менделеева","_geocode":"streets","_contour":"typical","floor_area_m2":2260,"levels":3},"geometry":{"type":"Polygon","coordinates":[[[43.935849,56.305566],[43.9359568,56.3053738],[43.9364755,56.3054637],[43.9363676,56.3056559],[43.935849,56.305566]]]}},
{"type":"Feature","properties":{"object_type":"oks_future","_source":"inferred","heat_load":1.899,"flow_tph":23.738,"_load_source":"scheme","_ref":"Схема теплоснабжения г. Н. Новгорода до 2030 г. (актуализация на 2026 г.), шифр 22401, Обосновывающие материалы, Гл. 2 Прил. 1 Ч. 3, табл. 2.1 «Прогноз ввода строений различного назначения … до 2030 года»","_item":377,"_name":"Новый корпус МБОУ \"Школа № 97\" на 730 мест в границах улиц Октябрьской Революции, Июльских дней, Чонгарская","_scheme_source":"Июльских дней, 1","_district":"Ленинский район","_year":2028,"_address":"в границах улица Октябрьской Революции, улица Июльских Дней, Чонгарская улица","_geocode":"streets","_contour":"typical","floor_area_m2":10000,"levels":5},"geometry":{"type":"Polygon","coordinates":[[[43.9452391,56.2985796],[43.9446762,56.2984814],[43.9449412,56.2980119],[43.9455041,56.2981101],[43.9452391,56.2985796]]]}},
{"type":"Feature","properties":{"object_type":"oks_future","_source":"inferred","heat_load":0.5428,"flow_tph":6.785,"_load_source":"scheme","_ref":"Схема теплоснабжения г. Н. Новгорода до 2030 г. (актуализация на 2026 г.), шифр 22401, Обосновывающие материалы, Гл. 2 Прил. 1 Ч. 3, табл. 2.1 «Прогноз ввода строений различного назначения … до 2030 года»","_item":378,"_name":"Жилой дом Даргомыжского ул.,Трамвайная,Академика Баха, между домами №11 корпус 1 и №13 по ул.Академика Баха.","_scheme_source":"ул. Академика Баха, 4-а","_district":"Ленинский район","_year":2026,"_address":"улица Даргомыжского, 11","_geocode":"near","_contour":"typical","floor_area_m2":14060,"levels":17},"geometry":{"type":"Polygon","coordinates":[[[43.9419286,56.2919776],[43.9416853,56.2920262],[43.9414028,56.2915893],[43.941646,56.2915406],[43.9419286,56.2919776]]]}},
{"type":"Feature","properties":{"object_type":"oks_future","_source":"inferred","heat_load":0.0182,"flow_tph":0.228,"_load_source":"scheme","_ref":"Схема теплоснабжения г. Н. Новгорода до 2030 г. (актуализация на 2026 г.), шифр 22401, Обосновывающие материалы, Гл. 2 Прил. 1 Ч. 3, табл. 2.1 «Прогноз ввода строений различного назначения … до 2030 года»","_item":379,"_name":"Торговое здание с административными помещениями по ул.Голубева, напротив дома №4","_scheme_source":"ул. Академика Баха, 4-а","_district":"Ленинский район","_year":2025,"_address":"улица Голубева, 4","_geocode":"near","_contour":"typical","floor_area_m2":690,"levels":3},"geometry":{"type":"Polygon","coordinates":[[[43.9520698,56.2878922],[43.9518702,56.2878998],[43.9518497,56.2877333],[43.9520493,56.2877257],[43.9520698,56.2878922]]]}},
{"type":"Feature","properties":{"object_type":"oks_future","_source":"inferred","heat_load":0.96,"flow_tph":12.0,"_load_source":"scheme","_ref":"Схема теплоснабжения г. Н. Новгорода до 2030 г. (актуализация на 2026 г.), шифр 22401, Обосновывающие материалы, Гл. 2 Прил. 1 Ч. 3, табл. 2.1 «Прогноз ввода строений различного назначения … до 2030 года»","_item":380,"_name":"Строительство пристроя к зданию МБОУ \"Школа № 106\" (бул. Заречный, 16)","_scheme_source":"ул. Академика Баха, 4-а","_district":"Ленинский район","_year":2026,"_address":"Заречная улица, 16","_geocode":"at","_contour":"typical","floor_area_m2":9000,"levels":5},"geometry":{"type":"Polygon","coordinates":[[[43.9438204,56.2843776],[43.9436083,56.2840896],[43.9443849,56.2839126],[43.944597,56.2842006],[43.9438204,56.2843776]]]}},
{"type":"Feature","properties":{"object_type":"oks_future","_source":"inferred","heat_load":0.7794,"flow_tph":9.742,"_load_source":"scheme","_ref":"Схема теплоснабжения г. Н. Новгорода до 2030 г. (актуализация на 2026 г.), шифр 22401, Обосновывающие материалы, Гл. 2 Прил. 1 Ч. 3, табл. 2.1 «Прогноз ввода строений различного назначения … до 2030 года»","_item":381,"_name":"Православная гимназия во имя святых Кирилла и Мефодия г. Нижнего Новгорода (ул. Трамвайная, д. 79 )","_scheme_source":"ул. Академика Баха, 4-а","_district":"Ленинский район","_year":2025,"_address":"Трамвайная улица, 79","_geocode":"at","_contour":"typical","floor_area_m2":5000,"levels":3},"geometry":{"type":"Polygon","coordinates":[[[43.9411316,56.2915954],[43.9412563,56.2918867],[43.9404706,56.2919908],[43.9403458,56.2916995],[43.9411316,56.2915954]]]}},
{"type":"Feature","properties":{"object_type":"oks_future","_source":"inferred","heat_load":0.8657,"flow_tph":10.821,"_load_source":"scheme","_ref":"Схема теплоснабжения г. Н. Новгорода до 2030 г. (актуализация на 2026 г.), шифр 22401, Обосновывающие материалы, Гл. 2 Прил. 1 Ч. 3, табл. 2.1 «Прогноз ввода строений различного назначения … до 2030 года»","_item":382,"_name":"Баскетбольный центр с двумя площадками (ул. Трамвайная, 81)","_scheme_source":"ул. Академика Баха, 4-а","_district":"Ленинский район","_year":2025,"_address":"Трамвайная улица, 81","_geocode":"at","_contour":"typical","floor_area_m2":2500,"levels":3},"geometry":{"type":"Polygon","coordinates":[[[43.9411989,56.292817],[43.9410567,56.2926206],[43.9415865,56.2925019],[43.9417287,56.2926984],[43.9411989,56.292817]]]}},
{"type":"Feature","properties":{"object_type":"oks_future","_source":"inferred","heat_load":0.3659,"flow_tph":4.574,"_load_source":"scheme","_ref":"Схема теплоснабжения г. Н. Новгорода до 2030 г. (актуализация на 2026 г.), шифр 22401, Обосновывающие материалы, Гл. 2 Прил. 1 Ч. 3, табл. 2.1 «Прогноз ввода строений различного назначения … до 2030 года»","_item":383,"_name":"Капитальный ремонт здания ГКОУ \"Школа-интернат № 65\" (ул. Голубева, 8а)","_scheme_source":"ул. Академика Баха, 4-а","_district":"Ленинский район","_year":2025,"_address":"улица Голубева, 8а","_geocode":"at","_contour":"typical","floor_area_m2":3659,"levels":3},"geometry":{"type":"Polygon","coordinates":[[[43.9503431,56.2847593],[43.9504135,56.2850125],[43.9497307,56.2850712],[43.9496604,56.284818],[43.9503431,56.2847593]]]}},
{"type":"Feature","properties":{"object_type":"oks_future","_source":"inferred","heat_load":0.5023,"flow_tph":6.279,"_load_source":"scheme","_ref":"Схема теплоснабжения г. Н. Новгорода до 2030 г. (актуализация на 2026 г.), шифр 22401, Обосновывающие материалы, Гл. 2 Прил. 1 Ч. 3, табл. 2.1 «Прогноз ввода строений различного назначения … до 2030 года»","_item":384,"_name":"Жилой дом по ул. Голубева (около дома №10)","_scheme_source":"ул. Академика Баха, 4-а","_district":"Ленинский район","_year":2027,"_address":"улица Голубева, 10","_geocode":"near","_contour":"typical","floor_area_m2":10000,"levels":12},"geometry":{"type":"Polygon","coordinates":[[[43.9519334,56.2859436],[43.9519581,56.2860866],[43.9511206,56.2861314],[43.9510959,56.2859883],[43.9519334,56.2859436]]]}},
{"type":"Feature","properties":{"object_type":"oks_future","_source":"inferred","heat_load":0.3156,"flow_tph":3.945,"_load_source":"scheme","_ref":"Схема теплоснабжения г. Н. Новгорода до 2030 г. (актуализация на 2026 г.), шифр 22401, Обосновывающие материалы, Гл. 2 Прил. 1 Ч. 3, табл. 2.1 «Прогноз ввода строений различного назначения … до 2030 года»","_item":385,"_name":"ул. Профинтерна, 11 стр (ЖК \"На Гончарова\")","_scheme_source":"ул. Заводская, д.19","_district":"Ленинский район","_year":2028,"_address":"в границах переулок Профинтерна, улица Гончарова","_geocode":"streets","_contour":"typical","floor_area_m2":7200,"levels":12},"geometry":{"type":"Polygon","coordinates":[[[43.9393739,56.2807575],[43.9394719,56.2808905],[43.9389115,56.2810182],[43.9388135,56.2808852],[43.9393739,56.2807575]]]}},
{"type":"Feature","properties":{"object_type":"oks_future","_source":"inferred","heat_load":0.2807,"flow_tph":3.509,"_load_source":"scheme","_ref":"Схема теплоснабжения г. Н. Новгорода до 2030 г. (актуализация на 2026 г.), шифр 22401, Обосновывающие материалы, Гл. 2 Прил. 1 Ч. 3, табл. 2.1 «Прогноз ввода строений различного назначения … до 2030 года»","_item":386,"_name":"ул. Профинтерна, 11А стр (ЖК \"На Гончарова\")","_scheme_source":"ул. Заводская, д.19","_district":"Ленинский район","_year":2029,"_address":"в границах переулок Профинтерна, улица Гончарова","_geocode":"streets","_contour":"typical","floor_area_m2":7200,"levels":12},"geometry":{"type":"Polygon","coordinates":[[[43.9386093,56.2814592],[43.9388484,56.2814047],[43.9390781,56.2817165],[43.938839,56.281771],[43.9386093,56.2814592]]]}},
{"type":"Feature","properties":{"object_type":"oks_future","_source":"inferred","heat_load":0.0965,"flow_tph":1.206,"_load_source":"scheme","_ref":"Схема теплоснабжения г. Н. Новгорода до 2030 г. (актуализация на 2026 г.), шифр 22401, Обосновывающие материалы, Гл. 2 Прил. 1 Ч. 3, табл. 2.1 «Прогноз ввода строений различного назначения … до 2030 года»","_item":387,"_name":"Нежилое здание, ул. Памирская, 11","_scheme_source":"ул. Заводская, д.19","_district":"Ленинский район","_year":2025,"_address":"Памирская улица, 11","_geocode":"at","_contour":"typical","floor_area_m2":1000,"levels":3},"geometry":{"type":"Polygon","coordinates":[[[43.9415973,56.2712172],[43.9413572,56.2712262],[43.9413327,56.2710258],[43.9415728,56.2710167],[43.9415973,56.2712172]]]}},
{"type":"Feature","properties":{"object_type":"oks_future","_source":"inferred","heat_load":0.129,"flow_tph":1.613,"_load_source":"scheme","_ref":"Схема теплоснабжения г. Н. Новгорода до 2030 г. (актуализация на 2026 г.), шифр 22401, Обосновывающие материалы, Гл. 2 Прил. 1 Ч. 3, табл. 2.1 «Прогноз ввода строений различного назначения … до 2030 года»","_item":388,"_name":"Здание насосно-фильтровальной станции, ул. Памирская, 11","_scheme_source":"ул. Заводская, д.19","_district":"Ленинский район","_year":2025,"_address":"Памирская улица, 11","_geocode":"at","_contour":"typical","floor_area_m2":1500,"levels":3},"geometry":{"type":"Polygon","coordinates":[[[43.9423112,56.2714623],[43.9423312,56.2716259],[43.9418901,56.2716426],[43.9418701,56.271479],[43.9423112,56.2714623]]]}},
{"type":"Feature","properties":{"object_type":"oks_future","_source":"inferred","heat_load":0.0183,"flow_tph":0.229,"_load_source":"scheme","_ref":"Схема теплоснабжения г. Н. Новгорода до 2030 г. (актуализация на 2026 г.), шифр 22401, Обосновывающие материалы, Гл. 2 Прил. 1 Ч. 3, табл. 2.1 «Прогноз ввода строений различного назначения … до 2030 года»","_item":389,"_name":"Нежилое помещение ZП3 по ул. Памирская, 11","_scheme_source":"ул. Заводская, д.19","_district":"Ленинский район","_year":2025,"_address":"Памирская улица, 11","_geocode":"at","_contour":"typical","floor_area_m2":200,"levels":1},"geometry":{"type":"Polygon","coordinates":[[[43.9425451,56.2705884],[43.9425578,56.2706919],[43.9422788,56.2707025],[43.9422661,56.270599],[43.9425451,56.2705884]]]}},
{"type":"Feature","properties":{"object_type":"oks_future","_source":"inferred","heat_load":0.3875,"flow_tph":4.844,"_load_source":"scheme","_ref":"Схема теплоснабжения г. Н. Новгорода до 2030 г. (актуализация на 2026 г.), шифр 22401, Обосновывающие материалы, Гл. 2 Прил. 1 Ч. 3, табл. 2.1 «Прогноз ввода строений различного назначения … до 2030 года»","_item":390,"_name":"центр бытового обслуживания с объектами торговли по ул. Сафронова, 7","_scheme_source":"ул. Памирская, 11","_district":"Ленинский район","_year":2025,"_address":"ул. Памирская, 11","_geocode":"source","_contour":"typical","floor_area_m2":11140,"levels":5},"geometry":{"type":"Polygon","coordinates":[[[43.9374857,56.2695615],[43.9368649,56.2695849],[43.9368016,56.2690667],[43.9374225,56.2690433],[43.9374857,56.2695615]]]}},
{"type":"Feature","properties":{"object_type":"oks_future","_source":"inferred","heat_load":0.3875,"flow_tph":4.844,"_load_source":"scheme","_ref":"Схема теплоснабжения г. Н. Новгорода до 2030 г. (актуализация на 2026 г.), шифр 22401, Обосновывающие материалы, Гл. 2 Прил. 1 Ч. 3, табл. 2.1 «Прогноз ввода строений различного назначения … до 2030 года»","_item":390,"_name":"центр бытового обслуживания с объектами торговли по ул. Сафронова, 7","_scheme_source":"ул. Памирская, 11","_district":"Ленинский район","_year":2025,"_address":"ул. Памирская, 11","_geocode":"source","_contour":"typical","floor_area_m2":11140,"levels":5},"geometry":{"type":"Polygon","coordinates":[[[43.9482678,56.2703726],[43.947647,56.2703961],[43.9475836,56.2698779],[43.9482044,56.2698544],[43.9482678,56.2703726]]]}},
{"type":"Feature","properties":{"object_type":"oks_future","_source":"inferred","heat_load":0.2455,"flow_tph":3.069,"_load_source":"scheme","_ref":"Схема теплоснабжения г. Н. Новгорода до 2030 г. (актуализация на 2026 г.), шифр 22401, Обосновывающие материалы, Гл. 2 Прил. 1 Ч. 3, табл. 2.1 «Прогноз ввода строений различного назначения … до 2030 года»","_item":391,"_name":"жилой дом по ул. Энтузиастов около домов №№ 3, 5, 7, 9","_scheme_source":"ул. Премудрова, 12-а","_district":"Ленинский район","_year":2028,"_address":"улица Энтузиастов, 3","_geocode":"near","_contour":"typical","floor_area_m2":6360,"levels":12},"geometry":{"type":"Polygon","coordinates":[[[43.9253262,56.2877085],[43.9255652,56.2876538],[43.925769,56.287929],[43.92553,56.2879837],[43.9253262,56.2877085]]]}},
{"type":"Feature","properties":{"object_type":"oks_future","_source":"inferred","heat_load":0.0975,"flow_tph":1.219,"_load_source":"scheme","_ref":"Схема теплоснабжения г. Н. Новгорода до 2030 г. (актуализация на 2026 г.), шифр 22401, Обосновывающие материалы, Гл. 2 Прил. 1 Ч. 3, табл. 2.1 «Прогноз ввода строений различного назначения … до 2030 года»","_item":392,"_name":"2-ое отделение ГБУЗ НО \"Городская больница № 47 Ленинского районе г. Н.Новгорода\" (ул. Снежная, 15)","_scheme_source":"ул. Премудрова, 12-а","_district":"Ленинский район","_year":2025,"_address":"Снежная улица, 15","_geocode":"at","_contour":"typical","floor_area_m2":800,"levels":3},"geometry":{"type":"Polygon","coordinates":[[[43.9190758,56.2867192],[43.9188758,56.2867636],[43.9187561,56.2865967],[43.9189561,56.2865523],[43.9190758,56.2867192]]]}},
{"type":"Feature","properties":{"object_type":"oks_future","_source":"inferred","heat_load":0.0618,"flow_tph":0.773,"_load_source":"scheme","_ref":"Схема теплоснабжения г. Н. Новгорода до 2030 г. (актуализация на 2026 г.), шифр 22401, Обосновывающие материалы, Гл. 2 Прил. 1 Ч. 3, табл. 2.1 «Прогноз ввода строений различного назначения … до 2030 года»","_item":393,"_name":"Ресурсный центр обеспечения комплексной безопасности населения, ул. Дачная, 28","_scheme_source":"ул. Премудрова, 12-а","_district":"Ленинский район","_year":2025,"_address":"Дачная улица, 28","_geocode":"at","_contour":"typical","floor_area_m2":1000,"levels":3},"geometry":{"type":"Polygon","coordinates":[[[43.9127221,56.300905],[43.9124813,56.3009091],[43.9124703,56.3007083],[43.912711,56.3007042],[43.9127221,56.300905]]]}},
{"type":"Feature","properties":{"object_type":"oks_future","_source":"real","heat_load":0.2222,"flow_tph":2.777,"_load_source":"scheme","_ref":"Схема теплоснабжения г. Н. Новгорода до 2030 г. (актуализация на 2026 г.), шифр 22401, Обосновывающие материалы, Гл. 2 Прил. 1 Ч. 3, табл. 2.1 «Прогноз ввода строений различного назначения … до 2030 года»","_item":395,"_name":"в границах улицы Ильинская, переулка Плотничный, улиц Добролюбова, архитектора Харитонова, Малая Покровская, ул. Ильинская, 56В (поз. 9 ПП) и ул. Ильинская, 56Б (поз. 37 ПП)","_scheme_source":"\"НТЦ\", ул. Ветеринарная, 5","_district":"Нижегородский район","_year":2030,"_address":"в границах Ильинская улица, Плотничный переулок, Добрая улица, улица Архитектора Харитонова, Малая Покровская улица","_geocode":"streets","_contour":"osm_construction","floor_area_m2":5700,"levels":9,"_osm":"w1301918452"},"geometry":{"type":"Polygon","coordinates":[[[43.9893347,56.3208558],[43.9895063,56.3208409],[43.9895278,56.3208736],[43.9897317,56.3208379],[43.9896539,56.3206892],[43.9894125,56.32071],[43.989442,56.3207576],[43.9892891,56.3207814],[43.9893347,56.3208558]]]}},
{"type":"Feature","properties":{"object_type":"oks_future","_source":"inferred","heat_load":0.8407,"flow_tph":10.509,"_load_source":"scheme","_ref":"Схема теплоснабжения г. Н. Новгорода до 2030 г. (актуализация на 2026 г.), шифр 22401, Обосновывающие материалы, Гл. 2 Прил. 1 Ч. 3, табл. 2.1 «Прогноз ввода строений различного назначения … до 2030 года»","_item":396,"_name":"в границах улицы Ильинская, переулка Плотничный, улиц Добролюбова, архитектора Харитонова, Малая Покровская, ул. Ильинская, 80 (поз. 7 ПП) и пер. Плотничный, 38А (поз. 38 ПП)","_scheme_source":"\"НТЦ\", ул. Ветеринарная, 5","_district":"Нижегородский район","_year":2029,"_address":"в границах Ильинская улица, Плотничный переулок, Добрая улица, улица Архитектора Харитонова, Малая Покровская улица","_geocode":"streets","_contour":"typical","floor_area_m2":14350,"levels":17},"geometry":{"type":"Polygon","coordinates":[[[43.9902521,56.3184861],[43.9900048,56.318444],[43.9902546,56.3179908],[43.990502,56.3180329],[43.9902521,56.3184861]]]}},
{"type":"Feature","properties":{"object_type":"oks_future","_source":"inferred","heat_load":0.8407,"flow_tph":10.509,"_load_source":"scheme","_ref":"Схема теплоснабжения г. Н. Новгорода до 2030 г. (актуализация на 2026 г.), шифр 22401, Обосновывающие материалы, Гл. 2 Прил. 1 Ч. 3, табл. 2.1 «Прогноз ввода строений различного назначения … до 2030 года»","_item":396,"_name":"в границах улицы Ильинская, переулка Плотничный, улиц Добролюбова, архитектора Харитонова, Малая Покровская, ул. Ильинская, 80 (поз. 7 ПП) и пер. Плотничный, 38А (поз. 38 ПП)","_scheme_source":"\"НТЦ\", ул. Ветеринарная, 5","_district":"Нижегородский район","_year":2029,"_address":"в границах Ильинская улица, Плотничный переулок, Добрая улица, улица Архитектора Харитонова, Малая Покровская улица","_geocode":"streets","_contour":"typical","floor_area_m2":14350,"levels":17},"geometry":{"type":"Polygon","coordinates":[[[43.990834,56.3184908],[43.9905867,56.3184487],[43.9908366,56.3179956],[43.9910839,56.3180377],[43.990834,56.3184908]]]}},
{"type":"Feature","properties":{"object_type":"oks_future","_source":"inferred","heat_load":0.0914,"flow_tph":1.142,"_load_source":"scheme","_ref":"Схема теплоснабжения г. Н. Новгорода до 2030 г. (актуализация на 2026 г.), шифр 22401, Обосновывающие материалы, Гл. 2 Прил. 1 Ч. 3, табл. 2.1 «Прогноз ввода строений различного назначения … до 2030 года»","_item":397,"_name":"Дошкольная образовательная организация в границах улиц Ковровская, Родниковая, Максима Горького, площадь Сенная, Казанская набережная в Нижегородском районе г. Нижнего Новгорода","_scheme_source":"\"НТЦ\", ул. Ветеринарная, 5","_district":"Нижегородский район","_year":2028,"_address":"в границах Ковровская улица, Родниковая улица, площадь Максима Горького, Сенная площадь, Казанская набережная, Нижегородская улица, Новая улица","_geocode":"streets","_contour":"typical","floor_area_m2":1000,"levels":3},"geometry":{"type":"Polygon","coordinates":[[[44.0217341,56.3174011],[44.0216321,56.3175225],[44.0213046,56.3174374],[44.0214066,56.3173161],[44.0217341,56.3174011]]]}},
{"type":"Feature","properties":{"object_type":"oks_future","_source":"inferred","heat_load":0.9225,"flow_tph":11.532,"_load_source":"scheme","_ref":"Схема теплоснабжения г. Н. Новгорода до 2030 г. (актуализация на 2026 г.), шифр 22401, Обосновывающие материалы, Гл. 2 Прил. 1 Ч. 3, табл. 2.1 «Прогноз ввода строений различного назначения … до 2030 года»","_item":398,"_name":"Многоквартирный дом со встроенными помещениями общественного назначения и подземной автостоянкой в границах улиц Ковровская, Родниковая, Максима Горького, площадь Сенная, Казанская набережная в Нижегородском районе г. Нижнего Новгорода","_scheme_source":"\"НТЦ\", ул. Ветеринарная, 5","_district":"Нижегородский район","_year":2029,"_address":"в границах Ковровская улица, Родниковая улица, площадь Максима Горького, Сенная площадь, Казанская набережная, Нижегородская улица, Новая улица","_geocode":"streets","_contour":"typical","floor_area_m2":17800,"levels":17},"geometry":{"type":"Polygon","coordinates":[[[44.024849,56.3213639],[44.0247395,56.3214942],[44.0237809,56.3212453],[44.0238904,56.3211151],[44.024849,56.3213639]]]}},
{"type":"Feature","properties":{"object_type":"oks_future","_source":"inferred","heat_load":0.9225,"flow_tph":11.532,"_load_source":"scheme","_ref":"Схема теплоснабжения г. Н. Новгорода до 2030 г. (актуализация на 2026 г.), шифр 22401, Обосновывающие материалы, Гл. 2 Прил. 1 Ч. 3, табл. 2.1 «Прогноз ввода строений различного назначения … до 2030 года»","_item":398,"_name":"Многоквартирный дом со встроенными помещениями общественного назначения и подземной автостоянкой в границах улиц Ковровская, Родниковая, Максима Горького, площадь Сенная, Казанская набережная в Нижегородском районе г. Нижнего Новгорода","_scheme_source":"\"НТЦ\", ул. Ветеринарная, 5","_district":"Нижегородский район","_year":2029,"_address":"в границах Ковровская улица, Родниковая улица, площадь Максима Горького, Сенная площадь, Казанская набережная, Нижегородская улица, Новая улица","_geocode":"streets","_contour":"typical","floor_area_m2":17800,"levels":17},"geometry":{"type":"Polygon","coordinates":[[[44.0148658,56.3181478],[44.0147563,56.318278],[44.0137979,56.3180291],[44.0139074,56.3178989],[44.0148658,56.3181478]]]}},
{"type":"Feature","properties":{"object_type":"oks_future","_source":"inferred","heat_load":0.0527,"flow_tph":0.659,"_load_source":"scheme","_ref":"Схема теплоснабжения г. Н. Новгорода до 2030 г. (актуализация на 2026 г.), шифр 22401, Обосновывающие материалы, Гл. 2 Прил. 1 Ч. 3, табл. 2.1 «Прогноз ввода строений различного назначения … до 2030 года»","_item":399,"_name":"Нежилое здание под размещение продовольственного магазина по ул. Генерала Ивлиева, 1А (литера А)","_scheme_source":"\"НТЦ\", ул. Ветеринарная, 5","_district":"Нижегородский район","_year":2025,"_address":"улица имени Генерала И.Д. Ивлиева, 1А","_geocode":"at","_contour":"typical","floor_area_m2":500,"levels":1},"geometry":{"type":"Polygon","coordinates":[[[44.0515843,56.2976845],[44.0513153,56.2976171],[44.0514971,56.2973928],[44.051766,56.2974602],[44.0515843,56.2976845]]]}},
{"type":"Feature","properties":{"object_type":"oks_future","_source":"inferred","heat_load":0.0651,"flow_tph":0.814,"_load_source":"scheme","_ref":"Схема теплоснабжения г. Н. Новгорода до 2030 г. (актуализация на 2026 г.), шифр 22401, Обосновывающие материалы, Гл. 2 Прил. 1 Ч. 3, табл. 2.1 «Прогноз ввода строений различного назначения … до 2030 года»","_item":400,"_name":"Объект культурного наследия регионального значения \"Дом П.Я. Ильиной\" (ул. Минина, д.21 (литер А))","_scheme_source":"\"НТЦ\", ул. Ветеринарная, 5","_district":"Нижегородский район","_year":2028,"_address":"улица Минина, 21","_geocode":"at","_contour":"typical","floor_area_m2":500,"levels":1},"geometry":{"type":"Polygon","coordinates":[[[44.0251025,56.3276056],[44.0249804,56.3274562],[44.0253836,56.3273545],[44.0255057,56.3275038],[44.0251025,56.3276056]]]}},
{"type":"Feature","properties":{"object_type":"oks_future","_source":"inferred","heat_load":0.1769,"flow_tph":2.211,"_load_source":"scheme","_ref":"Схема теплоснабжения г. Н. Новгорода до 2030 г. (актуализация на 2026 г.), шифр 22401, Обосновывающие материалы, Гл. 2 Прил. 1 Ч. 3, табл. 2.1 «Прогноз ввода строений различного назначения … до 2030 года»","_item":401,"_name":"реконструкция с элементами реставрации здания для размещения Арбитражного суда Волго-Вятского округа (ул. Б.Покровская, д.1)","_scheme_source":"\"НТЦ\", ул. Ветеринарная, 5","_district":"Нижегородский район","_year":2026,"_address":"\"НТЦ\", ул. Ветеринарная, 5","_geocode":"source","_contour":"typical","floor_area_m2":1800,"levels":3},"geometry":{"type":"Polygon","coordinates":[[[43.9962228,56.3034608],[43.9961988,56.3036399],[43.9957153,56.30362],[43.9957393,56.3034408],[43.9962228,56.3034608]]]}},
{"type":"Feature","properties":{"object_type":"oks_future","_source":"inferred","heat_load":0.8888,"flow_tph":11.109,"_load_source":"scheme","_ref":"Схема теплоснабжения г. Н. Новгорода до 2030 г. (актуализация на 2026 г.), шифр 22401, Обосновывающие материалы, Гл. 2 Прил. 1 Ч. 3, табл. 2.1 «Прогноз ввода строений различного назначения … до 2030 года»","_item":402,"_name":"застройка территории (в границах улиц М.Горького, ул. Новая, Ильинская, пл.Горького) - 2-я очередь","_scheme_source":"\"НТЦ\", ул. Ветеринарная, 5","_district":"Нижегородский район","_year":2025,"_address":"в границах Новая улица, Ильинская улица","_geocode":"streets","_contour":"typical","floor_area_m2":11500,"levels":12},"geometry":{"type":"Polygon","coordinates":[[[43.9839552,56.3145114],[43.9842023,56.3144689],[43.9844886,56.3149829],[43.9842415,56.3150254],[43.9839552,56.3145114]]]}},
{"type":"Feature","properties":{"object_type":"oks_future","_source":"inferred","heat_load":0.8888,"flow_tph":11.109,"_load_source":"scheme","_ref":"Схема теплоснабжения г. Н. Новгорода до 2030 г. (актуализация на 2026 г.), шифр 22401, Обосновывающие материалы, Гл. 2 Прил. 1 Ч. 3, табл. 2.1 «Прогноз ввода строений различного назначения … до 2030 года»","_item":402,"_name":"застройка территории (в границах улиц М.Горького, ул. Новая, Ильинская, пл.Горького) - 2-я очередь","_scheme_source":"\"НТЦ\", ул. Ветеринарная, 5","_district":"Нижегородский район","_year":2025,"_address":"в границах Новая улица, Ильинская улица","_geocode":"streets","_contour":"typical","floor_area_m2":11500,"levels":12},"geometry":{"type":"Polygon","coordinates":[[[43.9825534,56.316374],[43.9828005,56.3163315],[43.9830868,56.3168455],[43.9828397,56.316888],[43.9825534,56.316374]]]}},
{"type":"Feature","properties":{"object_type":"oks_future","_source":"inferred","heat_load":1.0989,"flow_tph":13.736,"_load_source":"scheme","_ref":"Схема теплоснабжения г. Н. Новгорода до 2030 г. (актуализация на 2026 г.), шифр 22401, Обосновывающие материалы, Гл. 2 Прил. 1 Ч. 3, табл. 2.1 «Прогноз ввода строений различного назначения … до 2030 года»","_item":403,"_name":"застройка территории (в границах улиц М.Горького, ул. Новая, Ильинская, пл.Горького) - 3-я очередь","_scheme_source":"\"НТЦ\", ул. Ветеринарная, 5","_district":"Нижегородский район","_year":2026,"_address":"в границах Новая улица, Ильинская улица","_geocode":"streets","_contour":"typical","floor_area_m2":16500,"levels":17},"geometry":{"type":"Polygon","coordinates":[[[43.9822333,56.3166602],[43.9824804,56.3166177],[43.9827704,56.3171383],[43.9825233,56.3171808],[43.9822333,56.3166602]]]}},
{"type":"Feature","properties":{"object_type":"oks_future","_source":"inferred","heat_load":1.0989,"flow_tph":13.736,"_load_source":"scheme","_ref":"Схема теплоснабжения г. Н. Новгорода до 2030 г. (актуализация на 2026 г.), шифр 22401, Обосновывающие материалы, Гл. 2 Прил. 1 Ч. 3, табл. 2.1 «Прогноз ввода строений различного назначения … до 2030 года»","_item":403,"_name":"застройка территории (в границах улиц М.Горького, ул. Новая, Ильинская, пл.Горького) - 3-я очередь","_scheme_source":"\"НТЦ\", ул. Ветеринарная, 5","_district":"Нижегородский район","_year":2026,"_address":"в границах Новая улица, Ильинская улица","_geocode":"streets","_contour":"typical","floor_area_m2":16500,"levels":17},"geometry":{"type":"Polygon","coordinates":[[[43.9817563,56.316682],[43.9820034,56.3166395],[43.9822933,56.3171601],[43.9820462,56.3172026],[43.9817563,56.316682]]]}},
{"type":"Feature","properties":{"object_type":"oks_future","_source":"inferred","heat_load":0.0045,"flow_tph":0.056,"_load_source":"scheme","_ref":"Схема теплоснабжения г. Н. Новгорода до 2030 г. (актуализация на 2026 г.), шифр 22401, Обосновывающие материалы, Гл. 2 Прил. 1 Ч. 3, табл. 2.1 «Прогноз ввода строений различного назначения … до 2030 года»","_item":404,"_name":"консерватория (ул. Пискунова, д.40)","_scheme_source":"\"НТЦ\", ул. Ветеринарная, 5","_district":"Нижегородский район","_year":2025,"_address":"улица Пискунова, 40","_geocode":"at","_contour":"typical","floor_area_m2":45,"levels":1},"geometry":{"type":"Polygon","coordinates":[[[44.0129584,56.3272685],[44.0128992,56.3272046],[44.0130718,56.3271553],[44.0131309,56.3272193],[44.0129584,56.3272685]]]}},
{"type":"Feature","properties":{"object_type":"oks_future","_source":"inferred","heat_load":0.042,"flow_tph":0.525,"_load_source":"scheme","_ref":"Схема теплоснабжения г. Н. Новгорода до 2030 г. (актуализация на 2026 г.), шифр 22401, Обосновывающие материалы, Гл. 2 Прил. 1 Ч. 3, табл. 2.1 «Прогноз ввода строений различного назначения … до 2030 года»","_item":405,"_name":"Реконструкция здания котельной под устройство административного здания (Кремль, корпус 3а )","_scheme_source":"\"НТЦ\", ул. Ветеринарная, 5","_district":"Нижегородский район","_year":2025,"_address":"Кремль","_geocode":"street","_contour":"typical","floor_area_m2":500,"levels":1},"geometry":{"type":"Polygon","coordinates":[[[44.0048254,56.3278343],[44.0045548,56.3277687],[44.004732,56.3275432],[44.0050026,56.3276088],[44.0048254,56.3278343]]]}},
{"type":"Feature","properties":{"object_type":"oks_future","_source":"inferred","heat_load":1.3923,"flow_tph":17.404,"_load_source":"scheme","_ref":"Схема теплоснабжения г. Н. Новгорода до 2030 г. (актуализация на 2026 г.), шифр 22401, Обосновывающие материалы, Гл. 2 Прил. 1 Ч. 3, табл. 2.1 «Прогноз ввода строений различного назначения … до 2030 года»","_item":406,"_name":"жилые дома №№ 2, 3а, 4 (в границах улиц Малая Ямская, Максима Горького, Ильинская )","_scheme_source":"\"НТЦ\", ул. Ветеринарная, 5","_district":"Нижегородский район","_year":2025,"_address":"в границах 3-я Ямская улица, площадь Максима Горького, Ильинская улица","_geocode":"streets","_contour":"typical","floor_area_m2":20000,"levels":17},"geometry":{"type":"Polygon","coordinates":[[[43.9812815,56.3120112],[43.9813586,56.3121484],[43.980224,56.3123452],[43.980147,56.3122079],[43.9812815,56.3120112]]]}},
{"type":"Feature","properties":{"object_type":"oks_future","_source":"inferred","heat_load":0.5793,"flow_tph":7.241,"_load_source":"scheme","_ref":"Схема теплоснабжения г. Н. Новгорода до 2030 г. (актуализация на 2026 г.), шифр 22401, Обосновывающие материалы, Гл. 2 Прил. 1 Ч. 3, табл. 2.1 «Прогноз ввода строений различного назначения … до 2030 года»","_item":408,"_name":"Многоквартирный дом со встроенными помещениями общественного назначения и подземной стоянкой автомобилей (№ 2 по генплану) (в границах улиц Максима Горького, Ильинской, Новой )","_scheme_source":"\"НТЦ\", ул. Ветеринарная, 5","_district":"Нижегородский район","_year":2027,"_address":"в границах площадь Максима Горького, Ильинская улица, Новая улица","_geocode":"streets","_contour":"typical","floor_area_m2":10000,"levels":12},"geometry":{"type":"Polygon","coordinates":[[[43.9885786,56.3099452],[43.9887993,56.3098702],[43.9892383,56.3102694],[43.9890177,56.3103444],[43.9885786,56.3099452]]]}},
{"type":"Feature","properties":{"object_type":"oks_future","_source":"inferred","heat_load":1.3546,"flow_tph":16.933,"_load_source":"scheme","_ref":"Схема теплоснабжения г. Н. Новгорода до 2030 г. (актуализация на 2026 г.), шифр 22401, Обосновывающие материалы, Гл. 2 Прил. 1 Ч. 3, табл. 2.1 «Прогноз ввода строений различного назначения … до 2030 года»","_item":409,"_name":"жилые дома №№ 4, 5, 6 (в границах улиц Малая Покровская, Заломова, Нижегородская, Гоголя )","_scheme_source":"\"НТЦ\", ул. Ветеринарная, 5","_district":"Нижегородский район","_year":2025,"_address":"в границах Малая Покровская улица, улица Заломова, Нижегородская улица, переулок Гоголя","_geocode":"streets","_contour":"typical","floor_area_m2":17000,"levels":17},"geometry":{"type":"Polygon","coordinates":[[[43.9787536,56.3205166],[43.9790122,56.3205216],[43.9789767,56.3210828],[43.9787182,56.3210777],[43.9787536,56.3205166]]]}},
{"type":"Feature","properties":{"object_type":"oks_future","_source":"inferred","heat_load":1.3708,"flow_tph":17.135,"_load_source":"scheme","_ref":"Схема теплоснабжения г. Н. Новгорода до 2030 г. (актуализация на 2026 г.), шифр 22401, Обосновывающие материалы, Гл. 2 Прил. 1 Ч. 3, табл. 2.1 «Прогноз ввода строений различного назначения … до 2030 года»","_item":410,"_name":"здание многофункционального использования с квартирами на верхних этажах и размещением на нижних этажах офисных помещений, помещений культурного и обслуживающего назначения, подземной автостоянкой и трансформаторной подстанцией ( в границах улиц Маслякова, Обозная, пер. Обозный, Ильинская )","_scheme_source":"\"НТЦ\", ул. Ветеринарная, 5","_district":"Нижегородский район","_year":2025,"_address":"в границах Верхняя улица, Нижняя улица, улица Маслякова, Обозная улица, Ильинская улица","_geocode":"streets","_contour":"typical","floor_area_m2":18000,"levels":17},"geometry":{"type":"Polygon","coordinates":[[[43.9817166,56.3170836],[43.9816927,56.3172267],[43.9806275,56.3171717],[43.9806514,56.3170286],[43.9817166,56.3170836]]]}},
{"type":"Feature","properties":{"object_type":"oks_future","_source":"inferred","heat_load":0.0441,"flow_tph":0.551,"_load_source":"scheme","_ref":"Схема теплоснабжения г. Н. Новгорода до 2030 г. (актуализация на 2026 г.), шифр 22401, Обосновывающие материалы, Гл. 2 Прил. 1 Ч. 3, табл. 2.1 «Прогноз ввода строений различного назначения … до 2030 года»","_item":411,"_name":"объект культурного наследия \"Дом А.П.Чагодаева\" (ул. Семашко, 15 (литер А) )","_scheme_source":"\"НТЦ\", ул. Ветеринарная, 5","_district":"Нижегородский район","_year":2025,"_address":"улица Семашко, 15","_geocode":"at","_contour":"typical","floor_area_m2":400,"levels":1},"geometry":{"type":"Polygon","coordinates":[[[44.0191648,56.3234783],[44.0192746,56.3236117],[44.0189144,56.3237032],[44.0188046,56.3235698],[44.0191648,56.3234783]]]}},
{"type":"Feature","properties":{"object_type":"oks_future","_source":"inferred","heat_load":0.0329,"flow_tph":0.411,"_load_source":"scheme","_ref":"Схема теплоснабжения г. Н. Новгорода до 2030 г. (актуализация на 2026 г.), шифр 22401, Обосновывающие материалы, Гл. 2 Прил. 1 Ч. 3, табл. 2.1 «Прогноз ввода строений различного назначения … до 2030 года»","_item":413,"_name":"Работы по сохранению объекта культурного наследия регионального значения \"Жилой дом\", конец XIX – начало XX в. (ул. Короленко, 40)","_scheme_source":"\"НТЦ\", ул. Ветеринарная, 5","_district":"Нижегородский район","_year":2025,"_address":"улица Короленко, 40","_geocode":"at","_contour":"typical","floor_area_m2":300,"levels":1},"geometry":{"type":"Polygon","coordinates":[[[43.9906842,56.3096653],[43.9904877,56.3097302],[43.9903126,56.3095663],[43.9905091,56.3095014],[43.9906842,56.3096653]]]}},
{"type":"Feature","properties":{"object_type":"oks_future","_source":"inferred","heat_load":0.1666,"flow_tph":2.083,"_load_source":"scheme","_ref":"Схема теплоснабжения г. Н. Новгорода до 2030 г. (актуализация на 2026 г.), шифр 22401, Обосновывающие материалы, Гл. 2 Прил. 1 Ч. 3, табл. 2.1 «Прогноз ввода строений различного назначения … до 2030 года»","_item":414,"_name":"Многоквартирный дом с подземной стоянкой автомобилей (№ 14 по генплану) (в границах улиц Малая Ямская, Максима Горького, Ильинская)","_scheme_source":"\"НТЦ\", ул. Ветеринарная, 5","_district":"Нижегородский район","_year":2025,"_address":"в границах Малая Ямская улица, площадь Максима Горького, Ильинская улица","_geocode":"streets","_contour":"typical","floor_area_m2":2500,"levels":5},"geometry":{"type":"Polygon","coordinates":[[[43.9865486,56.3132843],[43.9867956,56.3132417],[43.9869452,56.3135098],[43.9866982,56.3135524],[43.9865486,56.3132843]]]}},
{"type":"Feature","properties":{"object_type":"oks_future","_source":"inferred","heat_load":0.3171,"flow_tph":3.964,"_load_source":"scheme","_ref":"Схема теплоснабжения г. Н. Новгорода до 2030 г. (актуализация на 2026 г.), шифр 22401, Обосновывающие материалы, Гл. 2 Прил. 1 Ч. 3, табл. 2.1 «Прогноз ввода строений различного назначения … до 2030 года»","_item":415,"_name":"8-ми этажный жилой с подземной парковкой (№ 13 по генплану) (ул. Ильинская, 117)","_scheme_source":"\"НТЦ\", ул. Ветеринарная, 5","_district":"Нижегородский район","_year":2025,"_address":"Ильинская улица, 117","_geocode":"at","_contour":"typical","floor_area_m2":5500,"levels":9},"geometry":{"type":"Polygon","coordinates":[[[43.9828846,56.3128461],[43.9831315,56.3128033],[43.9833154,56.3131308],[43.9830685,56.3131736],[43.9828846,56.3128461]]]}},
{"type":"Feature","properties":{"object_type":"oks_future","_source":"inferred","heat_load":0.0933,"flow_tph":1.166,"_load_source":"scheme","_ref":"Схема теплоснабжения г. Н. Новгорода до 2030 г. (актуализация на 2026 г.), шифр 22401, Обосновывающие материалы, Гл. 2 Прил. 1 Ч. 3, табл. 2.1 «Прогноз ввода строений различного назначения … до 2030 года»","_item":416,"_name":"5-ти этажное здание (гостиница) № 11 (ул. Ильинская, 117А)","_scheme_source":"\"НТЦ\", ул. Ветеринарная, 5","_district":"Нижегородский район","_year":2025,"_address":"Ильинская улица, 117А","_geocode":"at","_contour":"typical","floor_area_m2":1500,"levels":5},"geometry":{"type":"Polygon","coordinates":[[[43.9845185,56.313163],[43.9847654,56.3131202],[43.9848557,56.313281],[43.9846088,56.3133238],[43.9845185,56.313163]]]}},
{"type":"Feature","properties":{"object_type":"oks_future","_source":"inferred","heat_load":0.0826,"flow_tph":1.033,"_load_source":"scheme","_ref":"Схема теплоснабжения г. Н. Новгорода до 2030 г. (актуализация на 2026 г.), шифр 22401, Обосновывающие материалы, Гл. 2 Прил. 1 Ч. 3, табл. 2.1 «Прогноз ввода строений различного назначения … до 2030 года»","_item":417,"_name":"Реконструкция дома под многоквартирный жилой дом с подземной автостоянкой (ул. Студеная, 11)","_scheme_source":"\"НТЦ\", ул. Ветеринарная, 5","_district":"Нижегородский район","_year":2025,"_address":"Студёная улица, 11","_geocode":"at","_contour":"typical","floor_area_m2":1300,"levels":5},"geometry":{"type":"Polygon","coordinates":[[[44.0037466,56.3176733],[44.0037429,56.317817],[44.0034802,56.3178149],[44.0034839,56.3176712],[44.0037466,56.3176733]]]}},
{"type":"Feature","properties":{"object_type":"oks_future","_source":"inferred","heat_load":0.0043,"flow_tph":0.054,"_load_source":"scheme","_ref":"Схема теплоснабжения г. Н. Новгорода до 2030 г. (актуализация на 2026 г.), шифр 22401, Обосновывающие материалы, Гл. 2 Прил. 1 Ч. 3, табл. 2.1 «Прогноз ввода строений различного назначения … до 2030 года»","_item":418,"_name":"Нежилое здание (ул. Грузинская, 41В )","_scheme_source":"\"НТЦ\", ул. Ветеринарная, 5","_district":"Нижегородский район","_year":2025,"_address":"Грузинская улица, 41В","_geocode":"at","_contour":"typical","floor_area_m2":100,"levels":1},"geometry":{"type":"Polygon","coordinates":[[[44.0069567,56.3195048],[44.0069286,56.3195764],[44.0067352,56.319553],[44.0067632,56.3194814],[44.0069567,56.3195048]]]}},
{"type":"Feature","properties":{"object_type":"oks_future","_source":"inferred","heat_load":0.1205,"flow_tph":1.506,"_load_source":"scheme","_ref":"Схема теплоснабжения г. Н. Новгорода до 2030 г. (актуализация на 2026 г.), шифр 22401, Обосновывающие материалы, Гл. 2 Прил. 1 Ч. 3, табл. 2.1 «Прогноз ввода строений различного назначения … до 2030 года»","_item":419,"_name":"Гостиничный комплекс с офисными помещениями и подземной стоянкой автомобилей (ул. Грузинская)","_scheme_source":"\"НТЦ\", ул. Ветеринарная, 5","_district":"Нижегородский район","_year":2027,"_address":"Грузинская улица","_geocode":"street","_contour":"typical","floor_area_m2":2000,"levels":5},"geometry":{"type":"Polygon","coordinates":[[[43.9949812,56.3212496],[43.9952399,56.3212481],[43.9952439,56.3214727],[43.9949852,56.3214741],[43.9949812,56.3212496]]]}},
{"type":"Feature","properties":{"object_type":"oks_future","_source":"real","heat_load":0.368,"flow_tph":4.6,"_load_source":"scheme","_ref":"Схема теплоснабжения г. Н. Новгорода до 2030 г. (актуализация на 2026 г.), шифр 22401, Обосновывающие материалы, Гл. 2 Прил. 1 Ч. 3, табл. 2.1 «Прогноз ввода строений различного назначения … до 2030 года»","_item":420,"_name":"Гостиница длительного проживания со встроенной автостоянкой (ул. Студеная, земельный участок 42)","_scheme_source":"\"НТЦ\", ул. Ветеринарная, 5","_district":"Нижегородский район","_year":2025,"_address":"Студёная улица","_geocode":"street","_contour":"osm_construction","floor_area_m2":6000,"levels":12,"_osm":"w1447662336"},"geometry":{"type":"Polygon","coordinates":[[[44.0027138,56.3105727],[44.0029369,56.3103569],[44.0042855,56.3107857],[44.0041584,56.3109087],[44.0030588,56.3105589],[44.0029627,56.3106518],[44.0027138,56.3105727]]]}},
{"type":"Feature","properties":{"object_type":"oks_future","_source":"inferred","heat_load":0.0344,"flow_tph":0.43,"_load_source":"scheme","_ref":"Схема теплоснабжения г. Н. Новгорода до 2030 г. (актуализация на 2026 г.), шифр 22401, Обосновывающие материалы, Гл. 2 Прил. 1 Ч. 3, табл. 2.1 «Прогноз ввода строений различного назначения … до 2030 года»","_item":421,"_name":"Объект культурного наследия \"Жилой дом\", 2-я пол. XIX – начало XX в. (ул. Короленко, 30)","_scheme_source":"\"НТЦ\", ул. Ветеринарная, 5","_district":"Нижегородский район","_year":2025,"_address":"улица Короленко","_geocode":"street","_contour":"typical","floor_area_m2":700,"levels":5},"geometry":{"type":"Polygon","coordinates":[[[43.99166,56.3106024],[43.9914386,56.3106767],[43.9913049,56.3105537],[43.9915262,56.3104793],[43.99166,56.3106024]]]}},
{"type":"Feature","properties":{"object_type":"oks_future","_source":"inferred","heat_load":0.0495,"flow_tph":0.619,"_load_source":"scheme","_ref":"Схема теплоснабжения г. Н. Новгорода до 2030 г. (актуализация на 2026 г.), шифр 22401, Обосновывающие материалы, Гл. 2 Прил. 1 Ч. 3, табл. 2.1 «Прогноз ввода строений различного назначения … до 2030 года»","_item":422,"_name":"Реконструкция административного здания под гостиницу (ул. Минина, 6а)","_scheme_source":"\"НТЦ\", ул. Ветеринарная, 5","_district":"Нижегородский район","_year":2025,"_address":"улица Минина, 6а","_geocode":"at","_contour":"typical","floor_area_m2":1000,"levels":5},"geometry":{"type":"Polygon","coordinates":[[[44.0065185,56.3277322],[44.0064295,56.3275972],[44.0066725,56.3275478],[44.0067614,56.3276828],[44.0065185,56.3277322]]]}},
{"type":"Feature","properties":{"object_type":"oks_future","_source":"inferred","heat_load":0.0125,"flow_tph":0.156,"_load_source":"scheme","_ref":"Схема теплоснабжения г. Н. Новгорода до 2030 г. (актуализация на 2026 г.), шифр 22401, Обосновывающие материалы, Гл. 2 Прил. 1 Ч. 3, табл. 2.1 «Прогноз ввода строений различного назначения … до 2030 года»","_item":423,"_name":"Здание (ул. Грузинская,41а)","_scheme_source":"\"НТЦ\", ул. Ветеринарная, 5","_district":"Нижегородский район","_year":2025,"_address":"Грузинская улица, 41а","_geocode":"at","_contour":"typical","floor_area_m2":100,"levels":1},"geometry":{"type":"Polygon","coordinates":[[[44.0069862,56.3192516],[44.0071176,56.3192447],[44.0071362,56.3193543],[44.0070047,56.3193611],[44.0069862,56.3192516]]]}},
{"type":"Feature","properties":{"object_type":"oks_future","_source":"inferred","heat_load":0.7208,"flow_tph":9.01,"_load_source":"scheme","_ref":"Схема теплоснабжения г. Н. Новгорода до 2030 г. (актуализация на 2026 г.), шифр 22401, Обосновывающие материалы, Гл. 2 Прил. 1 Ч. 3, табл. 2.1 «Прогноз ввода строений различного назначения … до 2030 года»","_item":424,"_name":"Многоквартирный дом № 1 (ул. 2-я Оранжерейная)","_scheme_source":"\"НТЦ\", ул. Ветеринарная, 5","_district":"Нижегородский район","_year":2026,"_address":"1-я Оранжерейная улица","_geocode":"street","_contour":"typical","floor_area_m2":20000,"levels":17},"geometry":{"type":"Polygon","coordinates":[[[44.0059129,56.305657],[44.0058348,56.30552],[44.0069677,56.3053206],[44.0070457,56.3054576],[44.0059129,56.305657]]]}},
{"type":"Feature","properties":{"object_type":"oks_future","_source":"inferred","heat_load":0.78,"flow_tph":9.75,"_load_source":"scheme","_ref":"Схема теплоснабжения г. Н. Новгорода до 2030 г. (актуализация на 2026 г.), шифр 22401, Обосновывающие материалы, Гл. 2 Прил. 1 Ч. 3, табл. 2.1 «Прогноз ввода строений различного назначения … до 2030 года»","_item":425,"_name":"Многоквартирный дом № 2 (ул. 2-я Оранжерейная)","_scheme_source":"\"НТЦ\", ул. Ветеринарная, 5","_district":"Нижегородский район","_year":2027,"_address":"2-я Оранжерейная улица","_geocode":"street","_contour":"typical","floor_area_m2":20000,"levels":17},"geometry":{"type":"Polygon","coordinates":[[[44.0018359,56.3044],[44.0015802,56.3043786],[44.0017568,56.3037254],[44.0020125,56.3037467],[44.0018359,56.3044]]]}},
{"type":"Feature","properties":{"object_type":"oks_future","_source":"inferred","heat_load":0.2336,"flow_tph":2.92,"_load_source":"scheme","_ref":"Схема теплоснабжения г. Н. Новгорода до 2030 г. (актуализация на 2026 г.), шифр 22401, Обосновывающие материалы, Гл. 2 Прил. 1 Ч. 3, табл. 2.1 «Прогноз ввода строений различного назначения … до 2030 года»","_item":426,"_name":"Административное здание (ул. Пискунова, 14/5а)","_scheme_source":"\"НТЦ\", ул. Ветеринарная, 5","_district":"Нижегородский район","_year":2025,"_address":"улица Пискунова, 14/5","_geocode":"at","_contour":"typical","floor_area_m2":2336,"levels":3},"geometry":{"type":"Polygon","coordinates":[[[44.0051151,56.3252999],[44.0047479,56.3252832],[44.0047929,56.3249772],[44.0051601,56.3249939],[44.0051151,56.3252999]]]}},
{"type":"Feature","properties":{"object_type":"oks_future","_source":"real","heat_load":0.2,"flow_tph":2.5,"_load_source":"scheme","_ref":"Схема теплоснабжения г. Н. Новгорода до 2030 г. (актуализация на 2026 г.), шифр 22401, Обосновывающие материалы, Гл. 2 Прил. 1 Ч. 3, табл. 2.1 «Прогноз ввода строений различного назначения … до 2030 года»","_item":427,"_name":"Комплекс зданий ГБУК НО \"Нижегородский государственный ордена \"Знак Почета\" Театр юного зрителя\" (здание театра и служебное здание с переходом) (ул. М.Горького, 145)","_scheme_source":"\"НТЦ\", ул. Ветеринарная, 5","_district":"Нижегородский район","_year":2025,"_address":"Нижегородская улица","_geocode":"street","_contour":"osm_construction","floor_area_m2":5000,"levels":3,"_osm":"w1536458254"},"geometry":{"type":"Polygon","coordinates":[[[43.9878484,56.3227107],[43.9879521,56.322706],[43.9879486,56.3226821],[43.9881397,56.3226734],[43.988129,56.3226006],[43.9884074,56.322588],[43.9883942,56.3224991],[43.9880112,56.3225165],[43.9880154,56.3225444],[43.9877843,56.3225549],[43.9877959,56.3226339],[43.9878368,56.322632],[43.9878484,56.3227107]]]}},
{"type":"Feature","properties":{"object_type":"oks_future","_source":"inferred","heat_load":1.1347,"flow_tph":14.184,"_load_source":"scheme","_ref":"Схема теплоснабжения г. Н. Новгорода до 2030 г. (актуализация на 2026 г.), шифр 22401, Обосновывающие материалы, Гл. 2 Прил. 1 Ч. 3, табл. 2.1 «Прогноз ввода строений различного назначения … до 2030 года»","_item":429,"_name":"Жилые дома с магазинами, конторскими помещениями и подземной автостоянкой, 2ПК (в границах улиц М.Горького, Короленко, Славянская, Студеная)","_scheme_source":"\"НТЦ\", ул. Ветеринарная, 5","_district":"Нижегородский район","_year":2026,"_address":"в границах Конный проезд, улица Короленко, Славянская улица, Студёная улица","_geocode":"streets","_contour":"typical","floor_area_m2":17000,"levels":17},"geometry":{"type":"Polygon","coordinates":[[[44.0034354,56.305921],[44.0033472,56.3060561],[44.0023977,56.3058646],[44.0024859,56.3057294],[44.0034354,56.305921]]]}},
{"type":"Feature","properties":{"object_type":"oks_future","_source":"inferred","heat_load":1.387,"flow_tph":17.337,"_load_source":"scheme","_ref":"Схема теплоснабжения г. Н. Новгорода до 2030 г. (актуализация на 2026 г.), шифр 22401, Обосновывающие материалы, Гл. 2 Прил. 1 Ч. 3, табл. 2.1 «Прогноз ввода строений различного назначения … до 2030 года»","_item":430,"_name":"Здание многофункционального использования с апартаментами на верхних этажах, помещениями общественного назначения и подземной автостоянкой ( ул. М.Горького, у дома № 71 )","_scheme_source":"\"НТЦ\", ул. Ветеринарная, 5","_district":"Нижегородский район","_year":2025,"_address":"Верхняя улица","_geocode":"street","_contour":"typical","floor_area_m2":7700,"levels":5},"geometry":{"type":"Polygon","coordinates":[[[44.0355542,56.2961919],[44.035052,56.2961218],[44.035241,56.295703],[44.0357431,56.295773],[44.0355542,56.2961919]]]}},
{"type":"Feature","properties":{"object_type":"oks_future","_source":"real","heat_load":0.0933,"flow_tph":1.166,"_load_source":"scheme","_ref":"Схема теплоснабжения г. Н. Новгорода до 2030 г. (актуализация на 2026 г.), шифр 22401, Обосновывающие материалы, Гл. 2 Прил. 1 Ч. 3, табл. 2.1 «Прогноз ввода строений различного назначения … до 2030 года»","_item":431,"_name":"Комплексный капитальный ремонт здания МБУ ДО \"Школа искусств и ремесел им. А.С.Пушкина \"Изограф\" (ул. Ульянова, 11)","_scheme_source":"\"НТЦ\", ул. Ветеринарная, 5","_district":"Нижегородский район","_year":2025,"_address":"улица Ульянова, 11","_geocode":"at","_contour":"osm_construction","floor_area_m2":1000,"levels":3,"_osm":"w151302750"},"geometry":{"type":"Polygon","coordinates":[[[44.0105479,56.3267349],[44.0108922,56.3266523],[44.0107805,56.3265091],[44.0104361,56.3265917],[44.0105479,56.3267349]]]}},
{"type":"Feature","properties":{"object_type":"oks_future","_source":"inferred","heat_load":0.4395,"flow_tph":5.494,"_load_source":"scheme","_ref":"Схема теплоснабжения г. Н. Новгорода до 2030 г. (актуализация на 2026 г.), шифр 22401, Обосновывающие материалы, Гл. 2 Прил. 1 Ч. 3, табл. 2.1 «Прогноз ввода строений различного назначения … до 2030 года»","_item":433,"_name":"Административное здание (ул. М.Горького, 147а)","_scheme_source":"\"НТЦ\", ул. Ветеринарная, 5","_district":"Нижегородский район","_year":2025,"_address":"\"НТЦ\", ул. Ветеринарная, 5","_geocode":"source","_contour":"typical","floor_area_m2":4395,"levels":3},"geometry":{"type":"Polygon","coordinates":[[[43.9961815,56.3041925],[43.9956779,56.3041716],[43.995734,56.3037516],[43.9962377,56.3037725],[43.9961815,56.3041925]]]}},
{"type":"Feature","properties":{"object_type":"oks_future","_source":"inferred","heat_load":0.0583,"flow_tph":0.729,"_load_source":"scheme","_ref":"Схема теплоснабжения г. Н. Новгорода до 2030 г. (актуализация на 2026 г.), шифр 22401, Обосновывающие материалы, Гл. 2 Прил. 1 Ч. 3, табл. 2.1 «Прогноз ввода строений различного назначения … до 2030 года»","_item":434,"_name":"Нежилое здание (ул. Алексеевская, 33)","_scheme_source":"\"НТЦ\", ул. Ветеринарная, 5","_district":"Нижегородский район","_year":2025,"_address":"Алексеевская улица, 33","_geocode":"at","_contour":"typical","floor_area_m2":500,"levels":1},"geometry":{"type":"Polygon","coordinates":[[[43.9483034,56.3188806],[43.9485933,56.31885],[43.9486759,56.3190917],[43.9483859,56.3191223],[43.9483034,56.3188806]]]}},
{"type":"Feature","properties":{"object_type":"oks_future","_source":"inferred","heat_load":0.4864,"flow_tph":6.08,"_load_source":"scheme","_ref":"Схема теплоснабжения г. Н. Новгорода до 2030 г. (актуализация на 2026 г.), шифр 22401, Обосновывающие материалы, Гл. 2 Прил. 1 Ч. 3, табл. 2.1 «Прогноз ввода строений различного назначения … до 2030 года»","_item":436,"_name":"Многоквартирный дом со встроенными помещениями общественного назначения и подземной стоянкой автомобилей по ул. Октябрьская (ЖК \"Гермес\")","_scheme_source":"\"НТЦ\", ул. Ветеринарная, 5","_district":"Нижегородский район","_year":2025,"_address":"Октябрьская улица","_geocode":"street","_contour":"typical","floor_area_m2":12000,"levels":17},"geometry":{"type":"Polygon","coordinates":[[[44.0956955,56.278293],[44.0955423,56.2784088],[44.0949685,56.2781738],[44.0951217,56.2780581],[44.0956955,56.278293]]]}},
{"type":"Feature","properties":{"object_type":"oks_future","_source":"real","heat_load":0.7276,"flow_tph":9.095,"_load_source":"scheme","_ref":"Схема теплоснабжения г. Н. Новгорода до 2030 г. (актуализация на 2026 г.), шифр 22401, Обосновывающие материалы, Гл. 2 Прил. 1 Ч. 3, табл. 2.1 «Прогноз ввода строений различного назначения … до 2030 года»","_item":437,"_name":"ИТ-Кампус мирового уровня в г. Нижний Новгород, гостиница без звезд корпус 1 (ЭТАП 3) по пр. Гагарина, в границах пр. Гагарина и ул. Маршала Баграмяна в Советском районе г. Н.Новгорода","_scheme_source":"\"НТЦ\", ул. Ветеринарная, 5","_district":"Нижегородский район","_year":2025,"_address":"в границах Нижняя улица, Новая улица, проспект Гагарина, улица Марата, улица Маршала Баграмяна, Советская площадь","_geocode":"streets","_contour":"osm_construction","floor_area_m2":16400,"levels":17,"_osm":"w1433253324"},"geometry":{"type":"Polygon","coordinates":[[[43.9924765,56.2792193],[43.992396,56.2788634],[43.9919556,56.2788941],[43.9920361,56.27925],[43.9924765,56.2792193]]]}},
{"type":"Feature","properties":{"object_type":"oks_future","_source":"real","heat_load":0.7276,"flow_tph":9.095,"_load_source":"scheme","_ref":"Схема теплоснабжения г. Н. Новгорода до 2030 г. (актуализация на 2026 г.), шифр 22401, Обосновывающие материалы, Гл. 2 Прил. 1 Ч. 3, табл. 2.1 «Прогноз ввода строений различного назначения … до 2030 года»","_item":437,"_name":"ИТ-Кампус мирового уровня в г. Нижний Новгород, гостиница без звезд корпус 1 (ЭТАП 3) по пр. Гагарина, в границах пр. Гагарина и ул. Маршала Баграмяна в Советском районе г. Н.Новгорода","_scheme_source":"\"НТЦ\", ул. Ветеринарная, 5","_district":"Нижегородский район","_year":2025,"_address":"в границах Нижняя улица, Новая улица, проспект Гагарина, улица Марата, улица Маршала Баграмяна, Советская площадь","_geocode":"streets","_contour":"osm_construction","floor_area_m2":16400,"levels":17,"_osm":"w1433253325"},"geometry":{"type":"Polygon","coordinates":[[[43.9923101,56.2786505],[43.9923745,56.2788102],[43.992396,56.2788634],[43.9935728,56.2787857],[43.9934957,56.2785612],[43.9925719,56.2786308],[43.9923101,56.2786505]]]}},
{"type":"Feature","properties":{"object_type":"oks_future","_source":"inferred","heat_load":0.7276,"flow_tph":9.095,"_load_source":"scheme","_ref":"Схема теплоснабжения г. Н. Новгорода до 2030 г. (актуализация на 2026 г.), шифр 22401, Обосновывающие материалы, Гл. 2 Прил. 1 Ч. 3, табл. 2.1 «Прогноз ввода строений различного назначения … до 2030 года»","_item":437,"_name":"ИТ-Кампус мирового уровня в г. Нижний Новгород, гостиница без звезд корпус 1 (ЭТАП 3) по пр. Гагарина, в границах пр. Гагарина и ул. Маршала Баграмяна в Советском районе г. Н.Новгорода","_scheme_source":"\"НТЦ\", ул. Ветеринарная, 5","_district":"Нижегородский район","_year":2025,"_address":"в границах Нижняя улица, Новая улица, проспект Гагарина, улица Марата, улица Маршала Баграмяна, Советская площадь","_geocode":"streets","_contour":"typical","floor_area_m2":16400,"levels":17},"geometry":{"type":"Polygon","coordinates":[[[43.9923618,56.279412],[43.9923424,56.2795554],[43.9913714,56.2795146],[43.9913908,56.2793713],[43.9923618,56.279412]]]}},
{"type":"Feature","properties":{"object_type":"oks_future","_source":"inferred","heat_load":0.7276,"flow_tph":9.095,"_load_source":"scheme","_ref":"Схема теплоснабжения г. Н. Новгорода до 2030 г. (актуализация на 2026 г.), шифр 22401, Обосновывающие материалы, Гл. 2 Прил. 1 Ч. 3, табл. 2.1 «Прогноз ввода строений различного назначения … до 2030 года»","_item":437,"_name":"ИТ-Кампус мирового уровня в г. Нижний Новгород, гостиница без звезд корпус 1 (ЭТАП 3) по пр. Гагарина, в границах пр. Гагарина и ул. Маршала Баграмяна в Советском районе г. Н.Новгорода","_scheme_source":"\"НТЦ\", ул. Ветеринарная, 5","_district":"Нижегородский район","_year":2025,"_address":"в границах Нижняя улица, Новая улица, проспект Гагарина, улица Марата, улица Маршала Баграмяна, Советская площадь","_geocode":"streets","_contour":"typical","floor_area_m2":16400,"levels":17},"geometry":{"type":"Polygon","coordinates":[[[43.9928424,56.2790174],[43.9931001,56.2790282],[43.9930269,56.2795684],[43.9927692,56.2795576],[43.9928424,56.2790174]]]}},
{"type":"Feature","properties":{"object_type":"oks_future","_source":"inferred","heat_load":0.7276,"flow_tph":9.095,"_load_source":"scheme","_ref":"Схема теплоснабжения г. Н. Новгорода до 2030 г. (актуализация на 2026 г.), шифр 22401, Обосновывающие материалы, Гл. 2 Прил. 1 Ч. 3, табл. 2.1 «Прогноз ввода строений различного назначения … до 2030 года»","_item":437,"_name":"ИТ-Кампус мирового уровня в г. Нижний Новгород, гостиница без звезд корпус 1 (ЭТАП 3) по пр. Гагарина, в границах пр. Гагарина и ул. Маршала Баграмяна в Советском районе г. Н.Новгорода","_scheme_source":"\"НТЦ\", ул. Ветеринарная, 5","_district":"Нижегородский район","_year":2025,"_address":"в границах Нижняя улица, Новая улица, проспект Гагарина, улица Марата, улица Маршала Баграмяна, Советская площадь","_geocode":"streets","_contour":"typical","floor_area_m2":16400,"levels":17},"geometry":{"type":"Polygon","coordinates":[[[43.9933359,56.2789208],[43.9935936,56.2789316],[43.9935204,56.2794717],[43.9932627,56.2794609],[43.9933359,56.2789208]]]}},
{"type":"Feature","properties":{"object_type":"oks_future","_source":"inferred","heat_load":0.7108,"flow_tph":8.885,"_load_source":"scheme","_ref":"Схема теплоснабжения г. Н. Новгорода до 2030 г. (актуализация на 2026 г.), шифр 22401, Обосновывающие материалы, Гл. 2 Прил. 1 Ч. 3, табл. 2.1 «Прогноз ввода строений различного назначения … до 2030 года»","_item":438,"_name":"ИТ-Кампус мирового уровня в г. Нижний Новгород, гостиница без звезд корпус 2 (ЭТАП 4) по пр. Гагарина, в границах пр. Гагарина и ул. Маршала Баграмяна в Советском районе г. Н.Новгорода","_scheme_source":"\"НТЦ\", ул. Ветеринарная, 5","_district":"Нижегородский район","_year":2026,"_address":"в границах Нижняя улица, Новая улица, проспект Гагарина, улица Марата, улица Маршала Баграмяна, Советская площадь","_geocode":"streets","_contour":"typical","floor_area_m2":14143,"levels":5},"geometry":{"type":"Polygon","coordinates":[[[43.9968447,56.2789483],[43.996792,56.2793373],[43.995743,56.2792934],[43.9957957,56.2789043],[43.9968447,56.2789483]]]}},
{"type":"Feature","properties":{"object_type":"oks_future","_source":"inferred","heat_load":0.7108,"flow_tph":8.885,"_load_source":"scheme","_ref":"Схема теплоснабжения г. Н. Новгорода до 2030 г. (актуализация на 2026 г.), шифр 22401, Обосновывающие материалы, Гл. 2 Прил. 1 Ч. 3, табл. 2.1 «Прогноз ввода строений различного назначения … до 2030 года»","_item":438,"_name":"ИТ-Кампус мирового уровня в г. Нижний Новгород, гостиница без звезд корпус 2 (ЭТАП 4) по пр. Гагарина, в границах пр. Гагарина и ул. Маршала Баграмяна в Советском районе г. Н.Новгорода","_scheme_source":"\"НТЦ\", ул. Ветеринарная, 5","_district":"Нижегородский район","_year":2026,"_address":"в границах Нижняя улица, Новая улица, проспект Гагарина, улица Марата, улица Маршала Баграмяна, Советская площадь","_geocode":"streets","_contour":"typical","floor_area_m2":14143,"levels":5},"geometry":{"type":"Polygon","coordinates":[[[43.9884087,56.2730434],[43.9883559,56.2734325],[43.9873071,56.2733884],[43.9873599,56.2729994],[43.9884087,56.2730434]]]}},
{"type":"Feature","properties":{"object_type":"oks_future","_source":"inferred","heat_load":0.7108,"flow_tph":8.885,"_load_source":"scheme","_ref":"Схема теплоснабжения г. Н. Новгорода до 2030 г. (актуализация на 2026 г.), шифр 22401, Обосновывающие материалы, Гл. 2 Прил. 1 Ч. 3, табл. 2.1 «Прогноз ввода строений различного назначения … до 2030 года»","_item":438,"_name":"ИТ-Кампус мирового уровня в г. Нижний Новгород, гостиница без звезд корпус 2 (ЭТАП 4) по пр. Гагарина, в границах пр. Гагарина и ул. Маршала Баграмяна в Советском районе г. Н.Новгорода","_scheme_source":"\"НТЦ\", ул. Ветеринарная, 5","_district":"Нижегородский район","_year":2026,"_address":"в границах Нижняя улица, Новая улица, проспект Гагарина, улица Марата, улица Маршала Баграмяна, Советская площадь","_geocode":"streets","_contour":"typical","floor_area_m2":14143,"levels":5},"geometry":{"type":"Polygon","coordinates":[[[43.998261,56.2788501],[43.9982084,56.2792391],[43.9971594,56.2791951],[43.9972121,56.2788061],[43.998261,56.2788501]]]}},
{"type":"Feature","properties":{"object_type":"oks_future","_source":"real","heat_load":0.906,"flow_tph":11.325,"_load_source":"scheme","_ref":"Схема теплоснабжения г. Н. Новгорода до 2030 г. (актуализация на 2026 г.), шифр 22401, Обосновывающие материалы, Гл. 2 Прил. 1 Ч. 3, табл. 2.1 «Прогноз ввода строений различного назначения … до 2030 года»","_item":439,"_name":"ИТ-Кампус мирового уровня в г. Нижний Новгород, учебный корпус, ФОК, конференц зал (ЭТАП 5) по пр. Гагарина, в границах пр. Гагарина и ул. Маршала Баграмяна в Советском районе г. Н.Новгорода","_scheme_source":"\"НТЦ\", ул. Ветеринарная, 5","_district":"Нижегородский район","_year":2027,"_address":"в границах Нижняя улица, Новая улица, Конный проезд, проспект Гагарина, улица Марата, улица Маршала Баграмяна, Советская площадь","_geocode":"streets","_contour":"osm_construction","floor_area_m2":13750,"levels":5,"_osm":"w157835168"},"geometry":{"type":"Polygon","coordinates":[[[43.9916245,56.2869964],[43.9920375,56.2869583],[43.9920033,56.2868441],[43.9918834,56.2868551],[43.9917042,56.2862576],[43.9913318,56.286292],[43.991379,56.2864493],[43.9914582,56.286442],[43.9916245,56.2869964]]]}},
{"type":"Feature","properties":{"object_type":"oks_future","_source":"real","heat_load":0.906,"flow_tph":11.325,"_load_source":"scheme","_ref":"Схема теплоснабжения г. Н. Новгорода до 2030 г. (актуализация на 2026 г.), шифр 22401, Обосновывающие материалы, Гл. 2 Прил. 1 Ч. 3, табл. 2.1 «Прогноз ввода строений различного назначения … до 2030 года»","_item":439,"_name":"ИТ-Кампус мирового уровня в г. Нижний Новгород, учебный корпус, ФОК, конференц зал (ЭТАП 5) по пр. Гагарина, в границах пр. Гагарина и ул. Маршала Баграмяна в Советском районе г. Н.Новгорода","_scheme_source":"\"НТЦ\", ул. Ветеринарная, 5","_district":"Нижегородский район","_year":2027,"_address":"в границах Нижняя улица, Новая улица, Конный проезд, проспект Гагарина, улица Марата, улица Маршала Баграмяна, Советская площадь","_geocode":"streets","_contour":"osm_construction","floor_area_m2":13750,"levels":5,"_osm":"w181888086"},"geometry":{"type":"Polygon","coordinates":[[[43.985809,56.2902792],[43.9855672,56.2902993],[43.9856811,56.2907195],[43.9859229,56.2906993],[43.985809,56.2902792]]]}},
{"type":"Feature","properties":{"object_type":"oks_future","_source":"inferred","heat_load":0.906,"flow_tph":11.325,"_load_source":"scheme","_ref":"Схема теплоснабжения г. Н. Новгорода до 2030 г. (актуализация на 2026 г.), шифр 22401, Обосновывающие материалы, Гл. 2 Прил. 1 Ч. 3, табл. 2.1 «Прогноз ввода строений различного назначения … до 2030 года»","_item":439,"_name":"ИТ-Кампус мирового уровня в г. Нижний Новгород, учебный корпус, ФОК, конференц зал (ЭТАП 5) по пр. Гагарина, в границах пр. Гагарина и ул. Маршала Баграмяна в Советском районе г. Н.Новгорода","_scheme_source":"\"НТЦ\", ул. Ветеринарная, 5","_district":"Нижегородский район","_year":2027,"_address":"в границах Нижняя улица, Новая улица, Конный проезд, проспект Гагарина, улица Марата, улица Маршала Баграмяна, Советская площадь","_geocode":"streets","_contour":"typical","floor_area_m2":13750,"levels":5},"geometry":{"type":"Polygon","coordinates":[[[43.9904447,56.2878484],[43.990558,56.2882279],[43.9895345,56.2883224],[43.9894212,56.2879429],[43.9904447,56.2878484]]]}},
{"type":"Feature","properties":{"object_type":"oks_future","_source":"inferred","heat_load":0.906,"flow_tph":11.325,"_load_source":"scheme","_ref":"Схема теплоснабжения г. Н. Новгорода до 2030 г. (актуализация на 2026 г.), шифр 22401, Обосновывающие материалы, Гл. 2 Прил. 1 Ч. 3, табл. 2.1 «Прогноз ввода строений различного назначения … до 2030 года»","_item":439,"_name":"ИТ-Кампус мирового уровня в г. Нижний Новгород, учебный корпус, ФОК, конференц зал (ЭТАП 5) по пр. Гагарина, в границах пр. Гагарина и ул. Маршала Баграмяна в Советском районе г. Н.Новгорода","_scheme_source":"\"НТЦ\", ул. Ветеринарная, 5","_district":"Нижегородский район","_year":2027,"_address":"в границах Нижняя улица, Новая улица, Конный проезд, проспект Гагарина, улица Марата, улица Маршала Баграмяна, Советская площадь","_geocode":"streets","_contour":"typical","floor_area_m2":13750,"levels":5},"geometry":{"type":"Polygon","coordinates":[[[43.9920072,56.288545],[43.9913248,56.288608],[43.9911548,56.2880388],[43.9918371,56.2879758],[43.9920072,56.288545]]]}},
{"type":"Feature","properties":{"object_type":"oks_future","_source":"inferred","heat_load":0.624,"flow_tph":7.8,"_load_source":"scheme","_ref":"Схема теплоснабжения г. Н. Новгорода до 2030 г. (актуализация на 2026 г.), шифр 22401, Обосновывающие материалы, Гл. 2 Прил. 1 Ч. 3, табл. 2.1 «Прогноз ввода строений различного назначения … до 2030 года»","_item":440,"_name":"Многоквартирный дом со встроенными помещениями общественного назначения и подземной стоянкой автомобилей (земельный участок с кад.номером 52:18:0060060:683, расположенный по адресу: ул. Грузинская, ЖК \"Приоритет\")","_scheme_source":"\"НТЦ\", ул. Ветеринарная, 5","_district":"Нижегородский район","_year":2026,"_address":"Грузинская улица","_geocode":"street","_contour":"typical","floor_area_m2":12000,"levels":17},"geometry":{"type":"Polygon","coordinates":[[[43.9944141,56.3210402],[43.9946728,56.3210388],[43.9946799,56.3214351],[43.9944212,56.3214365],[43.9944141,56.3210402]]]}},
{"type":"Feature","properties":{"object_type":"oks_future","_source":"inferred","heat_load":0.2797,"flow_tph":3.496,"_load_source":"scheme","_ref":"Схема теплоснабжения г. Н. Новгорода до 2030 г. (актуализация на 2026 г.), шифр 22401, Обосновывающие материалы, Гл. 2 Прил. 1 Ч. 3, табл. 2.1 «Прогноз ввода строений различного назначения … до 2030 года»","_item":441,"_name":"Многоквартирный дом с помещениями общественного назначения (№ 3 по генплану) в границах улиц Малая Ямская, Максима Горького, Ильинская","_scheme_source":"\"НТЦ\", ул. Ветеринарная, 5","_district":"Нижегородский район","_year":2026,"_address":"в границах 3-я Ямская улица, площадь Максима Горького, Ильинская улица","_geocode":"streets","_contour":"typical","floor_area_m2":6000,"levels":12},"geometry":{"type":"Polygon","coordinates":[[[43.9832369,56.3149262],[43.9833139,56.3150634],[43.9828317,56.315147],[43.9827547,56.3150098],[43.9832369,56.3149262]]]}},
{"type":"Feature","properties":{"object_type":"oks_future","_source":"inferred","heat_load":0.5517,"flow_tph":6.896,"_load_source":"scheme","_ref":"Схема теплоснабжения г. Н. Новгорода до 2030 г. (актуализация на 2026 г.), шифр 22401, Обосновывающие материалы, Гл. 2 Прил. 1 Ч. 3, табл. 2.1 «Прогноз ввода строений различного назначения … до 2030 года»","_item":442,"_name":"Гостиница класса 5* с номерным фондом на 170 единиц и подземными автостоянками по ул. Большая Покровская, 12Б","_scheme_source":"\"НТЦ\", ул. Ветеринарная, 5","_district":"Нижегородский район","_year":2026,"_address":"Большая Покровская улица, 12Б","_geocode":"at","_contour":"typical","floor_area_m2":3000,"levels":3},"geometry":{"type":"Polygon","coordinates":[[[44.0032791,56.3215223],[44.0032487,56.3217536],[44.0026242,56.3217283],[44.0026546,56.3214969],[44.0032791,56.3215223]]]}},
{"type":"Feature","properties":{"object_type":"oks_future","_source":"inferred","heat_load":0.5834,"flow_tph":7.293,"_load_source":"scheme","_ref":"Схема теплоснабжения г. Н. Новгорода до 2030 г. (актуализация на 2026 г.), шифр 22401, Обосновывающие материалы, Гл. 2 Прил. 1 Ч. 3, табл. 2.1 «Прогноз ввода строений различного назначения … до 2030 года»","_item":444,"_name":"Многоквартирный дом с подземной автостоянкой по ул. Семашко, земельный участок 17","_scheme_source":"\"НТЦ\", ул. Ветеринарная, 5","_district":"Нижегородский район","_year":2026,"_address":"улица Семашко","_geocode":"street","_contour":"typical","floor_area_m2":13000,"levels":17},"geometry":{"type":"Polygon","coordinates":[[[44.0149021,56.3223036],[44.0151393,56.3222463],[44.0154476,56.32264],[44.0152103,56.3226973],[44.0149021,56.3223036]]]}},
{"type":"Feature","properties":{"object_type":"oks_future","_source":"inferred","heat_load":0.0082,"flow_tph":0.103,"_load_source":"scheme","_ref":"Схема теплоснабжения г. Н. Новгорода до 2030 г. (актуализация на 2026 г.), шифр 22401, Обосновывающие материалы, Гл. 2 Прил. 1 Ч. 3, табл. 2.1 «Прогноз ввода строений различного назначения … до 2030 года»","_item":445,"_name":"Храм-часовня в честь Святителя и Чудотворца Николая, расположенная по пл. Театральная, 1-а","_scheme_source":"\"НТЦ\", ул. Ветеринарная, 5","_district":"Нижегородский район","_year":2025,"_address":"Театральная площадь, 1","_geocode":"at","_contour":"typical","floor_area_m2":100,"levels":1},"geometry":{"type":"Polygon","coordinates":[[[44.0019777,56.324278],[44.002039,56.324343],[44.0018636,56.3243941],[44.0018023,56.3243291],[44.0019777,56.324278]]]}},
{"type":"Feature","properties":{"object_type":"oks_future","_source":"inferred","heat_load":0.061,"flow_tph":0.762,"_load_source":"scheme","_ref":"Схема теплоснабжения г. Н. Новгорода до 2030 г. (актуализация на 2026 г.), шифр 22401, Обосновывающие материалы, Гл. 2 Прил. 1 Ч. 3, табл. 2.1 «Прогноз ввода строений различного назначения … до 2030 года»","_item":446,"_name":"Административное здание по ул. Минина, 4","_scheme_source":"\"НТЦ\", ул. Ветеринарная, 5","_district":"Нижегородский район","_year":2025,"_address":"улица Минина, 4","_geocode":"at","_contour":"typical","floor_area_m2":500,"levels":1},"geometry":{"type":"Polygon","coordinates":[[[44.0102467,56.3273331],[44.009977,56.3272664],[44.0101571,56.3270416],[44.0104268,56.3271083],[44.0102467,56.3273331]]]}},
{"type":"Feature","properties":{"object_type":"oks_future","_source":"inferred","heat_load":0.3941,"flow_tph":4.926,"_load_source":"scheme","_ref":"Схема теплоснабжения г. Н. Новгорода до 2030 г. (актуализация на 2026 г.), шифр 22401, Обосновывающие материалы, Гл. 2 Прил. 1 Ч. 3, табл. 2.1 «Прогноз ввода строений различного назначения … до 2030 года»","_item":447,"_name":"Административное здание по ул. Большая Покровская, д. 56","_scheme_source":"\"НТЦ\", ул. Ветеринарная, 5","_district":"Нижегородский район","_year":2026,"_address":"Большая Покровская улица, 56","_geocode":"at","_contour":"typical","floor_area_m2":3600,"levels":3},"geometry":{"type":"Polygon","coordinates":[[[43.9928513,56.3172129],[43.993219,56.3173639],[43.9928114,56.3176704],[43.9924437,56.3175194],[43.9928513,56.3172129]]]}},
{"type":"Feature","properties":{"object_type":"oks_future","_source":"inferred","heat_load":0.0343,"flow_tph":0.429,"_load_source":"scheme","_ref":"Схема теплоснабжения г. Н. Новгорода до 2030 г. (актуализация на 2026 г.), шифр 22401, Обосновывающие материалы, Гл. 2 Прил. 1 Ч. 3, табл. 2.1 «Прогноз ввода строений различного назначения … до 2030 года»","_item":448,"_name":"Капитальный ремонт здания \"Стадион Динамо\" по пер. Университетский, 8","_scheme_source":"\"НТЦ\", ул. Ветеринарная, 5","_district":"Нижегородский район","_year":2025,"_address":"Университетский переулок","_geocode":"street","_contour":"typical","floor_area_m2":100,"levels":1},"geometry":{"type":"Polygon","coordinates":[[[43.9946084,56.3193183],[43.9945369,56.3192567],[43.9947033,56.319197],[43.9947749,56.3192587],[43.9946084,56.3193183]]]}},
{"type":"Feature","properties":{"object_type":"oks_future","_source":"inferred","heat_load":0.0037,"flow_tph":0.046,"_load_source":"scheme","_ref":"Схема теплоснабжения г. Н. Новгорода до 2030 г. (актуализация на 2026 г.), шифр 22401, Обосновывающие материалы, Гл. 2 Прил. 1 Ч. 3, табл. 2.1 «Прогноз ввода строений различного назначения … до 2030 года»","_item":449,"_name":"Нежилое здание по ул. Б.Покровская, д. 22, лит. ББ1","_scheme_source":"\"НТЦ\", ул. Ветеринарная, 5","_district":"Нижегородский район","_year":2025,"_address":"\"НТЦ\", ул. Ветеринарная, 5","_geocode":"source","_contour":"typical","floor_area_m2":37,"levels":1},"geometry":{"type":"Polygon","coordinates":[[[43.9954696,56.3034645],[43.99546,56.3035362],[43.9952666,56.3035282],[43.9952762,56.3034565],[43.9954696,56.3034645]]]}},
{"type":"Feature","properties":{"object_type":"oks_future","_source":"inferred","heat_load":0.5633,"flow_tph":7.041,"_load_source":"scheme","_ref":"Схема теплоснабжения г. Н. Новгорода до 2030 г. (актуализация на 2026 г.), шифр 22401, Обосновывающие материалы, Гл. 2 Прил. 1 Ч. 3, табл. 2.1 «Прогноз ввода строений различного назначения … до 2030 года»","_item":450,"_name":"Многоквартирный дом с встроенно-пристроенными помещениями общественного назначения и подземной стоянкой по ул. Воровского, д. 8","_scheme_source":"\"НТЦ\", ул. Ветеринарная, 5","_district":"Нижегородский район","_year":2028,"_address":"улица Воровского","_geocode":"street","_contour":"typical","floor_area_m2":11000,"levels":12},"geometry":{"type":"Polygon","coordinates":[[[43.9896737,56.3099223],[43.9894865,56.3100215],[43.9888476,56.3096489],[43.9890348,56.3095497],[43.9896737,56.3099223]]]}},
{"type":"Feature","properties":{"object_type":"oks_future","_source":"inferred","heat_load":0.226,"flow_tph":2.825,"_load_source":"scheme","_ref":"Схема теплоснабжения г. Н. Новгорода до 2030 г. (актуализация на 2026 г.), шифр 22401, Обосновывающие материалы, Гл. 2 Прил. 1 Ч. 3, табл. 2.1 «Прогноз ввода строений различного назначения … до 2030 года»","_item":451,"_name":"Клуб-ресторан \"Онегин\" по пл. Минина и Пожарского, 3А","_scheme_source":"\"НТЦ\", ул. Ветеринарная, 5","_district":"Нижегородский район","_year":2026,"_address":"площадь Минина и Пожарского, 3А","_geocode":"at","_contour":"typical","floor_area_m2":1500,"levels":3},"geometry":{"type":"Polygon","coordinates":[[[44.0097972,56.329915],[44.0099373,56.3300594],[44.0095475,56.3301762],[44.0094074,56.3300318],[44.0097972,56.329915]]]}},
{"type":"Feature","properties":{"object_type":"oks_future","_source":"inferred","heat_load":0.1204,"flow_tph":1.505,"_load_source":"scheme","_ref":"Схема теплоснабжения г. Н. Новгорода до 2030 г. (актуализация на 2026 г.), шифр 22401, Обосновывающие материалы, Гл. 2 Прил. 1 Ч. 3, табл. 2.1 «Прогноз ввода строений различного назначения … до 2030 года»","_item":452,"_name":"Кинотеатр по ул. Большая Покровская, 39а","_scheme_source":"\"НТЦ\", ул. Ветеринарная, 5","_district":"Нижегородский район","_year":2026,"_address":"Большая Покровская улица, 39а","_geocode":"at","_contour":"typical","floor_area_m2":1200,"levels":3},"geometry":{"type":"Polygon","coordinates":[[[43.9937938,56.3190394],[43.9936443,56.3189185],[43.9939706,56.3187938],[43.9941201,56.3189147],[43.9937938,56.3190394]]]}},
{"type":"Feature","properties":{"object_type":"oks_future","_source":"inferred","heat_load":1.4607,"flow_tph":18.259,"_load_source":"scheme","_ref":"Схема теплоснабжения г. Н. Новгорода до 2030 г. (актуализация на 2026 г.), шифр 22401, Обосновывающие материалы, Гл. 2 Прил. 1 Ч. 3, табл. 2.1 «Прогноз ввода строений различного назначения … до 2030 года»","_item":453,"_name":"Нижегородская православная гимназия имени преподобного Сергия Радонежского по ул. Большая Покровская","_scheme_source":"\"НТЦ\", ул. Ветеринарная, 5","_district":"Нижегородский район","_year":2026,"_address":"в границах Нижегородская улица, улица Правды, Большая Покровская улица","_geocode":"streets","_contour":"typical","floor_area_m2":8700,"levels":5},"geometry":{"type":"Polygon","coordinates":[[[43.9935949,56.3207368],[43.9930623,56.3208145],[43.9928526,56.3203705],[43.9933852,56.3202928],[43.9935949,56.3207368]]]}},
{"type":"Feature","properties":{"object_type":"oks_future","_source":"inferred","heat_load":0.2605,"flow_tph":3.256,"_load_source":"scheme","_ref":"Схема теплоснабжения г. Н. Новгорода до 2030 г. (актуализация на 2026 г.), шифр 22401, Обосновывающие материалы, Гл. 2 Прил. 1 Ч. 3, табл. 2.1 «Прогноз ввода строений различного назначения … до 2030 года»","_item":454,"_name":"Жилой дом с подземной автостоянкой в границах улиц Провиантская, Ульянова, Трудовая, Ковалихинская","_scheme_source":"\"НТЦ\", ул. Ветеринарная, 5","_district":"Нижегородский район","_year":2027,"_address":"в границах Провиантская улица, улица Ульянова, Трудовая улица, Ковалихинская улица","_geocode":"streets","_contour":"typical","floor_area_m2":5600,"levels":9},"geometry":{"type":"Polygon","coordinates":[[[44.0288253,56.3197441],[44.028786,56.3198862],[44.0281646,56.3198332],[44.0282039,56.3196911],[44.0288253,56.3197441]]]}},
{"type":"Feature","properties":{"object_type":"oks_future","_source":"inferred","heat_load":0.4462,"flow_tph":5.577,"_load_source":"scheme","_ref":"Схема теплоснабжения г. Н. Новгорода до 2030 г. (актуализация на 2026 г.), шифр 22401, Обосновывающие материалы, Гл. 2 Прил. 1 Ч. 3, табл. 2.1 «Прогноз ввода строений различного назначения … до 2030 года»","_item":455,"_name":"Реконструкция нежилого здания по ул. Черниговская, д. 8, венный городок № 15","_scheme_source":"Гаршина, д. 40","_district":"Нижегородский район","_year":2026,"_address":"Черниговская улица, 8","_geocode":"at","_contour":"typical","floor_area_m2":2000,"levels":3},"geometry":{"type":"Polygon","coordinates":[[[43.9777238,56.3225038],[43.9775477,56.3223417],[43.9779854,56.3221948],[43.9781615,56.322357],[43.9777238,56.3225038]]]}},
{"type":"Feature","properties":{"object_type":"oks_future","_source":"inferred","heat_load":0.201,"flow_tph":2.513,"_load_source":"scheme","_ref":"Схема теплоснабжения г. Н. Новгорода до 2030 г. (актуализация на 2026 г.), шифр 22401, Обосновывающие материалы, Гл. 2 Прил. 1 Ч. 3, табл. 2.1 «Прогноз ввода строений различного назначения … до 2030 года»","_item":456,"_name":"Здание автомойки на участке от дома №149 до дома №167 корпус 1 по улице Родионова в Нижегородском районе г. Нижнего Новгорода","_scheme_source":"Деловая, 14","_district":"Нижегородский район","_year":2030,"_address":"в границах улица Родионова, Нижегородская улица, Новая улица","_geocode":"streets","_contour":"typical","floor_area_m2":2200,"levels":3},"geometry":{"type":"Polygon","coordinates":[[[43.9904229,56.3186381],[43.9907802,56.3186316],[43.9907978,56.3189294],[43.9904405,56.3189359],[43.9904229,56.3186381]]]}},
{"type":"Feature","properties":{"object_type":"oks_future","_source":"inferred","heat_load":1.509,"flow_tph":18.862,"_load_source":"scheme","_ref":"Схема теплоснабжения г. Н. Новгорода до 2030 г. (актуализация на 2026 г.), шифр 22401, Обосновывающие материалы, Гл. 2 Прил. 1 Ч. 3, табл. 2.1 «Прогноз ввода строений различного назначения … до 2030 года»","_item":457,"_name":"Комплекс жилых домов с объектами социального и культурно- бытового обслуживания, нежилых зданий и объектов инженерно-транспортной инфраструктуры, ул. Родионова, 2-я очередь (напротив ГУЗ НОКБ им.Н.А. Семашко) (ЖК \"Атлант Сити\")","_scheme_source":"Деловая, 14","_district":"Нижегородский район","_year":2025,"_address":"в границах улица Родионова, улица Семашко","_geocode":"streets","_contour":"typical","floor_area_m2":20000,"levels":17},"geometry":{"type":"Polygon","coordinates":[[[44.0339199,56.3251571],[44.0340337,56.3252862],[44.0329658,56.3255766],[44.0328521,56.3254475],[44.0339199,56.3251571]]]}},
{"type":"Feature","properties":{"object_type":"oks_future","_source":"inferred","heat_load":1.509,"flow_tph":18.862,"_load_source":"scheme","_ref":"Схема теплоснабжения г. Н. Новгорода до 2030 г. (актуализация на 2026 г.), шифр 22401, Обосновывающие материалы, Гл. 2 Прил. 1 Ч. 3, табл. 2.1 «Прогноз ввода строений различного назначения … до 2030 года»","_item":457,"_name":"Комплекс жилых домов с объектами социального и культурно- бытового обслуживания, нежилых зданий и объектов инженерно-транспортной инфраструктуры, ул. Родионова, 2-я очередь (напротив ГУЗ НОКБ им.Н.А. Семашко) (ЖК \"Атлант Сити\")","_scheme_source":"Деловая, 14","_district":"Нижегородский район","_year":2025,"_address":"в границах улица Родионова, улица Семашко","_geocode":"streets","_contour":"typical","floor_area_m2":20000,"levels":17},"geometry":{"type":"Polygon","coordinates":[[[44.0324554,56.3256995],[44.0325691,56.3258286],[44.0315012,56.326119],[44.0313875,56.3259899],[44.0324554,56.3256995]]]}},
{"type":"Feature","properties":{"object_type":"oks_future","_source":"inferred","heat_load":1.502,"flow_tph":18.775,"_load_source":"scheme","_ref":"Схема теплоснабжения г. Н. Новгорода до 2030 г. (актуализация на 2026 г.), шифр 22401, Обосновывающие материалы, Гл. 2 Прил. 1 Ч. 3, табл. 2.1 «Прогноз ввода строений различного назначения … до 2030 года»","_item":458,"_name":"Комплекс жилых домов с объектами социального и культурно- бытового обслуживания, нежилых зданий и объектов инженерно-транспортной инфраструктуры, ул. Родионова, 3-я очередь (напротив ГУЗ НОКБ им.Н.А. Семашко) (ЖК \"Атлант Сити\")","_scheme_source":"Деловая, 14","_district":"Нижегородский район","_year":2027,"_address":"улица Родионова, 3","_geocode":"at","_contour":"typical","floor_area_m2":20000,"levels":17},"geometry":{"type":"Polygon","coordinates":[[[44.0451442,56.3211516],[44.0450879,56.3210113],[44.0462481,56.3208674],[44.0463044,56.3210076],[44.0451442,56.3211516]]]}},
{"type":"Feature","properties":{"object_type":"oks_future","_source":"inferred","heat_load":1.502,"flow_tph":18.775,"_load_source":"scheme","_ref":"Схема теплоснабжения г. Н. Новгорода до 2030 г. (актуализация на 2026 г.), шифр 22401, Обосновывающие материалы, Гл. 2 Прил. 1 Ч. 3, табл. 2.1 «Прогноз ввода строений различного назначения … до 2030 года»","_item":458,"_name":"Комплекс жилых домов с объектами социального и культурно- бытового обслуживания, нежилых зданий и объектов инженерно-транспортной инфраструктуры, ул. Родионова, 3-я очередь (напротив ГУЗ НОКБ им.Н.А. Семашко) (ЖК \"Атлант Сити\")","_scheme_source":"Деловая, 14","_district":"Нижегородский район","_year":2027,"_address":"улица Родионова, 3","_geocode":"at","_contour":"typical","floor_area_m2":20000,"levels":17},"geometry":{"type":"Polygon","coordinates":[[[44.0437816,56.3213279],[44.0437252,56.3211876],[44.0448855,56.3210436],[44.0449418,56.3211839],[44.0437816,56.3213279]]]}},
{"type":"Feature","properties":{"object_type":"oks_future","_source":"inferred","heat_load":1.154,"flow_tph":14.425,"_load_source":"scheme","_ref":"Схема теплоснабжения г. Н. Новгорода до 2030 г. (актуализация на 2026 г.), шифр 22401, Обосновывающие материалы, Гл. 2 Прил. 1 Ч. 3, табл. 2.1 «Прогноз ввода строений различного назначения … до 2030 года»","_item":459,"_name":"Комплекс жилых домов с объектами социального и культурно- бытового обслуживания, нежилых зданий и объектов инженерно-транспортной инфраструктуры, ул. Родионова, 4-я очередь (напротив ГУЗ НОКБ им.Н.А. Семашко) (ЖК \"Атлант Сити\")","_scheme_source":"Деловая, 14","_district":"Нижегородский район","_year":2030,"_address":"улица Родионова, 4","_geocode":"at","_contour":"typical","floor_area_m2":17667,"levels":17},"geometry":{"type":"Polygon","coordinates":[[[44.0409861,56.3219571],[44.0409282,56.3218171],[44.0419516,56.3216864],[44.0420096,56.3218264],[44.0409861,56.3219571]]]}},
{"type":"Feature","properties":{"object_type":"oks_future","_source":"inferred","heat_load":1.154,"flow_tph":14.425,"_load_source":"scheme","_ref":"Схема теплоснабжения г. Н. Новгорода до 2030 г. (актуализация на 2026 г.), шифр 22401, Обосновывающие материалы, Гл. 2 Прил. 1 Ч. 3, табл. 2.1 «Прогноз ввода строений различного назначения … до 2030 года»","_item":459,"_name":"Комплекс жилых домов с объектами социального и культурно- бытового обслуживания, нежилых зданий и объектов инженерно-транспортной инфраструктуры, ул. Родионова, 4-я очередь (напротив ГУЗ НОКБ им.Н.А. Семашко) (ЖК \"Атлант Сити\")","_scheme_source":"Деловая, 14","_district":"Нижегородский район","_year":2030,"_address":"улица Родионова, 4","_geocode":"at","_contour":"typical","floor_area_m2":17667,"levels":17},"geometry":{"type":"Polygon","coordinates":[[[44.0406949,56.3217355],[44.0406369,56.3215954],[44.0416604,56.3214647],[44.0417183,56.3216048],[44.0406949,56.3217355]]]}},
{"type":"Feature","properties":{"object_type":"oks_future","_source":"inferred","heat_load":1.154,"flow_tph":14.425,"_load_source":"scheme","_ref":"Схема теплоснабжения г. Н. Новгорода до 2030 г. (актуализация на 2026 г.), шифр 22401, Обосновывающие материалы, Гл. 2 Прил. 1 Ч. 3, табл. 2.1 «Прогноз ввода строений различного назначения … до 2030 года»","_item":459,"_name":"Комплекс жилых домов с объектами социального и культурно- бытового обслуживания, нежилых зданий и объектов инженерно-транспортной инфраструктуры, ул. Родионова, 4-я очередь (напротив ГУЗ НОКБ им.Н.А. Семашко) (ЖК \"Атлант Сити\")","_scheme_source":"Деловая, 14","_district":"Нижегородский район","_year":2030,"_address":"улица Родионова, 4","_geocode":"at","_contour":"typical","floor_area_m2":17667,"levels":17},"geometry":{"type":"Polygon","coordinates":[[[44.0409742,56.3232737],[44.040722,56.3233059],[44.0404868,56.3227372],[44.040739,56.322705],[44.0409742,56.3232737]]]}},
{"type":"Feature","properties":{"object_type":"oks_future","_source":"inferred","heat_load":1.261,"flow_tph":15.762,"_load_source":"scheme","_ref":"Схема теплоснабжения г. Н. Новгорода до 2030 г. (актуализация на 2026 г.), шифр 22401, Обосновывающие материалы, Гл. 2 Прил. 1 Ч. 3, табл. 2.1 «Прогноз ввода строений различного назначения … до 2030 года»","_item":460,"_name":"Общежитие ННГУ им. Н.И. Лобачевского по ул. Деловая","_scheme_source":"Деловая, 14","_district":"Нижегородский район","_year":2029,"_address":"Деловая улица","_geocode":"street","_contour":"typical","floor_area_m2":15000,"levels":17},"geometry":{"type":"Polygon","coordinates":[[[44.067087,56.305191],[44.0668287,56.3051974],[44.0667889,56.3047025],[44.0670473,56.3046961],[44.067087,56.305191]]]}},
{"type":"Feature","properties":{"object_type":"oks_future","_source":"inferred","heat_load":1.9006,"flow_tph":23.758,"_load_source":"scheme","_ref":"Схема теплоснабжения г. Н. Новгорода до 2030 г. (актуализация на 2026 г.), шифр 22401, Обосновывающие материалы, Гл. 2 Прил. 1 Ч. 3, табл. 2.1 «Прогноз ввода строений различного назначения … до 2030 года»","_item":461,"_name":"ППМ территории в границах улиц Родионова, Приусадебная, Фруктовая","_scheme_source":"Деловая, 14","_district":"Нижегородский район","_year":2030,"_address":"в границах улица Родионова, Приусадебная улица, Фруктовая улица","_geocode":"streets","_contour":"typical","floor_area_m2":20000,"levels":17},"geometry":{"type":"Polygon","coordinates":[[[44.0591372,56.3155207],[44.0589008,56.315579],[44.0584187,56.3149752],[44.0586551,56.3149169],[44.0591372,56.3155207]]]}},
{"type":"Feature","properties":{"object_type":"oks_future","_source":"inferred","heat_load":1.9006,"flow_tph":23.758,"_load_source":"scheme","_ref":"Схема теплоснабжения г. Н. Новгорода до 2030 г. (актуализация на 2026 г.), шифр 22401, Обосновывающие материалы, Гл. 2 Прил. 1 Ч. 3, табл. 2.1 «Прогноз ввода строений различного назначения … до 2030 года»","_item":461,"_name":"ППМ территории в границах улиц Родионова, Приусадебная, Фруктовая","_scheme_source":"Деловая, 14","_district":"Нижегородский район","_year":2030,"_address":"в границах улица Родионова, Приусадебная улица, Фруктовая улица","_geocode":"streets","_contour":"typical","floor_area_m2":20000,"levels":17},"geometry":{"type":"Polygon","coordinates":[[[44.0598693,56.315716],[44.0596329,56.3157743],[44.0591508,56.3151705],[44.0593872,56.3151122],[44.0598693,56.315716]]]}},
{"type":"Feature","properties":{"object_type":"oks_future","_source":"inferred","heat_load":1.8587,"flow_tph":23.233,"_load_source":"scheme","_ref":"Схема теплоснабжения г. Н. Новгорода до 2030 г. (актуализация на 2026 г.), шифр 22401, Обосновывающие материалы, Гл. 2 Прил. 1 Ч. 3, табл. 2.1 «Прогноз ввода строений различного назначения … до 2030 года»","_item":462,"_name":"проект планировки и межевания территории","_scheme_source":"Деловая, 14","_district":"Нижегородский район","_year":2029,"_address":"Деловая, 14","_geocode":"source","_contour":"typical","floor_area_m2":19920,"levels":17},"geometry":{"type":"Polygon","coordinates":[[[44.0725219,56.3045931],[44.0727805,56.3045933],[44.0727789,56.3052512],[44.0725203,56.305251],[44.0725219,56.3045931]]]}},
{"type":"Feature","properties":{"object_type":"oks_future","_source":"inferred","heat_load":1.8587,"flow_tph":23.233,"_load_source":"scheme","_ref":"Схема теплоснабжения г. Н. Новгорода до 2030 г. (актуализация на 2026 г.), шифр 22401, Обосновывающие материалы, Гл. 2 Прил. 1 Ч. 3, табл. 2.1 «Прогноз ввода строений различного назначения … до 2030 года»","_item":462,"_name":"проект планировки и межевания территории","_scheme_source":"Деловая, 14","_district":"Нижегородский район","_year":2029,"_address":"Деловая, 14","_geocode":"source","_contour":"typical","floor_area_m2":19920,"levels":17},"geometry":{"type":"Polygon","coordinates":[[[44.0716395,56.3057391],[44.071898,56.3057393],[44.0718964,56.3063972],[44.0716378,56.306397],[44.0716395,56.3057391]]]}},
{"type":"Feature","properties":{"object_type":"oks_future","_source":"inferred","heat_load":1.8587,"flow_tph":23.233,"_load_source":"scheme","_ref":"Схема теплоснабжения г. Н. Новгорода до 2030 г. (актуализация на 2026 г.), шифр 22401, Обосновывающие материалы, Гл. 2 Прил. 1 Ч. 3, табл. 2.1 «Прогноз ввода строений различного назначения … до 2030 года»","_item":462,"_name":"проект планировки и межевания территории","_scheme_source":"Деловая, 14","_district":"Нижегородский район","_year":2029,"_address":"Деловая, 14","_geocode":"source","_contour":"typical","floor_area_m2":19920,"levels":17},"geometry":{"type":"Polygon","coordinates":[[[44.0721763,56.3034179],[44.0724349,56.3034181],[44.0724333,56.304076],[44.0721747,56.3040759],[44.0721763,56.3034179]]]}},
{"type":"Feature","properties":{"object_type":"oks_future","_source":"inferred","heat_load":1.8587,"flow_tph":23.233,"_load_source":"scheme","_ref":"Схема теплоснабжения г. Н. Новгорода до 2030 г. (актуализация на 2026 г.), шифр 22401, Обосновывающие материалы, Гл. 2 Прил. 1 Ч. 3, табл. 2.1 «Прогноз ввода строений различного назначения … до 2030 года»","_item":462,"_name":"проект планировки и межевания территории","_scheme_source":"Деловая, 14","_district":"Нижегородский район","_year":2029,"_address":"Деловая, 14","_geocode":"source","_contour":"typical","floor_area_m2":19920,"levels":17},"geometry":{"type":"Polygon","coordinates":[[[44.0686437,56.304564],[44.0689023,56.3045642],[44.0689006,56.3052222],[44.068642,56.3052219],[44.0686437,56.304564]]]}},
{"type":"Feature","properties":{"object_type":"oks_future","_source":"inferred","heat_load":1.8587,"flow_tph":23.233,"_load_source":"scheme","_ref":"Схема теплоснабжения г. Н. Новгорода до 2030 г. (актуализация на 2026 г.), шифр 22401, Обосновывающие материалы, Гл. 2 Прил. 1 Ч. 3, табл. 2.1 «Прогноз ввода строений различного назначения … до 2030 года»","_item":462,"_name":"проект планировки и межевания территории","_scheme_source":"Деловая, 14","_district":"Нижегородский район","_year":2029,"_address":"Деловая, 14","_geocode":"source","_contour":"typical","floor_area_m2":19920,"levels":17},"geometry":{"type":"Polygon","coordinates":[[[44.0710238,56.3061982],[44.0712824,56.3061984],[44.0712807,56.3068563],[44.0710222,56.3068561],[44.0710238,56.3061982]]]}},
{"type":"Feature","properties":{"object_type":"oks_future","_source":"inferred","heat_load":1.8587,"flow_tph":23.233,"_load_source":"scheme","_ref":"Схема теплоснабжения г. Н. Новгорода до 2030 г. (актуализация на 2026 г.), шифр 22401, Обосновывающие материалы, Гл. 2 Прил. 1 Ч. 3, табл. 2.1 «Прогноз ввода строений различного назначения … до 2030 года»","_item":462,"_name":"проект планировки и межевания территории","_scheme_source":"Деловая, 14","_district":"Нижегородский район","_year":2029,"_address":"Деловая, 14","_geocode":"source","_contour":"typical","floor_area_m2":19920,"levels":17},"geometry":{"type":"Polygon","coordinates":[[[44.0721171,56.3026042],[44.0723757,56.3026044],[44.072374,56.3032623],[44.0721155,56.3032621],[44.0721171,56.3026042]]]}},
{"type":"Feature","properties":{"object_type":"oks_future","_source":"inferred","heat_load":1.8587,"flow_tph":23.233,"_load_source":"scheme","_ref":"Схема теплоснабжения г. Н. Новгорода до 2030 г. (актуализация на 2026 г.), шифр 22401, Обосновывающие материалы, Гл. 2 Прил. 1 Ч. 3, табл. 2.1 «Прогноз ввода строений различного назначения … до 2030 года»","_item":462,"_name":"проект планировки и межевания территории","_scheme_source":"Деловая, 14","_district":"Нижегородский район","_year":2029,"_address":"Деловая, 14","_geocode":"source","_contour":"typical","floor_area_m2":19920,"levels":17},"geometry":{"type":"Polygon","coordinates":[[[44.0760172,56.3054307],[44.0760169,56.3055744],[44.0748333,56.3055736],[44.0748337,56.3054298],[44.0760172,56.3054307]]]}},
{"type":"Feature","properties":{"object_type":"oks_future","_source":"inferred","heat_load":1.8587,"flow_tph":23.233,"_load_source":"scheme","_ref":"Схема теплоснабжения г. Н. Новгорода до 2030 г. (актуализация на 2026 г.), шифр 22401, Обосновывающие материалы, Гл. 2 Прил. 1 Ч. 3, табл. 2.1 «Прогноз ввода строений различного назначения … до 2030 года»","_item":462,"_name":"проект планировки и межевания территории","_scheme_source":"Деловая, 14","_district":"Нижегородский район","_year":2029,"_address":"Деловая, 14","_geocode":"source","_contour":"typical","floor_area_m2":19920,"levels":17},"geometry":{"type":"Polygon","coordinates":[[[44.0685972,56.303165],[44.0685968,56.3033087],[44.0674133,56.3033078],[44.0674137,56.303164],[44.0685972,56.303165]]]}},
{"type":"Feature","properties":{"object_type":"oks_future","_source":"inferred","heat_load":1.8587,"flow_tph":23.233,"_load_source":"scheme","_ref":"Схема теплоснабжения г. Н. Новгорода до 2030 г. (актуализация на 2026 г.), шифр 22401, Обосновывающие материалы, Гл. 2 Прил. 1 Ч. 3, табл. 2.1 «Прогноз ввода строений различного назначения … до 2030 года»","_item":462,"_name":"проект планировки и межевания территории","_scheme_source":"Деловая, 14","_district":"Нижегородский район","_year":2029,"_address":"Деловая, 14","_geocode":"source","_contour":"typical","floor_area_m2":19920,"levels":17},"geometry":{"type":"Polygon","coordinates":[[[44.0718435,56.3023611],[44.0718432,56.3025048],[44.0706597,56.3025039],[44.0706601,56.3023602],[44.0718435,56.3023611]]]}},
{"type":"Feature","properties":{"object_type":"oks_future","_source":"inferred","heat_load":1.8587,"flow_tph":23.233,"_load_source":"scheme","_ref":"Схема теплоснабжения г. Н. Новгорода до 2030 г. (актуализация на 2026 г.), шифр 22401, Обосновывающие материалы, Гл. 2 Прил. 1 Ч. 3, табл. 2.1 «Прогноз ввода строений различного назначения … до 2030 года»","_item":462,"_name":"проект планировки и межевания территории","_scheme_source":"Деловая, 14","_district":"Нижегородский район","_year":2029,"_address":"Деловая, 14","_geocode":"source","_contour":"typical","floor_area_m2":19920,"levels":17},"geometry":{"type":"Polygon","coordinates":[[[44.0684517,56.3023492],[44.0687103,56.3023494],[44.0687086,56.3030073],[44.06845,56.3030071],[44.0684517,56.3023492]]]}},
{"type":"Feature","properties":{"object_type":"oks_future","_source":"inferred","heat_load":1.8587,"flow_tph":23.233,"_load_source":"scheme","_ref":"Схема теплоснабжения г. Н. Новгорода до 2030 г. (актуализация на 2026 г.), шифр 22401, Обосновывающие материалы, Гл. 2 Прил. 1 Ч. 3, табл. 2.1 «Прогноз ввода строений различного назначения … до 2030 года»","_item":462,"_name":"проект планировки и межевания территории","_scheme_source":"Деловая, 14","_district":"Нижегородский район","_year":2029,"_address":"Деловая, 14","_geocode":"source","_contour":"typical","floor_area_m2":19920,"levels":17},"geometry":{"type":"Polygon","coordinates":[[[44.0719002,56.3083983],[44.0718999,56.308542],[44.0707162,56.3085411],[44.0707166,56.3083974],[44.0719002,56.3083983]]]}},
{"type":"Feature","properties":{"object_type":"oks_future","_source":"inferred","heat_load":1.8587,"flow_tph":23.233,"_load_source":"scheme","_ref":"Схема теплоснабжения г. Н. Новгорода до 2030 г. (актуализация на 2026 г.), шифр 22401, Обосновывающие материалы, Гл. 2 Прил. 1 Ч. 3, табл. 2.1 «Прогноз ввода строений различного назначения … до 2030 года»","_item":462,"_name":"проект планировки и межевания территории","_scheme_source":"Деловая, 14","_district":"Нижегородский район","_year":2029,"_address":"Деловая, 14","_geocode":"source","_contour":"typical","floor_area_m2":19920,"levels":17},"geometry":{"type":"Polygon","coordinates":[[[44.0691208,56.3016319],[44.0691205,56.3017756],[44.067937,56.3017747],[44.0679374,56.3016309],[44.0691208,56.3016319]]]}},
{"type":"Feature","properties":{"object_type":"oks_future","_source":"inferred","heat_load":1.8587,"flow_tph":23.233,"_load_source":"scheme","_ref":"Схема теплоснабжения г. Н. Новгорода до 2030 г. (актуализация на 2026 г.), шифр 22401, Обосновывающие материалы, Гл. 2 Прил. 1 Ч. 3, табл. 2.1 «Прогноз ввода строений различного назначения … до 2030 года»","_item":462,"_name":"проект планировки и межевания территории","_scheme_source":"Деловая, 14","_district":"Нижегородский район","_year":2029,"_address":"Деловая, 14","_geocode":"source","_contour":"typical","floor_area_m2":19920,"levels":17},"geometry":{"type":"Polygon","coordinates":[[[44.0771982,56.3071887],[44.0771979,56.3073325],[44.0760143,56.3073316],[44.0760146,56.3071879],[44.0771982,56.3071887]]]}},
{"type":"Feature","properties":{"object_type":"oks_future","_source":"inferred","heat_load":1.8587,"flow_tph":23.233,"_load_source":"scheme","_ref":"Схема теплоснабжения г. Н. Новгорода до 2030 г. (актуализация на 2026 г.), шифр 22401, Обосновывающие материалы, Гл. 2 Прил. 1 Ч. 3, табл. 2.1 «Прогноз ввода строений различного назначения … до 2030 года»","_item":462,"_name":"проект планировки и межевания территории","_scheme_source":"Деловая, 14","_district":"Нижегородский район","_year":2029,"_address":"Деловая, 14","_geocode":"source","_contour":"typical","floor_area_m2":19920,"levels":17},"geometry":{"type":"Polygon","coordinates":[[[44.0755799,56.3075894],[44.0758385,56.3075895],[44.0758369,56.3082475],[44.0755783,56.3082473],[44.0755799,56.3075894]]]}},
{"type":"Feature","properties":{"object_type":"oks_future","_source":"inferred","heat_load":1.8587,"flow_tph":23.233,"_load_source":"scheme","_ref":"Схема теплоснабжения г. Н. Новгорода до 2030 г. (актуализация на 2026 г.), шифр 22401, Обосновывающие материалы, Гл. 2 Прил. 1 Ч. 3, табл. 2.1 «Прогноз ввода строений различного назначения … до 2030 года»","_item":462,"_name":"проект планировки и межевания территории","_scheme_source":"Деловая, 14","_district":"Нижегородский район","_year":2029,"_address":"Деловая, 14","_geocode":"source","_contour":"typical","floor_area_m2":19920,"levels":17},"geometry":{"type":"Polygon","coordinates":[[[44.072602,56.3087012],[44.0726016,56.308845],[44.071418,56.308844],[44.0714183,56.3087003],[44.072602,56.3087012]]]}},
{"type":"Feature","properties":{"object_type":"oks_future","_source":"inferred","heat_load":0.3423,"flow_tph":4.279,"_load_source":"scheme","_ref":"Схема теплоснабжения г. Н. Новгорода до 2030 г. (актуализация на 2026 г.), шифр 22401, Обосновывающие материалы, Гл. 2 Прил. 1 Ч. 3, табл. 2.1 «Прогноз ввода строений различного назначения … до 2030 года»","_item":463,"_name":"Храм в честь апостола Тимофея и великомученицы Татианы по ул. Родионова, у дома №23","_scheme_source":"Деловая, 14","_district":"Нижегородский район","_year":2025,"_address":"улица Родионова, 23","_geocode":"near","_contour":"typical","floor_area_m2":3000,"levels":3},"geometry":{"type":"Polygon","coordinates":[[[44.061638,56.3162038],[44.0617753,56.3164228],[44.0611841,56.3165373],[44.0610468,56.3163183],[44.061638,56.3162038]]]}},
{"type":"Feature","properties":{"object_type":"oks_future","_source":"inferred","heat_load":0.903,"flow_tph":11.287,"_load_source":"scheme","_ref":"Схема теплоснабжения г. Н. Новгорода до 2030 г. (актуализация на 2026 г.), шифр 22401, Обосновывающие материалы, Гл. 2 Прил. 1 Ч. 3, табл. 2.1 «Прогноз ввода строений различного назначения … до 2030 года»","_item":464,"_name":"Жилой дом на 120 квартир в районе ул. Яблоневая - Деловая, за жилым домом №165 корп.6, корп.2 по ул. Родионова","_scheme_source":"Деловая, 14","_district":"Нижегородский район","_year":2028,"_address":"в границах Яблоневая улица, Деловая улица, улица Родионова","_geocode":"streets","_contour":"typical","floor_area_m2":15000,"levels":17},"geometry":{"type":"Polygon","coordinates":[[[44.0625574,56.3114551],[44.0624656,56.3113207],[44.0632989,56.3111448],[44.0633907,56.3112792],[44.0625574,56.3114551]]]}},
{"type":"Feature","properties":{"object_type":"oks_future","_source":"inferred","heat_load":1.122,"flow_tph":14.025,"_load_source":"scheme","_ref":"Схема теплоснабжения г. Н. Новгорода до 2030 г. (актуализация на 2026 г.), шифр 22401, Обосновывающие материалы, Гл. 2 Прил. 1 Ч. 3, табл. 2.1 «Прогноз ввода строений различного назначения … до 2030 года»","_item":465,"_name":"ФОК по адресу ул. Родионова, у дома №187 (з/у 2)","_scheme_source":"Деловая, 14","_district":"Нижегородский район","_year":2027,"_address":"улица Родионова, 187","_geocode":"near","_contour":"typical","floor_area_m2":6000,"levels":5},"geometry":{"type":"Polygon","coordinates":[[[44.0744729,56.3087758],[44.0747298,56.3085656],[44.075297,56.3087798],[44.0750401,56.30899],[44.0744729,56.3087758]]]}},
{"type":"Feature","properties":{"object_type":"oks_future","_source":"inferred","heat_load":0.03,"flow_tph":0.375,"_load_source":"scheme","_ref":"Схема теплоснабжения г. Н. Новгорода до 2030 г. (актуализация на 2026 г.), шифр 22401, Обосновывающие материалы, Гл. 2 Прил. 1 Ч. 3, табл. 2.1 «Прогноз ввода строений различного назначения … до 2030 года»","_item":466,"_name":"Склад по адресу ул. Деловая, д.7, корп. 13","_scheme_source":"Деловая, 14","_district":"Нижегородский район","_year":2026,"_address":"Деловая улица, 7","_geocode":"at","_contour":"typical","floor_area_m2":300,"levels":1},"geometry":{"type":"Polygon","coordinates":[[[44.0607029,56.3067225],[44.0604743,56.3067218],[44.0604762,56.3065312],[44.0607047,56.3065319],[44.0607029,56.3067225]]]}},
{"type":"Feature","properties":{"object_type":"oks_future","_source":"inferred","heat_load":0.39,"flow_tph":4.875,"_load_source":"scheme","_ref":"Схема теплоснабжения г. Н. Новгорода до 2030 г. (актуализация на 2026 г.), шифр 22401, Обосновывающие материалы, Гл. 2 Прил. 1 Ч. 3, табл. 2.1 «Прогноз ввода строений различного назначения … до 2030 года»","_item":467,"_name":"Реконструкция производственно-складских зданий по адресу ул. Деловая, д. 9А","_scheme_source":"Деловая, 14","_district":"Нижегородский район","_year":2026,"_address":"Деловая улица, 9А","_geocode":"at","_contour":"typical","floor_area_m2":3900,"levels":3},"geometry":{"type":"Polygon","coordinates":[[[44.0642213,56.3074367],[44.064513,56.3072278],[44.0650768,56.307471],[44.064785,56.30768],[44.0642213,56.3074367]]]}},
{"type":"Feature","properties":{"object_type":"oks_future","_source":"inferred","heat_load":1.0143,"flow_tph":12.679,"_load_source":"scheme","_ref":"Схема теплоснабжения г. Н. Новгорода до 2030 г. (актуализация на 2026 г.), шифр 22401, Обосновывающие материалы, Гл. 2 Прил. 1 Ч. 3, табл. 2.1 «Прогноз ввода строений различного назначения … до 2030 года»","_item":468,"_name":"Многоквартирный дом №1 со встроенными помещениями общественного назначения и подземной стоянкой автомобилей (земельный участок с к.н.52:18:0060166:1246); \"Многоквартирный дом №2 со встроенными помещениями общественного назначения и подземной стоянкой автомобилей\" (земельный участок с к.н. 52:18:0060166:1248); \"Детская образовательная организация\" (земельный участок с к.н. 52:18:0060166:1249) в районе ул. Тургенева, переулок Бойновский","_scheme_source":"Деловая, 14","_district":"Нижегородский район","_year":2028,"_address":"в границах улица Тургенева, Бойновский переулок","_geocode":"streets","_contour":"typical","floor_area_m2":20000,"levels":17},"geometry":{"type":"Polygon","coordinates":[[[44.0406132,56.3195056],[44.0403546,56.3195036],[44.0403712,56.3188431],[44.0406298,56.3188451],[44.0406132,56.3195056]]]}},
{"type":"Feature","properties":{"object_type":"oks_future","_source":"inferred","heat_load":1.0143,"flow_tph":12.679,"_load_source":"scheme","_ref":"Схема теплоснабжения г. Н. Новгорода до 2030 г. (актуализация на 2026 г.), шифр 22401, Обосновывающие материалы, Гл. 2 Прил. 1 Ч. 3, табл. 2.1 «Прогноз ввода строений различного назначения … до 2030 года»","_item":468,"_name":"Многоквартирный дом №1 со встроенными помещениями общественного назначения и подземной стоянкой автомобилей (земельный участок с к.н.52:18:0060166:1246); \"Многоквартирный дом №2 со встроенными помещениями общественного назначения и подземной стоянкой автомобилей\" (земельный участок с к.н. 52:18:0060166:1248); \"Детская образовательная организация\" (земельный участок с к.н. 52:18:0060166:1249) в районе ул. Тургенева, переулок Бойновский","_scheme_source":"Деловая, 14","_district":"Нижегородский район","_year":2028,"_address":"в границах улица Тургенева, Бойновский переулок","_geocode":"streets","_contour":"typical","floor_area_m2":20000,"levels":17},"geometry":{"type":"Polygon","coordinates":[[[44.0403641,56.3217822],[44.0403605,56.3219259],[44.0391718,56.3219167],[44.0391754,56.321773],[44.0403641,56.3217822]]]}},
{"type":"Feature","properties":{"object_type":"oks_future","_source":"inferred","heat_load":1.0143,"flow_tph":12.679,"_load_source":"scheme","_ref":"Схема теплоснабжения г. Н. Новгорода до 2030 г. (актуализация на 2026 г.), шифр 22401, Обосновывающие материалы, Гл. 2 Прил. 1 Ч. 3, табл. 2.1 «Прогноз ввода строений различного назначения … до 2030 года»","_item":468,"_name":"Многоквартирный дом №1 со встроенными помещениями общественного назначения и подземной стоянкой автомобилей (земельный участок с к.н.52:18:0060166:1246); \"Многоквартирный дом №2 со встроенными помещениями общественного назначения и подземной стоянкой автомобилей\" (земельный участок с к.н. 52:18:0060166:1248); \"Детская образовательная организация\" (земельный участок с к.н. 52:18:0060166:1249) в районе ул. Тургенева, переулок Бойновский","_scheme_source":"Деловая, 14","_district":"Нижегородский район","_year":2028,"_address":"в границах улица Тургенева, Бойновский переулок","_geocode":"streets","_contour":"typical","floor_area_m2":20000,"levels":17},"geometry":{"type":"Polygon","coordinates":[[[44.0406591,56.322089],[44.0406555,56.3222327],[44.0394668,56.3222235],[44.0394704,56.3220797],[44.0406591,56.322089]]]}},
{"type":"Feature","properties":{"object_type":"oks_future","_source":"inferred","heat_load":1.0143,"flow_tph":12.679,"_load_source":"scheme","_ref":"Схема теплоснабжения г. Н. Новгорода до 2030 г. (актуализация на 2026 г.), шифр 22401, Обосновывающие материалы, Гл. 2 Прил. 1 Ч. 3, табл. 2.1 «Прогноз ввода строений различного назначения … до 2030 года»","_item":468,"_name":"Многоквартирный дом №1 со встроенными помещениями общественного назначения и подземной стоянкой автомобилей (земельный участок с к.н.52:18:0060166:1246); \"Многоквартирный дом №2 со встроенными помещениями общественного назначения и подземной стоянкой автомобилей\" (земельный участок с к.н. 52:18:0060166:1248); \"Детская образовательная организация\" (земельный участок с к.н. 52:18:0060166:1249) в районе ул. Тургенева, переулок Бойновский","_scheme_source":"Деловая, 14","_district":"Нижегородский район","_year":2028,"_address":"в границах улица Тургенева, Бойновский переулок","_geocode":"streets","_contour":"typical","floor_area_m2":20000,"levels":17},"geometry":{"type":"Polygon","coordinates":[[[44.039241,56.3220927],[44.0392373,56.3222364],[44.0380486,56.3222272],[44.0380523,56.3220835],[44.039241,56.3220927]]]}},
{"type":"Feature","properties":{"object_type":"oks_future","_source":"inferred","heat_load":1.0143,"flow_tph":12.679,"_load_source":"scheme","_ref":"Схема теплоснабжения г. Н. Новгорода до 2030 г. (актуализация на 2026 г.), шифр 22401, Обосновывающие материалы, Гл. 2 Прил. 1 Ч. 3, табл. 2.1 «Прогноз ввода строений различного назначения … до 2030 года»","_item":468,"_name":"Многоквартирный дом №1 со встроенными помещениями общественного назначения и подземной стоянкой автомобилей (земельный участок с к.н.52:18:0060166:1246); \"Многоквартирный дом №2 со встроенными помещениями общественного назначения и подземной стоянкой автомобилей\" (земельный участок с к.н. 52:18:0060166:1248); \"Детская образовательная организация\" (земельный участок с к.н. 52:18:0060166:1249) в районе ул. Тургенева, переулок Бойновский","_scheme_source":"Деловая, 14","_district":"Нижегородский район","_year":2028,"_address":"в границах улица Тургенева, Бойновский переулок","_geocode":"streets","_contour":"typical","floor_area_m2":20000,"levels":17},"geometry":{"type":"Polygon","coordinates":[[[44.0399362,56.3162736],[44.0396776,56.3162716],[44.0396942,56.3156111],[44.0399528,56.3156131],[44.0399362,56.3162736]]]}},
{"type":"Feature","properties":{"object_type":"oks_future","_source":"inferred","heat_load":1.0143,"flow_tph":12.679,"_load_source":"scheme","_ref":"Схема теплоснабжения г. Н. Новгорода до 2030 г. (актуализация на 2026 г.), шифр 22401, Обосновывающие материалы, Гл. 2 Прил. 1 Ч. 3, табл. 2.1 «Прогноз ввода строений различного назначения … до 2030 года»","_item":468,"_name":"Многоквартирный дом №1 со встроенными помещениями общественного назначения и подземной стоянкой автомобилей (земельный участок с к.н.52:18:0060166:1246); \"Многоквартирный дом №2 со встроенными помещениями общественного назначения и подземной стоянкой автомобилей\" (земельный участок с к.н. 52:18:0060166:1248); \"Детская образовательная организация\" (земельный участок с к.н. 52:18:0060166:1249) в районе ул. Тургенева, переулок Бойновский","_scheme_source":"Деловая, 14","_district":"Нижегородский район","_year":2028,"_address":"в границах улица Тургенева, Бойновский переулок","_geocode":"streets","_contour":"typical","floor_area_m2":20000,"levels":17},"geometry":{"type":"Polygon","coordinates":[[[44.0370616,56.3164292],[44.036803,56.3164272],[44.0368196,56.3157667],[44.0370782,56.3157687],[44.0370616,56.3164292]]]}},
{"type":"Feature","properties":{"object_type":"oks_future","_source":"inferred","heat_load":1.0143,"flow_tph":12.679,"_load_source":"scheme","_ref":"Схема теплоснабжения г. Н. Новгорода до 2030 г. (актуализация на 2026 г.), шифр 22401, Обосновывающие материалы, Гл. 2 Прил. 1 Ч. 3, табл. 2.1 «Прогноз ввода строений различного назначения … до 2030 года»","_item":468,"_name":"Многоквартирный дом №1 со встроенными помещениями общественного назначения и подземной стоянкой автомобилей (земельный участок с к.н.52:18:0060166:1246); \"Многоквартирный дом №2 со встроенными помещениями общественного назначения и подземной стоянкой автомобилей\" (земельный участок с к.н. 52:18:0060166:1248); \"Детская образовательная организация\" (земельный участок с к.н. 52:18:0060166:1249) в районе ул. Тургенева, переулок Бойновский","_scheme_source":"Деловая, 14","_district":"Нижегородский район","_year":2028,"_address":"в границах улица Тургенева, Бойновский переулок","_geocode":"streets","_contour":"typical","floor_area_m2":20000,"levels":17},"geometry":{"type":"Polygon","coordinates":[[[44.0380395,56.3223851],[44.0380359,56.3225288],[44.0368472,56.3225196],[44.0368508,56.3223758],[44.0380395,56.3223851]]]}},
{"type":"Feature","properties":{"object_type":"oks_future","_source":"inferred","heat_load":1.0143,"flow_tph":12.679,"_load_source":"scheme","_ref":"Схема теплоснабжения г. Н. Новгорода до 2030 г. (актуализация на 2026 г.), шифр 22401, Обосновывающие материалы, Гл. 2 Прил. 1 Ч. 3, табл. 2.1 «Прогноз ввода строений различного назначения … до 2030 года»","_item":468,"_name":"Многоквартирный дом №1 со встроенными помещениями общественного назначения и подземной стоянкой автомобилей (земельный участок с к.н.52:18:0060166:1246); \"Многоквартирный дом №2 со встроенными помещениями общественного назначения и подземной стоянкой автомобилей\" (земельный участок с к.н. 52:18:0060166:1248); \"Детская образовательная организация\" (земельный участок с к.н. 52:18:0060166:1249) в районе ул. Тургенева, переулок Бойновский","_scheme_source":"Деловая, 14","_district":"Нижегородский район","_year":2028,"_address":"в границах улица Тургенева, Бойновский переулок","_geocode":"streets","_contour":"typical","floor_area_m2":20000,"levels":17},"geometry":{"type":"Polygon","coordinates":[[[44.0386951,56.3236832],[44.0386915,56.323827],[44.0375027,56.3238177],[44.0375063,56.323674],[44.0386951,56.3236832]]]}},
{"type":"Feature","properties":{"object_type":"oks_future","_source":"inferred","heat_load":0.9753,"flow_tph":12.191,"_load_source":"scheme","_ref":"Схема теплоснабжения г. Н. Новгорода до 2030 г. (актуализация на 2026 г.), шифр 22401, Обосновывающие материалы, Гл. 2 Прил. 1 Ч. 3, табл. 2.1 «Прогноз ввода строений различного назначения … до 2030 года»","_item":469,"_name":"Реконструкция здания кафе и мойки под здание КБО с апартаментами (гостиницей) по ул. Фруктовая, напротив дома №3, корп. 1","_scheme_source":"Деловая, 14","_district":"Нижегородский район","_year":2027,"_address":"Фруктовая улица","_geocode":"street","_contour":"typical","floor_area_m2":8400,"levels":5},"geometry":{"type":"Polygon","coordinates":[[[44.0541826,56.3146091],[44.0547224,56.3145892],[44.054776,56.3150392],[44.0542362,56.3150591],[44.0541826,56.3146091]]]}},
{"type":"Feature","properties":{"object_type":"oks_future","_source":"real","heat_load":0.2138,"flow_tph":2.672,"_load_source":"scheme","_ref":"Схема теплоснабжения г. Н. Новгорода до 2030 г. (актуализация на 2026 г.), шифр 22401, Обосновывающие материалы, Гл. 2 Прил. 1 Ч. 3, табл. 2.1 «Прогноз ввода строений различного назначения … до 2030 года»","_item":470,"_name":"Нижегородский центр мусульманской культуры по Казанской набережной","_scheme_source":"Деловая, 14","_district":"Нижегородский район","_year":2026,"_address":"Нижегородская улица","_geocode":"street","_contour":"osm_construction","floor_area_m2":1800,"levels":3,"_osm":"w1536458253"},"geometry":{"type":"Polygon","coordinates":[[[43.988665,56.3228628],[43.9889607,56.3228491],[43.988925,56.3226115],[43.9889667,56.3226095],[43.9889463,56.3224739],[43.9886089,56.3224895],[43.988665,56.3228628]]]}},
{"type":"Feature","properties":{"object_type":"oks_future","_source":"inferred","heat_load":0.219,"flow_tph":2.737,"_load_source":"scheme","_ref":"Схема теплоснабжения г. Н. Новгорода до 2030 г. (актуализация на 2026 г.), шифр 22401, Обосновывающие материалы, Гл. 2 Прил. 1 Ч. 3, табл. 2.1 «Прогноз ввода строений различного назначения … до 2030 года»","_item":471,"_name":"Нежилое здание (реконструкция) по адресу ул. Родионова, д.167В","_scheme_source":"Деловая, 14","_district":"Нижегородский район","_year":2026,"_address":"улица Родионова, 167В","_geocode":"at","_contour":"typical","floor_area_m2":2000,"levels":3},"geometry":{"type":"Polygon","coordinates":[[[44.0711107,56.3119114],[44.0708322,56.3118023],[44.0711267,56.3115701],[44.0714052,56.3116792],[44.0711107,56.3119114]]]}},
{"type":"Feature","properties":{"object_type":"oks_future","_source":"inferred","heat_load":0.4563,"flow_tph":5.704,"_load_source":"scheme","_ref":"Схема теплоснабжения г. Н. Новгорода до 2030 г. (актуализация на 2026 г.), шифр 22401, Обосновывающие материалы, Гл. 2 Прил. 1 Ч. 3, табл. 2.1 «Прогноз ввода строений различного назначения … до 2030 года»","_item":472,"_name":"проект планировки и межевания территории к.п. Зеленый город","_scheme_source":"Зеленый город, санаторий ВЦСПС, 2-я территория","_district":"Нижегородский район","_year":2026,"_address":"Зелёная улица","_geocode":"street","_contour":"typical","floor_area_m2":4070,"levels":3},"geometry":{"type":"Polygon","coordinates":[[[44.0857828,56.2711724],[44.086184,56.2713247],[44.0857735,56.2716595],[44.0853723,56.2715072],[44.0857828,56.2711724]]]}},
{"type":"Feature","properties":{"object_type":"oks_future","_source":"real","heat_load":1.53,"flow_tph":19.125,"_load_source":"scheme","_ref":"Схема теплоснабжения г. Н. Новгорода до 2030 г. (актуализация на 2026 г.), шифр 22401, Обосновывающие материалы, Гл. 2 Прил. 1 Ч. 3, табл. 2.1 «Прогноз ввода строений различного назначения … до 2030 года»","_item":474,"_name":"гостиничный комплекс","_scheme_source":"Родионова, 194б","_district":"Нижегородский район","_year":2027,"_address":"Родионова, 194б","_geocode":"source","_contour":"osm_construction","floor_area_m2":16400,"levels":17,"_osm":"w165208404"},"geometry":{"type":"Polygon","coordinates":[[[44.0870362,56.3042557],[44.0865099,56.3040848],[44.086404,56.3041852],[44.0869304,56.3043561],[44.0870362,56.3042557]]]}},
{"type":"Feature","properties":{"object_type":"oks_future","_source":"inferred","heat_load":0.3278,"flow_tph":4.098,"_load_source":"scheme","_ref":"Схема теплоснабжения г. Н. Новгорода до 2030 г. (актуализация на 2026 г.), шифр 22401, Обосновывающие материалы, Гл. 2 Прил. 1 Ч. 3, табл. 2.1 «Прогноз ввода строений различного назначения … до 2030 года»","_item":475,"_name":"Дошкольная образовательная организация на 150 мест в границах Казанского шоссе, улицы Академическая, Александровской слободы и проекта межевания территории в районе дома №12 по Казанскому шоссе в Нижегородском районе г. Нижнего Новгорода","_scheme_source":"Родионова, 194б","_district":"Нижегородский район","_year":2027,"_address":"в границах Казанская набережная, Академическая улица, Александровская Слобода, Нижегородская улица, Новая улица","_geocode":"streets","_contour":"typical","floor_area_m2":3200,"levels":3},"geometry":{"type":"Polygon","coordinates":[[[44.0375829,56.3008502],[44.0377475,56.3006288],[44.0383448,56.3007661],[44.0381803,56.3009875],[44.0375829,56.3008502]]]}},
{"type":"Feature","properties":{"object_type":"oks_future","_source":"inferred","heat_load":1.8341,"flow_tph":22.926,"_load_source":"scheme","_ref":"Схема теплоснабжения г. Н. Новгорода до 2030 г. (актуализация на 2026 г.), шифр 22401, Обосновывающие материалы, Гл. 2 Прил. 1 Ч. 3, табл. 2.1 «Прогноз ввода строений различного назначения … до 2030 года»","_item":476,"_name":"Жилой дом с помещениями общественного назначения и подземной автостоянкой, ул. Родионова, у дома №186Б","_scheme_source":"Родионова, 194б","_district":"Нижегородский район","_year":2025,"_address":"улица Родионова, 186Б","_geocode":"near","_contour":"typical","floor_area_m2":11100,"levels":12},"geometry":{"type":"Polygon","coordinates":[[[44.0754202,56.3144595],[44.0756256,56.3145469],[44.0750573,56.3149592],[44.074852,56.3148718],[44.0754202,56.3144595]]]}},
{"type":"Feature","properties":{"object_type":"oks_future","_source":"real","heat_load":1.75,"flow_tph":21.875,"_load_source":"scheme","_ref":"Схема теплоснабжения г. Н. Новгорода до 2030 г. (актуализация на 2026 г.), шифр 22401, Обосновывающие материалы, Гл. 2 Прил. 1 Ч. 3, табл. 2.1 «Прогноз ввода строений различного назначения … до 2030 года»","_item":477,"_name":"земельные участки","_scheme_source":"Родионова, 194б","_district":"Нижегородский район","_year":2028,"_address":"Родионова, 194б","_geocode":"source","_contour":"osm_construction","floor_area_m2":18750,"levels":17,"_osm":"w165208405"},"geometry":{"type":"Polygon","coordinates":[[[44.0869107,56.3037748],[44.0867413,56.3039363],[44.086885,56.3039827],[44.0870543,56.3038212],[44.0869107,56.3037748]]]}},
{"type":"Feature","properties":{"object_type":"oks_future","_source":"inferred","heat_load":1.75,"flow_tph":21.875,"_load_source":"scheme","_ref":"Схема теплоснабжения г. Н. Новгорода до 2030 г. (актуализация на 2026 г.), шифр 22401, Обосновывающие материалы, Гл. 2 Прил. 1 Ч. 3, табл. 2.1 «Прогноз ввода строений различного назначения … до 2030 года»","_item":477,"_name":"земельные участки","_scheme_source":"Родионова, 194б","_district":"Нижегородский район","_year":2028,"_address":"Родионова, 194б","_geocode":"source","_contour":"typical","floor_area_m2":18750,"levels":17},"geometry":{"type":"Polygon","coordinates":[[[44.0839356,56.3037632],[44.0836772,56.3037585],[44.0837135,56.3031395],[44.0839719,56.3031442],[44.0839356,56.3037632]]]}},
{"type":"Feature","properties":{"object_type":"oks_future","_source":"inferred","heat_load":0.6271,"flow_tph":7.839,"_load_source":"scheme","_ref":"Схема теплоснабжения г. Н. Новгорода до 2030 г. (актуализация на 2026 г.), шифр 22401, Обосновывающие материалы, Гл. 2 Прил. 1 Ч. 3, табл. 2.1 «Прогноз ввода строений различного назначения … до 2030 года»","_item":478,"_name":"Многоквартирный дом №1 со встроенными помещениями общественного назначения в границах Казанского шоссе, улицы Академическая, Александровской слободы и проекта межевания территории в районе дома №12 по Казанскому шоссе в Нижегородском районе г. Нижнего Новгорода","_scheme_source":"Родионова, 194б","_district":"Нижегородский район","_year":2028,"_address":"в границах Казанская набережная, Академическая улица, Александровская Слобода, Нижегородская улица, Новая улица","_geocode":"streets","_contour":"typical","floor_area_m2":12100,"levels":17},"geometry":{"type":"Polygon","coordinates":[[[44.0341082,56.3021398],[44.034207,56.302007],[44.0348713,56.3021596],[44.0347725,56.3022925],[44.0341082,56.3021398]]]}},
{"type":"Feature","properties":{"object_type":"oks_future","_source":"inferred","heat_load":0.6271,"flow_tph":7.839,"_load_source":"scheme","_ref":"Схема теплоснабжения г. Н. Новгорода до 2030 г. (актуализация на 2026 г.), шифр 22401, Обосновывающие материалы, Гл. 2 Прил. 1 Ч. 3, табл. 2.1 «Прогноз ввода строений различного назначения … до 2030 года»","_item":479,"_name":"Многоквартирный дом №2 со встроенными помещениями общественного назначения в границах Казанского шоссе, улицы Академическая, Александровской слободы и проекта межевания территории в районе дома №12 по Казанскому шоссе в Нижегородском районе г. Нижнего Новгорода","_scheme_source":"Родионова, 194б","_district":"Нижегородский район","_year":2029,"_address":"в границах Казанская набережная, Академическая улица, Александровская Слобода, Нижегородская улица, Новая улица","_geocode":"streets","_contour":"typical","floor_area_m2":12100,"levels":17},"geometry":{"type":"Polygon","coordinates":[[[44.0346543,56.3035946],[44.0347531,56.3034617],[44.0354175,56.3036144],[44.0353187,56.3037472],[44.0346543,56.3035946]]]}},
{"type":"Feature","properties":{"object_type":"oks_future","_source":"inferred","heat_load":0.6271,"flow_tph":7.839,"_load_source":"scheme","_ref":"Схема теплоснабжения г. Н. Новгорода до 2030 г. (актуализация на 2026 г.), шифр 22401, Обосновывающие материалы, Гл. 2 Прил. 1 Ч. 3, табл. 2.1 «Прогноз ввода строений различного назначения … до 2030 года»","_item":480,"_name":"Многоквартирный дом №3 со встроенными помещениями общественного назначения в границах Казанского шоссе, улицы Академическая, Александровской слободы и проекта межевания территории в районе дома №12 по Казанскому шоссе в Нижегородском районе г. Нижнего Новгорода","_scheme_source":"Родионова, 194б","_district":"Нижегородский район","_year":2030,"_address":"в границах Казанская набережная, Академическая улица, Александровская Слобода, Нижегородская улица, Новая улица","_geocode":"streets","_contour":"typical","floor_area_m2":12100,"levels":17},"geometry":{"type":"Polygon","coordinates":[[[44.0364294,56.296595],[44.0366683,56.2966499],[44.0363938,56.2970193],[44.0361549,56.2969644],[44.0364294,56.296595]]]}},
{"type":"Feature","properties":{"object_type":"oks_future","_source":"inferred","heat_load":0.7,"flow_tph":8.75,"_load_source":"scheme","_ref":"Схема теплоснабжения г. Н. Новгорода до 2030 г. (актуализация на 2026 г.), шифр 22401, Обосновывающие материалы, Гл. 2 Прил. 1 Ч. 3, табл. 2.1 «Прогноз ввода строений различного назначения … до 2030 года»","_item":481,"_name":"Многоквартирный жилой дом в районе ул. Верхне-Печерская, за домом №11, корп.1","_scheme_source":"Родионова, 194б","_district":"Нижегородский район","_year":2026,"_address":"Верхняя улица, 11","_geocode":"near","_contour":"typical","floor_area_m2":10000,"levels":12},"geometry":{"type":"Polygon","coordinates":[[[44.0317453,56.3066121],[44.0318644,56.3064845],[44.0326115,56.3067],[44.0324924,56.3068276],[44.0317453,56.3066121]]]}},
{"type":"Feature","properties":{"object_type":"oks_future","_source":"inferred","heat_load":0.755,"flow_tph":9.437,"_load_source":"scheme","_ref":"Схема теплоснабжения г. Н. Новгорода до 2030 г. (актуализация на 2026 г.), шифр 22401, Обосновывающие материалы, Гл. 2 Прил. 1 Ч. 3, табл. 2.1 «Прогноз ввода строений различного назначения … до 2030 года»","_item":483,"_name":"Спортивно-реабилитационный теннисный центр, ул. Родионова у дома 190","_scheme_source":"Родионова, 194б","_district":"Нижегородский район","_year":2027,"_address":"улица Родионова, 190","_geocode":"near","_contour":"typical","floor_area_m2":6080,"levels":5},"geometry":{"type":"Polygon","coordinates":[[[44.0757292,56.3088446],[44.0761049,56.3089924],[44.0757062,56.3093056],[44.0753305,56.3091578],[44.0757292,56.3088446]]]}},
{"type":"Feature","properties":{"object_type":"oks_future","_source":"inferred","heat_load":0.1588,"flow_tph":1.985,"_load_source":"scheme","_ref":"Схема теплоснабжения г. Н. Новгорода до 2030 г. (актуализация на 2026 г.), шифр 22401, Обосновывающие материалы, Гл. 2 Прил. 1 Ч. 3, табл. 2.1 «Прогноз ввода строений различного назначения … до 2030 года»","_item":485,"_name":"Спортивный клуб по ул. Верхне-Печерская, напротив дома №8","_scheme_source":"Родионова, 194б","_district":"Нижегородский район","_year":2025,"_address":"Верхняя улица, 8","_geocode":"near","_contour":"typical","floor_area_m2":1500,"levels":3},"geometry":{"type":"Polygon","coordinates":[[[44.0687105,56.2884676],[44.0684156,56.2884674],[44.0684161,56.2882214],[44.068711,56.2882216],[44.0687105,56.2884676]]]}},
{"type":"Feature","properties":{"object_type":"oks_future","_source":"inferred","heat_load":0.0275,"flow_tph":0.344,"_load_source":"scheme","_ref":"Схема теплоснабжения г. Н. Новгорода до 2030 г. (актуализация на 2026 г.), шифр 22401, Обосновывающие материалы, Гл. 2 Прил. 1 Ч. 3, табл. 2.1 «Прогноз ввода строений различного назначения … до 2030 года»","_item":486,"_name":"ул. им. Композитора Касьянова, напротив дома №12. Здание для размещения продовольственного магазина, мастерской по ремонту бытовой техники, ателье, парикмахерской (салона красоты), аптеки","_scheme_source":"Родионова, 194б","_district":"Нижегородский район","_year":2027,"_address":"улица Композитора Касьянова, 12","_geocode":"near","_contour":"typical","floor_area_m2":1500,"levels":3},"geometry":{"type":"Polygon","coordinates":[[[44.0585792,56.2940792],[44.0582842,56.2940792],[44.0582842,56.2938331],[44.0585792,56.2938331],[44.0585792,56.2940792]]]}},
{"type":"Feature","properties":{"object_type":"oks_future","_source":"inferred","heat_load":0.8908,"flow_tph":11.135,"_load_source":"scheme","_ref":"Схема теплоснабжения г. Н. Новгорода до 2030 г. (актуализация на 2026 г.), шифр 22401, Обосновывающие материалы, Гл. 2 Прил. 1 Ч. 3, табл. 2.1 «Прогноз ввода строений различного назначения … до 2030 года»","_item":487,"_name":"ул. Лысогорская (Школа на 500 мест в составе ЖК \"Люксор\" и автостоянка №6)","_scheme_source":"Родионова, 194б","_district":"Нижегородский район","_year":2026,"_address":"Лысогорская улица","_geocode":"street","_contour":"typical","floor_area_m2":10000,"levels":5},"geometry":{"type":"Polygon","coordinates":[[[44.0904409,56.295916],[44.0901615,56.2956271],[44.0909408,56.295394],[44.0912203,56.2956829],[44.0904409,56.295916]]]}},
{"type":"Feature","properties":{"object_type":"oks_future","_source":"inferred","heat_load":1.2151,"flow_tph":15.189,"_load_source":"scheme","_ref":"Схема теплоснабжения г. Н. Новгорода до 2030 г. (актуализация на 2026 г.), шифр 22401, Обосновывающие материалы, Гл. 2 Прил. 1 Ч. 3, табл. 2.1 «Прогноз ввода строений различного назначения … до 2030 года»","_item":488,"_name":"ул. Лысогорская, ЖД №4 (ЖК \"Люксор\")","_scheme_source":"Родионова, 194б","_district":"Нижегородский район","_year":2025,"_address":"Лысогорская улица","_geocode":"street","_contour":"typical","floor_area_m2":10000,"levels":12},"geometry":{"type":"Polygon","coordinates":[[[44.0897233,56.2957245],[44.0899509,56.2956564],[44.0903496,56.2960684],[44.0901219,56.2961365],[44.0897233,56.2957245]]]}},
{"type":"Feature","properties":{"object_type":"oks_future","_source":"inferred","heat_load":1.944,"flow_tph":24.3,"_load_source":"scheme","_ref":"Схема теплоснабжения г. Н. Новгорода до 2030 г. (актуализация на 2026 г.), шифр 22401, Обосновывающие материалы, Гл. 2 Прил. 1 Ч. 3, табл. 2.1 «Прогноз ввода строений различного назначения … до 2030 года»","_item":489,"_name":"ул. Лысогорская, ЖД №5 (ЖК \"Люксор\")","_scheme_source":"Родионова, 194б","_district":"Нижегородский район","_year":2026,"_address":"Лысогорская улица","_geocode":"street","_contour":"typical","floor_area_m2":16000,"levels":17},"geometry":{"type":"Polygon","coordinates":[[[44.0888134,56.2950158],[44.0886909,56.2948892],[44.0895279,56.2946389],[44.0896503,56.2947655],[44.0888134,56.2950158]]]}},
{"type":"Feature","properties":{"object_type":"oks_future","_source":"real","heat_load":1.6577,"flow_tph":20.721,"_load_source":"scheme","_ref":"Схема теплоснабжения г. Н. Новгорода до 2030 г. (актуализация на 2026 г.), шифр 22401, Обосновывающие материалы, Гл. 2 Прил. 1 Ч. 3, табл. 2.1 «Прогноз ввода строений различного назначения … до 2030 года»","_item":491,"_name":"ФОК и паркинг со встроенными торговыми помещениями","_scheme_source":"Родионова, 194б","_district":"Нижегородский район","_year":2027,"_address":"Торговая улица","_geocode":"street","_contour":"osm_construction","floor_area_m2":12900,"levels":5,"_osm":"r2969262"},"geometry":{"type":"Polygon","coordinates":[[[43.9935073,56.3292806],[43.9935993,56.3290846],[43.9936156,56.329051],[43.9934537,56.3290275],[43.9933454,56.3292571],[43.9935073,56.3292806]]]}},
{"type":"Feature","properties":{"object_type":"oks_future","_source":"real","heat_load":1.6577,"flow_tph":20.721,"_load_source":"scheme","_ref":"Схема теплоснабжения г. Н. Новгорода до 2030 г. (актуализация на 2026 г.), шифр 22401, Обосновывающие материалы, Гл. 2 Прил. 1 Ч. 3, табл. 2.1 «Прогноз ввода строений различного назначения … до 2030 года»","_item":491,"_name":"ФОК и паркинг со встроенными торговыми помещениями","_scheme_source":"Родионова, 194б","_district":"Нижегородский район","_year":2027,"_address":"Торговая улица","_geocode":"street","_contour":"osm_construction","floor_area_m2":12900,"levels":5,"_osm":"w881556163"},"geometry":{"type":"Polygon","coordinates":[[[43.9945154,56.3283779],[43.9946001,56.3283338],[43.994666,56.3283727],[43.9945813,56.3284169],[43.9945154,56.3283779]]]}},
{"type":"Feature","properties":{"object_type":"oks_future","_source":"real","heat_load":1.6577,"flow_tph":20.721,"_load_source":"scheme","_ref":"Схема теплоснабжения г. Н. Новгорода до 2030 г. (актуализация на 2026 г.), шифр 22401, Обосновывающие материалы, Гл. 2 Прил. 1 Ч. 3, табл. 2.1 «Прогноз ввода строений различного назначения … до 2030 года»","_item":491,"_name":"ФОК и паркинг со встроенными торговыми помещениями","_scheme_source":"Родионова, 194б","_district":"Нижегородский район","_year":2027,"_address":"Торговая улица","_geocode":"street","_contour":"osm_construction","floor_area_m2":12900,"levels":5,"_osm":"w881556162"},"geometry":{"type":"Polygon","coordinates":[[[43.9946759,56.3283116],[43.9947429,56.328277],[43.9948086,56.328316],[43.9947416,56.3283507],[43.9946759,56.3283116]]]}},
{"type":"Feature","properties":{"object_type":"oks_future","_source":"inferred","heat_load":0.5129,"flow_tph":6.411,"_load_source":"scheme","_ref":"Схема теплоснабжения г. Н. Новгорода до 2030 г. (актуализация на 2026 г.), шифр 22401, Обосновывающие материалы, Гл. 2 Прил. 1 Ч. 3, табл. 2.1 «Прогноз ввода строений различного назначения … до 2030 года»","_item":492,"_name":"Гостиничный комплекс по ул. Нижне-Печерская, напротив д.№2 и храма по ул.Верхне-Печерской, 8А","_scheme_source":"Родионова, 194б","_district":"Нижегородский район","_year":2027,"_address":"Нижняя улица, 2","_geocode":"near","_contour":"typical","floor_area_m2":3110,"levels":3},"geometry":{"type":"Polygon","coordinates":[[[43.996455,56.3313206],[43.9968696,56.3313729],[43.9967285,56.3317184],[43.9963139,56.3316661],[43.996455,56.3313206]]]}},
{"type":"Feature","properties":{"object_type":"oks_future","_source":"inferred","heat_load":0.2341,"flow_tph":2.926,"_load_source":"scheme","_ref":"Схема теплоснабжения г. Н. Новгорода до 2030 г. (актуализация на 2026 г.), шифр 22401, Обосновывающие материалы, Гл. 2 Прил. 1 Ч. 3, табл. 2.1 «Прогноз ввода строений различного назначения … до 2030 года»","_item":493,"_name":"Реконструкция объекта незавершенного строительства (нежилого помещения) для размещения филиала структурного подразделения Дворца детского творчества им. В.П. Чкалова-Центр компетенций \"Дворец рядом с домом\" на 200 учащихся","_scheme_source":"Родионова, 194б","_district":"Нижегородский район","_year":2026,"_address":"улица Чкалова","_geocode":"street","_contour":"typical","floor_area_m2":1200,"levels":3},"geometry":{"type":"Polygon","coordinates":[[[43.937117,56.3161432],[43.9373238,56.316052],[43.9375699,56.3162244],[43.9373631,56.3163156],[43.937117,56.3161432]]]}},
{"type":"Feature","properties":{"object_type":"oks_future","_source":"inferred","heat_load":0.481,"flow_tph":6.013,"_load_source":"scheme","_ref":"Схема теплоснабжения г. Н. Новгорода до 2030 г. (актуализация на 2026 г.), шифр 22401, Обосновывающие материалы, Гл. 2 Прил. 1 Ч. 3, табл. 2.1 «Прогноз ввода строений различного назначения … до 2030 года»","_item":494,"_name":"Строительство отдельно стоящего корпуса МАОУ \"Школа №103 с углубленным изучением отдельных предметов\" по адресу ул. Верхне-Печерская, д. 10","_scheme_source":"Родионова, 194б","_district":"Нижегородский район","_year":2025,"_address":"Печёрский съезд, 10","_geocode":"at","_contour":"typical","floor_area_m2":3200,"levels":3},"geometry":{"type":"Polygon","coordinates":[[[44.0632767,56.2840969],[44.0629747,56.2842678],[44.062514,56.2840158],[44.0628159,56.283845],[44.0632767,56.2840969]]]}},
{"type":"Feature","properties":{"object_type":"oks_future","_source":"inferred","heat_load":0.8836,"flow_tph":11.045,"_load_source":"scheme","_ref":"Схема теплоснабжения г. Н. Новгорода до 2030 г. (актуализация на 2026 г.), шифр 22401, Обосновывающие материалы, Гл. 2 Прил. 1 Ч. 3, табл. 2.1 «Прогноз ввода строений различного назначения … до 2030 года»","_item":495,"_name":"Многоэтажная жилая застройка (высотная застройка) по адресу ул. Родионова, 198","_scheme_source":"Родионова, 194б","_district":"Нижегородский район","_year":2027,"_address":"улица Родионова, 198","_geocode":"at","_contour":"typical","floor_area_m2":15000,"levels":17},"geometry":{"type":"Polygon","coordinates":[[[44.0840098,56.3030335],[44.0837514,56.3030291],[44.0837783,56.3025339],[44.0840368,56.3025383],[44.0840098,56.3030335]]]}},
{"type":"Feature","properties":{"object_type":"oks_future","_source":"inferred","heat_load":0.8836,"flow_tph":11.045,"_load_source":"scheme","_ref":"Схема теплоснабжения г. Н. Новгорода до 2030 г. (актуализация на 2026 г.), шифр 22401, Обосновывающие материалы, Гл. 2 Прил. 1 Ч. 3, табл. 2.1 «Прогноз ввода строений различного назначения … до 2030 года»","_item":495,"_name":"Многоэтажная жилая застройка (высотная застройка) по адресу ул. Родионова, 198","_scheme_source":"Родионова, 194б","_district":"Нижегородский район","_year":2027,"_address":"улица Родионова, 198","_geocode":"at","_contour":"typical","floor_area_m2":15000,"levels":17},"geometry":{"type":"Polygon","coordinates":[[[44.0834236,56.3030289],[44.0831651,56.3030246],[44.0831921,56.3025294],[44.0834505,56.3025337],[44.0834236,56.3030289]]]}},
{"type":"Feature","properties":{"object_type":"oks_future","_source":"real","heat_load":0.0905,"flow_tph":1.131,"_load_source":"scheme","_ref":"Схема теплоснабжения г. Н. Новгорода до 2030 г. (актуализация на 2026 г.), шифр 22401, Обосновывающие материалы, Гл. 2 Прил. 1 Ч. 3, табл. 2.1 «Прогноз ввода строений различного назначения … до 2030 года»","_item":496,"_name":"Многоквартирный дом (ул. Минина, 8Б)","_scheme_source":"ул. Минина, 1","_district":"Нижегородский район","_year":2025,"_address":"улица Минина, 8Б","_geocode":"at","_contour":"osm_construction","floor_area_m2":1000,"levels":5,"_osm":"w152110791"},"geometry":{"type":"Polygon","coordinates":[[[44.0134397,56.3289887],[44.0133515,56.3286828],[44.0139867,56.3286265],[44.0140691,56.3289125],[44.013651,56.3289495],[44.0136568,56.3289695],[44.0134397,56.3289887]]]}},
{"type":"Feature","properties":{"object_type":"oks_future","_source":"real","heat_load":0.8351,"flow_tph":10.439,"_load_source":"scheme","_ref":"Схема теплоснабжения г. Н. Новгорода до 2030 г. (актуализация на 2026 г.), шифр 22401, Обосновывающие материалы, Гл. 2 Прил. 1 Ч. 3, табл. 2.1 «Прогноз ввода строений различного назначения … до 2030 года»","_item":497,"_name":"Группа многоквартирных домов с подземной стоянкой автомобилей (№ 12 и № 13 по генплану) в границах улиц Гоголя, Сергиевская, Ильинская","_scheme_source":"ул. Суетинская, 21 (БМК)","_district":"Нижегородский район","_year":2026,"_address":"в границах переулок Гоголя, Сергиевская улица, Ильинская улица","_geocode":"streets","_contour":"osm_construction","floor_area_m2":12000,"levels":17,"_osm":"w1480999047"},"geometry":{"type":"Polygon","coordinates":[[[43.990331,56.3241655],[43.9905696,56.3242168],[43.990512,56.3242991],[43.9903305,56.32426],[43.9903559,56.3242237],[43.9902988,56.3242115],[43.990331,56.3241655]]]}},
{"type":"Feature","properties":{"object_type":"oks_future","_source":"inferred","heat_load":0.0437,"flow_tph":0.546,"_load_source":"scheme","_ref":"Схема теплоснабжения г. Н. Новгорода до 2030 г. (актуализация на 2026 г.), шифр 22401, Обосновывающие материалы, Гл. 2 Прил. 1 Ч. 3, табл. 2.1 «Прогноз ввода строений различного назначения … до 2030 года»","_item":498,"_name":"Апартамент-отель со встроенной дошкольной образовательной организацией (№ 9 по генплану), апартамент-отель (№ 10 по генплану) по в границах улиц Гоголя, Сергиевская, Ильинская","_scheme_source":"ул. Суетинская, 21 (БМК)","_district":"Нижегородский район","_year":2026,"_address":"в границах переулок Гоголя, Сергиевская улица, Ильинская улица","_geocode":"streets","_contour":"typical","floor_area_m2":400,"levels":1},"geometry":{"type":"Polygon","coordinates":[[[43.988621,56.3216592],[43.9886301,56.3218058],[43.9882343,56.3218134],[43.9882252,56.3216668],[43.988621,56.3216592]]]}},
{"type":"Feature","properties":{"object_type":"oks_future","_source":"inferred","heat_load":1.9037,"flow_tph":23.796,"_load_source":"scheme","_ref":"Схема теплоснабжения г. Н. Новгорода до 2030 г. (актуализация на 2026 г.), шифр 22401, Обосновывающие материалы, Гл. 2 Прил. 1 Ч. 3, табл. 2.1 «Прогноз ввода строений различного назначения … до 2030 года»","_item":499,"_name":"административное здание с гостиничными номерами и двухуровневой подземной парковкой на пересечении ул. Академика Блохиной и ул. Варварская","_scheme_source":"ул. Варварская, 15Б","_district":"Нижегородский район","_year":2028,"_address":"в границах улица Академика Блохиной, Варварская улица","_geocode":"streets","_contour":"typical","floor_area_m2":14000,"levels":5},"geometry":{"type":"Polygon","coordinates":[[[44.0063886,56.3187481],[44.0069804,56.3189543],[44.0064239,56.3194476],[44.0058321,56.3192414],[44.0063886,56.3187481]]]}},
{"type":"Feature","properties":{"object_type":"oks_future","_source":"inferred","heat_load":0.0778,"flow_tph":0.972,"_load_source":"scheme","_ref":"Схема теплоснабжения г. Н. Новгорода до 2030 г. (актуализация на 2026 г.), шифр 22401, Обосновывающие материалы, Гл. 2 Прил. 1 Ч. 3, табл. 2.1 «Прогноз ввода строений различного назначения … до 2030 года»","_item":500,"_name":"Пристрой к зданию МБОУ \"Лицей № 40\", ул. Варварская, 15а","_scheme_source":"ул. Варварская, 15Б","_district":"Нижегородский район","_year":2025,"_address":"Варварская улица, 15а","_geocode":"at","_contour":"typical","floor_area_m2":600,"levels":3},"geometry":{"type":"Polygon","coordinates":[[[44.009967,56.3222594],[44.01013,56.32231],[44.0099933,56.3224458],[44.0098304,56.3223952],[44.009967,56.3222594]]]}},
{"type":"Feature","properties":{"object_type":"oks_future","_source":"inferred","heat_load":1.0971,"flow_tph":13.714,"_load_source":"scheme","_ref":"Схема теплоснабжения г. Н. Новгорода до 2030 г. (актуализация на 2026 г.), шифр 22401, Обосновывающие материалы, Гл. 2 Прил. 1 Ч. 3, табл. 2.1 «Прогноз ввода строений различного назначения … до 2030 года»","_item":501,"_name":"ИТ-кампус мирового уровня в г. Нижний Новгород, гостиница без звезд (корпуса 4-18 – второй этап строительства) (ул. Б.Овраги, в границах автодорожного подхода к метромосту, улиц Ярославская, Заломова, Обозная, Малая Ямская, Шевченко, 3-я Ямская, Дальняя)","_scheme_source":"Новая БМК по ул. Ярославская (в 30 м на юг от дома №2)","_district":"Нижегородский район","_year":2025,"_address":"в границах Нижняя улица, Новая улица, Метромост, Ярославская улица, улица Заломова, Обозная улица, улица Шевченко, 3-я Ямская улица, Дальняя улица","_geocode":"streets","_contour":"typical","floor_area_m2":17000,"levels":17},"geometry":{"type":"Polygon","coordinates":[[[43.9800687,56.311749],[43.9801583,56.3116141],[43.981106,56.3118087],[43.9810164,56.3119436],[43.9800687,56.311749]]]}},
{"type":"Feature","properties":{"object_type":"oks_future","_source":"inferred","heat_load":1.0971,"flow_tph":13.714,"_load_source":"scheme","_ref":"Схема теплоснабжения г. Н. Новгорода до 2030 г. (актуализация на 2026 г.), шифр 22401, Обосновывающие материалы, Гл. 2 Прил. 1 Ч. 3, табл. 2.1 «Прогноз ввода строений различного назначения … до 2030 года»","_item":501,"_name":"ИТ-кампус мирового уровня в г. Нижний Новгород, гостиница без звезд (корпуса 4-18 – второй этап строительства) (ул. Б.Овраги, в границах автодорожного подхода к метромосту, улиц Ярославская, Заломова, Обозная, Малая Ямская, Шевченко, 3-я Ямская, Дальняя)","_scheme_source":"Новая БМК по ул. Ярославская (в 30 м на юг от дома №2)","_district":"Нижегородский район","_year":2025,"_address":"в границах Нижняя улица, Новая улица, Метромост, Ярославская улица, улица Заломова, Обозная улица, улица Шевченко, 3-я Ямская улица, Дальняя улица","_geocode":"streets","_contour":"typical","floor_area_m2":17000,"levels":17},"geometry":{"type":"Polygon","coordinates":[[[43.980078,56.3113335],[43.9801676,56.3111986],[43.9811152,56.3113932],[43.9810256,56.311528],[43.980078,56.3113335]]]}},
{"type":"Feature","properties":{"object_type":"oks_future","_source":"inferred","heat_load":1.0971,"flow_tph":13.714,"_load_source":"scheme","_ref":"Схема теплоснабжения г. Н. Новгорода до 2030 г. (актуализация на 2026 г.), шифр 22401, Обосновывающие материалы, Гл. 2 Прил. 1 Ч. 3, табл. 2.1 «Прогноз ввода строений различного назначения … до 2030 года»","_item":501,"_name":"ИТ-кампус мирового уровня в г. Нижний Новгород, гостиница без звезд (корпуса 4-18 – второй этап строительства) (ул. Б.Овраги, в границах автодорожного подхода к метромосту, улиц Ярославская, Заломова, Обозная, Малая Ямская, Шевченко, 3-я Ямская, Дальняя)","_scheme_source":"Новая БМК по ул. Ярославская (в 30 м на юг от дома №2)","_district":"Нижегородский район","_year":2025,"_address":"в границах Нижняя улица, Новая улица, Метромост, Ярославская улица, улица Заломова, Обозная улица, улица Шевченко, 3-я Ямская улица, Дальняя улица","_geocode":"streets","_contour":"typical","floor_area_m2":17000,"levels":17},"geometry":{"type":"Polygon","coordinates":[[[43.9768867,56.311054],[43.9769763,56.3109192],[43.9779239,56.3111138],[43.9778343,56.3112486],[43.9768867,56.311054]]]}},
{"type":"Feature","properties":{"object_type":"oks_future","_source":"inferred","heat_load":0.3224,"flow_tph":4.03,"_load_source":"scheme","_ref":"Схема теплоснабжения г. Н. Новгорода до 2030 г. (актуализация на 2026 г.), шифр 22401, Обосновывающие материалы, Гл. 2 Прил. 1 Ч. 3, табл. 2.1 «Прогноз ввода строений различного назначения … до 2030 года»","_item":502,"_name":"Многоквартирный жилой дом по ул. Ярославская, д. 7, 9, 11 по ул. Ярославская, д. 7, 9, 11","_scheme_source":"Новая БМК по ул. Ярославская (в 30 м на юг от дома №2)","_district":"Нижегородский район","_year":2026,"_address":"Ярославская улица, 7","_geocode":"at","_contour":"typical","floor_area_m2":6000,"levels":12},"geometry":{"type":"Polygon","coordinates":[[[43.9798856,56.3176828],[43.9798834,56.3178265],[43.9793782,56.3178241],[43.9793805,56.3176803],[43.9798856,56.3176828]]]}},
{"type":"Feature","properties":{"object_type":"oks_future","_source":"real","heat_load":0.4192,"flow_tph":5.24,"_load_source":"scheme","_ref":"Схема теплоснабжения г. Н. Новгорода до 2030 г. (актуализация на 2026 г.), шифр 22401, Обосновывающие материалы, Гл. 2 Прил. 1 Ч. 3, табл. 2.1 «Прогноз ввода строений различного назначения … до 2030 года»","_item":503,"_name":"Жилой дом № 1 с помещениями общественного назначения, подземной автостоянкой и крышной котельной (I очередь строительства) в границах ул. Шевченко, 3-я Ямская, Большие овраги","_scheme_source":"Новая БМК по ул. Ярославская (в 30 м на юг от дома №2)","_district":"Нижегородский район","_year":2026,"_address":"в границах улица Шевченко, 3-я Ямская улица, улица Большие Овраги","_geocode":"streets","_contour":"osm_construction","floor_area_m2":7000,"levels":12,"_osm":"r21074184"},"geometry":{"type":"Polygon","coordinates":[[[43.9762056,56.3129535],[43.976303,56.3131355],[43.9766445,56.3130793],[43.9765471,56.3128972],[43.9763844,56.312924],[43.9762881,56.3127441],[43.975964,56.3127975],[43.9760603,56.3129774],[43.9762056,56.3129535]]]}},
{"type":"Feature","properties":{"object_type":"oks_future","_source":"inferred","heat_load":0.0145,"flow_tph":0.181,"_load_source":"scheme","_ref":"Схема теплоснабжения г. Н. Новгорода до 2030 г. (актуализация на 2026 г.), шифр 22401, Обосновывающие материалы, Гл. 2 Прил. 1 Ч. 3, табл. 2.1 «Прогноз ввода строений различного назначения … до 2030 года»","_item":504,"_name":"Нежилое одноэтажное здание по ул. Кожевенная, д. 1-1А","_scheme_source":"ул. Нижне-Волжская наб., 2а","_district":"Нижегородский район","_year":2026,"_address":"Кожевенная улица, 1","_geocode":"at","_contour":"typical","floor_area_m2":200,"levels":1},"geometry":{"type":"Polygon","coordinates":[[[44.0001465,56.3316488],[44.0001438,56.3317525],[43.9998637,56.3317503],[43.9998665,56.3316465],[44.0001465,56.3316488]]]}},
{"type":"Feature","properties":{"object_type":"oks_future","_source":"inferred","heat_load":0.0721,"flow_tph":0.901,"_load_source":"scheme","_ref":"Схема теплоснабжения г. Н. Новгорода до 2030 г. (актуализация на 2026 г.), шифр 22401, Обосновывающие материалы, Гл. 2 Прил. 1 Ч. 3, табл. 2.1 «Прогноз ввода строений различного назначения … до 2030 года»","_item":505,"_name":"Объект культурного наследия Нижегородской области \"Дом Н.П.Котельникова\", ул. Ильинская, д. 64 (лит. А А1)","_scheme_source":"пер. Плотничный, 11-а","_district":"Нижегородский район","_year":2026,"_address":"Ильинская улица, 64","_geocode":"at","_contour":"typical","floor_area_m2":1000,"levels":5},"geometry":{"type":"Polygon","coordinates":[[[43.9904073,56.319223],[43.9906523,56.3191768],[43.9907354,56.3193129],[43.9904905,56.3193591],[43.9904073,56.319223]]]}},
{"type":"Feature","properties":{"object_type":"oks_future","_source":"real","heat_load":0.175,"flow_tph":2.188,"_load_source":"scheme","_ref":"Схема теплоснабжения г. Н. Новгорода до 2030 г. (актуализация на 2026 г.), шифр 22401, Обосновывающие материалы, Гл. 2 Прил. 1 Ч. 3, табл. 2.1 «Прогноз ввода строений различного назначения … до 2030 года»","_item":506,"_name":"Реконструкция здания (вновь строящийся пристрой с подземной автостоянкой) по ул. Ильинская, 55","_scheme_source":"пер. Плотничный, 11-а","_district":"Нижегородский район","_year":2025,"_address":"Ильинская улица, 55","_geocode":"at","_contour":"osm_construction","floor_area_m2":1000,"levels":3,"_osm":"w1301918452"},"geometry":{"type":"Polygon","coordinates":[[[43.9893347,56.3208558],[43.9895063,56.3208409],[43.9895278,56.3208736],[43.9897317,56.3208379],[43.9896539,56.3206892],[43.9894125,56.32071],[43.989442,56.3207576],[43.9892891,56.3207814],[43.9893347,56.3208558]]]}},
{"type":"Feature","properties":{"object_type":"oks_future","_source":"real","heat_load":0.0387,"flow_tph":0.484,"_load_source":"scheme","_ref":"Схема теплоснабжения г. Н. Новгорода до 2030 г. (актуализация на 2026 г.), шифр 22401, Обосновывающие материалы, Гл. 2 Прил. 1 Ч. 3, табл. 2.1 «Прогноз ввода строений различного назначения … до 2030 года»","_item":507,"_name":"Реконструкция здания (существующее здание ОКН) по ул. Ильинская, 55","_scheme_source":"пер. Плотничный, 11-а","_district":"Нижегородский район","_year":2026,"_address":"Ильинская улица, 55","_geocode":"at","_contour":"osm_construction","floor_area_m2":400,"levels":1,"_osm":"w1301918452"},"geometry":{"type":"Polygon","coordinates":[[[43.9893347,56.3208558],[43.9895063,56.3208409],[43.9895278,56.3208736],[43.9897317,56.3208379],[43.9896539,56.3206892],[43.9894125,56.32071],[43.989442,56.3207576],[43.9892891,56.3207814],[43.9893347,56.3208558]]]}},
{"type":"Feature","properties":{"object_type":"oks_future","_source":"inferred","heat_load":0.1935,"flow_tph":2.419,"_load_source":"scheme","_ref":"Схема теплоснабжения г. Н. Новгорода до 2030 г. (актуализация на 2026 г.), шифр 22401, Обосновывающие материалы, Гл. 2 Прил. 1 Ч. 3, табл. 2.1 «Прогноз ввода строений различного назначения … до 2030 года»","_item":508,"_name":"Секционный жилой дом переменной этажности с офисными помещениями и подземной парковкой и офисное здание по ул. Ильинская, 16","_scheme_source":"пер. Плотничный, 11-а","_district":"Нижегородский район","_year":2026,"_address":"Ильинская улица, 16","_geocode":"at","_contour":"typical","floor_area_m2":1900,"levels":3},"geometry":{"type":"Polygon","coordinates":[[[43.9900085,56.3260215],[43.9901095,56.3261974],[43.9896347,56.3262816],[43.9895337,56.3261057],[43.9900085,56.3260215]]]}},
{"type":"Feature","properties":{"object_type":"oks_future","_source":"inferred","heat_load":0.1844,"flow_tph":2.305,"_load_source":"scheme","_ref":"Схема теплоснабжения г. Н. Новгорода до 2030 г. (актуализация на 2026 г.), шифр 22401, Обосновывающие материалы, Гл. 2 Прил. 1 Ч. 3, табл. 2.1 «Прогноз ввода строений различного назначения … до 2030 года»","_item":509,"_name":"Реконструкция здания по ул. Почаинская, 20","_scheme_source":"пер. Плотничный, 11-а","_district":"Нижегородский район","_year":2026,"_address":"Почаинская улица, 20","_geocode":"at","_contour":"typical","floor_area_m2":1000,"levels":3},"geometry":{"type":"Polygon","coordinates":[[[43.9973217,56.3245063],[43.997096,56.3245532],[43.9969693,56.3243651],[43.997195,56.3243181],[43.9973217,56.3245063]]]}},
{"type":"Feature","properties":{"object_type":"oks_future","_source":"inferred","heat_load":0.7639,"flow_tph":9.549,"_load_source":"scheme","_ref":"Схема теплоснабжения г. Н. Новгорода до 2030 г. (актуализация на 2026 г.), шифр 22401, Обосновывающие материалы, Гл. 2 Прил. 1 Ч. 3, табл. 2.1 «Прогноз ввода строений различного назначения … до 2030 года»","_item":510,"_name":"Гостиница по ул. Ильинская, 56","_scheme_source":"пер. Плотничный, 11-а","_district":"Нижегородский район","_year":2026,"_address":"Ильинская улица, 56","_geocode":"at","_contour":"typical","floor_area_m2":5000,"levels":3},"geometry":{"type":"Polygon","coordinates":[[[43.9919707,56.3202514],[43.991456,56.32034],[43.9912168,56.3199109],[43.9917315,56.3198223],[43.9919707,56.3202514]]]}},
{"type":"Feature","properties":{"object_type":"oks_future","_source":"inferred","heat_load":1.0352,"flow_tph":12.94,"_load_source":"scheme","_ref":"Схема теплоснабжения г. Н. Новгорода до 2030 г. (актуализация на 2026 г.), шифр 22401, Обосновывающие материалы, Гл. 2 Прил. 1 Ч. 3, табл. 2.1 «Прогноз ввода строений различного назначения … до 2030 года»","_item":511,"_name":"Многоквартирный дом с подземной стоянкой автомобилей, ул. Одесская, земельный участок 4 (ЖК 'Дом на Барминской')","_scheme_source":"Новая БМК по ул. Дальняя (в 30 м на юго-запад от дома №7)","_district":"Нижегородский район","_year":2025,"_address":"в границах Одесская улица, Барминская улица","_geocode":"streets","_contour":"typical","floor_area_m2":16000,"levels":17},"geometry":{"type":"Polygon","coordinates":[[[43.9767286,56.3099283],[43.9769872,56.3099307],[43.9769712,56.3104591],[43.9767126,56.3104567],[43.9767286,56.3099283]]]}},
{"type":"Feature","properties":{"object_type":"oks_future","_source":"inferred","heat_load":0.5498,"flow_tph":6.872,"_load_source":"scheme","_ref":"Схема теплоснабжения г. Н. Новгорода до 2030 г. (актуализация на 2026 г.), шифр 22401, Обосновывающие материалы, Гл. 2 Прил. 1 Ч. 3, табл. 2.1 «Прогноз ввода строений различного назначения … до 2030 года»","_item":512,"_name":"Многоквартирный жилой дом с помещениями общественного назначения и подземной парковкой, в границах улиц Ереванская, Дальняя","_scheme_source":"Новая БМК по ул. Дальняя (в 30 м на юго-запад от дома №7)","_district":"Нижегородский район","_year":2025,"_address":"в границах Ереванская улица, Дальняя улица","_geocode":"streets","_contour":"typical","floor_area_m2":11000,"levels":12},"geometry":{"type":"Polygon","coordinates":[[[43.9735007,56.3148359],[43.9732421,56.3148337],[43.9732559,56.3143191],[43.9735146,56.3143212],[43.9735007,56.3148359]]]}},
{"type":"Feature","properties":{"object_type":"oks_future","_source":"inferred","heat_load":0.5498,"flow_tph":6.872,"_load_source":"scheme","_ref":"Схема теплоснабжения г. Н. Новгорода до 2030 г. (актуализация на 2026 г.), шифр 22401, Обосновывающие материалы, Гл. 2 Прил. 1 Ч. 3, табл. 2.1 «Прогноз ввода строений различного назначения … до 2030 года»","_item":512,"_name":"Многоквартирный жилой дом с помещениями общественного назначения и подземной парковкой, в границах улиц Ереванская, Дальняя","_scheme_source":"Новая БМК по ул. Дальняя (в 30 м на юго-запад от дома №7)","_district":"Нижегородский район","_year":2025,"_address":"в границах Ереванская улица, Дальняя улица","_geocode":"streets","_contour":"typical","floor_area_m2":11000,"levels":12},"geometry":{"type":"Polygon","coordinates":[[[43.9780551,56.3142266],[43.9777965,56.3142245],[43.9778102,56.3137098],[43.9780688,56.313712],[43.9780551,56.3142266]]]}},
{"type":"Feature","properties":{"object_type":"oks_future","_source":"inferred","heat_load":0.9376,"flow_tph":11.72,"_load_source":"scheme","_ref":"Схема теплоснабжения г. Н. Новгорода до 2030 г. (актуализация на 2026 г.), шифр 22401, Обосновывающие материалы, Гл. 2 Прил. 1 Ч. 3, табл. 2.1 «Прогноз ввода строений различного назначения … до 2030 года»","_item":513,"_name":"Многоквартирный дом со встроенными помещениями общественного назначения, встроенной дошкольной образовательной организацией и подземной автостоянкой автомобилей в границах улиц Малая Ямская, Шевченко, 3-я Ямская, дублера улицы Красносельская","_scheme_source":"Новая БМК по ул. Дальняя (в 30 м на юго-запад от","_district":"Нижегородский район","_year":2027,"_address":"в границах улица Шевченко, 3-я Ямская улица, дублёр улицы Красносельской","_geocode":"streets","_contour":"typical","floor_area_m2":17000,"levels":17},"geometry":{"type":"Polygon","coordinates":[[[43.9799764,56.3124317],[43.9797302,56.3124757],[43.9794213,56.3119411],[43.9796675,56.3118971],[43.9799764,56.3124317]]]}},
{"type":"Feature","properties":{"object_type":"oks_future","_source":"inferred","heat_load":0.9376,"flow_tph":11.72,"_load_source":"scheme","_ref":"Схема теплоснабжения г. Н. Новгорода до 2030 г. (актуализация на 2026 г.), шифр 22401, Обосновывающие материалы, Гл. 2 Прил. 1 Ч. 3, табл. 2.1 «Прогноз ввода строений различного назначения … до 2030 года»","_item":513,"_name":"Многоквартирный дом со встроенными помещениями общественного назначения, встроенной дошкольной образовательной организацией и подземной автостоянкой автомобилей в границах улиц Малая Ямская, Шевченко, 3-я Ямская, дублера улицы Красносельская","_scheme_source":"Новая БМК по ул. Дальняя (в 30 м на юго-запад от","_district":"Нижегородский район","_year":2027,"_address":"в границах улица Шевченко, 3-я Ямская улица, дублёр улицы Красносельской","_geocode":"streets","_contour":"typical","floor_area_m2":17000,"levels":17},"geometry":{"type":"Polygon","coordinates":[[[43.9766588,56.3109369],[43.9764126,56.3109808],[43.9761037,56.3104462],[43.9763499,56.3104023],[43.9766588,56.3109369]]]}},
{"type":"Feature","properties":{"object_type":"oks_future","_source":"inferred","heat_load":0.9376,"flow_tph":11.72,"_load_source":"scheme","_ref":"Схема теплоснабжения г. Н. Новгорода до 2030 г. (актуализация на 2026 г.), шифр 22401, Обосновывающие материалы, Гл. 2 Прил. 1 Ч. 3, табл. 2.1 «Прогноз ввода строений различного назначения … до 2030 года»","_item":513,"_name":"Многоквартирный дом со встроенными помещениями общественного назначения, встроенной дошкольной образовательной организацией и подземной автостоянкой автомобилей в границах улиц Малая Ямская, Шевченко, 3-я Ямская, дублера улицы Красносельская","_scheme_source":"Новая БМК по ул. Дальняя (в 30 м на юго-запад от","_district":"Нижегородский район","_year":2027,"_address":"в границах улица Шевченко, 3-я Ямская улица, дублёр улицы Красносельской","_geocode":"streets","_contour":"typical","floor_area_m2":17000,"levels":17},"geometry":{"type":"Polygon","coordinates":[[[43.9759181,56.3112186],[43.9759972,56.3113555],[43.9750354,56.3115272],[43.9749563,56.3113903],[43.9759181,56.3112186]]]}},
{"type":"Feature","properties":{"object_type":"oks_future","_source":"inferred","heat_load":0.5082,"flow_tph":6.353,"_load_source":"scheme","_ref":"Схема теплоснабжения г. Н. Новгорода до 2030 г. (актуализация на 2026 г.), шифр 22401, Обосновывающие материалы, Гл. 2 Прил. 1 Ч. 3, табл. 2.1 «Прогноз ввода строений различного назначения … до 2030 года»","_item":514,"_name":"Дошкольная образовательная организация № 3 (по генплану) в границах улиц Дальняя, Большая Перекрестная, М.Горького, Одесская","_scheme_source":"Новая БМК по ул. Дальняя (в 30 м на юго-запад от дома №7)","_district":"Нижегородский район","_year":2026,"_address":"в границах Дальняя улица, Большая Перекрёстная улица, Одесская улица","_geocode":"streets","_contour":"typical","floor_area_m2":3000,"levels":3},"geometry":{"type":"Polygon","coordinates":[[[43.9767865,56.3118525],[43.9771867,56.3117868],[43.9773641,56.3121205],[43.9769639,56.3121862],[43.9767865,56.3118525]]]}},
{"type":"Feature","properties":{"object_type":"oks_future","_source":"inferred","heat_load":0.1273,"flow_tph":1.591,"_load_source":"scheme","_ref":"Схема теплоснабжения г. Н. Новгорода до 2030 г. (актуализация на 2026 г.), шифр 22401, Обосновывающие материалы, Гл. 2 Прил. 1 Ч. 3, табл. 2.1 «Прогноз ввода строений различного назначения … до 2030 года»","_item":515,"_name":"Здание бассейна \"Динамо\", ул. Б.Покровская, д. 67 (литеры А, А1, А2)","_scheme_source":"ул. Горького, 65-д","_district":"Нижегородский район","_year":2025,"_address":"ул. Горького, 65-д","_geocode":"source","_contour":"typical","floor_area_m2":1000,"levels":3},"geometry":{"type":"Polygon","coordinates":[[[43.9885756,56.3138051],[43.9887829,56.3137369],[43.9889671,56.3139097],[43.9887598,56.313978],[43.9885756,56.3138051]]]}},
{"type":"Feature","properties":{"object_type":"oks_future","_source":"inferred","heat_load":0.6538,"flow_tph":8.173,"_load_source":"scheme","_ref":"Схема теплоснабжения г. Н. Новгорода до 2030 г. (актуализация на 2026 г.), шифр 22401, Обосновывающие материалы, Гл. 2 Прил. 1 Ч. 3, табл. 2.1 «Прогноз ввода строений различного назначения … до 2030 года»","_item":516,"_name":"Многоквартирный дом со встроенными помещениями общественного назначения № 1 (ул. Казанское шоссе)","_scheme_source":"Казанское шоссе, 12-а","_district":"Нижегородский район","_year":2026,"_address":"Казанская набережная","_geocode":"street","_contour":"typical","floor_area_m2":9000,"levels":12},"geometry":{"type":"Polygon","coordinates":[[[44.0359996,56.3228792],[44.0359246,56.3227416],[44.03665,56.3226196],[44.0367249,56.3227572],[44.0359996,56.3228792]]]}},
{"type":"Feature","properties":{"object_type":"oks_future","_source":"inferred","heat_load":0.6368,"flow_tph":7.96,"_load_source":"scheme","_ref":"Схема теплоснабжения г. Н. Новгорода до 2030 г. (актуализация на 2026 г.), шифр 22401, Обосновывающие материалы, Гл. 2 Прил. 1 Ч. 3, табл. 2.1 «Прогноз ввода строений различного назначения … до 2030 года»","_item":517,"_name":"Многоквартирный дом со встроенными помещениями общественного назначения № 2 (ул. Казанское шоссе)","_scheme_source":"Казанское шоссе, 12-а","_district":"Нижегородский район","_year":2026,"_address":"Казанская набережная","_geocode":"street","_contour":"typical","floor_area_m2":8500,"levels":12},"geometry":{"type":"Polygon","coordinates":[[[44.0356602,56.3237936],[44.0359078,56.3237519],[44.0361152,56.3241326],[44.0358676,56.3241743],[44.0356602,56.3237936]]]}},
{"type":"Feature","properties":{"object_type":"oks_future","_source":"inferred","heat_load":0.6538,"flow_tph":8.173,"_load_source":"scheme","_ref":"Схема теплоснабжения г. Н. Новгорода до 2030 г. (актуализация на 2026 г.), шифр 22401, Обосновывающие материалы, Гл. 2 Прил. 1 Ч. 3, табл. 2.1 «Прогноз ввода строений различного назначения … до 2030 года»","_item":518,"_name":"Многоквартирный дом со встроенными помещениями общественного назначения № 3 (ул. Казанское шоссе)","_scheme_source":"Казанское шоссе, 12-а","_district":"Нижегородский район","_year":2027,"_address":"Казанская набережная","_geocode":"street","_contour":"typical","floor_area_m2":9000,"levels":12},"geometry":{"type":"Polygon","coordinates":[[[44.0355722,56.3222319],[44.0354972,56.3220943],[44.0362226,56.3219723],[44.0362975,56.3221099],[44.0355722,56.3222319]]]}},
{"type":"Feature","properties":{"object_type":"oks_future","_source":"inferred","heat_load":0.039,"flow_tph":0.487,"_load_source":"scheme","_ref":"Схема теплоснабжения г. Н. Новгорода до 2030 г. (актуализация на 2026 г.), шифр 22401, Обосновывающие материалы, Гл. 2 Прил. 1 Ч. 3, табл. 2.1 «Прогноз ввода строений различного назначения … до 2030 года»","_item":519,"_name":"Лаборатория сварки по ул. Большая Печерская, 93","_scheme_source":"\"Тургенева, 13\", пер. Бойновский, 9-д","_district":"Нижегородский район","_year":2025,"_address":"Большая Печёрская улица, 93","_geocode":"at","_contour":"typical","floor_area_m2":400,"levels":1},"geometry":{"type":"Polygon","coordinates":[[[44.0392739,56.3211812],[44.0392702,56.3213279],[44.0388742,56.3213248],[44.0388779,56.3211781],[44.0392739,56.3211812]]]}},
{"type":"Feature","properties":{"object_type":"oks_future","_source":"inferred","heat_load":0.1491,"flow_tph":1.864,"_load_source":"scheme","_ref":"Схема теплоснабжения г. Н. Новгорода до 2030 г. (актуализация на 2026 г.), шифр 22401, Обосновывающие материалы, Гл. 2 Прил. 1 Ч. 3, табл. 2.1 «Прогноз ввода строений различного назначения … до 2030 года»","_item":520,"_name":"Детский сад на 150 мест по ул. Казанское шоссе","_scheme_source":"Казанское шоссе, д. 12","_district":"Нижегородский район","_year":2026,"_address":"Казанская набережная","_geocode":"street","_contour":"typical","floor_area_m2":1200,"levels":3},"geometry":{"type":"Polygon","coordinates":[[[44.0369074,56.3236233],[44.0371601,56.3235808],[44.0372748,56.3237914],[44.0370221,56.3238339],[44.0369074,56.3236233]]]}},
{"type":"Feature","properties":{"object_type":"oks_future","_source":"inferred","heat_load":0.106,"flow_tph":1.325,"_load_source":"scheme","_ref":"Схема теплоснабжения г. Н. Новгорода до 2030 г. (актуализация на 2026 г.), шифр 22401, Обосновывающие материалы, Гл. 2 Прил. 1 Ч. 3, табл. 2.1 «Прогноз ввода строений различного назначения … до 2030 года»","_item":521,"_name":"Пристройка к административному зданию Нижегородского центра диагностики и мониторинга устройств инфраструктуры по ул. Обухова, 34а","_scheme_source":"Казанское шоссе, д. 12","_district":"Нижегородский район","_year":2026,"_address":"Нижегородская улица","_geocode":"street","_contour":"typical","floor_area_m2":1000,"levels":3},"geometry":{"type":"Polygon","coordinates":[[[43.9867029,56.3215118],[43.9866765,56.3216449],[43.9863172,56.321623],[43.9863435,56.3214899],[43.9867029,56.3215118]]]}},
{"type":"Feature","properties":{"object_type":"oks_future","_source":"inferred","heat_load":0.0756,"flow_tph":0.945,"_load_source":"scheme","_ref":"Схема теплоснабжения г. Н. Новгорода до 2030 г. (актуализация на 2026 г.), шифр 22401, Обосновывающие материалы, Гл. 2 Прил. 1 Ч. 3, табл. 2.1 «Прогноз ввода строений различного назначения … до 2030 года»","_item":522,"_name":"Устройство быстровозводимого спортивного сооружения спортивного назначения из сэндвич панелей для проведения тренировочного процесса и проведения физкультурных и спортивных мероприятий по настольному теннису по ул. Родионова, напротив здания № 28","_scheme_source":"ул. Радужная, 2-а","_district":"Нижегородский район","_year":2026,"_address":"улица Родионова","_geocode":"street","_contour":"typical","floor_area_m2":1000,"levels":3},"geometry":{"type":"Polygon","coordinates":[[[44.0700897,56.3157839],[44.0699204,56.3158792],[44.0696632,56.3157381],[44.0698325,56.3156428],[44.0700897,56.3157839]]]}},
{"type":"Feature","properties":{"object_type":"oks_future","_source":"inferred","heat_load":0.5538,"flow_tph":6.923,"_load_source":"scheme","_ref":"Схема теплоснабжения г. Н. Новгорода до 2030 г. (актуализация на 2026 г.), шифр 22401, Обосновывающие материалы, Гл. 2 Прил. 1 Ч. 3, табл. 2.1 «Прогноз ввода строений различного назначения … до 2030 года»","_item":524,"_name":"Территория п.Березовая пойма","_scheme_source":"Березовая пойма","_district":"Московский район","_year":2030,"_address":"Березовая пойма","_geocode":"source","_contour":"typical","floor_area_m2":19260,"levels":17},"geometry":{"type":"Polygon","coordinates":[[[43.6165896,56.3417231],[43.6168285,56.3416678],[43.6172691,56.342255],[43.6170302,56.3423103],[43.6165896,56.3417231]]]}},
{"type":"Feature","properties":{"object_type":"oks_future","_source":"inferred","heat_load":0.5538,"flow_tph":6.923,"_load_source":"scheme","_ref":"Схема теплоснабжения г. Н. Новгорода до 2030 г. (актуализация на 2026 г.), шифр 22401, Обосновывающие материалы, Гл. 2 Прил. 1 Ч. 3, табл. 2.1 «Прогноз ввода строений различного назначения … до 2030 года»","_item":524,"_name":"Территория п.Березовая пойма","_scheme_source":"Березовая пойма","_district":"Московский район","_year":2030,"_address":"Березовая пойма","_geocode":"source","_contour":"typical","floor_area_m2":19260,"levels":17},"geometry":{"type":"Polygon","coordinates":[[[43.6160842,56.3417598],[43.6163231,56.3417045],[43.6167637,56.3422917],[43.6165248,56.342347],[43.6160842,56.3417598]]]}},
{"type":"Feature","properties":{"object_type":"oks_future","_source":"inferred","heat_load":0.5538,"flow_tph":6.923,"_load_source":"scheme","_ref":"Схема теплоснабжения г. Н. Новгорода до 2030 г. (актуализация на 2026 г.), шифр 22401, Обосновывающие материалы, Гл. 2 Прил. 1 Ч. 3, табл. 2.1 «Прогноз ввода строений различного назначения … до 2030 года»","_item":524,"_name":"Территория п.Березовая пойма","_scheme_source":"Березовая пойма","_district":"Московский район","_year":2030,"_address":"Березовая пойма","_geocode":"source","_contour":"typical","floor_area_m2":19260,"levels":17},"geometry":{"type":"Polygon","coordinates":[[[43.6156307,56.3419627],[43.6158696,56.3419074],[43.6163102,56.3424945],[43.6160713,56.3425498],[43.6156307,56.3419627]]]}},
{"type":"Feature","properties":{"object_type":"oks_future","_source":"inferred","heat_load":0.5538,"flow_tph":6.923,"_load_source":"scheme","_ref":"Схема теплоснабжения г. Н. Новгорода до 2030 г. (актуализация на 2026 г.), шифр 22401, Обосновывающие материалы, Гл. 2 Прил. 1 Ч. 3, табл. 2.1 «Прогноз ввода строений различного назначения … до 2030 года»","_item":524,"_name":"Территория п.Березовая пойма","_scheme_source":"Березовая пойма","_district":"Московский район","_year":2030,"_address":"Березовая пойма","_geocode":"source","_contour":"typical","floor_area_m2":19260,"levels":17},"geometry":{"type":"Polygon","coordinates":[[[43.6185338,56.3405483],[43.6186334,56.340681],[43.6175762,56.3409257],[43.6174766,56.340793],[43.6185338,56.3405483]]]}},
{"type":"Feature","properties":{"object_type":"oks_future","_source":"inferred","heat_load":0.5538,"flow_tph":6.923,"_load_source":"scheme","_ref":"Схема теплоснабжения г. Н. Новгорода до 2030 г. (актуализация на 2026 г.), шифр 22401, Обосновывающие материалы, Гл. 2 Прил. 1 Ч. 3, табл. 2.1 «Прогноз ввода строений различного назначения … до 2030 года»","_item":524,"_name":"Территория п.Березовая пойма","_scheme_source":"Березовая пойма","_district":"Московский район","_year":2030,"_address":"Березовая пойма","_geocode":"source","_contour":"typical","floor_area_m2":19260,"levels":17},"geometry":{"type":"Polygon","coordinates":[[[43.6171553,56.3424282],[43.6173942,56.3423729],[43.6178349,56.3429601],[43.617596,56.3430154],[43.6171553,56.3424282]]]}},
{"type":"Feature","properties":{"object_type":"oks_future","_source":"inferred","heat_load":0.5538,"flow_tph":6.923,"_load_source":"scheme","_ref":"Схема теплоснабжения г. Н. Новгорода до 2030 г. (актуализация на 2026 г.), шифр 22401, Обосновывающие материалы, Гл. 2 Прил. 1 Ч. 3, табл. 2.1 «Прогноз ввода строений различного назначения … до 2030 года»","_item":524,"_name":"Территория п.Березовая пойма","_scheme_source":"Березовая пойма","_district":"Московский район","_year":2030,"_address":"Березовая пойма","_geocode":"source","_contour":"typical","floor_area_m2":19260,"levels":17},"geometry":{"type":"Polygon","coordinates":[[[43.6150742,56.3418761],[43.615313,56.3418209],[43.6157537,56.342408],[43.6155148,56.3424633],[43.6150742,56.3418761]]]}},
{"type":"Feature","properties":{"object_type":"oks_future","_source":"inferred","heat_load":0.5538,"flow_tph":6.923,"_load_source":"scheme","_ref":"Схема теплоснабжения г. Н. Новгорода до 2030 г. (актуализация на 2026 г.), шифр 22401, Обосновывающие материалы, Гл. 2 Прил. 1 Ч. 3, табл. 2.1 «Прогноз ввода строений различного назначения … до 2030 года»","_item":524,"_name":"Территория п.Березовая пойма","_scheme_source":"Березовая пойма","_district":"Московский район","_year":2030,"_address":"Березовая пойма","_geocode":"source","_contour":"typical","floor_area_m2":19260,"levels":17},"geometry":{"type":"Polygon","coordinates":[[[43.6147539,56.3409942],[43.6149928,56.3409389],[43.6154334,56.3415261],[43.6151945,56.3415814],[43.6147539,56.3409942]]]}},
{"type":"Feature","properties":{"object_type":"oks_future","_source":"inferred","heat_load":0.5538,"flow_tph":6.923,"_load_source":"scheme","_ref":"Схема теплоснабжения г. Н. Новгорода до 2030 г. (актуализация на 2026 г.), шифр 22401, Обосновывающие материалы, Гл. 2 Прил. 1 Ч. 3, табл. 2.1 «Прогноз ввода строений различного назначения … до 2030 года»","_item":524,"_name":"Территория п.Березовая пойма","_scheme_source":"Березовая пойма","_district":"Московский район","_year":2030,"_address":"Березовая пойма","_geocode":"source","_contour":"typical","floor_area_m2":19260,"levels":17},"geometry":{"type":"Polygon","coordinates":[[[43.6186502,56.3402248],[43.6187498,56.3403575],[43.6176926,56.3406022],[43.6175931,56.3404695],[43.6186502,56.3402248]]]}},
{"type":"Feature","properties":{"object_type":"oks_future","_source":"inferred","heat_load":0.5538,"flow_tph":6.923,"_load_source":"scheme","_ref":"Схема теплоснабжения г. Н. Новгорода до 2030 г. (актуализация на 2026 г.), шифр 22401, Обосновывающие материалы, Гл. 2 Прил. 1 Ч. 3, табл. 2.1 «Прогноз ввода строений различного назначения … до 2030 года»","_item":524,"_name":"Территория п.Березовая пойма","_scheme_source":"Березовая пойма","_district":"Московский район","_year":2030,"_address":"Березовая пойма","_geocode":"source","_contour":"typical","floor_area_m2":19260,"levels":17},"geometry":{"type":"Polygon","coordinates":[[[43.614833,56.3422712],[43.6150719,56.3422159],[43.6155125,56.342803],[43.6152736,56.3428583],[43.614833,56.3422712]]]}},
{"type":"Feature","properties":{"object_type":"oks_future","_source":"inferred","heat_load":0.5538,"flow_tph":6.923,"_load_source":"scheme","_ref":"Схема теплоснабжения г. Н. Новгорода до 2030 г. (актуализация на 2026 г.), шифр 22401, Обосновывающие материалы, Гл. 2 Прил. 1 Ч. 3, табл. 2.1 «Прогноз ввода строений различного назначения … до 2030 года»","_item":524,"_name":"Территория п.Березовая пойма","_scheme_source":"Березовая пойма","_district":"Московский район","_year":2030,"_address":"Березовая пойма","_geocode":"source","_contour":"typical","floor_area_m2":19260,"levels":17},"geometry":{"type":"Polygon","coordinates":[[[43.619801,56.3402515],[43.6199006,56.3403842],[43.6188434,56.340629],[43.6187439,56.3404963],[43.619801,56.3402515]]]}},
{"type":"Feature","properties":{"object_type":"oks_future","_source":"inferred","heat_load":0.5538,"flow_tph":6.923,"_load_source":"scheme","_ref":"Схема теплоснабжения г. Н. Новгорода до 2030 г. (актуализация на 2026 г.), шифр 22401, Обосновывающие материалы, Гл. 2 Прил. 1 Ч. 3, табл. 2.1 «Прогноз ввода строений различного назначения … до 2030 года»","_item":524,"_name":"Территория п.Березовая пойма","_scheme_source":"Березовая пойма","_district":"Московский район","_year":2030,"_address":"Березовая пойма","_geocode":"source","_contour":"typical","floor_area_m2":19260,"levels":17},"geometry":{"type":"Polygon","coordinates":[[[43.6178304,56.3431265],[43.6180693,56.3430712],[43.6185099,56.3436583],[43.618271,56.3437136],[43.6178304,56.3431265]]]}},
{"type":"Feature","properties":{"object_type":"oks_future","_source":"inferred","heat_load":0.5538,"flow_tph":6.923,"_load_source":"scheme","_ref":"Схема теплоснабжения г. Н. Новгорода до 2030 г. (актуализация на 2026 г.), шифр 22401, Обосновывающие материалы, Гл. 2 Прил. 1 Ч. 3, табл. 2.1 «Прогноз ввода строений различного назначения … до 2030 года»","_item":524,"_name":"Территория п.Березовая пойма","_scheme_source":"Березовая пойма","_district":"Московский район","_year":2030,"_address":"Березовая пойма","_geocode":"source","_contour":"typical","floor_area_m2":19260,"levels":17},"geometry":{"type":"Polygon","coordinates":[[[43.6139664,56.3420864],[43.6142053,56.3420311],[43.6146458,56.3426183],[43.6144069,56.3426736],[43.6139664,56.3420864]]]}},
{"type":"Feature","properties":{"object_type":"oks_future","_source":"inferred","heat_load":0.5538,"flow_tph":6.923,"_load_source":"scheme","_ref":"Схема теплоснабжения г. Н. Новгорода до 2030 г. (актуализация на 2026 г.), шифр 22401, Обосновывающие материалы, Гл. 2 Прил. 1 Ч. 3, табл. 2.1 «Прогноз ввода строений различного назначения … до 2030 года»","_item":524,"_name":"Территория п.Березовая пойма","_scheme_source":"Березовая пойма","_district":"Московский район","_year":2030,"_address":"Березовая пойма","_geocode":"source","_contour":"typical","floor_area_m2":19260,"levels":17},"geometry":{"type":"Polygon","coordinates":[[[43.6148952,56.3399386],[43.6151341,56.3398833],[43.6155747,56.3404705],[43.6153358,56.3405258],[43.6148952,56.3399386]]]}},
{"type":"Feature","properties":{"object_type":"oks_future","_source":"inferred","heat_load":0.5538,"flow_tph":6.923,"_load_source":"scheme","_ref":"Схема теплоснабжения г. Н. Новгорода до 2030 г. (актуализация на 2026 г.), шифр 22401, Обосновывающие материалы, Гл. 2 Прил. 1 Ч. 3, табл. 2.1 «Прогноз ввода строений различного назначения … до 2030 года»","_item":524,"_name":"Территория п.Березовая пойма","_scheme_source":"Березовая пойма","_district":"Московский район","_year":2030,"_address":"Березовая пойма","_geocode":"source","_contour":"typical","floor_area_m2":19260,"levels":17},"geometry":{"type":"Polygon","coordinates":[[[43.6151838,56.3430147],[43.6154227,56.3429594],[43.6158633,56.3435466],[43.6156244,56.3436019],[43.6151838,56.3430147]]]}},
{"type":"Feature","properties":{"object_type":"oks_future","_source":"inferred","heat_load":0.5538,"flow_tph":6.923,"_load_source":"scheme","_ref":"Схема теплоснабжения г. Н. Новгорода до 2030 г. (актуализация на 2026 г.), шифр 22401, Обосновывающие материалы, Гл. 2 Прил. 1 Ч. 3, табл. 2.1 «Прогноз ввода строений различного назначения … до 2030 года»","_item":524,"_name":"Территория п.Березовая пойма","_scheme_source":"Березовая пойма","_district":"Московский район","_year":2030,"_address":"Березовая пойма","_geocode":"source","_contour":"typical","floor_area_m2":19260,"levels":17},"geometry":{"type":"Polygon","coordinates":[[[43.6135299,56.3410901],[43.6137688,56.3410348],[43.6142093,56.341622],[43.6139704,56.3416772],[43.6135299,56.3410901]]]}},
{"type":"Feature","properties":{"object_type":"oks_future","_source":"inferred","heat_load":0.5538,"flow_tph":6.923,"_load_source":"scheme","_ref":"Схема теплоснабжения г. Н. Новгорода до 2030 г. (актуализация на 2026 г.), шифр 22401, Обосновывающие материалы, Гл. 2 Прил. 1 Ч. 3, табл. 2.1 «Прогноз ввода строений различного назначения … до 2030 года»","_item":524,"_name":"Территория п.Березовая пойма","_scheme_source":"Березовая пойма","_district":"Московский район","_year":2030,"_address":"Березовая пойма","_geocode":"source","_contour":"typical","floor_area_m2":19260,"levels":17},"geometry":{"type":"Polygon","coordinates":[[[43.6177319,56.3435869],[43.6178314,56.3437196],[43.6167742,56.3439643],[43.6166746,56.3438317],[43.6177319,56.3435869]]]}},
{"type":"Feature","properties":{"object_type":"oks_future","_source":"inferred","heat_load":0.5538,"flow_tph":6.923,"_load_source":"scheme","_ref":"Схема теплоснабжения г. Н. Новгорода до 2030 г. (актуализация на 2026 г.), шифр 22401, Обосновывающие материалы, Гл. 2 Прил. 1 Ч. 3, табл. 2.1 «Прогноз ввода строений различного назначения … до 2030 года»","_item":524,"_name":"Территория п.Березовая пойма","_scheme_source":"Березовая пойма","_district":"Московский район","_year":2030,"_address":"Березовая пойма","_geocode":"source","_contour":"typical","floor_area_m2":19260,"levels":17},"geometry":{"type":"Polygon","coordinates":[[[43.6138053,56.342586],[43.6140442,56.3425307],[43.6144848,56.3431179],[43.6142459,56.3431732],[43.6138053,56.342586]]]}},
{"type":"Feature","properties":{"object_type":"oks_future","_source":"inferred","heat_load":0.5538,"flow_tph":6.923,"_load_source":"scheme","_ref":"Схема теплоснабжения г. Н. Новгорода до 2030 г. (актуализация на 2026 г.), шифр 22401, Обосновывающие материалы, Гл. 2 Прил. 1 Ч. 3, табл. 2.1 «Прогноз ввода строений различного назначения … до 2030 года»","_item":524,"_name":"Территория п.Березовая пойма","_scheme_source":"Березовая пойма","_district":"Московский район","_year":2030,"_address":"Березовая пойма","_geocode":"source","_contour":"typical","floor_area_m2":19260,"levels":17},"geometry":{"type":"Polygon","coordinates":[[[43.6129443,56.3410834],[43.6131832,56.3410281],[43.6136238,56.3416153],[43.6133849,56.3416706],[43.6129443,56.3410834]]]}},
{"type":"Feature","properties":{"object_type":"oks_future","_source":"inferred","heat_load":0.5538,"flow_tph":6.923,"_load_source":"scheme","_ref":"Схема теплоснабжения г. Н. Новгорода до 2030 г. (актуализация на 2026 г.), шифр 22401, Обосновывающие материалы, Гл. 2 Прил. 1 Ч. 3, табл. 2.1 «Прогноз ввода строений различного назначения … до 2030 года»","_item":524,"_name":"Территория п.Березовая пойма","_scheme_source":"Березовая пойма","_district":"Московский район","_year":2030,"_address":"Березовая пойма","_geocode":"source","_contour":"typical","floor_area_m2":19260,"levels":17},"geometry":{"type":"Polygon","coordinates":[[[43.6140863,56.3405102],[43.6141859,56.3406428],[43.6131287,56.3408875],[43.6130291,56.3407549],[43.6140863,56.3405102]]]}},
{"type":"Feature","properties":{"object_type":"oks_future","_source":"inferred","heat_load":0.5538,"flow_tph":6.923,"_load_source":"scheme","_ref":"Схема теплоснабжения г. Н. Новгорода до 2030 г. (актуализация на 2026 г.), шифр 22401, Обосновывающие материалы, Гл. 2 Прил. 1 Ч. 3, табл. 2.1 «Прогноз ввода строений различного назначения … до 2030 года»","_item":524,"_name":"Территория п.Березовая пойма","_scheme_source":"Березовая пойма","_district":"Московский район","_year":2030,"_address":"Березовая пойма","_geocode":"source","_contour":"typical","floor_area_m2":19260,"levels":17},"geometry":{"type":"Polygon","coordinates":[[[43.6146976,56.343209],[43.6147971,56.3433417],[43.6137399,56.3435864],[43.6136403,56.3434537],[43.6146976,56.343209]]]}},
{"type":"Feature","properties":{"object_type":"oks_future","_source":"inferred","heat_load":0.6084,"flow_tph":7.605,"_load_source":"scheme","_ref":"Схема теплоснабжения г. Н. Новгорода до 2030 г. (актуализация на 2026 г.), шифр 22401, Обосновывающие материалы, Гл. 2 Прил. 1 Ч. 3, табл. 2.1 «Прогноз ввода строений различного назначения … до 2030 года»","_item":525,"_name":"Территория в границах улиц Ковровская, Родниковая, Максима Горького, площадь Сенная, Казанская набережная","_scheme_source":"Деловая, 14","_district":"Московский район","_year":2030,"_address":"Деловая, 14","_geocode":"source","_contour":"typical","floor_area_m2":19680,"levels":17},"geometry":{"type":"Polygon","coordinates":[[[44.0708621,56.3086802],[44.0711207,56.3086804],[44.0711191,56.3093304],[44.0708605,56.3093302],[44.0708621,56.3086802]]]}},
{"type":"Feature","properties":{"object_type":"oks_future","_source":"inferred","heat_load":0.6084,"flow_tph":7.605,"_load_source":"scheme","_ref":"Схема теплоснабжения г. Н. Новгорода до 2030 г. (актуализация на 2026 г.), шифр 22401, Обосновывающие материалы, Гл. 2 Прил. 1 Ч. 3, табл. 2.1 «Прогноз ввода строений различного назначения … до 2030 года»","_item":525,"_name":"Территория в границах улиц Ковровская, Родниковая, Максима Горького, площадь Сенная, Казанская набережная","_scheme_source":"Деловая, 14","_district":"Московский район","_year":2030,"_address":"Деловая, 14","_geocode":"source","_contour":"typical","floor_area_m2":19680,"levels":17},"geometry":{"type":"Polygon","coordinates":[[[44.0732908,56.3089711],[44.0732904,56.3091149],[44.072121,56.309114],[44.0721214,56.3089702],[44.0732908,56.3089711]]]}},
{"type":"Feature","properties":{"object_type":"oks_future","_source":"inferred","heat_load":0.6084,"flow_tph":7.605,"_load_source":"scheme","_ref":"Схема теплоснабжения г. Н. Новгорода до 2030 г. (актуализация на 2026 г.), шифр 22401, Обосновывающие материалы, Гл. 2 Прил. 1 Ч. 3, табл. 2.1 «Прогноз ввода строений различного назначения … до 2030 года»","_item":525,"_name":"Территория в границах улиц Ковровская, Родниковая, Максима Горького, площадь Сенная, Казанская набережная","_scheme_source":"Деловая, 14","_district":"Московский район","_year":2030,"_address":"Деловая, 14","_geocode":"source","_contour":"typical","floor_area_m2":19680,"levels":17},"geometry":{"type":"Polygon","coordinates":[[[44.072885,56.3092252],[44.0728846,56.3093689],[44.0717152,56.309368],[44.0717156,56.3092243],[44.072885,56.3092252]]]}},
{"type":"Feature","properties":{"object_type":"oks_future","_source":"inferred","heat_load":0.6084,"flow_tph":7.605,"_load_source":"scheme","_ref":"Схема теплоснабжения г. Н. Новгорода до 2030 г. (актуализация на 2026 г.), шифр 22401, Обосновывающие материалы, Гл. 2 Прил. 1 Ч. 3, табл. 2.1 «Прогноз ввода строений различного назначения … до 2030 года»","_item":525,"_name":"Территория в границах улиц Ковровская, Родниковая, Максима Горького, площадь Сенная, Казанская набережная","_scheme_source":"Деловая, 14","_district":"Московский район","_year":2030,"_address":"Деловая, 14","_geocode":"source","_contour":"typical","floor_area_m2":19680,"levels":17},"geometry":{"type":"Polygon","coordinates":[[[44.0735793,56.3094889],[44.0735789,56.3096327],[44.0724095,56.3096318],[44.0724099,56.3094881],[44.0735793,56.3094889]]]}},
{"type":"Feature","properties":{"object_type":"oks_future","_source":"inferred","heat_load":0.6084,"flow_tph":7.605,"_load_source":"scheme","_ref":"Схема теплоснабжения г. Н. Новгорода до 2030 г. (актуализация на 2026 г.), шифр 22401, Обосновывающие материалы, Гл. 2 Прил. 1 Ч. 3, табл. 2.1 «Прогноз ввода строений различного назначения … до 2030 года»","_item":525,"_name":"Территория в границах улиц Ковровская, Родниковая, Максима Горького, площадь Сенная, Казанская набережная","_scheme_source":"Деловая, 14","_district":"Московский район","_year":2030,"_address":"Деловая, 14","_geocode":"source","_contour":"typical","floor_area_m2":19680,"levels":17},"geometry":{"type":"Polygon","coordinates":[[[44.0803524,56.3037568],[44.0806109,56.3037569],[44.0806095,56.304407],[44.0803509,56.3044068],[44.0803524,56.3037568]]]}},
{"type":"Feature","properties":{"object_type":"oks_future","_source":"inferred","heat_load":0.7394,"flow_tph":9.242,"_load_source":"scheme","_ref":"Схема теплоснабжения г. Н. Новгорода до 2030 г. (актуализация на 2026 г.), шифр 22401, Обосновывающие материалы, Гл. 2 Прил. 1 Ч. 3, табл. 2.1 «Прогноз ввода строений различного назначения … до 2030 года»","_item":528,"_name":"Жилой дом №1 в границах улиц Героя Давыдова, Лубянская, Шота Руставели","_scheme_source":"Сормовская ТЭЦ","_district":"Московский район","_year":2028,"_address":"в границах проспект Героев, улица Героя Давыдова, Лубянская улица, улица Шота Руставели","_geocode":"streets","_contour":"typical","floor_area_m2":9500,"levels":12},"geometry":{"type":"Polygon","coordinates":[[[43.8746423,56.3224573],[43.8748302,56.3225561],[43.8742805,56.322879],[43.8740925,56.3227803],[43.8746423,56.3224573]]]}},
{"type":"Feature","properties":{"object_type":"oks_future","_source":"inferred","heat_load":0.7394,"flow_tph":9.242,"_load_source":"scheme","_ref":"Схема теплоснабжения г. Н. Новгорода до 2030 г. (актуализация на 2026 г.), шифр 22401, Обосновывающие материалы, Гл. 2 Прил. 1 Ч. 3, табл. 2.1 «Прогноз ввода строений различного назначения … до 2030 года»","_item":529,"_name":"Жилой дом №2 в границах улиц Героя Давыдова, Лубянская, Шота Руставели","_scheme_source":"Сормовская ТЭЦ","_district":"Московский район","_year":2028,"_address":"в границах проспект Героев, улица Героя Давыдова, Лубянская улица, улица Шота Руставели","_geocode":"streets","_contour":"typical","floor_area_m2":9500,"levels":12},"geometry":{"type":"Polygon","coordinates":[[[43.8746219,56.3228432],[43.8748098,56.3229419],[43.8742601,56.3232649],[43.8740721,56.3231661],[43.8746219,56.3228432]]]}},
{"type":"Feature","properties":{"object_type":"oks_future","_source":"inferred","heat_load":0.7394,"flow_tph":9.242,"_load_source":"scheme","_ref":"Схема теплоснабжения г. Н. Новгорода до 2030 г. (актуализация на 2026 г.), шифр 22401, Обосновывающие материалы, Гл. 2 Прил. 1 Ч. 3, табл. 2.1 «Прогноз ввода строений различного назначения … до 2030 года»","_item":530,"_name":"Жилой дом №3 в границах улиц Героя Давыдова, Лубянская, Шота Руставели","_scheme_source":"Сормовская ТЭЦ","_district":"Московский район","_year":2029,"_address":"в границах проспект Героев, улица Героя Давыдова, Лубянская улица, улица Шота Руставели","_geocode":"streets","_contour":"typical","floor_area_m2":9500,"levels":12},"geometry":{"type":"Polygon","coordinates":[[[43.8735207,56.3233264],[43.8736984,56.3232219],[43.8742796,56.3235274],[43.8741018,56.3236318],[43.8735207,56.3233264]]]}},
{"type":"Feature","properties":{"object_type":"oks_future","_source":"inferred","heat_load":0.7394,"flow_tph":9.242,"_load_source":"scheme","_ref":"Схема теплоснабжения г. Н. Новгорода до 2030 г. (актуализация на 2026 г.), шифр 22401, Обосновывающие материалы, Гл. 2 Прил. 1 Ч. 3, табл. 2.1 «Прогноз ввода строений различного назначения … до 2030 года»","_item":531,"_name":"Жилой дом №4 в границах улиц Героя Давыдова, Лубянская, Шота Руставели","_scheme_source":"Сормовская ТЭЦ","_district":"Московский район","_year":2030,"_address":"в границах проспект Героев, улица Героя Давыдова, Лубянская улица, улица Шота Руставели","_geocode":"streets","_contour":"typical","floor_area_m2":9500,"levels":12},"geometry":{"type":"Polygon","coordinates":[[[43.8701238,56.3215368],[43.8703117,56.3216356],[43.869762,56.3219585],[43.8695741,56.3218598],[43.8701238,56.3215368]]]}},
{"type":"Feature","properties":{"object_type":"oks_future","_source":"inferred","heat_load":1.3216,"flow_tph":16.52,"_load_source":"scheme","_ref":"Схема теплоснабжения г. Н. Новгорода до 2030 г. (актуализация на 2026 г.), шифр 22401, Обосновывающие материалы, Гл. 2 Прил. 1 Ч. 3, табл. 2.1 «Прогноз ввода строений различного назначения … до 2030 года»","_item":532,"_name":"проект планировки и межевания в границах улиц Героя Рябцева, Героя Давыдова, пер. Рессорный","_scheme_source":"Сормовская ТЭЦ","_district":"Московский район","_year":2030,"_address":"в границах проспект Героев, улица Героя Рябцева, улица Героя Давыдова","_geocode":"streets","_contour":"typical","floor_area_m2":16675,"levels":17},"geometry":{"type":"Polygon","coordinates":[[[43.8724631,56.3247483],[43.8726809,56.3248258],[43.8721461,56.3252896],[43.8719283,56.325212],[43.8724631,56.3247483]]]}},
{"type":"Feature","properties":{"object_type":"oks_future","_source":"inferred","heat_load":1.3216,"flow_tph":16.52,"_load_source":"scheme","_ref":"Схема теплоснабжения г. Н. Новгорода до 2030 г. (актуализация на 2026 г.), шифр 22401, Обосновывающие материалы, Гл. 2 Прил. 1 Ч. 3, табл. 2.1 «Прогноз ввода строений различного назначения … до 2030 года»","_item":532,"_name":"проект планировки и межевания в границах улиц Героя Рябцева, Героя Давыдова, пер. Рессорный","_scheme_source":"Сормовская ТЭЦ","_district":"Московский район","_year":2030,"_address":"в границах проспект Героев, улица Героя Рябцева, улица Героя Давыдова","_geocode":"streets","_contour":"typical","floor_area_m2":16675,"levels":17},"geometry":{"type":"Polygon","coordinates":[[[43.8730451,56.3247536],[43.8732629,56.3248311],[43.8727281,56.3252949],[43.8725103,56.3252173],[43.8730451,56.3247536]]]}},
{"type":"Feature","properties":{"object_type":"oks_future","_source":"inferred","heat_load":1.3216,"flow_tph":16.52,"_load_source":"scheme","_ref":"Схема теплоснабжения г. Н. Новгорода до 2030 г. (актуализация на 2026 г.), шифр 22401, Обосновывающие материалы, Гл. 2 Прил. 1 Ч. 3, табл. 2.1 «Прогноз ввода строений различного назначения … до 2030 года»","_item":532,"_name":"проект планировки и межевания в границах улиц Героя Рябцева, Героя Давыдова, пер. Рессорный","_scheme_source":"Сормовская ТЭЦ","_district":"Московский район","_year":2030,"_address":"в границах проспект Героев, улица Героя Рябцева, улица Героя Давыдова","_geocode":"streets","_contour":"typical","floor_area_m2":16675,"levels":17},"geometry":{"type":"Polygon","coordinates":[[[43.8723846,56.3255199],[43.872245,56.3256409],[43.8714104,56.3253437],[43.87155,56.3252227],[43.8723846,56.3255199]]]}},
{"type":"Feature","properties":{"object_type":"oks_future","_source":"inferred","heat_load":1.3216,"flow_tph":16.52,"_load_source":"scheme","_ref":"Схема теплоснабжения г. Н. Новгорода до 2030 г. (актуализация на 2026 г.), шифр 22401, Обосновывающие материалы, Гл. 2 Прил. 1 Ч. 3, табл. 2.1 «Прогноз ввода строений различного назначения … до 2030 года»","_item":532,"_name":"проект планировки и межевания в границах улиц Героя Рябцева, Героя Давыдова, пер. Рессорный","_scheme_source":"Сормовская ТЭЦ","_district":"Московский район","_year":2030,"_address":"в границах проспект Героев, улица Героя Рябцева, улица Героя Давыдова","_geocode":"streets","_contour":"typical","floor_area_m2":16675,"levels":17},"geometry":{"type":"Polygon","coordinates":[[[43.8722738,56.3258381],[43.8721342,56.3259591],[43.8712996,56.325662],[43.8714392,56.3255409],[43.8722738,56.3258381]]]}},
{"type":"Feature","properties":{"object_type":"oks_future","_source":"inferred","heat_load":0.178,"flow_tph":2.225,"_load_source":"scheme","_ref":"Схема теплоснабжения г. Н. Новгорода до 2030 г. (актуализация на 2026 г.), шифр 22401, Обосновывающие материалы, Гл. 2 Прил. 1 Ч. 3, табл. 2.1 «Прогноз ввода строений различного назначения … до 2030 года»","_item":533,"_name":"спортивно-оздоровительный комплекс по ул. Коминтерна, у дома № 6/1","_scheme_source":"Сормовская ТЭЦ","_district":"Московский район","_year":2029,"_address":"Спортивная улица, 6/1","_geocode":"near","_contour":"typical","floor_area_m2":5000,"levels":3},"geometry":{"type":"Polygon","coordinates":[[[43.9285345,56.3090373],[43.9288339,56.3087883],[43.9295057,56.309038],[43.9292063,56.3092869],[43.9285345,56.3090373]]]}},
{"type":"Feature","properties":{"object_type":"oks_future","_source":"real","heat_load":0.7464,"flow_tph":9.33,"_load_source":"scheme","_ref":"Схема теплоснабжения г. Н. Новгорода до 2030 г. (актуализация на 2026 г.), шифр 22401, Обосновывающие материалы, Гл. 2 Прил. 1 Ч. 3, табл. 2.1 «Прогноз ввода строений различного назначения … до 2030 года»","_item":534,"_name":"территория в границах улиц Акмолинская, Народная, Нефтегазовская","_scheme_source":"Сормовская ТЭЦ","_district":"Московский район","_year":2030,"_address":"в границах Акмолинская улица, Народная улица, Нефтегазовская улица","_geocode":"streets","_contour":"osm_construction","floor_area_m2":16100,"levels":17,"_osm":"w1422211943"},"geometry":{"type":"Polygon","coordinates":[[[43.91728,56.3348803],[43.9176861,56.3348807],[43.9176862,56.334839],[43.9177241,56.3348234],[43.9177239,56.3347839],[43.9176865,56.3347634],[43.9176866,56.3347244],[43.9172822,56.334724],[43.91728,56.3348803]]]}},
{"type":"Feature","properties":{"object_type":"oks_future","_source":"inferred","heat_load":0.7464,"flow_tph":9.33,"_load_source":"scheme","_ref":"Схема теплоснабжения г. Н. Новгорода до 2030 г. (актуализация на 2026 г.), шифр 22401, Обосновывающие материалы, Гл. 2 Прил. 1 Ч. 3, табл. 2.1 «Прогноз ввода строений различного назначения … до 2030 года»","_item":534,"_name":"территория в границах улиц Акмолинская, Народная, Нефтегазовская","_scheme_source":"Сормовская ТЭЦ","_district":"Московский район","_year":2030,"_address":"в границах Акмолинская улица, Народная улица, Нефтегазовская улица","_geocode":"streets","_contour":"typical","floor_area_m2":16100,"levels":17},"geometry":{"type":"Polygon","coordinates":[[[43.917575,56.3341188],[43.9175435,56.3342615],[43.9165933,56.3341968],[43.9166248,56.3340541],[43.917575,56.3341188]]]}},
{"type":"Feature","properties":{"object_type":"oks_future","_source":"inferred","heat_load":0.9417,"flow_tph":11.772,"_load_source":"scheme","_ref":"Схема теплоснабжения г. Н. Новгорода до 2030 г. (актуализация на 2026 г.), шифр 22401, Обосновывающие материалы, Гл. 2 Прил. 1 Ч. 3, табл. 2.1 «Прогноз ввода строений различного назначения … до 2030 года»","_item":535,"_name":"Территория мкр. Бурнаковская низина Московского р-на г. Нижнего Новгорода, расположенного в границах земельного участка с кадастровым номером 52:18:0020002:104. Жилой дом 1.1","_scheme_source":"Сормовская ТЭЦ","_district":"Московский район","_year":2028,"_address":"Бурнаковская улица","_geocode":"street","_contour":"typical","floor_area_m2":16500,"levels":17},"geometry":{"type":"Polygon","coordinates":[[[43.9117863,56.3408652],[43.9116981,56.34073],[43.9126206,56.3405443],[43.9127088,56.3406795],[43.9117863,56.3408652]]]}},
{"type":"Feature","properties":{"object_type":"oks_future","_source":"inferred","heat_load":0.9417,"flow_tph":11.772,"_load_source":"scheme","_ref":"Схема теплоснабжения г. Н. Новгорода до 2030 г. (актуализация на 2026 г.), шифр 22401, Обосновывающие материалы, Гл. 2 Прил. 1 Ч. 3, табл. 2.1 «Прогноз ввода строений различного назначения … до 2030 года»","_item":535,"_name":"Территория мкр. Бурнаковская низина Московского р-на г. Нижнего Новгорода, расположенного в границах земельного участка с кадастровым номером 52:18:0020002:104. Жилой дом 1.1","_scheme_source":"Сормовская ТЭЦ","_district":"Московский район","_year":2028,"_address":"Бурнаковская улица","_geocode":"street","_contour":"typical","floor_area_m2":16500,"levels":17},"geometry":{"type":"Polygon","coordinates":[[[43.9116472,56.3397787],[43.9118905,56.3397297],[43.9122249,56.3402421],[43.9119816,56.340291],[43.9116472,56.3397787]]]}},
{"type":"Feature","properties":{"object_type":"oks_future","_source":"inferred","heat_load":0.9083,"flow_tph":11.354,"_load_source":"scheme","_ref":"Схема теплоснабжения г. Н. Новгорода до 2030 г. (актуализация на 2026 г.), шифр 22401, Обосновывающие материалы, Гл. 2 Прил. 1 Ч. 3, табл. 2.1 «Прогноз ввода строений различного назначения … до 2030 года»","_item":536,"_name":"Территория мкр. Бурнаковская низина Московского р-на г. Нижнего Новгорода, расположенного в границах земельного участка с кадастровым номером 52:18:0020002:104. Жилой дом 1.2","_scheme_source":"Сормовская ТЭЦ","_district":"Московский район","_year":2028,"_address":"Бурнаковская улица","_geocode":"street","_contour":"typical","floor_area_m2":15250,"levels":17},"geometry":{"type":"Polygon","coordinates":[[[43.9107167,56.3402024],[43.9106285,56.3400673],[43.9114811,56.3398957],[43.9115693,56.3400308],[43.9107167,56.3402024]]]}},
{"type":"Feature","properties":{"object_type":"oks_future","_source":"inferred","heat_load":0.9083,"flow_tph":11.354,"_load_source":"scheme","_ref":"Схема теплоснабжения г. Н. Новгорода до 2030 г. (актуализация на 2026 г.), шифр 22401, Обосновывающие материалы, Гл. 2 Прил. 1 Ч. 3, табл. 2.1 «Прогноз ввода строений различного назначения … до 2030 года»","_item":536,"_name":"Территория мкр. Бурнаковская низина Московского р-на г. Нижнего Новгорода, расположенного в границах земельного участка с кадастровым номером 52:18:0020002:104. Жилой дом 1.2","_scheme_source":"Сормовская ТЭЦ","_district":"Московский район","_year":2028,"_address":"Бурнаковская улица","_geocode":"street","_contour":"typical","floor_area_m2":15250,"levels":17},"geometry":{"type":"Polygon","coordinates":[[[43.9106846,56.3410547],[43.9105964,56.3409196],[43.911449,56.3407479],[43.9115372,56.3408831],[43.9106846,56.3410547]]]}},
{"type":"Feature","properties":{"object_type":"oks_future","_source":"inferred","heat_load":0.9391,"flow_tph":11.738,"_load_source":"scheme","_ref":"Схема теплоснабжения г. Н. Новгорода до 2030 г. (актуализация на 2026 г.), шифр 22401, Обосновывающие материалы, Гл. 2 Прил. 1 Ч. 3, табл. 2.1 «Прогноз ввода строений различного назначения … до 2030 года»","_item":537,"_name":"Территория мкр. Бурнаковская низина Московского р-на г. Нижнего Новгорода, расположенного в границах земельного участка с кадастровым номером 52:18:0020002:104. Жилой дом 2.1","_scheme_source":"Сормовская ТЭЦ","_district":"Московский район","_year":2029,"_address":"Бурнаковская улица","_geocode":"street","_contour":"typical","floor_area_m2":16500,"levels":17},"geometry":{"type":"Polygon","coordinates":[[[43.9107178,56.3398314],[43.9106297,56.3396963],[43.9115522,56.3395106],[43.9116403,56.3396457],[43.9107178,56.3398314]]]}},
{"type":"Feature","properties":{"object_type":"oks_future","_source":"inferred","heat_load":0.9391,"flow_tph":11.738,"_load_source":"scheme","_ref":"Схема теплоснабжения г. Н. Новгорода до 2030 г. (актуализация на 2026 г.), шифр 22401, Обосновывающие материалы, Гл. 2 Прил. 1 Ч. 3, табл. 2.1 «Прогноз ввода строений различного назначения … до 2030 года»","_item":537,"_name":"Территория мкр. Бурнаковская низина Московского р-на г. Нижнего Новгорода, расположенного в границах земельного участка с кадастровым номером 52:18:0020002:104. Жилой дом 2.1","_scheme_source":"Сормовская ТЭЦ","_district":"Московский район","_year":2029,"_address":"Бурнаковская улица","_geocode":"street","_contour":"typical","floor_area_m2":16500,"levels":17},"geometry":{"type":"Polygon","coordinates":[[[43.9138012,56.3403401],[43.913713,56.340205],[43.9146355,56.3400193],[43.9147237,56.3401544],[43.9138012,56.3403401]]]}},
{"type":"Feature","properties":{"object_type":"oks_future","_source":"inferred","heat_load":0.9087,"flow_tph":11.359,"_load_source":"scheme","_ref":"Схема теплоснабжения г. Н. Новгорода до 2030 г. (актуализация на 2026 г.), шифр 22401, Обосновывающие материалы, Гл. 2 Прил. 1 Ч. 3, табл. 2.1 «Прогноз ввода строений различного назначения … до 2030 года»","_item":538,"_name":"Территория мкр. Бурнаковская низина Московского р-на г. Нижнего Новгорода, расположенного в границах земельного участка с кадастровым номером 52:18:0020002:104. Жилой дом 2.2","_scheme_source":"Сормовская ТЭЦ","_district":"Московский район","_year":2029,"_address":"Бурнаковская улица","_geocode":"street","_contour":"typical","floor_area_m2":15150,"levels":17},"geometry":{"type":"Polygon","coordinates":[[[43.9096173,56.3404069],[43.9095291,56.3402717],[43.9103761,56.3401012],[43.9104643,56.3402364],[43.9096173,56.3404069]]]}},
{"type":"Feature","properties":{"object_type":"oks_future","_source":"inferred","heat_load":0.9087,"flow_tph":11.359,"_load_source":"scheme","_ref":"Схема теплоснабжения г. Н. Новгорода до 2030 г. (актуализация на 2026 г.), шифр 22401, Обосновывающие материалы, Гл. 2 Прил. 1 Ч. 3, табл. 2.1 «Прогноз ввода строений различного назначения … до 2030 года»","_item":538,"_name":"Территория мкр. Бурнаковская низина Московского р-на г. Нижнего Новгорода, расположенного в границах земельного участка с кадастровым номером 52:18:0020002:104. Жилой дом 2.2","_scheme_source":"Сормовская ТЭЦ","_district":"Московский район","_year":2029,"_address":"Бурнаковская улица","_geocode":"street","_contour":"typical","floor_area_m2":15150,"levels":17},"geometry":{"type":"Polygon","coordinates":[[[43.9109929,56.3389009],[43.9112362,56.3388519],[43.9115432,56.3393224],[43.9112999,56.3393714],[43.9109929,56.3389009]]]}},
{"type":"Feature","properties":{"object_type":"oks_future","_source":"inferred","heat_load":1.0081,"flow_tph":12.601,"_load_source":"scheme","_ref":"Схема теплоснабжения г. Н. Новгорода до 2030 г. (актуализация на 2026 г.), шифр 22401, Обосновывающие материалы, Гл. 2 Прил. 1 Ч. 3, табл. 2.1 «Прогноз ввода строений различного назначения … до 2030 года»","_item":539,"_name":"Территория мкр. Бурнаковская низина Московского р-на г. Нижнего Новгорода, расположенного в границах земельного участка с кадастровым номером 52:18:0020002:104. Жилой дом 3 (ЗА, ЗБ, 3В) и детский сад на 150 мест (8.1)","_scheme_source":"Сормовская ТЭЦ","_district":"Московский район","_year":2030,"_address":"Бурнаковская улица","_geocode":"street","_contour":"typical","floor_area_m2":17333,"levels":17},"geometry":{"type":"Polygon","coordinates":[[[43.9094985,56.3412862],[43.9094103,56.341151],[43.9103794,56.340956],[43.9104676,56.3410911],[43.9094985,56.3412862]]]}},
{"type":"Feature","properties":{"object_type":"oks_future","_source":"inferred","heat_load":1.0081,"flow_tph":12.601,"_load_source":"scheme","_ref":"Схема теплоснабжения г. Н. Новгорода до 2030 г. (актуализация на 2026 г.), шифр 22401, Обосновывающие материалы, Гл. 2 Прил. 1 Ч. 3, табл. 2.1 «Прогноз ввода строений различного назначения … до 2030 года»","_item":539,"_name":"Территория мкр. Бурнаковская низина Московского р-на г. Нижнего Новгорода, расположенного в границах земельного участка с кадастровым номером 52:18:0020002:104. Жилой дом 3 (ЗА, ЗБ, 3В) и детский сад на 150 мест (8.1)","_scheme_source":"Сормовская ТЭЦ","_district":"Московский район","_year":2030,"_address":"Бурнаковская улица","_geocode":"street","_contour":"typical","floor_area_m2":17333,"levels":17},"geometry":{"type":"Polygon","coordinates":[[[43.9130063,56.3390627],[43.9129181,56.3389276],[43.9138872,56.3387325],[43.9139754,56.3388676],[43.9130063,56.3390627]]]}},
{"type":"Feature","properties":{"object_type":"oks_future","_source":"inferred","heat_load":1.0081,"flow_tph":12.601,"_load_source":"scheme","_ref":"Схема теплоснабжения г. Н. Новгорода до 2030 г. (актуализация на 2026 г.), шифр 22401, Обосновывающие материалы, Гл. 2 Прил. 1 Ч. 3, табл. 2.1 «Прогноз ввода строений различного назначения … до 2030 года»","_item":539,"_name":"Территория мкр. Бурнаковская низина Московского р-на г. Нижнего Новгорода, расположенного в границах земельного участка с кадастровым номером 52:18:0020002:104. Жилой дом 3 (ЗА, ЗБ, 3В) и детский сад на 150 мест (8.1)","_scheme_source":"Сормовская ТЭЦ","_district":"Московский район","_year":2030,"_address":"Бурнаковская улица","_geocode":"street","_contour":"typical","floor_area_m2":17333,"levels":17},"geometry":{"type":"Polygon","coordinates":[[[43.91126,56.3384696],[43.9115033,56.3384206],[43.9118546,56.3389588],[43.9116113,56.3390078],[43.91126,56.3384696]]]}},
{"type":"Feature","properties":{"object_type":"oks_future","_source":"inferred","heat_load":0.098,"flow_tph":1.225,"_load_source":"scheme","_ref":"Схема теплоснабжения г. Н. Новгорода до 2030 г. (актуализация на 2026 г.), шифр 22401, Обосновывающие материалы, Гл. 2 Прил. 1 Ч. 3, табл. 2.1 «Прогноз ввода строений различного назначения … до 2030 года»","_item":540,"_name":"Управление пенсионного фонда по ул. Страж Революции,11","_scheme_source":"Сормовская ТЭЦ","_district":"Московский район","_year":2028,"_address":"улица Страж Революции, 11","_geocode":"at","_contour":"typical","floor_area_m2":1000,"levels":3},"geometry":{"type":"Polygon","coordinates":[[[43.8807294,56.3359212],[43.8809638,56.3358898],[43.8810485,56.3360851],[43.8808141,56.3361165],[43.8807294,56.3359212]]]}},
{"type":"Feature","properties":{"object_type":"oks_future","_source":"inferred","heat_load":0.5969,"flow_tph":7.461,"_load_source":"scheme","_ref":"Схема теплоснабжения г. Н. Новгорода до 2030 г. (актуализация на 2026 г.), шифр 22401, Обосновывающие материалы, Гл. 2 Прил. 1 Ч. 3, табл. 2.1 «Прогноз ввода строений различного назначения … до 2030 года»","_item":541,"_name":"Реконструкция административного здания под размещение отдела полиции № 4, ул. Куйбышева, 26","_scheme_source":"Сормовская ТЭЦ","_district":"Московский район","_year":2026,"_address":"улица Куйбышева, 26","_geocode":"at","_contour":"typical","floor_area_m2":5000,"levels":3},"geometry":{"type":"Polygon","coordinates":[[[43.9188573,56.3319135],[43.919034,56.3321964],[43.91827,56.3323436],[43.9180934,56.3320607],[43.9188573,56.3319135]]]}},
{"type":"Feature","properties":{"object_type":"oks_future","_source":"inferred","heat_load":0.14,"flow_tph":1.75,"_load_source":"scheme","_ref":"Схема теплоснабжения г. Н. Новгорода до 2030 г. (актуализация на 2026 г.), шифр 22401, Обосновывающие материалы, Гл. 2 Прил. 1 Ч. 3, табл. 2.1 «Прогноз ввода строений различного назначения … до 2030 года»","_item":542,"_name":"Гостиница по ул. 50-летия Победы, у дома №1 (пересечение ул. Коминтерна и ул. 50-летия Победы, со стороны ОАО \"НМЗ\")","_scheme_source":"Сормовская ТЭЦ","_district":"Московский район","_year":2026,"_address":"в границах улица Коминтерна, улица 50-летия Победы","_geocode":"streets","_contour":"typical","floor_area_m2":1500,"levels":3},"geometry":{"type":"Polygon","coordinates":[[[43.8865011,56.3365989],[43.8864963,56.3367629],[43.8860534,56.3367589],[43.8860582,56.3365949],[43.8865011,56.3365989]]]}},
{"type":"Feature","properties":{"object_type":"oks_future","_source":"inferred","heat_load":1.0705,"flow_tph":13.381,"_load_source":"scheme","_ref":"Схема теплоснабжения г. Н. Новгорода до 2030 г. (актуализация на 2026 г.), шифр 22401, Обосновывающие материалы, Гл. 2 Прил. 1 Ч. 3, табл. 2.1 «Прогноз ввода строений различного назначения … до 2030 года»","_item":543,"_name":"Многоквартирный жилой дом (ул. Линдовская, 15)","_scheme_source":"Сормовская ТЭЦ","_district":"Московский район","_year":2026,"_address":"Линдовская улица","_geocode":"street","_contour":"typical","floor_area_m2":14000,"levels":17},"geometry":{"type":"Polygon","coordinates":[[[43.8736548,56.3389979],[43.8739058,56.3389627],[43.8741095,56.339411],[43.8738586,56.3394462],[43.8736548,56.3389979]]]}},
{"type":"Feature","properties":{"object_type":"oks_future","_source":"inferred","heat_load":1.0705,"flow_tph":13.381,"_load_source":"scheme","_ref":"Схема теплоснабжения г. Н. Новгорода до 2030 г. (актуализация на 2026 г.), шифр 22401, Обосновывающие материалы, Гл. 2 Прил. 1 Ч. 3, табл. 2.1 «Прогноз ввода строений различного назначения … до 2030 года»","_item":543,"_name":"Многоквартирный жилой дом (ул. Линдовская, 15)","_scheme_source":"Сормовская ТЭЦ","_district":"Московский район","_year":2026,"_address":"Линдовская улица","_geocode":"street","_contour":"typical","floor_area_m2":14000,"levels":17},"geometry":{"type":"Polygon","coordinates":[[[43.8738954,56.3395561],[43.8741464,56.3395209],[43.8743501,56.3399693],[43.8740992,56.3400045],[43.8738954,56.3395561]]]}},
{"type":"Feature","properties":{"object_type":"oks_future","_source":"inferred","heat_load":0.6827,"flow_tph":8.534,"_load_source":"scheme","_ref":"Схема теплоснабжения г. Н. Новгорода до 2030 г. (актуализация на 2026 г.), шифр 22401, Обосновывающие материалы, Гл. 2 Прил. 1 Ч. 3, табл. 2.1 «Прогноз ввода строений различного назначения … до 2030 года»","_item":544,"_name":"Жилой дом № 15 (в границах улиц Гвардейцев, Новосибирская, Коминтерна, Страж революции )","_scheme_source":"Сормовская ТЭЦ","_district":"Московский район","_year":2026,"_address":"в границах улица Гвардейцев, улица Коминтерна, улица Страж Революции","_geocode":"streets","_contour":"typical","floor_area_m2":12000,"levels":17},"geometry":{"type":"Polygon","coordinates":[[[43.8846316,56.3368112],[43.8848316,56.3369024],[43.884379,56.3372088],[43.884179,56.3371176],[43.8846316,56.3368112]]]}},
{"type":"Feature","properties":{"object_type":"oks_future","_source":"inferred","heat_load":0.6807,"flow_tph":8.509,"_load_source":"scheme","_ref":"Схема теплоснабжения г. Н. Новгорода до 2030 г. (актуализация на 2026 г.), шифр 22401, Обосновывающие материалы, Гл. 2 Прил. 1 Ч. 3, табл. 2.1 «Прогноз ввода строений различного назначения … до 2030 года»","_item":545,"_name":"Жилой дом № 16 (в границах улиц Гвардейцев, Новосибирская, Коминтерна, Страж революции )","_scheme_source":"Сормовская ТЭЦ","_district":"Московский район","_year":2027,"_address":"в границах улица Гвардейцев, улица Коминтерна, улица Страж Революции","_geocode":"streets","_contour":"typical","floor_area_m2":12000,"levels":17},"geometry":{"type":"Polygon","coordinates":[[[43.8862603,56.3370686],[43.8864604,56.3371597],[43.8860078,56.3374661],[43.8858077,56.337375],[43.8862603,56.3370686]]]}},
{"type":"Feature","properties":{"object_type":"oks_future","_source":"inferred","heat_load":0.601,"flow_tph":7.512,"_load_source":"scheme","_ref":"Схема теплоснабжения г. Н. Новгорода до 2030 г. (актуализация на 2026 г.), шифр 22401, Обосновывающие материалы, Гл. 2 Прил. 1 Ч. 3, табл. 2.1 «Прогноз ввода строений различного назначения … до 2030 года»","_item":546,"_name":"Многоквартирный многоэтажный жилой дом с помещениями общественного назначения с закрытой парковкой в границах улиц Ярошенко и Красных Зорь (ул. Красных Зорь, 23Д)","_scheme_source":"Сормовская ТЭЦ","_district":"Московский район","_year":2026,"_address":"улица Красных Зорь, 23Д","_geocode":"at","_contour":"typical","floor_area_m2":11000,"levels":12},"geometry":{"type":"Polygon","coordinates":[[[43.8642337,56.3320653],[43.8639756,56.3320557],[43.8640373,56.3315422],[43.8642954,56.3315517],[43.8642337,56.3320653]]]}},
{"type":"Feature","properties":{"object_type":"oks_future","_source":"inferred","heat_load":0.601,"flow_tph":7.512,"_load_source":"scheme","_ref":"Схема теплоснабжения г. Н. Новгорода до 2030 г. (актуализация на 2026 г.), шифр 22401, Обосновывающие материалы, Гл. 2 Прил. 1 Ч. 3, табл. 2.1 «Прогноз ввода строений различного назначения … до 2030 года»","_item":546,"_name":"Многоквартирный многоэтажный жилой дом с помещениями общественного назначения с закрытой парковкой в границах улиц Ярошенко и Красных Зорь (ул. Красных Зорь, 23Д)","_scheme_source":"Сормовская ТЭЦ","_district":"Московский район","_year":2026,"_address":"улица Красных Зорь, 23Д","_geocode":"at","_contour":"typical","floor_area_m2":11000,"levels":12},"geometry":{"type":"Polygon","coordinates":[[[43.8645221,56.3316091],[43.8645394,56.3314657],[43.8654638,56.3314999],[43.8654466,56.3316434],[43.8645221,56.3316091]]]}},
{"type":"Feature","properties":{"object_type":"oks_future","_source":"real","heat_load":0.7311,"flow_tph":9.139,"_load_source":"scheme","_ref":"Схема теплоснабжения г. Н. Новгорода до 2030 г. (актуализация на 2026 г.), шифр 22401, Обосновывающие материалы, Гл. 2 Прил. 1 Ч. 3, табл. 2.1 «Прогноз ввода строений различного назначения … до 2030 года»","_item":547,"_name":"Многоквартирный дом № 17 (ул. Буревестника)","_scheme_source":"Сормовская ТЭЦ","_district":"Московский район","_year":2026,"_address":"улица Буревестника","_geocode":"street","_contour":"osm_construction","floor_area_m2":15000,"levels":17,"_osm":"w1255399200"},"geometry":{"type":"Polygon","coordinates":[[[43.8818701,56.3326795],[43.8821062,56.332646],[43.8820585,56.3325427],[43.8819629,56.3323361],[43.8819151,56.3322328],[43.8819824,56.3322232],[43.8819539,56.3321617],[43.8816504,56.3322048],[43.8818701,56.3326795]]]}},
{"type":"Feature","properties":{"object_type":"oks_future","_source":"inferred","heat_load":0.3425,"flow_tph":4.281,"_load_source":"scheme","_ref":"Схема теплоснабжения г. Н. Новгорода до 2030 г. (актуализация на 2026 г.), шифр 22401, Обосновывающие материалы, Гл. 2 Прил. 1 Ч. 3, табл. 2.1 «Прогноз ввода строений различного назначения … до 2030 года»","_item":548,"_name":"Многоквартирный дом № 20 (ул. Буревестника)","_scheme_source":"Сормовская ТЭЦ","_district":"Московский район","_year":2025,"_address":"улица Буревестника","_geocode":"street","_contour":"typical","floor_area_m2":8000,"levels":12},"geometry":{"type":"Polygon","coordinates":[[[43.8806225,56.3314646],[43.8808746,56.3314323],[43.8810261,56.331797],[43.880774,56.3318294],[43.8806225,56.3314646]]]}},
{"type":"Feature","properties":{"object_type":"oks_future","_source":"inferred","heat_load":0.318,"flow_tph":3.975,"_load_source":"scheme","_ref":"Схема теплоснабжения г. Н. Новгорода до 2030 г. (актуализация на 2026 г.), шифр 22401, Обосновывающие материалы, Гл. 2 Прил. 1 Ч. 3, табл. 2.1 «Прогноз ввода строений различного назначения … до 2030 года»","_item":549,"_name":"Многоквартирный дом № 22 (ул. Буревестника)","_scheme_source":"Сормовская ТЭЦ","_district":"Московский район","_year":2025,"_address":"улица Буревестника","_geocode":"street","_contour":"typical","floor_area_m2":6000,"levels":12},"geometry":{"type":"Polygon","coordinates":[[[43.872661,56.3339395],[43.8726029,56.3337995],[43.8730954,56.3337364],[43.8731535,56.3338764],[43.872661,56.3339395]]]}},
{"type":"Feature","properties":{"object_type":"oks_future","_source":"inferred","heat_load":0.6763,"flow_tph":8.454,"_load_source":"scheme","_ref":"Схема теплоснабжения г. Н. Новгорода до 2030 г. (актуализация на 2026 г.), шифр 22401, Обосновывающие материалы, Гл. 2 Прил. 1 Ч. 3, табл. 2.1 «Прогноз ввода строений различного назначения … до 2030 года»","_item":550,"_name":"Жилой дом № 17 (в границах улиц Гвардейцев, Новосибирская, Коминтерна, Страж революции )","_scheme_source":"Сормовская ТЭЦ","_district":"Московский район","_year":2028,"_address":"в границах улица Гвардейцев, улица Коминтерна, улица Страж Революции","_geocode":"streets","_contour":"typical","floor_area_m2":12000,"levels":17},"geometry":{"type":"Polygon","coordinates":[[[43.8855696,56.3375168],[43.8857697,56.3376079],[43.8853171,56.3379144],[43.885117,56.3378232],[43.8855696,56.3375168]]]}},
{"type":"Feature","properties":{"object_type":"oks_future","_source":"inferred","heat_load":0.0779,"flow_tph":0.974,"_load_source":"scheme","_ref":"Схема теплоснабжения г. Н. Новгорода до 2030 г. (актуализация на 2026 г.), шифр 22401, Обосновывающие материалы, Гл. 2 Прил. 1 Ч. 3, табл. 2.1 «Прогноз ввода строений различного назначения … до 2030 года»","_item":551,"_name":"Школа № 73, Московское шоссе, 207а","_scheme_source":"Сормовская ТЭЦ","_district":"Московский район","_year":2025,"_address":"Московское шоссе","_geocode":"street","_contour":"typical","floor_area_m2":779,"levels":3},"geometry":{"type":"Polygon","coordinates":[[[43.7914503,56.3102376],[43.7914361,56.3103555],[43.7911179,56.3103437],[43.791132,56.3102258],[43.7914503,56.3102376]]]}},
{"type":"Feature","properties":{"object_type":"oks_future","_source":"inferred","heat_load":0.0052,"flow_tph":0.065,"_load_source":"scheme","_ref":"Схема теплоснабжения г. Н. Новгорода до 2030 г. (актуализация на 2026 г.), шифр 22401, Обосновывающие материалы, Гл. 2 Прил. 1 Ч. 3, табл. 2.1 «Прогноз ввода строений различного назначения … до 2030 года»","_item":552,"_name":"Здание детского сада МБДОУ \"Детский сад № 314\", ул. Куйбышева, 31","_scheme_source":"Сормовская ТЭЦ","_district":"Московский район","_year":2026,"_address":"улица Куйбышева, 31","_geocode":"at","_contour":"typical","floor_area_m2":52,"levels":1},"geometry":{"type":"Polygon","coordinates":[[[43.9129967,56.3289765],[43.9130776,56.3290326],[43.9129263,56.3291],[43.9128453,56.329044],[43.9129967,56.3289765]]]}},
{"type":"Feature","properties":{"object_type":"oks_future","_source":"inferred","heat_load":0.2124,"flow_tph":2.655,"_load_source":"scheme","_ref":"Схема теплоснабжения г. Н. Новгорода до 2030 г. (актуализация на 2026 г.), шифр 22401, Обосновывающие материалы, Гл. 2 Прил. 1 Ч. 3, табл. 2.1 «Прогноз ввода строений различного назначения … до 2030 года»","_item":553,"_name":"Административное здание, пр. Героев, 23а","_scheme_source":"Сормовская ТЭЦ","_district":"Московский район","_year":2026,"_address":"проспект Героев, 23а","_geocode":"at","_contour":"typical","floor_area_m2":1000,"levels":3},"geometry":{"type":"Polygon","coordinates":[[[43.893239,56.3199702],[43.8930794,56.3198698],[43.8933502,56.3197368],[43.8935098,56.3198371],[43.893239,56.3199702]]]}},
{"type":"Feature","properties":{"object_type":"oks_future","_source":"inferred","heat_load":1.3296,"flow_tph":16.62,"_load_source":"scheme","_ref":"Схема теплоснабжения г. Н. Новгорода до 2030 г. (актуализация на 2026 г.), шифр 22401, Обосновывающие материалы, Гл. 2 Прил. 1 Ч. 3, табл. 2.1 «Прогноз ввода строений различного назначения … до 2030 года»","_item":554,"_name":"Создание имущественного комплекса наземного электрического транспорта общего пользования в городе Нижнем Новгороде (Этап 1.2.3. Реконструкция трамвайного депо № 2), ул. Народная, 43а","_scheme_source":"Сормовская ТЭЦ","_district":"Московский район","_year":2026,"_address":"Народная улица, 43а","_geocode":"at","_contour":"typical","floor_area_m2":13296,"levels":5},"geometry":{"type":"Polygon","coordinates":[[[43.9234731,56.332998],[43.9240034,56.3332353],[43.9233628,56.3336772],[43.9228324,56.3334399],[43.9234731,56.332998]]]}},
{"type":"Feature","properties":{"object_type":"oks_future","_source":"inferred","heat_load":1.3296,"flow_tph":16.62,"_load_source":"scheme","_ref":"Схема теплоснабжения г. Н. Новгорода до 2030 г. (актуализация на 2026 г.), шифр 22401, Обосновывающие материалы, Гл. 2 Прил. 1 Ч. 3, табл. 2.1 «Прогноз ввода строений различного назначения … до 2030 года»","_item":554,"_name":"Создание имущественного комплекса наземного электрического транспорта общего пользования в городе Нижнем Новгороде (Этап 1.2.3. Реконструкция трамвайного депо № 2), ул. Народная, 43а","_scheme_source":"Сормовская ТЭЦ","_district":"Московский район","_year":2026,"_address":"Народная улица, 43а","_geocode":"at","_contour":"typical","floor_area_m2":13296,"levels":5},"geometry":{"type":"Polygon","coordinates":[[[43.9225223,56.3328769],[43.9230526,56.3331141],[43.9224119,56.333556],[43.9218816,56.3333187],[43.9225223,56.3328769]]]}},
{"type":"Feature","properties":{"object_type":"oks_future","_source":"inferred","heat_load":1.3296,"flow_tph":16.62,"_load_source":"scheme","_ref":"Схема теплоснабжения г. Н. Новгорода до 2030 г. (актуализация на 2026 г.), шифр 22401, Обосновывающие материалы, Гл. 2 Прил. 1 Ч. 3, табл. 2.1 «Прогноз ввода строений различного назначения … до 2030 года»","_item":554,"_name":"Создание имущественного комплекса наземного электрического транспорта общего пользования в городе Нижнем Новгороде (Этап 1.2.3. Реконструкция трамвайного депо № 2), ул. Народная, 43а","_scheme_source":"Сормовская ТЭЦ","_district":"Московский район","_year":2026,"_address":"Народная улица, 43а","_geocode":"at","_contour":"typical","floor_area_m2":13296,"levels":5},"geometry":{"type":"Polygon","coordinates":[[[43.9234963,56.33267],[43.9230692,56.3329646],[43.9222737,56.3326087],[43.9227008,56.3323141],[43.9234963,56.33267]]]}},
{"type":"Feature","properties":{"object_type":"oks_future","_source":"real","heat_load":0.5135,"flow_tph":6.419,"_load_source":"scheme","_ref":"Схема теплоснабжения г. Н. Новгорода до 2030 г. (актуализация на 2026 г.), шифр 22401, Обосновывающие материалы, Гл. 2 Прил. 1 Ч. 3, табл. 2.1 «Прогноз ввода строений различного назначения … до 2030 года»","_item":555,"_name":"многоквартирный дом № 23 ул. 50-летия Победы, земельный участок 16","_scheme_source":"Сормовская ТЭЦ","_district":"Московский район","_year":2027,"_address":"улица 50-летия Победы","_geocode":"street","_contour":"osm_construction","floor_area_m2":8700,"levels":12,"_osm":"w1473285275"},"geometry":{"type":"Polygon","coordinates":[[[43.8842359,56.3323706],[43.8840338,56.3318958],[43.8839554,56.331906],[43.8839305,56.3318476],[43.8842689,56.3318034],[43.8844957,56.3323366],[43.8842359,56.3323706]]]}},
{"type":"Feature","properties":{"object_type":"oks_future","_source":"inferred","heat_load":1.5007,"flow_tph":18.759,"_load_source":"scheme","_ref":"Схема теплоснабжения г. Н. Новгорода до 2030 г. (актуализация на 2026 г.), шифр 22401, Обосновывающие материалы, Гл. 2 Прил. 1 Ч. 3, табл. 2.1 «Прогноз ввода строений различного назначения … до 2030 года»","_item":556,"_name":"Здание школы по ул. Народная, 35","_scheme_source":"Сормовская ТЭЦ","_district":"Московский район","_year":2026,"_address":"Народная улица, 35","_geocode":"at","_contour":"typical","floor_area_m2":10000,"levels":5},"geometry":{"type":"Polygon","coordinates":[[[43.9152895,56.3354729],[43.9154825,56.3357829],[43.9146453,56.3359437],[43.9144523,56.3356337],[43.9152895,56.3354729]]]}},
{"type":"Feature","properties":{"object_type":"oks_future","_source":"inferred","heat_load":0.5125,"flow_tph":6.406,"_load_source":"scheme","_ref":"Схема теплоснабжения г. Н. Новгорода до 2030 г. (актуализация на 2026 г.), шифр 22401, Обосновывающие материалы, Гл. 2 Прил. 1 Ч. 3, табл. 2.1 «Прогноз ввода строений различного назначения … до 2030 года»","_item":557,"_name":"Здание ФОКа по ул. Народная","_scheme_source":"Сормовская ТЭЦ","_district":"Московский район","_year":2025,"_address":"Народная улица","_geocode":"street","_contour":"typical","floor_area_m2":3000,"levels":3},"geometry":{"type":"Polygon","coordinates":[[[43.9098902,56.3343839],[43.9102573,56.3344945],[43.9099586,56.3348004],[43.9095916,56.3346898],[43.9098902,56.3343839]]]}},
{"type":"Feature","properties":{"object_type":"oks_future","_source":"inferred","heat_load":0.9967,"flow_tph":12.458,"_load_source":"scheme","_ref":"Схема теплоснабжения г. Н. Новгорода до 2030 г. (актуализация на 2026 г.), шифр 22401, Обосновывающие материалы, Гл. 2 Прил. 1 Ч. 3, табл. 2.1 «Прогноз ввода строений различного назначения … до 2030 года»","_item":558,"_name":"КРТ по ул. Бурнаковская в Московском районе г. Н. Новгорода","_scheme_source":"Сормовская ТЭЦ","_district":"Московский район","_year":2030,"_address":"Бурнаковская улица","_geocode":"street","_contour":"typical","floor_area_m2":18889,"levels":17},"geometry":{"type":"Polygon","coordinates":[[[43.9083389,56.3406432],[43.9082507,56.3405081],[43.9093068,56.3402955],[43.9093949,56.3404306],[43.9083389,56.3406432]]]}},
{"type":"Feature","properties":{"object_type":"oks_future","_source":"inferred","heat_load":0.9967,"flow_tph":12.458,"_load_source":"scheme","_ref":"Схема теплоснабжения г. Н. Новгорода до 2030 г. (актуализация на 2026 г.), шифр 22401, Обосновывающие материалы, Гл. 2 Прил. 1 Ч. 3, табл. 2.1 «Прогноз ввода строений различного назначения … до 2030 года»","_item":558,"_name":"КРТ по ул. Бурнаковская в Московском районе г. Н. Новгорода","_scheme_source":"Сормовская ТЭЦ","_district":"Московский район","_year":2030,"_address":"Бурнаковская улица","_geocode":"street","_contour":"typical","floor_area_m2":18889,"levels":17},"geometry":{"type":"Polygon","coordinates":[[[43.9151922,56.3400339],[43.915104,56.3398988],[43.91616,56.3396861],[43.9162482,56.3398213],[43.9151922,56.3400339]]]}},
{"type":"Feature","properties":{"object_type":"oks_future","_source":"inferred","heat_load":0.9967,"flow_tph":12.458,"_load_source":"scheme","_ref":"Схема теплоснабжения г. Н. Новгорода до 2030 г. (актуализация на 2026 г.), шифр 22401, Обосновывающие материалы, Гл. 2 Прил. 1 Ч. 3, табл. 2.1 «Прогноз ввода строений различного назначения … до 2030 года»","_item":558,"_name":"КРТ по ул. Бурнаковская в Московском районе г. Н. Новгорода","_scheme_source":"Сормовская ТЭЦ","_district":"Московский район","_year":2030,"_address":"Бурнаковская улица","_geocode":"street","_contour":"typical","floor_area_m2":18889,"levels":17},"geometry":{"type":"Polygon","coordinates":[[[43.9080054,56.3401901],[43.9079172,56.3400549],[43.9089733,56.3398424],[43.9090615,56.3399775],[43.9080054,56.3401901]]]}},
{"type":"Feature","properties":{"object_type":"oks_future","_source":"inferred","heat_load":0.9967,"flow_tph":12.458,"_load_source":"scheme","_ref":"Схема теплоснабжения г. Н. Новгорода до 2030 г. (актуализация на 2026 г.), шифр 22401, Обосновывающие материалы, Гл. 2 Прил. 1 Ч. 3, табл. 2.1 «Прогноз ввода строений различного назначения … до 2030 года»","_item":558,"_name":"КРТ по ул. Бурнаковская в Московском районе г. Н. Новгорода","_scheme_source":"Сормовская ТЭЦ","_district":"Московский район","_year":2030,"_address":"Бурнаковская улица","_geocode":"street","_contour":"typical","floor_area_m2":18889,"levels":17},"geometry":{"type":"Polygon","coordinates":[[[43.9082193,56.3416122],[43.9081312,56.341477],[43.9091873,56.3412645],[43.9092755,56.3413996],[43.9082193,56.3416122]]]}},
{"type":"Feature","properties":{"object_type":"oks_future","_source":"inferred","heat_load":0.9967,"flow_tph":12.458,"_load_source":"scheme","_ref":"Схема теплоснабжения г. Н. Новгорода до 2030 г. (актуализация на 2026 г.), шифр 22401, Обосновывающие материалы, Гл. 2 Прил. 1 Ч. 3, табл. 2.1 «Прогноз ввода строений различного назначения … до 2030 года»","_item":558,"_name":"КРТ по ул. Бурнаковская в Московском районе г. Н. Новгорода","_scheme_source":"Сормовская ТЭЦ","_district":"Московский район","_year":2030,"_address":"Бурнаковская улица","_geocode":"street","_contour":"typical","floor_area_m2":18889,"levels":17},"geometry":{"type":"Polygon","coordinates":[[[43.9155296,56.3396111],[43.9154414,56.3394759],[43.9164974,56.3392633],[43.9165856,56.3393984],[43.9155296,56.3396111]]]}},
{"type":"Feature","properties":{"object_type":"oks_future","_source":"inferred","heat_load":0.9967,"flow_tph":12.458,"_load_source":"scheme","_ref":"Схема теплоснабжения г. Н. Новгорода до 2030 г. (актуализация на 2026 г.), шифр 22401, Обосновывающие материалы, Гл. 2 Прил. 1 Ч. 3, табл. 2.1 «Прогноз ввода строений различного назначения … до 2030 года»","_item":558,"_name":"КРТ по ул. Бурнаковская в Московском районе г. Н. Новгорода","_scheme_source":"Сормовская ТЭЦ","_district":"Московский район","_year":2030,"_address":"Бурнаковская улица","_geocode":"street","_contour":"typical","floor_area_m2":18889,"levels":17},"geometry":{"type":"Polygon","coordinates":[[[43.9153468,56.339216],[43.9152586,56.3390808],[43.9163146,56.3388682],[43.9164028,56.3390033],[43.9153468,56.339216]]]}},
{"type":"Feature","properties":{"object_type":"oks_future","_source":"inferred","heat_load":0.9967,"flow_tph":12.458,"_load_source":"scheme","_ref":"Схема теплоснабжения г. Н. Новгорода до 2030 г. (актуализация на 2026 г.), шифр 22401, Обосновывающие материалы, Гл. 2 Прил. 1 Ч. 3, табл. 2.1 «Прогноз ввода строений различного назначения … до 2030 года»","_item":558,"_name":"КРТ по ул. Бурнаковская в Московском районе г. Н. Новгорода","_scheme_source":"Сормовская ТЭЦ","_district":"Московский район","_year":2030,"_address":"Бурнаковская улица","_geocode":"street","_contour":"typical","floor_area_m2":18889,"levels":17},"geometry":{"type":"Polygon","coordinates":[[[43.908902,56.3419035],[43.9091453,56.3418546],[43.9095281,56.3424411],[43.9092848,56.3424901],[43.908902,56.3419035]]]}},
{"type":"Feature","properties":{"object_type":"oks_future","_source":"inferred","heat_load":0.9967,"flow_tph":12.458,"_load_source":"scheme","_ref":"Схема теплоснабжения г. Н. Новгорода до 2030 г. (актуализация на 2026 г.), шифр 22401, Обосновывающие материалы, Гл. 2 Прил. 1 Ч. 3, табл. 2.1 «Прогноз ввода строений различного назначения … до 2030 года»","_item":558,"_name":"КРТ по ул. Бурнаковская в Московском районе г. Н. Новгорода","_scheme_source":"Сормовская ТЭЦ","_district":"Московский район","_year":2030,"_address":"Бурнаковская улица","_geocode":"street","_contour":"typical","floor_area_m2":18889,"levels":17},"geometry":{"type":"Polygon","coordinates":[[[43.9107662,56.3377355],[43.9110095,56.3376865],[43.9113923,56.3382731],[43.911149,56.338322],[43.9107662,56.3377355]]]}},
{"type":"Feature","properties":{"object_type":"oks_future","_source":"inferred","heat_load":0.9967,"flow_tph":12.458,"_load_source":"scheme","_ref":"Схема теплоснабжения г. Н. Новгорода до 2030 г. (актуализация на 2026 г.), шифр 22401, Обосновывающие материалы, Гл. 2 Прил. 1 Ч. 3, табл. 2.1 «Прогноз ввода строений различного назначения … до 2030 года»","_item":558,"_name":"КРТ по ул. Бурнаковская в Московском районе г. Н. Новгорода","_scheme_source":"Сормовская ТЭЦ","_district":"Московский район","_year":2030,"_address":"Бурнаковская улица","_geocode":"street","_contour":"typical","floor_area_m2":18889,"levels":17},"geometry":{"type":"Polygon","coordinates":[[[43.9095646,56.3383001],[43.9094764,56.338165],[43.9105324,56.3379524],[43.9106206,56.3380875],[43.9095646,56.3383001]]]}},
{"type":"Feature","properties":{"object_type":"oks_future","_source":"inferred","heat_load":0.0159,"flow_tph":0.199,"_load_source":"scheme","_ref":"Схема теплоснабжения г. Н. Новгорода до 2030 г. (актуализация на 2026 г.), шифр 22401, Обосновывающие материалы, Гл. 2 Прил. 1 Ч. 3, табл. 2.1 «Прогноз ввода строений различного назначения … до 2030 года»","_item":559,"_name":"Здание детского сада МБДОУ \"Детский сад № 302\" (ул. Черняховского, 14а)","_scheme_source":"ул. Баранова, 11","_district":"Московский район","_year":2025,"_address":"улица Черняховского, 14а","_geocode":"at","_contour":"typical","floor_area_m2":159,"levels":1},"geometry":{"type":"Polygon","coordinates":[[[43.8437163,56.3370862],[43.8437855,56.3370021],[43.8440127,56.3370598],[43.8439434,56.3371439],[43.8437163,56.3370862]]]}},
{"type":"Feature","properties":{"object_type":"oks_future","_source":"inferred","heat_load":0.036,"flow_tph":0.45,"_load_source":"scheme","_ref":"Схема теплоснабжения г. Н. Новгорода до 2030 г. (актуализация на 2026 г.), шифр 22401, Обосновывающие материалы, Гл. 2 Прил. 1 Ч. 3, табл. 2.1 «Прогноз ввода строений различного назначения … до 2030 года»","_item":560,"_name":"Магазин по ул. Мечникова, рядом с домом № 75","_scheme_source":"ул. Баранова, 11","_district":"Московский район","_year":2026,"_address":"улица Мечникова, 75","_geocode":"near","_contour":"typical","floor_area_m2":300,"levels":1},"geometry":{"type":"Polygon","coordinates":[[[43.8392662,56.3384206],[43.8390588,56.338367],[43.8392034,56.3381942],[43.8394109,56.3382478],[43.8392662,56.3384206]]]}},
{"type":"Feature","properties":{"object_type":"oks_future","_source":"inferred","heat_load":0.6353,"flow_tph":7.942,"_load_source":"scheme","_ref":"Схема теплоснабжения г. Н. Новгорода до 2030 г. (актуализация на 2026 г.), шифр 22401, Обосновывающие материалы, Гл. 2 Прил. 1 Ч. 3, табл. 2.1 «Прогноз ввода строений различного назначения … до 2030 года»","_item":561,"_name":"многоквартирный жилой дом (№1 по генплану) по ул. Кошелева, между д. 13 и 17","_scheme_source":"ул. Гастелло, 1-а","_district":"Московский район","_year":2027,"_address":"ул. Гастелло, 1-а","_geocode":"source","_contour":"typical","floor_area_m2":14983,"levels":17},"geometry":{"type":"Polygon","coordinates":[[[43.890836,56.316579],[43.8908192,56.3167225],[43.8899306,56.3166904],[43.8899474,56.316547],[43.890836,56.316579]]]}},
{"type":"Feature","properties":{"object_type":"oks_future","_source":"inferred","heat_load":0.6353,"flow_tph":7.942,"_load_source":"scheme","_ref":"Схема теплоснабжения г. Н. Новгорода до 2030 г. (актуализация на 2026 г.), шифр 22401, Обосновывающие материалы, Гл. 2 Прил. 1 Ч. 3, табл. 2.1 «Прогноз ввода строений различного назначения … до 2030 года»","_item":561,"_name":"многоквартирный жилой дом (№1 по генплану) по ул. Кошелева, между д. 13 и 17","_scheme_source":"ул. Гастелло, 1-а","_district":"Московский район","_year":2027,"_address":"ул. Гастелло, 1-а","_geocode":"source","_contour":"typical","floor_area_m2":14983,"levels":17},"geometry":{"type":"Polygon","coordinates":[[[43.8885725,56.3158817],[43.8885558,56.3160251],[43.8876672,56.315993],[43.8876839,56.3158496],[43.8885725,56.3158817]]]}},
{"type":"Feature","properties":{"object_type":"oks_future","_source":"inferred","heat_load":0.6353,"flow_tph":7.942,"_load_source":"scheme","_ref":"Схема теплоснабжения г. Н. Новгорода до 2030 г. (актуализация на 2026 г.), шифр 22401, Обосновывающие материалы, Гл. 2 Прил. 1 Ч. 3, табл. 2.1 «Прогноз ввода строений различного назначения … до 2030 года»","_item":561,"_name":"многоквартирный жилой дом (№1 по генплану) по ул. Кошелева, между д. 13 и 17","_scheme_source":"ул. Гастелло, 1-а","_district":"Московский район","_year":2027,"_address":"ул. Гастелло, 1-а","_geocode":"source","_contour":"typical","floor_area_m2":14983,"levels":17},"geometry":{"type":"Polygon","coordinates":[[[43.8885448,56.3156242],[43.8885281,56.3157677],[43.8876395,56.3157356],[43.8876562,56.3155921],[43.8885448,56.3156242]]]}},
{"type":"Feature","properties":{"object_type":"oks_future","_source":"real","heat_load":1.2153,"flow_tph":15.191,"_load_source":"scheme","_ref":"Схема теплоснабжения г. Н. Новгорода до 2030 г. (актуализация на 2026 г.), шифр 22401, Обосновывающие материалы, Гл. 2 Прил. 1 Ч. 3, табл. 2.1 «Прогноз ввода строений различного назначения … до 2030 года»","_item":562,"_name":"Проект планировки территории в границах улиц Березовская, Николая Гастелло, проспекта Героев, Московское шоссе и проекта межевания территории в границах улиц Березовская, Дежнева, им. Кошелева П.Л. в Московском районе г. Нижнего Новгорода. Автостоянка закрытого типа №69","_scheme_source":"ул. Гастелло, 1-а","_district":"Московский район","_year":2027,"_address":"в границах Берёзовская улица, улица Николая Гастелло, проспект Героев, Московское шоссе, улица Дежнёва, улица Героя Кошелева","_geocode":"streets","_contour":"osm_construction","floor_area_m2":7310,"levels":5,"_osm":"w542155422"},"geometry":{"type":"Polygon","coordinates":[[[43.8844964,56.3190422],[43.8847659,56.3190535],[43.884774,56.3189936],[43.8845046,56.3189823],[43.8844964,56.3190422]]]}},
{"type":"Feature","properties":{"object_type":"oks_future","_source":"inferred","heat_load":0.1696,"flow_tph":2.12,"_load_source":"scheme","_ref":"Схема теплоснабжения г. Н. Новгорода до 2030 г. (актуализация на 2026 г.), шифр 22401, Обосновывающие материалы, Гл. 2 Прил. 1 Ч. 3, табл. 2.1 «Прогноз ввода строений различного назначения … до 2030 года»","_item":563,"_name":"Проект планировки территории в границах улиц Березовская, Николая Гастелло, проспекта Героев, Московское шоссе и проекта межевания территории в границах улиц Березовская, Дежнева, им. Кошелева П.Л. в Московском районе г. Нижнего Новгорода. Здание ДОО (детсад на 115 мест) №64","_scheme_source":"ул. Гастелло, 1-а","_district":"Московский район","_year":2029,"_address":"в границах Берёзовская улица, улица Николая Гастелло, проспект Героев, Московское шоссе, улица Дежнёва, улица Героя Кошелева","_geocode":"streets","_contour":"typical","floor_area_m2":1300,"levels":3},"geometry":{"type":"Polygon","coordinates":[[[43.8867583,56.3154813],[43.8867404,56.3156337],[43.8863292,56.3156187],[43.8863471,56.3154664],[43.8867583,56.3154813]]]}},
{"type":"Feature","properties":{"object_type":"oks_future","_source":"inferred","heat_load":0.8644,"flow_tph":10.805,"_load_source":"scheme","_ref":"Схема теплоснабжения г. Н. Новгорода до 2030 г. (актуализация на 2026 г.), шифр 22401, Обосновывающие материалы, Гл. 2 Прил. 1 Ч. 3, табл. 2.1 «Прогноз ввода строений различного назначения … до 2030 года»","_item":564,"_name":"Проект планировки территории в границах улиц Березовская, Николая Гастелло, проспекта Героев, Московское шоссе и проекта межевания территории в границах улиц Березовская, Дежнева, им. Кошелева П.Л. в Московском районе г. Нижнего Новгорода. Многоквартирный дом №57/1","_scheme_source":"ул. Гастелло, 1-а","_district":"Московский район","_year":2027,"_address":"в границах Берёзовская улица, улица Николая Гастелло, проспект Героев, Московское шоссе, улица Дежнёва, улица Героя Кошелева","_geocode":"streets","_contour":"typical","floor_area_m2":9330,"levels":12},"geometry":{"type":"Polygon","coordinates":[[[43.8883587,56.3150568],[43.8883419,56.3152002],[43.887558,56.3151717],[43.8875749,56.3150283],[43.8883587,56.3150568]]]}},
{"type":"Feature","properties":{"object_type":"oks_future","_source":"inferred","heat_load":1.1069,"flow_tph":13.836,"_load_source":"scheme","_ref":"Схема теплоснабжения г. Н. Новгорода до 2030 г. (актуализация на 2026 г.), шифр 22401, Обосновывающие материалы, Гл. 2 Прил. 1 Ч. 3, табл. 2.1 «Прогноз ввода строений различного назначения … до 2030 года»","_item":565,"_name":"Проект планировки территории в границах улиц Березовская, Николая Гастелло, проспекта Героев, Московское шоссе и проекта межевания территории в границах улиц Березовская, Дежнева, им. Кошелева П.Л. в Московском районе г. Нижнего Новгорода. Многоквартирный дом №57/2","_scheme_source":"ул. Гастелло, 1-а","_district":"Московский район","_year":2030,"_address":"в границах Берёзовская улица, улица Николая Гастелло, проспект Героев, Московское шоссе, улица Дежнёва, улица Героя Кошелева","_geocode":"streets","_contour":"typical","floor_area_m2":11880,"levels":12},"geometry":{"type":"Polygon","coordinates":[[[43.8855881,56.3187713],[43.88533,56.3187619],[43.8853953,56.3182072],[43.8856534,56.3182166],[43.8855881,56.3187713]]]}},
{"type":"Feature","properties":{"object_type":"oks_future","_source":"inferred","heat_load":0.8644,"flow_tph":10.805,"_load_source":"scheme","_ref":"Схема теплоснабжения г. Н. Новгорода до 2030 г. (актуализация на 2026 г.), шифр 22401, Обосновывающие материалы, Гл. 2 Прил. 1 Ч. 3, табл. 2.1 «Прогноз ввода строений различного назначения … до 2030 года»","_item":566,"_name":"Проект планировки территории в границах улиц Березовская, Николая Гастелло, проспекта Героев, Московское шоссе и проекта межевания территории в границах улиц Березовская, Дежнева, им. Кошелева П.Л. в Московском районе г. Нижнего Новгорода. Многоквартирный дом №58/1","_scheme_source":"ул. Гастелло, 1-а","_district":"Московский район","_year":2028,"_address":"в границах Берёзовская улица, улица Николая Гастелло, проспект Героев, Московское шоссе, улица Дежнёва, улица Героя Кошелева","_geocode":"streets","_contour":"typical","floor_area_m2":9330,"levels":12},"geometry":{"type":"Polygon","coordinates":[[[43.8908751,56.3168738],[43.8908583,56.3170173],[43.8900744,56.3169888],[43.8900912,56.3168454],[43.8908751,56.3168738]]]}},
{"type":"Feature","properties":{"object_type":"oks_future","_source":"inferred","heat_load":0.3684,"flow_tph":4.605,"_load_source":"scheme","_ref":"Схема теплоснабжения г. Н. Новгорода до 2030 г. (актуализация на 2026 г.), шифр 22401, Обосновывающие материалы, Гл. 2 Прил. 1 Ч. 3, табл. 2.1 «Прогноз ввода строений различного назначения … до 2030 года»","_item":567,"_name":"Проект планировки территории в границах улиц Березовская, Николая Гастелло, проспекта Героев, Московское шоссе и проекта межевания территории в границах улиц Березовская, Дежнева, им. Кошелева П.Л. в Московском районе г. Нижнего Новгорода. Многоквартирный дом, с помещениями коммунально-бытового назначения и подземной автостоянкой №67","_scheme_source":"ул. Гастелло, 1-а","_district":"Московский район","_year":2027,"_address":"в границах Берёзовская улица, улица Николая Гастелло, проспект Героев, Московское шоссе, улица Дежнёва, улица Героя Кошелева, Коммунальная улица","_geocode":"streets","_contour":"typical","floor_area_m2":6500,"levels":12},"geometry":{"type":"Polygon","coordinates":[[[43.8865654,56.3178129],[43.8865542,56.3179565],[43.8860074,56.3179433],[43.8860186,56.3177997],[43.8865654,56.3178129]]]}},
{"type":"Feature","properties":{"object_type":"oks_future","_source":"inferred","heat_load":0.7184,"flow_tph":8.98,"_load_source":"scheme","_ref":"Схема теплоснабжения г. Н. Новгорода до 2030 г. (актуализация на 2026 г.), шифр 22401, Обосновывающие материалы, Гл. 2 Прил. 1 Ч. 3, табл. 2.1 «Прогноз ввода строений различного назначения … до 2030 года»","_item":568,"_name":"Проект планировки территории в границах улиц Березовская, Николая Гастелло, проспекта Героев, Московское шоссе и проекта межевания территории в границах улиц Березовская, Дежнева, им. Кошелева П.Л. в Московском районе г. Нижнего Новгорода. Многоквартирный дом, с помещениями коммунально-бытового назначения и подземной автостоянкой №68","_scheme_source":"ул. Гастелло, 1-а","_district":"Московский район","_year":2029,"_address":"в границах Берёзовская улица, улица Николая Гастелло, проспект Героев, Московское шоссе, улица Дежнёва, улица Героя Кошелева, Коммунальная улица","_geocode":"streets","_contour":"typical","floor_area_m2":13030,"levels":17},"geometry":{"type":"Polygon","coordinates":[[[43.8848052,56.3183018],[43.8850636,56.318308],[43.8850302,56.318738],[43.8847718,56.3187318],[43.8848052,56.3183018]]]}},
{"type":"Feature","properties":{"object_type":"oks_future","_source":"inferred","heat_load":0.3159,"flow_tph":3.949,"_load_source":"scheme","_ref":"Схема теплоснабжения г. Н. Новгорода до 2030 г. (актуализация на 2026 г.), шифр 22401, Обосновывающие материалы, Гл. 2 Прил. 1 Ч. 3, табл. 2.1 «Прогноз ввода строений различного назначения … до 2030 года»","_item":569,"_name":"Проект планировки территории в границах улиц Березовская, Николая Гастелло, проспекта Героев, Московское шоссе и проекта межевания территории в границах улиц Березовская, Дежнева, им. Кошелева П.Л. в Московском районе г. Нижнего Новгорода. Многоквартирный дом, с размещением помещений коммунально-бытового назнач., кабинетов врачей общей практики и подземной автостоянкой №65","_scheme_source":"ул. Гастелло, 1-а","_district":"Московский район","_year":2028,"_address":"в границах Берёзовская улица, улица Николая Гастелло, проспект Героев, Московское шоссе, улица Дежнёва, улица Героя Кошелева, Коммунальная улица","_geocode":"streets","_contour":"typical","floor_area_m2":4900,"levels":9},"geometry":{"type":"Polygon","coordinates":[[[43.8882758,56.3170666],[43.8882646,56.3172102],[43.8877151,56.317197],[43.8877262,56.3170534],[43.8882758,56.3170666]]]}},
{"type":"Feature","properties":{"object_type":"oks_future","_source":"inferred","heat_load":0.3159,"flow_tph":3.949,"_load_source":"scheme","_ref":"Схема теплоснабжения г. Н. Новгорода до 2030 г. (актуализация на 2026 г.), шифр 22401, Обосновывающие материалы, Гл. 2 Прил. 1 Ч. 3, табл. 2.1 «Прогноз ввода строений различного назначения … до 2030 года»","_item":570,"_name":"Проект планировки территории в границах улиц Березовская, Николая Гастелло, проспекта Героев, Московское шоссе и проекта межевания территории в границах улиц Березовская, Дежнева, им. Кошелева П.Л. в Московском районе г. Нижнего Новгорода. Многоквартирный дом, с размещением помещений обществ. назначения, раздаточного пункта молочной кухни, приемного пункта прачечной и химчистки и подземной автостоянкой №66","_scheme_source":"ул. Гастелло, 1-а","_district":"Московский район","_year":2028,"_address":"в границах Берёзовская улица, улица Николая Гастелло, проспект Героев, Московское шоссе, улица Дежнёва, улица Героя Кошелева","_geocode":"streets","_contour":"typical","floor_area_m2":4900,"levels":9},"geometry":{"type":"Polygon","coordinates":[[[43.8842224,56.3175607],[43.8842055,56.3177041],[43.8836566,56.3176842],[43.8836734,56.3175407],[43.8842224,56.3175607]]]}},
{"type":"Feature","properties":{"object_type":"oks_future","_source":"inferred","heat_load":0.2027,"flow_tph":2.534,"_load_source":"scheme","_ref":"Схема теплоснабжения г. Н. Новгорода до 2030 г. (актуализация на 2026 г.), шифр 22401, Обосновывающие материалы, Гл. 2 Прил. 1 Ч. 3, табл. 2.1 «Прогноз ввода строений различного назначения … до 2030 года»","_item":571,"_name":"Проект планировки территории в границах улиц Березовская, Николая Гастелло, проспекта Героев, Московское шоссе и проекта межевания территории в границах улиц Березовская, Дежнева, им. Кошелева П.Л. в Московском районе г. Нижнего Новгорода. Подземная гараж-стоянка №71","_scheme_source":"ул. Гастелло, 1-а","_district":"Московский район","_year":2029,"_address":"в границах Берёзовская улица, улица Николая Гастелло, проспект Героев, Московское шоссе, улица Дежнёва, улица Героя Кошелева","_geocode":"streets","_contour":"typical","floor_area_m2":3000,"levels":3},"geometry":{"type":"Polygon","coordinates":[[[43.8845502,56.3186251],[43.8841336,56.3186099],[43.8841745,56.3182627],[43.884591,56.3182779],[43.8845502,56.3186251]]]}},
{"type":"Feature","properties":{"object_type":"oks_future","_source":"inferred","heat_load":0.426,"flow_tph":5.325,"_load_source":"scheme","_ref":"Схема теплоснабжения г. Н. Новгорода до 2030 г. (актуализация на 2026 г.), шифр 22401, Обосновывающие материалы, Гл. 2 Прил. 1 Ч. 3, табл. 2.1 «Прогноз ввода строений различного назначения … до 2030 года»","_item":572,"_name":"Проект планировки территории в границах улиц Березовская, Николая Гастелло, проспекта Героев, Московское шоссе и проекта межевания территории в границах улиц Березовская, Дежнева, им. Кошелева П.Л. в Московском районе г. Нижнего Новгорода. Подземная гараж-стоянка №72","_scheme_source":"ул. Гастелло, 1-а","_district":"Московский район","_year":2029,"_address":"в границах Берёзовская улица, улица Николая Гастелло, проспект Героев, Московское шоссе, улица Дежнёва, улица Героя Кошелева","_geocode":"streets","_contour":"typical","floor_area_m2":6440,"levels":5},"geometry":{"type":"Polygon","coordinates":[[[43.8820155,56.3171718],[43.8815428,56.3171546],[43.8815892,56.3167605],[43.8820619,56.3167777],[43.8820155,56.3171718]]]}},
{"type":"Feature","properties":{"object_type":"oks_future","_source":"inferred","heat_load":0.1826,"flow_tph":2.283,"_load_source":"scheme","_ref":"Схема теплоснабжения г. Н. Новгорода до 2030 г. (актуализация на 2026 г.), шифр 22401, Обосновывающие материалы, Гл. 2 Прил. 1 Ч. 3, табл. 2.1 «Прогноз ввода строений различного назначения … до 2030 года»","_item":573,"_name":"Проект планировки территории в границах улиц Березовская, Николая Гастелло, проспекта Героев, Московское шоссе и проекта межевания территории в границах улиц Березовская, Дежнева, им. Кошелева П.Л. в Московском районе г. Нижнего Новгорода. Полуподземная гараж-стоянка №73","_scheme_source":"ул. Гастелло, 1-а","_district":"Московский район","_year":2028,"_address":"в границах Берёзовская улица, улица Николая Гастелло, проспект Героев, Московское шоссе, улица Дежнёва, улица Героя Кошелева","_geocode":"streets","_contour":"typical","floor_area_m2":1240,"levels":3},"geometry":{"type":"Polygon","coordinates":[[[43.8910606,56.3173849],[43.8907928,56.3173751],[43.890819,56.3171519],[43.8910868,56.3171616],[43.8910606,56.3173849]]]}},
{"type":"Feature","properties":{"object_type":"oks_future","_source":"inferred","heat_load":0.0218,"flow_tph":0.273,"_load_source":"scheme","_ref":"Схема теплоснабжения г. Н. Новгорода до 2030 г. (актуализация на 2026 г.), шифр 22401, Обосновывающие материалы, Гл. 2 Прил. 1 Ч. 3, табл. 2.1 «Прогноз ввода строений различного назначения … до 2030 года»","_item":575,"_name":"Капитальный ремонт здания филиала МБУК \"Музейно- выставочный центр \"Микула\" Центр культуры и досуга \"Искра\" (п. Березовая Пойма, ул. Лучистая, 10)","_scheme_source":"Чернореченская, 1/1","_district":"Московский район","_year":2025,"_address":"Лучистая улица, 10","_geocode":"at","_contour":"typical","floor_area_m2":218,"levels":1},"geometry":{"type":"Polygon","coordinates":[[[43.6189529,56.3372315],[43.6188083,56.3371588],[43.6190044,56.3370383],[43.6191491,56.337111],[43.6189529,56.3372315]]]}},
{"type":"Feature","properties":{"object_type":"oks_future","_source":"inferred","heat_load":0.5551,"flow_tph":6.939,"_load_source":"scheme","_ref":"Схема теплоснабжения г. Н. Новгорода до 2030 г. (актуализация на 2026 г.), шифр 22401, Обосновывающие материалы, Гл. 2 Прил. 1 Ч. 3, табл. 2.1 «Прогноз ввода строений различного назначения … до 2030 года»","_item":576,"_name":"Амбулаторно- поликлиническое учреждение без стационара по адресу южнее д.51 по ул. Патриотов","_scheme_source":"Автозаводская ТЭЦ","_district":"Автозаводский район","_year":2025,"_address":"Южное шоссе, 51","_geocode":"at","_contour":"typical","floor_area_m2":1200,"levels":3},"geometry":{"type":"Polygon","coordinates":[[[43.8723577,56.2309058],[43.8725729,56.2309904],[43.8723451,56.2311702],[43.8721299,56.2310856],[43.8723577,56.2309058]]]}},
{"type":"Feature","properties":{"object_type":"oks_future","_source":"inferred","heat_load":0.58,"flow_tph":7.25,"_load_source":"scheme","_ref":"Схема теплоснабжения г. Н. Новгорода до 2030 г. (актуализация на 2026 г.), шифр 22401, Обосновывающие материалы, Гл. 2 Прил. 1 Ч. 3, табл. 2.1 «Прогноз ввода строений различного назначения … до 2030 года»","_item":577,"_name":"Кафе \"Лас Вегас\" (пристрой 2 этажа+цоколь) ул.Лескова, д.60А","_scheme_source":"Автозаводская ТЭЦ","_district":"Автозаводский район","_year":2025,"_address":"Лесная улица, 60А","_geocode":"at","_contour":"typical","floor_area_m2":2500,"levels":3},"geometry":{"type":"Polygon","coordinates":[[[43.8489352,56.230699],[43.848724,56.2308751],[43.8482498,56.2306986],[43.848461,56.2305225],[43.8489352,56.230699]]]}},
{"type":"Feature","properties":{"object_type":"oks_future","_source":"inferred","heat_load":0.103,"flow_tph":1.287,"_load_source":"scheme","_ref":"Схема теплоснабжения г. Н. Новгорода до 2030 г. (актуализация на 2026 г.), шифр 22401, Обосновывающие материалы, Гл. 2 Прил. 1 Ч. 3, табл. 2.1 «Прогноз ввода строений различного назначения … до 2030 года»","_item":578,"_name":"Медицинский центр, ул. Коломенская, напротив дома 8Б","_scheme_source":"Автозаводская ТЭЦ","_district":"Автозаводский район","_year":2026,"_address":"Коломенская улица, 8Б","_geocode":"near","_contour":"typical","floor_area_m2":1000,"levels":3},"geometry":{"type":"Polygon","coordinates":[[[43.8384143,56.2344723],[43.8381776,56.2344957],[43.8381146,56.2342979],[43.8383514,56.2342745],[43.8384143,56.2344723]]]}},
{"type":"Feature","properties":{"object_type":"oks_future","_source":"inferred","heat_load":0.7798,"flow_tph":9.748,"_load_source":"scheme","_ref":"Схема теплоснабжения г. Н. Новгорода до 2030 г. (актуализация на 2026 г.), шифр 22401, Обосновывающие материалы, Гл. 2 Прил. 1 Ч. 3, табл. 2.1 «Прогноз ввода строений различного назначения … до 2030 года»","_item":579,"_name":"Многоквартирный дом (№4 по генплану), ул.Коломенская,8А","_scheme_source":"Автозаводская ТЭЦ","_district":"Автозаводский район","_year":2026,"_address":"Коломенская улица, 8А","_geocode":"at","_contour":"typical","floor_area_m2":17300,"levels":17},"geometry":{"type":"Polygon","coordinates":[[[43.8379275,56.2347605],[43.8376734,56.2347856],[43.8374943,56.234223],[43.8377484,56.2341979],[43.8379275,56.2347605]]]}},
{"type":"Feature","properties":{"object_type":"oks_future","_source":"inferred","heat_load":0.19,"flow_tph":2.375,"_load_source":"scheme","_ref":"Схема теплоснабжения г. Н. Новгорода до 2030 г. (актуализация на 2026 г.), шифр 22401, Обосновывающие материалы, Гл. 2 Прил. 1 Ч. 3, табл. 2.1 «Прогноз ввода строений различного назначения … до 2030 года»","_item":580,"_name":"система вентиляции пр-т Ленина, д. 54","_scheme_source":"Автозаводская ТЭЦ","_district":"Автозаводский район","_year":2025,"_address":"проспект Ленина","_geocode":"street","_contour":"typical","floor_area_m2":3130,"levels":3},"geometry":{"type":"Polygon","coordinates":[[[43.8972782,56.2555822],[43.8970347,56.2557765],[43.896511,56.2555732],[43.8967546,56.2553789],[43.8972782,56.2555822]]]}},
{"type":"Feature","properties":{"object_type":"oks_future","_source":"inferred","heat_load":0.9081,"flow_tph":11.351,"_load_source":"scheme","_ref":"Схема теплоснабжения г. Н. Новгорода до 2030 г. (актуализация на 2026 г.), шифр 22401, Обосновывающие материалы, Гл. 2 Прил. 1 Ч. 3, табл. 2.1 «Прогноз ввода строений различного назначения … до 2030 года»","_item":581,"_name":"Комплексная жилая застройка в границах пр.Молодежный, ул.Красноуральская, пр.Ильича, ул.Левитана в Автозаводском районе г.Н.Новгорода: I очередь строительства, Многоквартирный дом со встроенными помещениями общественного назначения и подземной гаражом-стоянкой (№6 по генплану)","_scheme_source":"Автозаводская ТЭЦ","_district":"Автозаводский район","_year":2025,"_address":"в границах Молодёжная аллея, проспект Ильича, Новая улица, улица Новая Стройка, Гаражная улица","_geocode":"streets","_contour":"typical","floor_area_m2":14000,"levels":17},"geometry":{"type":"Polygon","coordinates":[[[43.8186691,56.2244615],[43.8189213,56.2244311],[43.8190972,56.224883],[43.8188451,56.2249134],[43.8186691,56.2244615]]]}},
{"type":"Feature","properties":{"object_type":"oks_future","_source":"inferred","heat_load":0.9081,"flow_tph":11.351,"_load_source":"scheme","_ref":"Схема теплоснабжения г. Н. Новгорода до 2030 г. (актуализация на 2026 г.), шифр 22401, Обосновывающие материалы, Гл. 2 Прил. 1 Ч. 3, табл. 2.1 «Прогноз ввода строений различного назначения … до 2030 года»","_item":581,"_name":"Комплексная жилая застройка в границах пр.Молодежный, ул.Красноуральская, пр.Ильича, ул.Левитана в Автозаводском районе г.Н.Новгорода: I очередь строительства, Многоквартирный дом со встроенными помещениями общественного назначения и подземной гаражом-стоянкой (№6 по генплану)","_scheme_source":"Автозаводская ТЭЦ","_district":"Автозаводский район","_year":2025,"_address":"в границах Молодёжная аллея, проспект Ильича, Новая улица, улица Новая Стройка, Гаражная улица","_geocode":"streets","_contour":"typical","floor_area_m2":14000,"levels":17},"geometry":{"type":"Polygon","coordinates":[[[43.8192496,56.2244671],[43.8195017,56.2244366],[43.8196777,56.2248885],[43.8194255,56.224919],[43.8192496,56.2244671]]]}},
{"type":"Feature","properties":{"object_type":"oks_future","_source":"inferred","heat_load":0.9081,"flow_tph":11.351,"_load_source":"scheme","_ref":"Схема теплоснабжения г. Н. Новгорода до 2030 г. (актуализация на 2026 г.), шифр 22401, Обосновывающие материалы, Гл. 2 Прил. 1 Ч. 3, табл. 2.1 «Прогноз ввода строений различного назначения … до 2030 года»","_item":582,"_name":"Комплексная жилая застройка в границах пр.Молодежный, ул.Красноуральская, пр.Ильича, ул.Левитана в Автозаводском районе г.Н.Новгорода: II очередь строительства, Многоквартирный дом со встроенными помещениями общественного назначения и подземной гаражом-стоянкой (№5 по генплану)","_scheme_source":"Автозаводская ТЭЦ","_district":"Автозаводский район","_year":2028,"_address":"в границах Молодёжная аллея, проспект Ильича, Новая улица, улица Новая Стройка, Гаражная улица","_geocode":"streets","_contour":"typical","floor_area_m2":14000,"levels":17},"geometry":{"type":"Polygon","coordinates":[[[43.8182181,56.2246652],[43.8184702,56.2246347],[43.8186462,56.2250866],[43.818394,56.2251171],[43.8182181,56.2246652]]]}},
{"type":"Feature","properties":{"object_type":"oks_future","_source":"inferred","heat_load":0.9081,"flow_tph":11.351,"_load_source":"scheme","_ref":"Схема теплоснабжения г. Н. Новгорода до 2030 г. (актуализация на 2026 г.), шифр 22401, Обосновывающие материалы, Гл. 2 Прил. 1 Ч. 3, табл. 2.1 «Прогноз ввода строений различного назначения … до 2030 года»","_item":582,"_name":"Комплексная жилая застройка в границах пр.Молодежный, ул.Красноуральская, пр.Ильича, ул.Левитана в Автозаводском районе г.Н.Новгорода: II очередь строительства, Многоквартирный дом со встроенными помещениями общественного назначения и подземной гаражом-стоянкой (№5 по генплану)","_scheme_source":"Автозаводская ТЭЦ","_district":"Автозаводский район","_year":2028,"_address":"в границах Молодёжная аллея, проспект Ильича, Новая улица, улица Новая Стройка, Гаражная улица","_geocode":"streets","_contour":"typical","floor_area_m2":14000,"levels":17},"geometry":{"type":"Polygon","coordinates":[[[43.8188859,56.2241759],[43.8189406,56.2243164],[43.8181294,56.2244144],[43.8180748,56.2242739],[43.8188859,56.2241759]]]}},
{"type":"Feature","properties":{"object_type":"oks_future","_source":"inferred","heat_load":1.296,"flow_tph":16.2,"_load_source":"scheme","_ref":"Схема теплоснабжения г. Н. Новгорода до 2030 г. (актуализация на 2026 г.), шифр 22401, Обосновывающие материалы, Гл. 2 Прил. 1 Ч. 3, табл. 2.1 «Прогноз ввода строений различного назначения … до 2030 года»","_item":583,"_name":"Общеобразовательная школа на 1100 мест на улице Космической (в районе домов №24, 32) в микрорайоне Мончегорский города Нижнего Новгорода","_scheme_source":"Автозаводская ТЭЦ","_district":"Автозаводский район","_year":2025,"_address":"в границах Космическая улица, Мончегорская улица, Нижняя улица, Новая улица","_geocode":"streets","_contour":"typical","floor_area_m2":10000,"levels":5},"geometry":{"type":"Polygon","coordinates":[[[43.8247735,56.2189441],[43.8249056,56.2192638],[43.824045,56.2193742],[43.8239128,56.2190545],[43.8247735,56.2189441]]]}},
{"type":"Feature","properties":{"object_type":"oks_future","_source":"inferred","heat_load":0.137,"flow_tph":1.713,"_load_source":"scheme","_ref":"Схема теплоснабжения г. Н. Новгорода до 2030 г. (актуализация на 2026 г.), шифр 22401, Обосновывающие материалы, Гл. 2 Прил. 1 Ч. 3, табл. 2.1 «Прогноз ввода строений различного назначения … до 2030 года»","_item":584,"_name":"Комплексная жилая застройка в границах пр.Молодежный, ул.Красноуральская, пр.Ильича, ул.Левитана в Автозаводском районе г.Н.Новгорода: IV очередь строительства; Многоквартирный дом (№2 по генплану)","_scheme_source":"Автозаводская ТЭЦ","_district":"Автозаводский район","_year":2029,"_address":"в границах Молодёжная аллея, проспект Ильича, Новая улица, улица Новая Стройка","_geocode":"streets","_contour":"typical","floor_area_m2":5300,"levels":9},"geometry":{"type":"Polygon","coordinates":[[[43.7904717,56.2360975],[43.7905972,56.2362231],[43.7900784,56.2363839],[43.7899529,56.2362582],[43.7904717,56.2360975]]]}},
{"type":"Feature","properties":{"object_type":"oks_future","_source":"inferred","heat_load":0.137,"flow_tph":1.713,"_load_source":"scheme","_ref":"Схема теплоснабжения г. Н. Новгорода до 2030 г. (актуализация на 2026 г.), шифр 22401, Обосновывающие материалы, Гл. 2 Прил. 1 Ч. 3, табл. 2.1 «Прогноз ввода строений различного назначения … до 2030 года»","_item":585,"_name":"Комплексная жилая застройка в границах пр.Молодежный, ул.Красноуральская, пр.Ильича, ул.Левитана в Автозаводском районе г.Н.Новгорода: V очередь строительства; Многоквартирный дом (№3 по генплану)","_scheme_source":"Автозаводская ТЭЦ","_district":"Автозаводский район","_year":2029,"_address":"в границах Молодёжная аллея, проспект Ильича, Новая улица, улица Новая Стройка","_geocode":"streets","_contour":"typical","floor_area_m2":5300,"levels":9},"geometry":{"type":"Polygon","coordinates":[[[43.7909099,56.2363097],[43.7910354,56.2364353],[43.7905166,56.2365961],[43.7903911,56.2364705],[43.7909099,56.2363097]]]}},
{"type":"Feature","properties":{"object_type":"oks_future","_source":"inferred","heat_load":2.1852,"flow_tph":27.316,"_load_source":"scheme","_ref":"Схема теплоснабжения г. Н. Новгорода до 2030 г. (актуализация на 2026 г.), шифр 22401, Обосновывающие материалы, Гл. 2 Прил. 1 Ч. 3, табл. 2.1 «Прогноз ввода строений различного назначения … до 2030 года»","_item":586,"_name":"Комплексное развитие территории ул. Космическая","_scheme_source":"Автозаводская ТЭЦ","_district":"Автозаводский район","_year":2026,"_address":"Космическая улица","_geocode":"street","_contour":"typical","floor_area_m2":17500,"levels":17},"geometry":{"type":"Polygon","coordinates":[[[43.8223662,56.228669],[43.8221438,56.2285961],[43.82267,56.2280979],[43.8228924,56.2281708],[43.8223662,56.228669]]]}},
{"type":"Feature","properties":{"object_type":"oks_future","_source":"inferred","heat_load":2.1852,"flow_tph":27.316,"_load_source":"scheme","_ref":"Схема теплоснабжения г. Н. Новгорода до 2030 г. (актуализация на 2026 г.), шифр 22401, Обосновывающие материалы, Гл. 2 Прил. 1 Ч. 3, табл. 2.1 «Прогноз ввода строений различного назначения … до 2030 года»","_item":586,"_name":"Комплексное развитие территории ул. Космическая","_scheme_source":"Автозаводская ТЭЦ","_district":"Автозаводский район","_year":2026,"_address":"Космическая улица","_geocode":"street","_contour":"typical","floor_area_m2":17500,"levels":17},"geometry":{"type":"Polygon","coordinates":[[[43.8217857,56.2286635],[43.8215633,56.2285906],[43.8220895,56.2280924],[43.8223119,56.2281653],[43.8217857,56.2286635]]]}},
{"type":"Feature","properties":{"object_type":"oks_future","_source":"inferred","heat_load":2.1852,"flow_tph":27.316,"_load_source":"scheme","_ref":"Схема теплоснабжения г. Н. Новгорода до 2030 г. (актуализация на 2026 г.), шифр 22401, Обосновывающие материалы, Гл. 2 Прил. 1 Ч. 3, табл. 2.1 «Прогноз ввода строений различного назначения … до 2030 года»","_item":586,"_name":"Комплексное развитие территории ул. Космическая","_scheme_source":"Автозаводская ТЭЦ","_district":"Автозаводский район","_year":2026,"_address":"Космическая улица","_geocode":"street","_contour":"typical","floor_area_m2":17500,"levels":17},"geometry":{"type":"Polygon","coordinates":[[[43.8233219,56.2295113],[43.8230995,56.2294384],[43.8236257,56.2289402],[43.8238481,56.2290131],[43.8233219,56.2295113]]]}},
{"type":"Feature","properties":{"object_type":"oks_future","_source":"inferred","heat_load":2.1852,"flow_tph":27.316,"_load_source":"scheme","_ref":"Схема теплоснабжения г. Н. Новгорода до 2030 г. (актуализация на 2026 г.), шифр 22401, Обосновывающие материалы, Гл. 2 Прил. 1 Ч. 3, табл. 2.1 «Прогноз ввода строений различного назначения … до 2030 года»","_item":586,"_name":"Комплексное развитие территории ул. Космическая","_scheme_source":"Автозаводская ТЭЦ","_district":"Автозаводский район","_year":2026,"_address":"Космическая улица","_geocode":"street","_contour":"typical","floor_area_m2":17500,"levels":17},"geometry":{"type":"Polygon","coordinates":[[[43.8214583,56.2284371],[43.8212359,56.2283642],[43.8217621,56.227866],[43.8219845,56.2279389],[43.8214583,56.2284371]]]}},
{"type":"Feature","properties":{"object_type":"oks_future","_source":"inferred","heat_load":1.001,"flow_tph":12.512,"_load_source":"scheme","_ref":"Схема теплоснабжения г. Н. Новгорода до 2030 г. (актуализация на 2026 г.), шифр 22401, Обосновывающие материалы, Гл. 2 Прил. 1 Ч. 3, табл. 2.1 «Прогноз ввода строений различного назначения … до 2030 года»","_item":587,"_name":"Комплексное развитие территории ул. Прямая","_scheme_source":"Автозаводская ТЭЦ","_district":"Автозаводский район","_year":2025,"_address":"Прямая улица","_geocode":"street","_contour":"typical","floor_area_m2":11000,"levels":12},"geometry":{"type":"Polygon","coordinates":[[[43.8895856,56.2758241],[43.8893978,56.2759228],[43.8887625,56.2755486],[43.8889504,56.2754499],[43.8895856,56.2758241]]]}},
{"type":"Feature","properties":{"object_type":"oks_future","_source":"inferred","heat_load":2.0432,"flow_tph":25.54,"_load_source":"scheme","_ref":"Схема теплоснабжения г. Н. Новгорода до 2030 г. (актуализация на 2026 г.), шифр 22401, Обосновывающие материалы, Гл. 2 Прил. 1 Ч. 3, табл. 2.1 «Прогноз ввода строений различного назначения … до 2030 года»","_item":588,"_name":"Проект планировки и межевания территории ул. Львовская","_scheme_source":"Автозаводская ТЭЦ","_district":"Автозаводский район","_year":2027,"_address":"Львовская улица","_geocode":"street","_contour":"typical","floor_area_m2":16400,"levels":17},"geometry":{"type":"Polygon","coordinates":[[[43.8880727,56.2716041],[43.8882209,56.2714863],[43.8890185,56.2717969],[43.8888703,56.2719147],[43.8880727,56.2716041]]]}},
{"type":"Feature","properties":{"object_type":"oks_future","_source":"inferred","heat_load":2.0432,"flow_tph":25.54,"_load_source":"scheme","_ref":"Схема теплоснабжения г. Н. Новгорода до 2030 г. (актуализация на 2026 г.), шифр 22401, Обосновывающие материалы, Гл. 2 Прил. 1 Ч. 3, табл. 2.1 «Прогноз ввода строений различного назначения … до 2030 года»","_item":588,"_name":"Проект планировки и межевания территории ул. Львовская","_scheme_source":"Автозаводская ТЭЦ","_district":"Автозаводский район","_year":2027,"_address":"Львовская улица","_geocode":"street","_contour":"typical","floor_area_m2":16400,"levels":17},"geometry":{"type":"Polygon","coordinates":[[[43.8866901,56.2708694],[43.8869018,56.2709518],[43.8863435,56.2713956],[43.8861319,56.2713132],[43.8866901,56.2708694]]]}},
{"type":"Feature","properties":{"object_type":"oks_future","_source":"inferred","heat_load":2.0432,"flow_tph":25.54,"_load_source":"scheme","_ref":"Схема теплоснабжения г. Н. Новгорода до 2030 г. (актуализация на 2026 г.), шифр 22401, Обосновывающие материалы, Гл. 2 Прил. 1 Ч. 3, табл. 2.1 «Прогноз ввода строений различного назначения … до 2030 года»","_item":588,"_name":"Проект планировки и межевания территории ул. Львовская","_scheme_source":"Автозаводская ТЭЦ","_district":"Автозаводский район","_year":2027,"_address":"Львовская улица","_geocode":"street","_contour":"typical","floor_area_m2":16400,"levels":17},"geometry":{"type":"Polygon","coordinates":[[[43.8857816,56.2702304],[43.8859297,56.2701126],[43.8867273,56.2704232],[43.8865791,56.270541],[43.8857816,56.2702304]]]}},
{"type":"Feature","properties":{"object_type":"oks_future","_source":"inferred","heat_load":2.0432,"flow_tph":25.54,"_load_source":"scheme","_ref":"Схема теплоснабжения г. Н. Новгорода до 2030 г. (актуализация на 2026 г.), шифр 22401, Обосновывающие материалы, Гл. 2 Прил. 1 Ч. 3, табл. 2.1 «Прогноз ввода строений различного назначения … до 2030 года»","_item":588,"_name":"Проект планировки и межевания территории ул. Львовская","_scheme_source":"Автозаводская ТЭЦ","_district":"Автозаводский район","_year":2027,"_address":"Львовская улица","_geocode":"street","_contour":"typical","floor_area_m2":16400,"levels":17},"geometry":{"type":"Polygon","coordinates":[[[43.8853709,56.272066],[43.8855826,56.2721484],[43.8850243,56.2725922],[43.8848126,56.2725097],[43.8853709,56.272066]]]}},
{"type":"Feature","properties":{"object_type":"oks_future","_source":"inferred","heat_load":2.0432,"flow_tph":25.54,"_load_source":"scheme","_ref":"Схема теплоснабжения г. Н. Новгорода до 2030 г. (актуализация на 2026 г.), шифр 22401, Обосновывающие материалы, Гл. 2 Прил. 1 Ч. 3, табл. 2.1 «Прогноз ввода строений различного назначения … до 2030 года»","_item":588,"_name":"Проект планировки и межевания территории ул. Львовская","_scheme_source":"Автозаводская ТЭЦ","_district":"Автозаводский район","_year":2027,"_address":"Львовская улица","_geocode":"street","_contour":"typical","floor_area_m2":16400,"levels":17},"geometry":{"type":"Polygon","coordinates":[[[43.8856981,56.2727347],[43.8859097,56.2728171],[43.8853514,56.2732609],[43.8851398,56.2731785],[43.8856981,56.2727347]]]}},
{"type":"Feature","properties":{"object_type":"oks_future","_source":"inferred","heat_load":0.6761,"flow_tph":8.451,"_load_source":"scheme","_ref":"Схема теплоснабжения г. Н. Новгорода до 2030 г. (актуализация на 2026 г.), шифр 22401, Обосновывающие материалы, Гл. 2 Прил. 1 Ч. 3, табл. 2.1 «Прогноз ввода строений различного назначения … до 2030 года»","_item":589,"_name":"Многоквартирный дом со встроенными помещениями общественного назначения, ул. Дружаева","_scheme_source":"Автозаводская ТЭЦ","_district":"Автозаводский район","_year":2025,"_address":"Автозаводская ТЭЦ","_geocode":"source","_contour":"typical","floor_area_m2":15000,"levels":17},"geometry":{"type":"Polygon","coordinates":[[[43.8924248,56.2447917],[43.8926382,56.2448726],[43.892137,56.245282],[43.8919237,56.2452011],[43.8924248,56.2447917]]]}},
{"type":"Feature","properties":{"object_type":"oks_future","_source":"inferred","heat_load":0.3,"flow_tph":3.75,"_load_source":"scheme","_ref":"Схема теплоснабжения г. Н. Новгорода до 2030 г. (актуализация на 2026 г.), шифр 22401, Обосновывающие материалы, Гл. 2 Прил. 1 Ч. 3, табл. 2.1 «Прогноз ввода строений различного назначения … до 2030 года»","_item":590,"_name":"Медицинский диагностический центр ул.Дьяконова у жилого дома №13","_scheme_source":"Автозаводская ТЭЦ","_district":"Автозаводский район","_year":2025,"_address":"улица Дьяконова","_geocode":"street","_contour":"typical","floor_area_m2":3000,"levels":3},"geometry":{"type":"Polygon","coordinates":[[[43.875325,56.2609775],[43.875665,56.2611117],[43.8753034,56.2613955],[43.8749634,56.2612614],[43.875325,56.2609775]]]}},
{"type":"Feature","properties":{"object_type":"oks_future","_source":"inferred","heat_load":0.0363,"flow_tph":0.454,"_load_source":"scheme","_ref":"Схема теплоснабжения г. Н. Новгорода до 2030 г. (актуализация на 2026 г.), шифр 22401, Обосновывающие материалы, Гл. 2 Прил. 1 Ч. 3, табл. 2.1 «Прогноз ввода строений различного назначения … до 2030 года»","_item":591,"_name":"Отдельно стоящее здание пр. Молодежный 4А","_scheme_source":"Автозаводская ТЭЦ","_district":"Автозаводский район","_year":2025,"_address":"Молодёжная аллея, 4А","_geocode":"at","_contour":"typical","floor_area_m2":500,"levels":1},"geometry":{"type":"Polygon","coordinates":[[[43.8605822,56.2415651],[43.8608752,56.2415481],[43.860921,56.2417928],[43.860628,56.2418098],[43.8605822,56.2415651]]]}},
{"type":"Feature","properties":{"object_type":"oks_future","_source":"inferred","heat_load":0.4913,"flow_tph":6.141,"_load_source":"scheme","_ref":"Схема теплоснабжения г. Н. Новгорода до 2030 г. (актуализация на 2026 г.), шифр 22401, Обосновывающие материалы, Гл. 2 Прил. 1 Ч. 3, табл. 2.1 «Прогноз ввода строений различного назначения … до 2030 года»","_item":592,"_name":"Здание МСЦ-6 на 5 и 6 цех электронагрева печей по адресу: Нижегородская область, г. Нижний Новгород, пр. Ленина, д.88","_scheme_source":"Автозаводская ТЭЦ","_district":"Автозаводский район","_year":2025,"_address":"в границах Нижегородская улица, Новая улица, проспект Ленина","_geocode":"streets","_contour":"typical","floor_area_m2":3500,"levels":3},"geometry":{"type":"Polygon","coordinates":[[[43.8602036,56.1949921],[43.8604033,56.1952166],[43.8597994,56.1953836],[43.8595997,56.1951591],[43.8602036,56.1949921]]]}},
{"type":"Feature","properties":{"object_type":"oks_future","_source":"inferred","heat_load":0.105,"flow_tph":1.312,"_load_source":"scheme","_ref":"Схема теплоснабжения г. Н. Новгорода до 2030 г. (актуализация на 2026 г.), шифр 22401, Обосновывающие материалы, Гл. 2 Прил. 1 Ч. 3, табл. 2.1 «Прогноз ввода строений различного назначения … до 2030 года»","_item":593,"_name":"нежилые помещения (инв.№10315, №409770) по адресу ул. Героя Советского Союза Поющева, д.10, пом. П1, П2","_scheme_source":"Автозаводская ТЭЦ","_district":"Автозаводский район","_year":2025,"_address":"улица Героя Советского Союза Поющева, 10","_geocode":"at","_contour":"typical","floor_area_m2":800,"levels":3},"geometry":{"type":"Polygon","coordinates":[[[43.8714385,56.2484198],[43.871357,56.2485306],[43.8710583,56.2484625],[43.8711398,56.2483517],[43.8714385,56.2484198]]]}},
{"type":"Feature","properties":{"object_type":"oks_future","_source":"inferred","heat_load":0.713,"flow_tph":8.912,"_load_source":"scheme","_ref":"Схема теплоснабжения г. Н. Новгорода до 2030 г. (актуализация на 2026 г.), шифр 22401, Обосновывающие материалы, Гл. 2 Прил. 1 Ч. 3, табл. 2.1 «Прогноз ввода строений различного назначения … до 2030 года»","_item":594,"_name":"Многоквартирный дом со встроенными помещениями общественного назначения расположенный по адресу: Нижегородская область, город Нижний Новгород, Автозаводский район, ул. Комсомольская, 38А","_scheme_source":"Автозаводская ТЭЦ","_district":"Автозаводский район","_year":2026,"_address":"в границах Нижегородская улица, Новая улица","_geocode":"streets","_contour":"typical","floor_area_m2":15000,"levels":17},"geometry":{"type":"Polygon","coordinates":[[[43.8595186,56.1956831],[43.8592877,56.195747],[43.8588928,56.1953032],[43.8591238,56.1952393],[43.8595186,56.1956831]]]}},
{"type":"Feature","properties":{"object_type":"oks_future","_source":"inferred","heat_load":0.0227,"flow_tph":0.284,"_load_source":"scheme","_ref":"Схема теплоснабжения г. Н. Новгорода до 2030 г. (актуализация на 2026 г.), шифр 22401, Обосновывающие материалы, Гл. 2 Прил. 1 Ч. 3, табл. 2.1 «Прогноз ввода строений различного назначения … до 2030 года»","_item":595,"_name":"Нежилое помещение, ул. Политбойцов, пом.004","_scheme_source":"Автозаводская ТЭЦ","_district":"Автозаводский район","_year":2025,"_address":"улица Политбойцов","_geocode":"street","_contour":"typical","floor_area_m2":200,"levels":1},"geometry":{"type":"Polygon","coordinates":[[[43.8511666,56.2600659],[43.8512704,56.2601521],[43.8510381,56.2602387],[43.8509344,56.2601525],[43.8511666,56.2600659]]]}},
{"type":"Feature","properties":{"object_type":"oks_future","_source":"inferred","heat_load":0.5144,"flow_tph":6.43,"_load_source":"scheme","_ref":"Схема теплоснабжения г. Н. Новгорода до 2030 г. (актуализация на 2026 г.), шифр 22401, Обосновывающие материалы, Гл. 2 Прил. 1 Ч. 3, табл. 2.1 «Прогноз ввода строений различного назначения … до 2030 года»","_item":596,"_name":"православный детский сад, ул. Снежная, 35","_scheme_source":"Автозаводская ТЭЦ","_district":"Автозаводский район","_year":2025,"_address":"Снежная улица, 35","_geocode":"at","_contour":"typical","floor_area_m2":2000,"levels":3},"geometry":{"type":"Polygon","coordinates":[[[43.9103055,56.2739515],[43.9103672,56.2737653],[43.9108694,56.2738168],[43.9108076,56.274003],[43.9103055,56.2739515]]]}},
{"type":"Feature","properties":{"object_type":"oks_future","_source":"inferred","heat_load":0.1461,"flow_tph":1.826,"_load_source":"scheme","_ref":"Схема теплоснабжения г. Н. Новгорода до 2030 г. (актуализация на 2026 г.), шифр 22401, Обосновывающие материалы, Гл. 2 Прил. 1 Ч. 3, табл. 2.1 «Прогноз ввода строений различного назначения … до 2030 года»","_item":597,"_name":"кафе, ул. Переходникова, 29а","_scheme_source":"Автозаводская ТЭЦ","_district":"Автозаводский район","_year":2025,"_address":"Автозаводская ТЭЦ","_geocode":"source","_contour":"typical","floor_area_m2":1000,"levels":3},"geometry":{"type":"Polygon","coordinates":[[[43.8982277,56.2414427],[43.8980922,56.2415534],[43.8977941,56.2414403],[43.8979295,56.2413296],[43.8982277,56.2414427]]]}},
{"type":"Feature","properties":{"object_type":"oks_future","_source":"inferred","heat_load":0.0861,"flow_tph":1.076,"_load_source":"scheme","_ref":"Схема теплоснабжения г. Н. Новгорода до 2030 г. (актуализация на 2026 г.), шифр 22401, Обосновывающие материалы, Гл. 2 Прил. 1 Ч. 3, табл. 2.1 «Прогноз ввода строений различного назначения … до 2030 года»","_item":598,"_name":"Пристрой к зданию, ул. Героя Юрия Смирнова, 1А","_scheme_source":"Автозаводская ТЭЦ","_district":"Автозаводский район","_year":2025,"_address":"улица Героя Юрия Смирнова, 1А","_geocode":"at","_contour":"typical","floor_area_m2":700,"levels":3},"geometry":{"type":"Polygon","coordinates":[[[43.8744905,56.2427801],[43.8743243,56.242717],[43.8744945,56.2425781],[43.8746607,56.2426413],[43.8744905,56.2427801]]]}},
{"type":"Feature","properties":{"object_type":"oks_future","_source":"inferred","heat_load":0.595,"flow_tph":7.438,"_load_source":"scheme","_ref":"Схема теплоснабжения г. Н. Новгорода до 2030 г. (актуализация на 2026 г.), шифр 22401, Обосновывающие материалы, Гл. 2 Прил. 1 Ч. 3, табл. 2.1 «Прогноз ввода строений различного назначения … до 2030 года»","_item":599,"_name":"Здание поликлиники, пристроенное к главному корпусу (Главный корпус), ул. Героя Юрия Смирнова, 71","_scheme_source":"Автозаводская ТЭЦ","_district":"Автозаводский район","_year":2025,"_address":"улица Героя Юрия Смирнова, 71","_geocode":"at","_contour":"typical","floor_area_m2":4000,"levels":3},"geometry":{"type":"Polygon","coordinates":[[[43.8471714,56.2321307],[43.8471634,56.2323985],[43.8464422,56.2323918],[43.8464502,56.232124],[43.8471714,56.2321307]]]}},
{"type":"Feature","properties":{"object_type":"oks_future","_source":"inferred","heat_load":0.411,"flow_tph":5.137,"_load_source":"scheme","_ref":"Схема теплоснабжения г. Н. Новгорода до 2030 г. (актуализация на 2026 г.), шифр 22401, Обосновывающие материалы, Гл. 2 Прил. 1 Ч. 3, табл. 2.1 «Прогноз ввода строений различного назначения … до 2030 года»","_item":600,"_name":"Комплексная жилая застройка в границах пр.Молодежный, ул.Красноуральская, пр.Ильича, ул.Левитана в Автозаводском районе г.Н.Новгорода: III очередь строительства; Многоквартирные дома (№1, №2 и №3 по генплану)","_scheme_source":"Автозаводская ТЭЦ","_district":"Автозаводский район","_year":2028,"_address":"в границах Молодёжная аллея, проспект Ильича, Новая улица, улица Новая Стройка","_geocode":"streets","_contour":"typical","floor_area_m2":10000,"levels":12},"geometry":{"type":"Polygon","coordinates":[[[43.7901411,56.2358519],[43.7902666,56.2359775],[43.7895325,56.236205],[43.7894069,56.2360794],[43.7901411,56.2358519]]]}},
{"type":"Feature","properties":{"object_type":"oks_future","_source":"inferred","heat_load":0.7237,"flow_tph":9.046,"_load_source":"scheme","_ref":"Схема теплоснабжения г. Н. Новгорода до 2030 г. (актуализация на 2026 г.), шифр 22401, Обосновывающие материалы, Гл. 2 Прил. 1 Ч. 3, табл. 2.1 «Прогноз ввода строений различного назначения … до 2030 года»","_item":601,"_name":"«Многоквартирный дом, расположенный по адресу: г. Нижний Новгород, Автозаводский район, ул. Садовая, около дома №24» ул.Садовая, около дома №24","_scheme_source":"Автозаводская ТЭЦ","_district":"Автозаводский район","_year":2026,"_address":"Новая улица, 24","_geocode":"near","_contour":"typical","floor_area_m2":12000,"levels":17},"geometry":{"type":"Polygon","coordinates":[[[43.7646559,56.2110746],[43.7646513,56.2112183],[43.7639402,56.2112112],[43.7639448,56.2110675],[43.7646559,56.2110746]]]}},
{"type":"Feature","properties":{"object_type":"oks_future","_source":"inferred","heat_load":1.0682,"flow_tph":13.353,"_load_source":"scheme","_ref":"Схема теплоснабжения г. Н. Новгорода до 2030 г. (актуализация на 2026 г.), шифр 22401, Обосновывающие материалы, Гл. 2 Прил. 1 Ч. 3, табл. 2.1 «Прогноз ввода строений различного назначения … до 2030 года»","_item":602,"_name":"Апартаменты, расположенные в границах улиц Юлиуса Фучика, Монастырка в Автозаводском районе города Нижнего Новгорода Юлиуса Фучика, 8","_scheme_source":"Автозаводская ТЭЦ","_district":"Автозаводский район","_year":2027,"_address":"в границах улица Фучика, улица Монастырка, Нижняя улица, Новая улица","_geocode":"streets","_contour":"typical","floor_area_m2":16667,"levels":17},"geometry":{"type":"Polygon","coordinates":[[[43.8746895,56.234665],[43.8744315,56.2346627],[43.8744476,56.2341122],[43.8747057,56.2341146],[43.8746895,56.234665]]]}},
{"type":"Feature","properties":{"object_type":"oks_future","_source":"inferred","heat_load":1.0682,"flow_tph":13.353,"_load_source":"scheme","_ref":"Схема теплоснабжения г. Н. Новгорода до 2030 г. (актуализация на 2026 г.), шифр 22401, Обосновывающие материалы, Гл. 2 Прил. 1 Ч. 3, табл. 2.1 «Прогноз ввода строений различного назначения … до 2030 года»","_item":602,"_name":"Апартаменты, расположенные в границах улиц Юлиуса Фучика, Монастырка в Автозаводском районе города Нижнего Новгорода Юлиуса Фучика, 8","_scheme_source":"Автозаводская ТЭЦ","_district":"Автозаводский район","_year":2027,"_address":"в границах улица Фучика, улица Монастырка, Нижняя улица, Новая улица","_geocode":"streets","_contour":"typical","floor_area_m2":16667,"levels":17},"geometry":{"type":"Polygon","coordinates":[[[43.8747252,56.2365818],[43.8744671,56.2365795],[43.8744833,56.2360291],[43.8747413,56.2360314],[43.8747252,56.2365818]]]}},
{"type":"Feature","properties":{"object_type":"oks_future","_source":"inferred","heat_load":1.0682,"flow_tph":13.353,"_load_source":"scheme","_ref":"Схема теплоснабжения г. Н. Новгорода до 2030 г. (актуализация на 2026 г.), шифр 22401, Обосновывающие материалы, Гл. 2 Прил. 1 Ч. 3, табл. 2.1 «Прогноз ввода строений различного назначения … до 2030 года»","_item":602,"_name":"Апартаменты, расположенные в границах улиц Юлиуса Фучика, Монастырка в Автозаводском районе города Нижнего Новгорода Юлиуса Фучика, 8","_scheme_source":"Автозаводская ТЭЦ","_district":"Автозаводский район","_year":2027,"_address":"в границах улица Фучика, улица Монастырка, Нижняя улица, Новая улица","_geocode":"streets","_contour":"typical","floor_area_m2":16667,"levels":17},"geometry":{"type":"Polygon","coordinates":[[[43.8731263,56.2356396],[43.8731221,56.2357833],[43.8721338,56.2357743],[43.872138,56.2356306],[43.8731263,56.2356396]]]}},
{"type":"Feature","properties":{"object_type":"oks_future","_source":"inferred","heat_load":1.82,"flow_tph":22.75,"_load_source":"scheme","_ref":"Схема теплоснабжения г. Н. Новгорода до 2030 г. (актуализация на 2026 г.), шифр 22401, Обосновывающие материалы, Гл. 2 Прил. 1 Ч. 3, табл. 2.1 «Прогноз ввода строений различного назначения … до 2030 года»","_item":603,"_name":"«Спортивный центр для развития детско-юношеского спорта и воспитания спортсменов по виду спорта \"хоккей\" в г. Нижнем Новгороде» ул. Краснодонцев, 8 (литеры А, Б)","_scheme_source":"Автозаводская ТЭЦ","_district":"Автозаводский район","_year":2026,"_address":"в границах Детская улица, Юношеская улица, Нижняя улица, Новая улица, улица Литке","_geocode":"streets","_contour":"typical","floor_area_m2":5700,"levels":3},"geometry":{"type":"Polygon","coordinates":[[[43.8819258,56.2731646],[43.8815963,56.2734266],[43.88089,56.2731516],[43.8812196,56.2728896],[43.8819258,56.2731646]]]}},
{"type":"Feature","properties":{"object_type":"oks_future","_source":"inferred","heat_load":5.4,"flow_tph":67.5,"_load_source":"scheme","_ref":"Схема теплоснабжения г. Н. Новгорода до 2030 г. (актуализация на 2026 г.), шифр 22401, Обосновывающие материалы, Гл. 2 Прил. 1 Ч. 3, табл. 2.1 «Прогноз ввода строений различного назначения … до 2030 года»","_item":604,"_name":"«Прессовый корпус для штамповки деталей класса «А» г. Нижний Новгород, пр. Ленина, 88 (в границах земельного участка с кадастровым номером 52:18:0040277:342","_scheme_source":"Автозаводская ТЭЦ","_district":"Автозаводский район","_year":2026,"_address":"Нижняя улица","_geocode":"street","_contour":"typical","floor_area_m2":12500,"levels":5},"geometry":{"type":"Polygon","coordinates":[[[43.8128589,56.2136516],[43.8131877,56.2133339],[43.8140429,56.2136088],[43.8137141,56.2139265],[43.8128589,56.2136516]]]}},
{"type":"Feature","properties":{"object_type":"oks_future","_source":"inferred","heat_load":0.4778,"flow_tph":5.973,"_load_source":"scheme","_ref":"Схема теплоснабжения г. Н. Новгорода до 2030 г. (актуализация на 2026 г.), шифр 22401, Обосновывающие материалы, Гл. 2 Прил. 1 Ч. 3, табл. 2.1 «Прогноз ввода строений различного назначения … до 2030 года»","_item":605,"_name":"Нежилое здание, расположенное по адресу: г. Нижний Новгород, Автозаводский район, ул. Монастырка, 15","_scheme_source":"Автозаводская ТЭЦ","_district":"Автозаводский район","_year":2026,"_address":"улица Монастырка, 15","_geocode":"at","_contour":"typical","floor_area_m2":1500,"levels":3},"geometry":{"type":"Polygon","coordinates":[[[43.8860941,56.2368039],[43.8858523,56.2367102],[43.8861045,56.2365082],[43.8863463,56.2366019],[43.8860941,56.2368039]]]}},
{"type":"Feature","properties":{"object_type":"oks_future","_source":"inferred","heat_load":0.4767,"flow_tph":5.959,"_load_source":"scheme","_ref":"Схема теплоснабжения г. Н. Новгорода до 2030 г. (актуализация на 2026 г.), шифр 22401, Обосновывающие материалы, Гл. 2 Прил. 1 Ч. 3, табл. 2.1 «Прогноз ввода строений различного назначения … до 2030 года»","_item":609,"_name":"в районе ул. Малоэтажная (Детский сад на 500 мест)","_scheme_source":"Новая котельная в районе ул. Малоэтажная","_district":"Автозаводский район","_year":2025,"_address":"Детская улица","_geocode":"street","_contour":"typical","floor_area_m2":6000,"levels":5},"geometry":{"type":"Polygon","coordinates":[[[43.8965173,56.2679005],[43.896147,56.2677517],[43.896548,56.2674427],[43.8969182,56.2675914],[43.8965173,56.2679005]]]}},
{"type":"Feature","properties":{"object_type":"oks_future","_source":"inferred","heat_load":1.5208,"flow_tph":19.01,"_load_source":"scheme","_ref":"Схема теплоснабжения г. Н. Новгорода до 2030 г. (актуализация на 2026 г.), шифр 22401, Обосновывающие материалы, Гл. 2 Прил. 1 Ч. 3, табл. 2.1 «Прогноз ввода строений различного назначения … до 2030 года»","_item":611,"_name":"Строительство комплекса жилых домов с объектами общественного назначения по адресу: г.Н.Новгород, ул. Малоэтажная, в районе домов №1-91","_scheme_source":"Новая котельная в районе ул. Малоэтажная","_district":"Автозаводский район","_year":2028,"_address":"улица Новая Стройка, 1","_geocode":"near","_contour":"typical","floor_area_m2":17100,"levels":17},"geometry":{"type":"Polygon","coordinates":[[[43.7258402,56.2292437],[43.7257373,56.2293755],[43.7248074,56.2291503],[43.7249103,56.2290185],[43.7258402,56.2292437]]]}},
{"type":"Feature","properties":{"object_type":"oks_future","_source":"inferred","heat_load":0.4767,"flow_tph":5.959,"_load_source":"scheme","_ref":"Схема теплоснабжения г. Н. Новгорода до 2030 г. (актуализация на 2026 г.), шифр 22401, Обосновывающие материалы, Гл. 2 Прил. 1 Ч. 3, табл. 2.1 «Прогноз ввода строений различного назначения … до 2030 года»","_item":612,"_name":"Дошкольное образовательное учреждение на 280 мест по адресу: г. Нижний Новгород, Автозаводский район, ул. Малоэтажная","_scheme_source":"Новая котельная в районе ул. Малоэтажная","_district":"Автозаводский район","_year":2026,"_address":"Нижняя улица","_geocode":"street","_contour":"typical","floor_area_m2":6000,"levels":5},"geometry":{"type":"Polygon","coordinates":[[[43.8180547,56.2111409],[43.8182825,56.2109208],[43.818875,56.2111112],[43.8186472,56.2113313],[43.8180547,56.2111409]]]}},
{"type":"Feature","properties":{"object_type":"oks_future","_source":"inferred","heat_load":0.5422,"flow_tph":6.777,"_load_source":"scheme","_ref":"Схема теплоснабжения г. Н. Новгорода до 2030 г. (актуализация на 2026 г.), шифр 22401, Обосновывающие материалы, Гл. 2 Прил. 1 Ч. 3, табл. 2.1 «Прогноз ввода строений различного назначения … до 2030 года»","_item":613,"_name":"Территория в строну р.Волга в районе озера поймы р.Черная","_scheme_source":"пр. Союзный, 43","_district":"Березовая пойма район","_year":2030,"_address":"Озёрная улица","_geocode":"street","_contour":"typical","floor_area_m2":18738,"levels":17},"geometry":{"type":"Polygon","coordinates":[[[43.8304635,56.3181814],[43.8307192,56.3182033],[43.83055,56.318815],[43.8302943,56.3187932],[43.8304635,56.3181814]]]}},
{"type":"Feature","properties":{"object_type":"oks_future","_source":"inferred","heat_load":0.5422,"flow_tph":6.777,"_load_source":"scheme","_ref":"Схема теплоснабжения г. Н. Новгорода до 2030 г. (актуализация на 2026 г.), шифр 22401, Обосновывающие материалы, Гл. 2 Прил. 1 Ч. 3, табл. 2.1 «Прогноз ввода строений различного назначения … до 2030 года»","_item":613,"_name":"Территория в строну р.Волга в районе озера поймы р.Черная","_scheme_source":"пр. Союзный, 43","_district":"Березовая пойма район","_year":2030,"_address":"Озёрная улица","_geocode":"street","_contour":"typical","floor_area_m2":18738,"levels":17},"geometry":{"type":"Polygon","coordinates":[[[43.8296877,56.3181741],[43.8299433,56.3181959],[43.8297741,56.3188077],[43.8295184,56.3187858],[43.8296877,56.3181741]]]}},
{"type":"Feature","properties":{"object_type":"oks_future","_source":"inferred","heat_load":0.5422,"flow_tph":6.777,"_load_source":"scheme","_ref":"Схема теплоснабжения г. Н. Новгорода до 2030 г. (актуализация на 2026 г.), шифр 22401, Обосновывающие материалы, Гл. 2 Прил. 1 Ч. 3, табл. 2.1 «Прогноз ввода строений различного назначения … до 2030 года»","_item":613,"_name":"Территория в строну р.Волга в районе озера поймы р.Черная","_scheme_source":"пр. Союзный, 43","_district":"Березовая пойма район","_year":2030,"_address":"Озёрная улица","_geocode":"street","_contour":"typical","floor_area_m2":18738,"levels":17},"geometry":{"type":"Polygon","coordinates":[[[43.8310454,56.3181869],[43.8313011,56.3182088],[43.8311319,56.3188205],[43.8308762,56.3187987],[43.8310454,56.3181869]]]}},
{"type":"Feature","properties":{"object_type":"oks_future","_source":"inferred","heat_load":0.5422,"flow_tph":6.777,"_load_source":"scheme","_ref":"Схема теплоснабжения г. Н. Новгорода до 2030 г. (актуализация на 2026 г.), шифр 22401, Обосновывающие материалы, Гл. 2 Прил. 1 Ч. 3, табл. 2.1 «Прогноз ввода строений различного назначения … до 2030 года»","_item":613,"_name":"Территория в строну р.Волга в районе озера поймы р.Черная","_scheme_source":"пр. Союзный, 43","_district":"Березовая пойма район","_year":2030,"_address":"Озёрная улица","_geocode":"street","_contour":"typical","floor_area_m2":18738,"levels":17},"geometry":{"type":"Polygon","coordinates":[[[43.8312536,56.3190361],[43.8312143,56.3191782],[43.8301135,56.3190842],[43.8301528,56.3189421],[43.8312536,56.3190361]]]}},
{"type":"Feature","properties":{"object_type":"oks_future","_source":"inferred","heat_load":0.5422,"flow_tph":6.777,"_load_source":"scheme","_ref":"Схема теплоснабжения г. Н. Новгорода до 2030 г. (актуализация на 2026 г.), шифр 22401, Обосновывающие материалы, Гл. 2 Прил. 1 Ч. 3, табл. 2.1 «Прогноз ввода строений различного назначения … до 2030 года»","_item":613,"_name":"Территория в строну р.Волга в районе озера поймы р.Черная","_scheme_source":"пр. Союзный, 43","_district":"Березовая пойма район","_year":2030,"_address":"Озёрная улица","_geocode":"street","_contour":"typical","floor_area_m2":18738,"levels":17},"geometry":{"type":"Polygon","coordinates":[[[43.829796,56.3174393],[43.8300516,56.3174611],[43.8298824,56.3180729],[43.8296267,56.318051],[43.829796,56.3174393]]]}},
{"type":"Feature","properties":{"object_type":"oks_future","_source":"inferred","heat_load":0.5422,"flow_tph":6.777,"_load_source":"scheme","_ref":"Схема теплоснабжения г. Н. Новгорода до 2030 г. (актуализация на 2026 г.), шифр 22401, Обосновывающие материалы, Гл. 2 Прил. 1 Ч. 3, табл. 2.1 «Прогноз ввода строений различного назначения … до 2030 года»","_item":613,"_name":"Территория в строну р.Волга в районе озера поймы р.Черная","_scheme_source":"пр. Союзный, 43","_district":"Березовая пойма район","_year":2030,"_address":"Озёрная улица","_geocode":"street","_contour":"typical","floor_area_m2":18738,"levels":17},"geometry":{"type":"Polygon","coordinates":[[[43.8315534,56.3178886],[43.8315141,56.3180307],[43.8304134,56.3179366],[43.8304527,56.3177946],[43.8315534,56.3178886]]]}},
{"type":"Feature","properties":{"object_type":"oks_future","_source":"inferred","heat_load":0.5422,"flow_tph":6.777,"_load_source":"scheme","_ref":"Схема теплоснабжения г. Н. Новгорода до 2030 г. (актуализация на 2026 г.), шифр 22401, Обосновывающие материалы, Гл. 2 Прил. 1 Ч. 3, табл. 2.1 «Прогноз ввода строений различного назначения … до 2030 года»","_item":613,"_name":"Территория в строну р.Волга в районе озера поймы р.Черная","_scheme_source":"пр. Союзный, 43","_district":"Березовая пойма район","_year":2030,"_address":"Озёрная улица","_geocode":"street","_contour":"typical","floor_area_m2":18738,"levels":17},"geometry":{"type":"Polygon","coordinates":[[[43.8316273,56.3181924],[43.831883,56.3182142],[43.8317138,56.318826],[43.8314581,56.3188041],[43.8316273,56.3181924]]]}},
{"type":"Feature","properties":{"object_type":"oks_future","_source":"inferred","heat_load":0.5422,"flow_tph":6.777,"_load_source":"scheme","_ref":"Схема теплоснабжения г. Н. Новгорода до 2030 г. (актуализация на 2026 г.), шифр 22401, Обосновывающие материалы, Гл. 2 Прил. 1 Ч. 3, табл. 2.1 «Прогноз ввода строений различного назначения … до 2030 года»","_item":613,"_name":"Территория в строну р.Волга в районе озера поймы р.Черная","_scheme_source":"пр. Союзный, 43","_district":"Березовая пойма район","_year":2030,"_address":"Озёрная улица","_geocode":"street","_contour":"typical","floor_area_m2":18738,"levels":17},"geometry":{"type":"Polygon","coordinates":[[[43.831065,56.3193073],[43.8310257,56.3194493],[43.8299249,56.3193553],[43.8299642,56.3192132],[43.831065,56.3193073]]]}},
{"type":"Feature","properties":{"object_type":"oks_future","_source":"inferred","heat_load":0.5422,"flow_tph":6.777,"_load_source":"scheme","_ref":"Схема теплоснабжения г. Н. Новгорода до 2030 г. (актуализация на 2026 г.), шифр 22401, Обосновывающие материалы, Гл. 2 Прил. 1 Ч. 3, табл. 2.1 «Прогноз ввода строений различного назначения … до 2030 года»","_item":613,"_name":"Территория в строну р.Волга в районе озера поймы р.Черная","_scheme_source":"пр. Союзный, 43","_district":"Березовая пойма район","_year":2030,"_address":"Озёрная улица","_geocode":"street","_contour":"typical","floor_area_m2":18738,"levels":17},"geometry":{"type":"Polygon","coordinates":[[[43.8308588,56.3195445],[43.8308195,56.3196865],[43.8297187,56.3195925],[43.829758,56.3194504],[43.8308588,56.3195445]]]}},
{"type":"Feature","properties":{"object_type":"oks_future","_source":"inferred","heat_load":0.5422,"flow_tph":6.777,"_load_source":"scheme","_ref":"Схема теплоснабжения г. Н. Новгорода до 2030 г. (актуализация на 2026 г.), шифр 22401, Обосновывающие материалы, Гл. 2 Прил. 1 Ч. 3, табл. 2.1 «Прогноз ввода строений различного назначения … до 2030 года»","_item":613,"_name":"Территория в строну р.Волга в районе озера поймы р.Черная","_scheme_source":"пр. Союзный, 43","_district":"Березовая пойма район","_year":2030,"_address":"Озёрная улица","_geocode":"street","_contour":"typical","floor_area_m2":18738,"levels":17},"geometry":{"type":"Polygon","coordinates":[[[43.8292565,56.319155],[43.8295122,56.3191769],[43.829343,56.3197886],[43.8290873,56.3197668],[43.8292565,56.319155]]]}},
{"type":"Feature","properties":{"object_type":"oks_future","_source":"inferred","heat_load":0.5422,"flow_tph":6.777,"_load_source":"scheme","_ref":"Схема теплоснабжения г. Н. Новгорода до 2030 г. (актуализация на 2026 г.), шифр 22401, Обосновывающие материалы, Гл. 2 Прил. 1 Ч. 3, табл. 2.1 «Прогноз ввода строений различного назначения … до 2030 года»","_item":613,"_name":"Территория в строну р.Волга в районе озера поймы р.Черная","_scheme_source":"пр. Союзный, 43","_district":"Березовая пойма район","_year":2030,"_address":"Озёрная улица","_geocode":"street","_contour":"typical","floor_area_m2":18738,"levels":17},"geometry":{"type":"Polygon","coordinates":[[[43.8287847,56.3186767],[43.8287454,56.3188188],[43.8276446,56.3187247],[43.8276839,56.3185827],[43.8287847,56.3186767]]]}},
{"type":"Feature","properties":{"object_type":"oks_future","_source":"inferred","heat_load":0.5422,"flow_tph":6.777,"_load_source":"scheme","_ref":"Схема теплоснабжения г. Н. Новгорода до 2030 г. (актуализация на 2026 г.), шифр 22401, Обосновывающие материалы, Гл. 2 Прил. 1 Ч. 3, табл. 2.1 «Прогноз ввода строений различного назначения … до 2030 года»","_item":613,"_name":"Территория в строну р.Волга в районе озера поймы р.Черная","_scheme_source":"пр. Союзный, 43","_district":"Березовая пойма район","_year":2030,"_address":"Озёрная улица","_geocode":"street","_contour":"typical","floor_area_m2":18738,"levels":17},"geometry":{"type":"Polygon","coordinates":[[[43.8288543,56.31812],[43.828815,56.3182621],[43.8277143,56.318168],[43.8277536,56.318026],[43.8288543,56.31812]]]}},
{"type":"Feature","properties":{"object_type":"oks_future","_source":"inferred","heat_load":0.5422,"flow_tph":6.777,"_load_source":"scheme","_ref":"Схема теплоснабжения г. Н. Новгорода до 2030 г. (актуализация на 2026 г.), шифр 22401, Обосновывающие материалы, Гл. 2 Прил. 1 Ч. 3, табл. 2.1 «Прогноз ввода строений различного назначения … до 2030 года»","_item":613,"_name":"Территория в строну р.Волга в районе озера поймы р.Черная","_scheme_source":"пр. Союзный, 43","_district":"Березовая пойма район","_year":2030,"_address":"Озёрная улица","_geocode":"street","_contour":"typical","floor_area_m2":18738,"levels":17},"geometry":{"type":"Polygon","coordinates":[[[43.8318556,56.3176092],[43.8318163,56.3177513],[43.8307155,56.3176573],[43.8307548,56.3175152],[43.8318556,56.3176092]]]}},
{"type":"Feature","properties":{"object_type":"oks_future","_source":"inferred","heat_load":1.0451,"flow_tph":13.064,"_load_source":"scheme","_ref":"Схема теплоснабжения г. Н. Новгорода до 2030 г. (актуализация на 2026 г.), шифр 22401, Обосновывающие материалы, Гл. 2 Прил. 1 Ч. 3, табл. 2.1 «Прогноз ввода строений различного назначения … до 2030 года»","_item":614,"_name":"1 очередь строительства жилого комплекса \"Новинки Smart City\" (Богородский район, участок, прилегающий к п.Новинки)","_scheme_source":"Котельная \"мкр. Смарт-Сити\"","_district":"Березовая пойма район","_year":2025,"_address":"в границах Новая улица, Богородская улица, улица Новая Стройка","_geocode":"streets","_contour":"typical","floor_area_m2":12500,"levels":17},"geometry":{"type":"Polygon","coordinates":[[[43.8588899,56.1943248],[43.8590054,56.1944533],[43.8583434,56.1946383],[43.8582279,56.1945098],[43.8588899,56.1943248]]]}},
{"type":"Feature","properties":{"object_type":"oks_future","_source":"inferred","heat_load":1.0451,"flow_tph":13.064,"_load_source":"scheme","_ref":"Схема теплоснабжения г. Н. Новгорода до 2030 г. (актуализация на 2026 г.), шифр 22401, Обосновывающие материалы, Гл. 2 Прил. 1 Ч. 3, табл. 2.1 «Прогноз ввода строений различного назначения … до 2030 года»","_item":614,"_name":"1 очередь строительства жилого комплекса \"Новинки Smart City\" (Богородский район, участок, прилегающий к п.Новинки)","_scheme_source":"Котельная \"мкр. Смарт-Сити\"","_district":"Березовая пойма район","_year":2025,"_address":"в границах Новая улица, Богородская улица, улица Новая Стройка","_geocode":"streets","_contour":"typical","floor_area_m2":12500,"levels":17},"geometry":{"type":"Polygon","coordinates":[[[43.8596814,56.1940152],[43.8597969,56.1941438],[43.8591349,56.1943288],[43.8590194,56.1942002],[43.8596814,56.1940152]]]}},
{"type":"Feature","properties":{"object_type":"oks_future","_source":"inferred","heat_load":0.1068,"flow_tph":1.335,"_load_source":"scheme","_ref":"Схема теплоснабжения г. Н. Новгорода до 2030 г. (актуализация на 2026 г.), шифр 22401, Обосновывающие материалы, Гл. 2 Прил. 1 Ч. 3, табл. 2.1 «Прогноз ввода строений различного назначения … до 2030 года»","_item":615,"_name":"школа № 88, ул. Центральная, д. 6","_scheme_source":"Новинки п., Полевая ул., 2В","_district":"Березовая пойма район","_year":2025,"_address":"Центральная аллея, 6","_geocode":"at","_contour":"typical","floor_area_m2":1068,"levels":3},"geometry":{"type":"Polygon","coordinates":[[[43.8798758,56.2034894],[43.8798123,56.2033556],[43.8801724,56.2033025],[43.8802359,56.2034364],[43.8798758,56.2034894]]]}},
{"type":"Feature","properties":{"object_type":"oks_future","_source":"inferred","heat_load":1.1421,"flow_tph":14.276,"_load_source":"scheme","_ref":"Схема теплоснабжения г. Н. Новгорода до 2030 г. (актуализация на 2026 г.), шифр 22401, Обосновывающие материалы, Гл. 2 Прил. 1 Ч. 3, табл. 2.1 «Прогноз ввода строений различного назначения … до 2030 года»","_item":616,"_name":"Многоквартирный дом со встроенно-пристроенными помещениями общественного назначения (Блок 1) в п. Новинки","_scheme_source":"пос. Новинки ул. Дорожная, 5/1","_district":"Березовая пойма район","_year":2026,"_address":"Общественный переулок","_geocode":"street","_contour":"typical","floor_area_m2":20000,"levels":17},"geometry":{"type":"Polygon","coordinates":[[[43.8246224,56.3797599],[43.8243692,56.3797293],[43.8246229,56.3790839],[43.824876,56.3791145],[43.8246224,56.3797599]]]}},
{"type":"Feature","properties":{"object_type":"oks_future","_source":"inferred","heat_load":1.1421,"flow_tph":14.276,"_load_source":"scheme","_ref":"Схема теплоснабжения г. Н. Новгорода до 2030 г. (актуализация на 2026 г.), шифр 22401, Обосновывающие материалы, Гл. 2 Прил. 1 Ч. 3, табл. 2.1 «Прогноз ввода строений различного назначения … до 2030 года»","_item":616,"_name":"Многоквартирный дом со встроенно-пристроенными помещениями общественного назначения (Блок 1) в п. Новинки","_scheme_source":"пос. Новинки ул. Дорожная, 5/1","_district":"Березовая пойма район","_year":2026,"_address":"Общественный переулок","_geocode":"street","_contour":"typical","floor_area_m2":20000,"levels":17},"geometry":{"type":"Polygon","coordinates":[[[43.8242397,56.3795307],[43.8239866,56.3795],[43.8242402,56.3788546],[43.8244933,56.3788852],[43.8242397,56.3795307]]]}},
{"type":"Feature","properties":{"object_type":"oks_future","_source":"inferred","heat_load":0.8439,"flow_tph":10.549,"_load_source":"scheme","_ref":"Схема теплоснабжения г. Н. Новгорода до 2030 г. (актуализация на 2026 г.), шифр 22401, Обосновывающие материалы, Гл. 2 Прил. 1 Ч. 3, табл. 2.1 «Прогноз ввода строений различного назначения … до 2030 года»","_item":617,"_name":"Многоквартирный дом со встроенно-пристроенными помещениями общественного назначения (Блок 10,11) п. Новинки","_scheme_source":"Котельная №4 пос. Новинки","_district":"Березовая пойма район","_year":2026,"_address":"Общественный переулок","_geocode":"street","_contour":"typical","floor_area_m2":17200,"levels":17},"geometry":{"type":"Polygon","coordinates":[[[43.8257091,56.3782779],[43.8256539,56.3784184],[43.8246535,56.3782974],[43.8247087,56.3781569],[43.8257091,56.3782779]]]}},
{"type":"Feature","properties":{"object_type":"oks_future","_source":"inferred","heat_load":0.8439,"flow_tph":10.549,"_load_source":"scheme","_ref":"Схема теплоснабжения г. Н. Новгорода до 2030 г. (актуализация на 2026 г.), шифр 22401, Обосновывающие материалы, Гл. 2 Прил. 1 Ч. 3, табл. 2.1 «Прогноз ввода строений различного назначения … до 2030 года»","_item":617,"_name":"Многоквартирный дом со встроенно-пристроенными помещениями общественного назначения (Блок 10,11) п. Новинки","_scheme_source":"Котельная №4 пос. Новинки","_district":"Березовая пойма район","_year":2026,"_address":"Общественный переулок","_geocode":"street","_contour":"typical","floor_area_m2":17200,"levels":17},"geometry":{"type":"Polygon","coordinates":[[[43.8279265,56.3809341],[43.8278713,56.3810746],[43.8268709,56.3809536],[43.826926,56.3808131],[43.8279265,56.3809341]]]}},
{"type":"Feature","properties":{"object_type":"oks_future","_source":"inferred","heat_load":0.8439,"flow_tph":10.549,"_load_source":"scheme","_ref":"Схема теплоснабжения г. Н. Новгорода до 2030 г. (актуализация на 2026 г.), шифр 22401, Обосновывающие материалы, Гл. 2 Прил. 1 Ч. 3, табл. 2.1 «Прогноз ввода строений различного назначения … до 2030 года»","_item":617,"_name":"Многоквартирный дом со встроенно-пристроенными помещениями общественного назначения (Блок 10,11) п. Новинки","_scheme_source":"Котельная №4 пос. Новинки","_district":"Березовая пойма район","_year":2026,"_address":"Общественный переулок","_geocode":"street","_contour":"typical","floor_area_m2":17200,"levels":17},"geometry":{"type":"Polygon","coordinates":[[[43.8284244,56.3777611],[43.8283692,56.3779015],[43.8273689,56.3777805],[43.827424,56.3776401],[43.8284244,56.3777611]]]}},
{"type":"Feature","properties":{"object_type":"oks_future","_source":"inferred","heat_load":0.7502,"flow_tph":9.378,"_load_source":"scheme","_ref":"Схема теплоснабжения г. Н. Новгорода до 2030 г. (актуализация на 2026 г.), шифр 22401, Обосновывающие материалы, Гл. 2 Прил. 1 Ч. 3, табл. 2.1 «Прогноз ввода строений различного назначения … до 2030 года»","_item":618,"_name":"Многоквартирный дом со встроенно-пристроенными помещениями общественного назначения (Блоки 12) п. Новинки","_scheme_source":"Котельная №4 пос. Новинки","_district":"Березовая пойма район","_year":2026,"_address":"Общественный переулок","_geocode":"street","_contour":"typical","floor_area_m2":17250,"levels":17},"geometry":{"type":"Polygon","coordinates":[[[43.829908,56.3781247],[43.8298529,56.3782651],[43.8288496,56.3781438],[43.8289048,56.3780033],[43.829908,56.3781247]]]}},
{"type":"Feature","properties":{"object_type":"oks_future","_source":"inferred","heat_load":0.7502,"flow_tph":9.378,"_load_source":"scheme","_ref":"Схема теплоснабжения г. Н. Новгорода до 2030 г. (актуализация на 2026 г.), шифр 22401, Обосновывающие материалы, Гл. 2 Прил. 1 Ч. 3, табл. 2.1 «Прогноз ввода строений различного назначения … до 2030 года»","_item":618,"_name":"Многоквартирный дом со встроенно-пристроенными помещениями общественного назначения (Блоки 12) п. Новинки","_scheme_source":"Котельная №4 пос. Новинки","_district":"Березовая пойма район","_year":2026,"_address":"Общественный переулок","_geocode":"street","_contour":"typical","floor_area_m2":17250,"levels":17},"geometry":{"type":"Polygon","coordinates":[[[43.8293696,56.3810202],[43.8293145,56.3811607],[43.8283111,56.3810393],[43.8283663,56.3808989],[43.8293696,56.3810202]]]}},
{"type":"Feature","properties":{"object_type":"oks_future","_source":"inferred","heat_load":0.8492,"flow_tph":10.615,"_load_source":"scheme","_ref":"Схема теплоснабжения г. Н. Новгорода до 2030 г. (актуализация на 2026 г.), шифр 22401, Обосновывающие материалы, Гл. 2 Прил. 1 Ч. 3, табл. 2.1 «Прогноз ввода строений различного назначения … до 2030 года»","_item":619,"_name":"Многоквартирный дом со встроенно-пристроенными помещениями общественного назначения (Блоки 7) п. Новинки","_scheme_source":"Котельная №4 пос. Новинки","_district":"Березовая пойма район","_year":2027,"_address":"Общественный переулок","_geocode":"street","_contour":"typical","floor_area_m2":14567,"levels":17},"geometry":{"type":"Polygon","coordinates":[[[43.8255851,56.3779979],[43.8255299,56.3781384],[43.8246827,56.3780359],[43.8247379,56.3778954],[43.8255851,56.3779979]]]}},
{"type":"Feature","properties":{"object_type":"oks_future","_source":"inferred","heat_load":0.8492,"flow_tph":10.615,"_load_source":"scheme","_ref":"Схема теплоснабжения г. Н. Новгорода до 2030 г. (актуализация на 2026 г.), шифр 22401, Обосновывающие материалы, Гл. 2 Прил. 1 Ч. 3, табл. 2.1 «Прогноз ввода строений различного назначения … до 2030 года»","_item":619,"_name":"Многоквартирный дом со встроенно-пристроенными помещениями общественного назначения (Блоки 7) п. Новинки","_scheme_source":"Котельная №4 пос. Новинки","_district":"Березовая пойма район","_year":2027,"_address":"Общественный переулок","_geocode":"street","_contour":"typical","floor_area_m2":14567,"levels":17},"geometry":{"type":"Polygon","coordinates":[[[43.8276543,56.3773738],[43.8275991,56.3775142],[43.8267519,56.3774117],[43.8268071,56.3772713],[43.8276543,56.3773738]]]}},
{"type":"Feature","properties":{"object_type":"oks_future","_source":"inferred","heat_load":0.8492,"flow_tph":10.615,"_load_source":"scheme","_ref":"Схема теплоснабжения г. Н. Новгорода до 2030 г. (актуализация на 2026 г.), шифр 22401, Обосновывающие материалы, Гл. 2 Прил. 1 Ч. 3, табл. 2.1 «Прогноз ввода строений различного назначения … до 2030 года»","_item":619,"_name":"Многоквартирный дом со встроенно-пристроенными помещениями общественного назначения (Блоки 7) п. Новинки","_scheme_source":"Котельная №4 пос. Новинки","_district":"Березовая пойма район","_year":2027,"_address":"Общественный переулок","_geocode":"street","_contour":"typical","floor_area_m2":14567,"levels":17},"geometry":{"type":"Polygon","coordinates":[[[43.8277659,56.377052],[43.8277107,56.3771925],[43.8268635,56.37709],[43.8269187,56.3769496],[43.8277659,56.377052]]]}},
{"type":"Feature","properties":{"object_type":"oks_future","_source":"inferred","heat_load":0.8492,"flow_tph":10.615,"_load_source":"scheme","_ref":"Схема теплоснабжения г. Н. Новгорода до 2030 г. (актуализация на 2026 г.), шифр 22401, Обосновывающие материалы, Гл. 2 Прил. 1 Ч. 3, табл. 2.1 «Прогноз ввода строений различного назначения … до 2030 года»","_item":620,"_name":"Многоквартирный дом со встроенно-пристроенными помещениями общественного назначения (Блоки 8) п. Новинки","_scheme_source":"Котельная №4 пос. Новинки","_district":"Березовая пойма район","_year":2027,"_address":"Общественный переулок","_geocode":"street","_contour":"typical","floor_area_m2":14567,"levels":17},"geometry":{"type":"Polygon","coordinates":[[[43.8310046,56.3780707],[43.8309494,56.3782111],[43.8301022,56.3781087],[43.8301574,56.3779682],[43.8310046,56.3780707]]]}},
{"type":"Feature","properties":{"object_type":"oks_future","_source":"inferred","heat_load":0.8492,"flow_tph":10.615,"_load_source":"scheme","_ref":"Схема теплоснабжения г. Н. Новгорода до 2030 г. (актуализация на 2026 г.), шифр 22401, Обосновывающие материалы, Гл. 2 Прил. 1 Ч. 3, табл. 2.1 «Прогноз ввода строений различного назначения … до 2030 года»","_item":620,"_name":"Многоквартирный дом со встроенно-пристроенными помещениями общественного назначения (Блоки 8) п. Новинки","_scheme_source":"Котельная №4 пос. Новинки","_district":"Березовая пойма район","_year":2027,"_address":"Общественный переулок","_geocode":"street","_contour":"typical","floor_area_m2":14567,"levels":17},"geometry":{"type":"Polygon","coordinates":[[[43.8240708,56.3806565],[43.8240156,56.380797],[43.8231683,56.3806945],[43.8232235,56.380554],[43.8240708,56.3806565]]]}},
{"type":"Feature","properties":{"object_type":"oks_future","_source":"inferred","heat_load":0.8492,"flow_tph":10.615,"_load_source":"scheme","_ref":"Схема теплоснабжения г. Н. Новгорода до 2030 г. (актуализация на 2026 г.), шифр 22401, Обосновывающие материалы, Гл. 2 Прил. 1 Ч. 3, табл. 2.1 «Прогноз ввода строений различного назначения … до 2030 года»","_item":620,"_name":"Многоквартирный дом со встроенно-пристроенными помещениями общественного назначения (Блоки 8) п. Новинки","_scheme_source":"Котельная №4 пос. Новинки","_district":"Березовая пойма район","_year":2027,"_address":"Общественный переулок","_geocode":"street","_contour":"typical","floor_area_m2":14567,"levels":17},"geometry":{"type":"Polygon","coordinates":[[[43.8307369,56.3810771],[43.8306817,56.3812176],[43.8298345,56.3811151],[43.8298896,56.3809747],[43.8307369,56.3810771]]]}}
]}
