{"type":"FeatureCollection","features":[{"type":"Feature","geometry":{"type":"LineString","coordinates":[[43.9890403,56.3278243],[43.989508,56.3279511]]},"properties":{"location":"overground","man_made":"pipeline","_source":"candidate","_class":"pipe_untagged","_osm_id":"way/1007851469","_district":"Нижегородский район","_length_km":0.032}},{"type":"Feature","geometry":{"type":"LineString","coordinates":[[43.8862055,56.3364663],[43.8863505,56.336567],[43.88662,56.3370063],[43.8869362,56.3369559],[43.8872211,56.3375532]]},"properties":{"layer":"1","man_made":"pipeline","_source":"candidate","_class":"pipe_untagged","_osm_id":"way/1087605881","_district":"Сормовский район","_length_km":0.155}},{"type":"Feature","geometry":{"type":"LineString","coordinates":[[43.8699053,56.3382159],[43.870198,56.3381553]]},"properties":{"man_made":"pipeline","_source":"candidate","_class":"pipe_untagged","_osm_id":"way/1101964088","_district":"Сормовский район","_length_km":0.019}},{"type":"Feature","geometry":{"type":"LineString","coordinates":[[43.8768252,56.3401248],[43.8771238,56.3399478]]},"properties":{"man_made":"pipeline","_source":"candidate","_class":"pipe_untagged","_osm_id":"way/1103325724","_district":"Московский район","_length_km":0.027}},{"type":"Feature","geometry":{"type":"LineString","coordinates":[[43.8771238,56.3399478],[43.8772381,56.3399331]]},"properties":{"layer":"1","man_made":"pipeline","_source":"candidate","_class":"pipe_untagged","_osm_id":"way/1103325725","_district":"Московский район","_length_km":0.007}},{"type":"Feature","geometry":{"type":"LineString","coordinates":[[43.8772381,56.3399331],[43.8773599,56.3399184]]},"properties":{"man_made":"pipeline","_source":"candidate","_class":"pipe_untagged","_osm_id":"way/1103325726","_district":"Московский район","_length_km":0.008}},{"type":"Feature","geometry":{"type":"LineString","coordinates":[[44.1633027,56.1256567],[44.1629237,56.1254836]]},"properties":{"layer":"0","location":"overground","man_made":"pipeline","_source":"candidate","_class":"pipe_untagged","_osm_id":"way/1262247431","_district":"вне районов","_length_km":0.03}},{"type":"Feature","geometry":{"type":"LineString","coordinates":[[44.1661117,56.1265226],[44.1654499,56.1262356],[44.1651191,56.126455],[44.1641367,56.126008]]},"properties":{"location":"overground","man_made":"pipeline","_source":"candidate","_class":"pipe_untagged","_osm_id":"way/1262247432","_district":"вне районов","_length_km":0.163}},{"type":"Feature","geometry":{"type":"LineString","coordinates":[[44.1641114,56.1260261],[44.1633027,56.1256567]]},"properties":{"layer":"1","location":"overhead","man_made":"pipeline","_source":"candidate","_class":"pipe_untagged","_osm_id":"way/1262247433","_district":"вне районов","_length_km":0.065}},{"type":"Feature","geometry":{"type":"LineString","coordinates":[[44.1641367,56.126008],[44.163327,56.1256395]]},"properties":{"layer":"1","location":"overhead","man_made":"pipeline","_source":"candidate","_class":"pipe_untagged","_osm_id":"way/1262247434","_district":"вне районов","_length_km":0.065}},{"type":"Feature","geometry":{"type":"LineString","coordinates":[[44.1660936,56.1265416],[44.1654592,56.1262646],[44.1651194,56.1264865]]},"properties":{"location":"overground","man_made":"pipeline","_source":"candidate","_class":"pipe_untagged","_osm_id":"way/1262262807","_district":"вне районов","_length_km":0.083}},{"type":"Feature","geometry":{"type":"LineString","coordinates":[[44.1724026,56.1290953],[44.1712748,56.128567],[44.1712129,56.1286093],[44.1710249,56.128524],[44.1710845,56.1284785],[44.1703256,56.1281382],[44.1702124,56.1282071],[44.1700361,56.1281199],[44.170126,56.1280516],[44.1686981,56.1273951],[44.1683731,56.1275201],[44.1671735,56.1269763],[44.1670867,56.1270335],[44.1669469,56.1269704],[44.167023,56.1269132],[44.1663187,56.1266143]]},"properties":{"location":"overground","man_made":"pipeline","_source":"candidate","_class":"pipe_untagged","_osm_id":"way/1262262808","_district":"вне районов","_length_km":0.532}},{"type":"Feature","geometry":{"type":"LineString","coordinates":[[44.1663187,56.1266143],[44.1661117,56.1265226]]},"properties":{"layer":"1","location":"overhead","man_made":"pipeline","_source":"candidate","_class":"pipe_untagged","_osm_id":"way/1262262809","_district":"вне районов","_length_km":0.016}},{"type":"Feature","geometry":{"type":"LineString","coordinates":[[44.1662914,56.1266279],[44.1660936,56.1265416]]},"properties":{"layer":"1","location":"overhead","man_made":"pipeline","_source":"candidate","_class":"pipe_untagged","_osm_id":"way/1262262810","_district":"вне районов","_length_km":0.016}},{"type":"Feature","geometry":{"type":"LineString","coordinates":[[44.1700978,56.1282037],[44.1699197,56.1281373],[44.169996,56.128067],[44.1687017,56.1274694],[44.1684067,56.1275806],[44.167208,56.1270277],[44.1671033,56.1270957],[44.1668579,56.1269806],[44.166951,56.1269135],[44.1662914,56.1266279]]},"properties":{"location":"overground","man_made":"pipeline","_source":"candidate","_class":"pipe_untagged","_osm_id":"way/1262262811","_district":"вне районов","_length_km":0.337}},{"type":"Feature","geometry":{"type":"LineString","coordinates":[[44.1701689,56.1281562],[44.1700978,56.1282037]]},"properties":{"layer":"1","location":"overhead","man_made":"pipeline","_source":"candidate","_class":"pipe_untagged","_osm_id":"way/1262262812","_district":"вне районов","_length_km":0.007}},{"type":"Feature","geometry":{"type":"LineString","coordinates":[[44.1747149,56.130236],[44.1744915,56.1300488],[44.1739857,56.1298221],[44.1739133,56.1298677],[44.1737289,56.1297818],[44.1737942,56.1297323],[44.1727995,56.1292782],[44.1727295,56.1293231],[44.1725392,56.1292385],[44.1726092,56.1291903],[44.172573,56.1291728]]},"properties":{"location":"overground","man_made":"pipeline","_source":"candidate","_class":"pipe_untagged","_osm_id":"way/1262262813","_district":"вне районов","_length_km":0.205}},{"type":"Feature","geometry":{"type":"LineString","coordinates":[[44.172573,56.1291728],[44.1724026,56.1290953]]},"properties":{"layer":"1","location":"overhead","man_made":"pipeline","_source":"candidate","_class":"pipe_untagged","_osm_id":"way/1262262814","_district":"вне районов","_length_km":0.014}},{"type":"Feature","geometry":{"type":"LineString","coordinates":[[44.1802001,56.1368825],[44.1797656,56.1362713],[44.1799151,56.1362404],[44.1798103,56.1360953],[44.1796598,56.136122],[44.1791452,56.1353882],[44.1792875,56.1353548],[44.1791848,56.1352155],[44.1790405,56.135245],[44.1784662,56.1344821],[44.1786248,56.1344458],[44.1785292,56.1343088],[44.1783877,56.1343421],[44.1778064,56.1335224],[44.1779312,56.1334902],[44.1777957,56.1333169],[44.177675,56.1333445],[44.1770594,56.1324828],[44.1772043,56.1324522],[44.1770796,56.1322915],[44.1769423,56.1323229],[44.1764085,56.1315763],[44.1765172,56.1315441],[44.1763656,56.1313708],[44.176257,56.1314036],[44.1757246,56.130938],[44.1758667,56.1308805],[44.1757736,56.1308036]]},"properties":{"layer":"0","location":"overhead","man_made":"pipeline","_source":"candidate","_class":"pipe_untagged","_osm_id":"way/1262262815","_district":"вне районов","_length_km":0.849}},{"type":"Feature","geometry":{"type":"LineString","coordinates":[[44.1750858,56.1304588],[44.174746,56.1301643],[44.1748346,56.1301315],[44.1747835,56.1300854],[44.1746954,56.1301207],[44.1745339,56.1299825],[44.1739634,56.1297339],[44.1738834,56.1297899],[44.1737983,56.12975],[44.1738728,56.1296927],[44.1725974,56.1291027],[44.1725116,56.1291589],[44.1724292,56.1291228],[44.1725097,56.1290646],[44.1712581,56.1284848],[44.1711818,56.1285344],[44.1711062,56.1285004],[44.1711806,56.1284408],[44.1703209,56.1280545],[44.1701689,56.1281562]]},"properties":{"location":"overground","man_made":"pipeline","_source":"candidate","_class":"pipe_untagged","_osm_id":"way/1262262816","_district":"вне районов","_length_km":0.476}},{"type":"Feature","geometry":{"type":"LineString","coordinates":[[44.1752201,56.1305752],[44.1750858,56.1304588]]},"properties":{"layer":"1","location":"overground","man_made":"pipeline","_source":"candidate","_class":"pipe_untagged","_osm_id":"way/1262262817","_district":"вне районов","_length_km":0.015}},{"type":"Feature","geometry":{"type":"LineString","coordinates":[[44.1752542,56.1305337],[44.1748476,56.1301894],[44.1747149,56.130236]]},"properties":{"layer":"1","location":"overhead","man_made":"pipeline","_source":"candidate","_class":"pipe_untagged","_osm_id":"way/1262262818","_district":"вне районов","_length_km":0.056}},{"type":"Feature","geometry":{"type":"LineString","coordinates":[[44.1752201,56.1305752],[44.1748596,56.1307205],[44.1749737,56.1308134]]},"properties":{"location":"overground","man_made":"pipeline","_source":"candidate","_class":"pipe_untagged","_osm_id":"way/1262262819","_district":"вне районов","_length_km":0.04}},{"type":"Feature","geometry":{"type":"LineString","coordinates":[[44.1752542,56.1305337],[44.1748207,56.1307153],[44.1749517,56.1308215]]},"properties":{"location":"overground","man_made":"pipeline","_source":"candidate","_class":"pipe_untagged","_osm_id":"way/1262262820","_district":"вне районов","_length_km":0.048}},{"type":"Feature","geometry":{"type":"LineString","coordinates":[[44.1751514,56.1310229],[44.1752258,56.1310777],[44.1756943,56.1309118],[44.1757246,56.130938]]},"properties":{"man_made":"pipeline","_source":"candidate","_class":"pipe_untagged","_osm_id":"way/1262262821","_district":"вне районов","_length_km":0.046}},{"type":"Feature","geometry":{"type":"LineString","coordinates":[[44.1751752,56.1310142],[44.1752329,56.1310551],[44.1756842,56.1308891],[44.1757249,56.1309236]]},"properties":{"location":"overground","man_made":"pipeline","_source":"candidate","_class":"pipe_untagged","_osm_id":"way/1262262822","_district":"вне районов","_length_km":0.044}},{"type":"Feature","geometry":{"type":"LineString","coordinates":[[44.1756284,56.1307137],[44.1753843,56.1305126],[44.1752201,56.1305752]]},"properties":{"location":"overground","man_made":"pipeline","_source":"candidate","_class":"pipe_untagged","_osm_id":"way/1262262824","_district":"вне районов","_length_km":0.039}},{"type":"Feature","geometry":{"type":"LineString","coordinates":[[44.1756523,56.1307035],[44.1753839,56.1304821],[44.1752542,56.1305337]]},"properties":{"layer":"0","location":"overhead","man_made":"pipeline","_source":"candidate","_class":"pipe_untagged","_osm_id":"way/1262262825","_district":"вне районов","_length_km":0.04}},{"type":"Feature","geometry":{"type":"LineString","coordinates":[[44.1757493,56.1308133],[44.1756284,56.1307137]]},"properties":{"layer":"1","location":"overground","man_made":"pipeline","_source":"candidate","_class":"pipe_untagged","_osm_id":"way/1262262826","_district":"вне районов","_length_km":0.013}},{"type":"Feature","geometry":{"type":"LineString","coordinates":[[44.1757736,56.1308036],[44.1756523,56.1307035]]},"properties":{"layer":"1","location":"overhead","man_made":"pipeline","_source":"candidate","_class":"pipe_untagged","_osm_id":"way/1262262827","_district":"вне районов","_length_km":0.013}},{"type":"Feature","geometry":{"type":"LineString","coordinates":[[44.1823927,56.1386394],[44.1823784,56.1386281],[44.182412,56.1385227],[44.1810774,56.1381893],[44.1808379,56.137825],[44.1809673,56.1377932],[44.1808548,56.1376465],[44.18073,56.1376756],[44.1802833,56.1370052]]},"properties":{"layer":"0","location":"overhead","man_made":"pipeline","_source":"candidate","_class":"pipe_untagged","_osm_id":"way/1262262828","_district":"вне районов","_length_km":0.262}},{"type":"Feature","geometry":{"type":"LineString","coordinates":[[44.1802833,56.1370052],[44.1802001,56.1368825]]},"properties":{"layer":"1","location":"overhead","man_made":"pipeline","_source":"candidate","_class":"pipe_untagged","_osm_id":"way/1262262829","_district":"вне районов","_length_km":0.015}},{"type":"Feature","geometry":{"type":"LineString","coordinates":[[44.1818463,56.138473],[44.181594,56.1384246],[44.1816363,56.1383669],[44.1813405,56.1383099],[44.1813003,56.1383703],[44.1810571,56.1383408],[44.1806861,56.1378157],[44.1808016,56.1377854],[44.1807617,56.1377353],[44.1806396,56.1377614],[44.1801597,56.1370691]]},"properties":{"location":"overground","man_made":"pipeline","_source":"candidate","_class":"pipe_untagged","_osm_id":"way/1262262830","_district":"вне районов","_length_km":0.233}},{"type":"Feature","geometry":{"type":"LineString","coordinates":[[44.1801597,56.1370691],[44.1800479,56.1368977]]},"properties":{"layer":"1","location":"overhead","man_made":"pipeline","_source":"candidate","_class":"pipe_untagged","_osm_id":"way/1262262831","_district":"вне районов","_length_km":0.02}},{"type":"Feature","geometry":{"type":"LineString","coordinates":[[44.1629237,56.1254836],[44.1630665,56.1250194],[44.1626611,56.1248231],[44.162792,56.1247316],[44.1619662,56.1243461],[44.1618923,56.124396],[44.1617099,56.1243063],[44.1617868,56.1242574],[44.1606371,56.1237028],[44.1605619,56.1237525],[44.1603875,56.1236673],[44.1604611,56.1236173],[44.1593103,56.1230539],[44.1592341,56.1231023],[44.1590596,56.1230169],[44.1591243,56.1229666],[44.1580259,56.1224343],[44.1579547,56.1224781],[44.1577843,56.1223954],[44.1578541,56.1223491],[44.1569065,56.1218888],[44.1567904,56.1219526],[44.1566454,56.1218842],[44.1567521,56.1218155],[44.1561262,56.1215129],[44.155654,56.1210444],[44.1555682,56.1210699],[44.1554568,56.1209547],[44.1555413,56.1209251],[44.1550036,56.1203694],[44.1548764,56.1204053]]},"properties":{"location":"overground","man_made":"pipeline","_source":"candidate","_class":"pipe_untagged","_osm_id":"way/1262262832","_district":"вне районов","_length_km":0.888}},{"type":"Feature","geometry":{"type":"LineString","coordinates":[[44.1548764,56.1204053],[44.1547566,56.1202898]]},"properties":{"layer":"1","location":"overhead","man_made":"pipeline","_source":"candidate","_class":"pipe_untagged","_osm_id":"way/1262262833","_district":"вне районов","_length_km":0.015}},{"type":"Feature","geometry":{"type":"LineString","coordinates":[[44.163327,56.1256395],[44.162958,56.1254716],[44.1630946,56.1250038],[44.16271,56.12482],[44.1628748,56.1247063],[44.1619892,56.1242866],[44.161903,56.1243365],[44.1618294,56.1243009],[44.1619065,56.1242471],[44.1606534,56.123637],[44.1605651,56.1236906],[44.1604852,56.1236505],[44.1605649,56.1235961],[44.1593295,56.1229925],[44.1592395,56.1230483],[44.1591567,56.1230074],[44.1592372,56.1229492],[44.1580222,56.1223624],[44.1579324,56.1224174],[44.1578571,56.1223791],[44.1579354,56.1223229],[44.156723,56.1217351],[44.1568024,56.1216804],[44.1567223,56.1216434],[44.1566307,56.121693],[44.1561651,56.1214676],[44.155735,56.1209902],[44.1556179,56.121019],[44.1555702,56.1209621],[44.1557357,56.1209159],[44.1552611,56.1203759],[44.1551233,56.1204123],[44.1550439,56.1203845]]},"properties":{"location":"overground","man_made":"pipeline","_source":"candidate","_class":"pipe_untagged","_osm_id":"way/1262262834","_district":"вне районов","_length_km":0.926}},{"type":"Feature","geometry":{"type":"LineString","coordinates":[[44.1550439,56.1203845],[44.1549157,56.1202449],[44.1547769,56.120092],[44.1544783,56.1201855]]},"properties":{"layer":"1","location":"overhead","man_made":"pipeline","_source":"candidate","_class":"pipe_untagged","_osm_id":"way/1262262835","_district":"вне районов","_length_km":0.058}},{"type":"Feature","geometry":{"type":"LineString","coordinates":[[44.1547566,56.1202898],[44.1548819,56.1202549],[44.1541653,56.1195115],[44.1540379,56.1195324],[44.1539414,56.1194217],[44.1540433,56.1193889],[44.1530703,56.1184195],[44.152924,56.118459],[44.1528015,56.1183334],[44.1529365,56.1182821],[44.1522186,56.1175478],[44.1520268,56.1175978],[44.151625,56.1171216]]},"properties":{"location":"overground","man_made":"pipeline","_source":"candidate","_class":"pipe_untagged","_osm_id":"way/1262278815","_district":"вне районов","_length_km":0.457}},{"type":"Feature","geometry":{"type":"LineString","coordinates":[[44.1513877,56.1168313],[44.1512417,56.1168704],[44.1511646,56.1167807],[44.1513095,56.1167404]]},"properties":{"layer":"1","location":"overhead","man_made":"pipeline","_source":"candidate","_class":"pipe_untagged","_osm_id":"way/1262278816","_district":"вне районов","_length_km":0.031}},{"type":"Feature","geometry":{"type":"LineString","coordinates":[[44.1514968,56.1169622],[44.1513877,56.1168313]]},"properties":{"location":"overground","man_made":"pipeline","_source":"candidate","_class":"pipe_untagged","_osm_id":"way/1262278817","_district":"вне районов","_length_km":0.016}},{"type":"Feature","geometry":{"type":"LineString","coordinates":[[44.1544783,56.1201855],[44.1536552,56.1193512],[44.1535199,56.1193889],[44.1533899,56.119247],[44.1535086,56.1192112],[44.1525991,56.1182838],[44.1522533,56.1179232],[44.1523766,56.1178829],[44.1522217,56.117709],[44.1520792,56.1177463],[44.1515674,56.1171388]]},"properties":{"location":"overground","man_made":"pipeline","_source":"candidate","_class":"pipe_untagged","_osm_id":"way/1262278818","_district":"вне районов","_length_km":0.42}},{"type":"Feature","geometry":{"type":"LineString","coordinates":[[44.1515674,56.1171388],[44.1514399,56.1169813]]},"properties":{"layer":"1","location":"overhead","man_made":"pipeline","_source":"candidate","_class":"pipe_untagged","_osm_id":"way/1262278819","_district":"вне районов","_length_km":0.019}},{"type":"Feature","geometry":{"type":"LineString","coordinates":[[44.151625,56.1171216],[44.1514968,56.1169622]]},"properties":{"layer":"1","location":"overhead","man_made":"pipeline","_source":"candidate","_class":"pipe_untagged","_osm_id":"way/1262278820","_district":"вне районов","_length_km":0.019}},{"type":"Feature","geometry":{"type":"LineString","coordinates":[[44.1513095,56.1167404],[44.1507066,56.1160039],[44.1505627,56.11604],[44.1504876,56.1159472],[44.1506264,56.1159071],[44.1498789,56.1150694],[44.1498032,56.1150924],[44.1497417,56.1150351],[44.1498216,56.1150062],[44.149421,56.114646]]},"properties":{"location":"overground","man_made":"pipeline","_source":"candidate","_class":"pipe_untagged","_osm_id":"way/1262278821","_district":"вне районов","_length_km":0.291}},{"type":"Feature","geometry":{"type":"LineString","coordinates":[[44.1514399,56.1169813],[44.1513771,56.1169037],[44.1506767,56.116049],[44.1505305,56.116086],[44.1503951,56.1159254],[44.1505294,56.1158806],[44.1501212,56.1154026],[44.1499754,56.1154395],[44.149874,56.1153228],[44.1499508,56.1152932],[44.1493705,56.1146702]]},"properties":{"location":"overground","man_made":"pipeline","_source":"candidate","_class":"pipe_untagged","_osm_id":"way/1262278822","_district":"вне районов","_length_km":0.321}},{"type":"Feature","geometry":{"type":"LineString","coordinates":[[44.149421,56.114646],[44.1492892,56.1145266]]},"properties":{"layer":"1","location":"overhead","man_made":"pipeline","_source":"candidate","_class":"pipe_untagged","_osm_id":"way/1262278823","_district":"вне районов","_length_km":0.016}},{"type":"Feature","geometry":{"type":"LineString","coordinates":[[44.1493705,56.1146702],[44.149251,56.1145428]]},"properties":{"layer":"1","location":"overhead","man_made":"pipeline","_source":"candidate","_class":"pipe_untagged","_osm_id":"way/1262278824","_district":"вне районов","_length_km":0.016}},{"type":"Feature","geometry":{"type":"LineString","coordinates":[[44.149251,56.1145428],[44.1491536,56.1144391],[44.1490027,56.1142792],[44.1488786,56.1143145],[44.1487419,56.1141639],[44.1488643,56.1141245],[44.1478028,56.1130295],[44.1476625,56.1130673],[44.1475156,56.1129097],[44.147647,56.1128659],[44.1464188,56.1115511],[44.146266,56.1115964],[44.1460747,56.1113935],[44.1462243,56.1113419],[44.1455762,56.1106536],[44.1454921,56.1106763],[44.1453545,56.1105354]]},"properties":{"location":"overground","man_made":"pipeline","_source":"candidate","_class":"pipe_untagged","_osm_id":"way/1262278825","_district":"вне районов","_length_km":0.57}},{"type":"Feature","geometry":{"type":"LineString","coordinates":[[44.1453545,56.1105354],[44.1451985,56.1103864]]},"properties":{"layer":"1","location":"overhead","man_made":"pipeline","_source":"candidate","_class":"pipe_untagged","_osm_id":"way/1262278826","_district":"вне районов","_length_km":0.019}},{"type":"Feature","geometry":{"type":"LineString","coordinates":[[44.1492892,56.1145266],[44.1490046,56.1142323],[44.1488751,56.1142729],[44.1487871,56.1141734],[44.1489264,56.1141297],[44.1478206,56.1129655],[44.1476811,56.1130067],[44.1475885,56.1129117],[44.147724,56.1128691],[44.1463815,56.1114468],[44.1462354,56.1114902],[44.1461496,56.111405],[44.1462931,56.1113511],[44.1454743,56.1105034]]},"properties":{"location":"overground","man_made":"pipeline","_source":"candidate","_class":"pipe_untagged","_osm_id":"way/1262278827","_district":"вне районов","_length_km":0.565}},{"type":"Feature","geometry":{"type":"LineString","coordinates":[[44.1454743,56.1105034],[44.1453171,56.1103432]]},"properties":{"layer":"1","location":"overhead","man_made":"pipeline","_source":"candidate","_class":"pipe_untagged","_osm_id":"way/1262278828","_district":"вне районов","_length_km":0.02}},{"type":"Feature","geometry":{"type":"LineString","coordinates":[[44.1451985,56.1103864],[44.1448404,56.1100057],[44.14475,56.1100246],[44.1445388,56.1098062],[44.1446908,56.1097561],[44.1433448,56.1083852]]},"properties":{"location":"overground","man_made":"pipeline","_source":"candidate","_class":"pipe_untagged","_osm_id":"way/1262278829","_district":"вне районов","_length_km":0.267}},{"type":"Feature","geometry":{"type":"LineString","coordinates":[[44.1433448,56.1083852],[44.1434512,56.1083546]]},"properties":{"layer":"1","location":"overground","man_made":"pipeline","_source":"candidate","_class":"pipe_untagged","_osm_id":"way/1262278830","_district":"вне районов","_length_km":0.007}},{"type":"Feature","geometry":{"type":"LineString","coordinates":[[44.1416276,56.1061183],[44.1413264,56.1057852]]},"properties":{"location":"overground","man_made":"pipeline","_source":"candidate","_class":"pipe_untagged","_osm_id":"way/1262278831","_district":"вне районов","_length_km":0.042}},{"type":"Feature","geometry":{"type":"LineString","coordinates":[[44.1417584,56.1062841],[44.1416276,56.1061183]]},"properties":{"layer":"1","location":"overground","man_made":"pipeline","_source":"candidate","_class":"pipe_untagged","_osm_id":"way/1262278832","_district":"вне районов","_length_km":0.02}},{"type":"Feature","geometry":{"type":"LineString","coordinates":[[44.0364959,56.2886823],[44.0354199,56.2886768]]},"properties":{"count":"2","layer":"-1","location":"underground","man_made":"pipeline","_source":"candidate","_class":"pipe_untagged","_osm_id":"way/1263221284","_district":"Советский район","_length_km":0.067}},{"type":"Feature","geometry":{"type":"LineString","coordinates":[[44.036683,56.2885931],[44.0366807,56.2886817],[44.0364959,56.2886823]]},"properties":{"count":"2","location":"overground","man_made":"pipeline","_source":"candidate","_class":"pipe_untagged","_osm_id":"way/1263221285","_district":"Советский район","_length_km":0.021}},{"type":"Feature","geometry":{"type":"LineString","coordinates":[[44.0369875,56.2885078],[44.0366852,56.2885045],[44.036683,56.2885931]]},"properties":{"count":"2","layer":"-1","location":"underground","man_made":"pipeline","_source":"candidate","_class":"pipe_untagged","_osm_id":"way/1263221286","_district":"Советский район","_length_km":0.029}},{"type":"Feature","geometry":{"type":"LineString","coordinates":[[44.0375331,56.2885133],[44.0369875,56.2885078]]},"properties":{"count":"2","location":"overground","man_made":"pipeline","_source":"candidate","_class":"pipe_untagged","_osm_id":"way/1263221287","_district":"Советский район","_length_km":0.034}},{"type":"Feature","geometry":{"type":"LineString","coordinates":[[44.038763,56.2883249],[44.0375477,56.2883106],[44.0375331,56.2885133]]},"properties":{"count":"2","layer":"-1","location":"underground","man_made":"pipeline","_source":"candidate","_class":"pipe_untagged","_osm_id":"way/1263221288","_district":"Советский район","_length_km":0.098}},{"type":"Feature","geometry":{"type":"LineString","coordinates":[[44.0389837,56.2883276],[44.038763,56.2883249]]},"properties":{"count":"2","location":"overground","man_made":"pipeline","_source":"candidate","_class":"pipe_untagged","_osm_id":"way/1263221289","_district":"Советский район","_length_km":0.014}},{"type":"Feature","geometry":{"type":"LineString","coordinates":[[44.0400175,56.2883412],[44.0389837,56.2883276]]},"properties":{"count":"2","layer":"-1","location":"underground","man_made":"pipeline","_source":"candidate","_class":"pipe_untagged","_osm_id":"way/1263221290","_district":"Советский район","_length_km":0.064}},{"type":"Feature","geometry":{"type":"LineString","coordinates":[[43.9262669,56.2793714],[43.9267888,56.2792579],[43.9268519,56.2792322]]},"properties":{"layer":"0","location":"overground","man_made":"pipeline","_source":"candidate","_class":"pipe_untagged","_osm_id":"way/1264848276","_district":"Ленинский район","_length_km":0.04}},{"type":"Feature","geometry":{"type":"LineString","coordinates":[[43.9263143,56.2794409],[43.9262669,56.2793714]]},"properties":{"layer":"1","location":"overground","man_made":"pipeline","_source":"candidate","_class":"pipe_untagged","_osm_id":"way/1264848277","_district":"Ленинский район","_length_km":0.008}},{"type":"Feature","geometry":{"type":"LineString","coordinates":[[43.9290607,56.2808437],[43.9289845,56.2808244],[43.9290538,56.2807286],[43.9289259,56.2806987]]},"properties":{"layer":"1","location":"overground","man_made":"pipeline","_source":"candidate","_class":"pipe_untagged","_osm_id":"way/1264848278","_district":"Ленинский район","_length_km":0.025}},{"type":"Feature","geometry":{"type":"LineString","coordinates":[[43.9291447,56.2808646],[43.9290607,56.2808437]]},"properties":{"location":"overground","man_made":"pipeline","_source":"candidate","_class":"pipe_untagged","_osm_id":"way/1264848279","_district":"Ленинский район","_length_km":0.006}},{"type":"Feature","geometry":{"type":"LineString","coordinates":[[43.9289259,56.2806987],[43.9285177,56.2805987],[43.9283621,56.2804541]]},"properties":{"location":"overground","man_made":"pipeline","_source":"candidate","_class":"pipe_untagged","_osm_id":"way/1264848280","_district":"Ленинский район","_length_km":0.046}},{"type":"Feature","geometry":{"type":"LineString","coordinates":[[43.9283621,56.2804541],[43.9281819,56.2804901]]},"properties":{"layer":"1","location":"overground","man_made":"pipeline","_source":"candidate","_class":"pipe_untagged","_osm_id":"way/1264848281","_district":"Ленинский район","_length_km":0.012}},{"type":"Feature","geometry":{"type":"LineString","coordinates":[[43.9437025,56.2794689],[43.9432292,56.2795839],[43.9432895,56.2796632]]},"properties":{"location":"overground","man_made":"pipeline","_source":"candidate","_class":"pipe_untagged","_osm_id":"way/1265206438","_district":"Ленинский район","_length_km":0.042}},{"type":"Feature","geometry":{"type":"LineString","coordinates":[[43.9432895,56.2796632],[43.9435858,56.2800646]]},"properties":{"layer":"1","location":"overhead","man_made":"pipeline","_source":"candidate","_class":"pipe_untagged","_osm_id":"way/1265206439","_district":"Ленинский район","_length_km":0.048}},{"type":"Feature","geometry":{"type":"LineString","coordinates":[[43.9435858,56.2800646],[43.9438124,56.280349],[43.9438634,56.2804145],[43.9442309,56.2808642]]},"properties":{"location":"overground","man_made":"pipeline","_source":"candidate","_class":"pipe_untagged","_osm_id":"way/1265206440","_district":"Ленинский район","_length_km":0.098}},{"type":"Feature","geometry":{"type":"LineString","coordinates":[[43.9442309,56.2808642],[43.9444317,56.2811391]]},"properties":{"layer":"-1","location":"underground","man_made":"pipeline","_source":"candidate","_class":"pipe_untagged","_osm_id":"way/1265206441","_district":"Ленинский район","_length_km":0.033}},{"type":"Feature","geometry":{"type":"LineString","coordinates":[[43.9444317,56.2811391],[43.9444495,56.2811634]]},"properties":{"location":"overground","man_made":"pipeline","_source":"candidate","_class":"pipe_untagged","_osm_id":"way/1265206442","_district":"Ленинский район","_length_km":0.003}},{"type":"Feature","geometry":{"type":"LineString","coordinates":[[43.9444495,56.2811634],[43.9441425,56.2812351]]},"properties":{"layer":"1","location":"overhead","man_made":"pipeline","_source":"candidate","_class":"pipe_untagged","_osm_id":"way/1265206443","_district":"Ленинский район","_length_km":0.021}},{"type":"Feature","geometry":{"type":"LineString","coordinates":[[43.9441425,56.2812351],[43.9438032,56.281316]]},"properties":{"location":"overground","man_made":"pipeline","_source":"candidate","_class":"pipe_untagged","_osm_id":"way/1265206444","_district":"Ленинский район","_length_km":0.023}},{"type":"Feature","geometry":{"type":"LineString","coordinates":[[43.9438032,56.281316],[43.9435763,56.2813701]]},"properties":{"layer":"1","location":"overhead","man_made":"pipeline","_source":"candidate","_class":"pipe_untagged","_osm_id":"way/1265206445","_district":"Ленинский район","_length_km":0.015}},{"type":"Feature","geometry":{"type":"LineString","coordinates":[[43.942415,56.2816518],[43.9420301,56.2817479],[43.9424848,56.2823635],[43.9425719,56.2823427],[43.942643,56.2824335],[43.9425585,56.2824536],[43.942879,56.2829025]]},"properties":{"layer":"-1","location":"underground","man_made":"pipeline","_source":"candidate","_class":"pipe_untagged","_osm_id":"way/1265206449","_district":"Ленинский район","_length_km":0.177}},{"type":"Feature","geometry":{"type":"LineString","coordinates":[[43.9428898,56.2815357],[43.942415,56.2816518]]},"properties":{"layer":"1","location":"overhead","man_made":"pipeline","_source":"candidate","_class":"pipe_untagged","_osm_id":"way/1265206450","_district":"Ленинский район","_length_km":0.032}},{"type":"Feature","geometry":{"type":"LineString","coordinates":[[43.8777739,56.2363737],[43.8777361,56.2364153]]},"properties":{"location":"overground","man_made":"pipeline","_source":"candidate","_class":"pipe_untagged","_osm_id":"way/1267895566","_district":"Автозаводский район","_length_km":0.005}},{"type":"Feature","geometry":{"type":"LineString","coordinates":[[44.6828878,56.0317791],[44.6837783,56.0321253],[44.6845856,56.0329795],[44.6859536,56.0328865]]},"properties":{"location":"overground","man_made":"pipeline","_source":"candidate","_class":"pipe_untagged","_osm_id":"way/1328782352","_district":"вне районов","_length_km":0.261}},{"type":"Feature","geometry":{"type":"LineString","coordinates":[[44.0378842,56.3217686],[44.0378037,56.3216523],[44.0372819,56.3217753],[44.0372295,56.3216996],[44.0369722,56.3217611],[44.036921,56.3216969],[44.0368479,56.3217178],[44.0368857,56.3217699],[44.036426,56.3218767],[44.036537,56.3220315],[44.0367003,56.3219971]]},"properties":{"location":"overground","man_made":"pipeline","_source":"candidate","_class":"pipe_untagged","_osm_id":"way/1339003223","_district":"Нижегородский район","_length_km":0.155}},{"type":"Feature","geometry":{"type":"LineString","coordinates":[[43.8260463,56.340991],[43.8262658,56.3409898],[43.8268228,56.340902],[43.8275139,56.3408997],[43.8275159,56.3409279],[43.827772,56.3409301],[43.827772,56.3409099],[43.8287185,56.3409224],[43.828717,56.3409754],[43.8287497,56.3409756],[43.8287539,56.3407893],[43.8291854,56.3408471],[43.829387,56.3408741],[43.8295452,56.3408756],[43.8297625,56.3409306],[43.8298939,56.3409216],[43.8299556,56.3409365],[43.8299234,56.340987],[43.830543,56.3411342],[43.8311465,56.3413156],[43.8312028,56.3412457],[43.8322301,56.341488],[43.8321711,56.341543],[43.8327344,56.3416932],[43.832678,56.3417616],[43.8332655,56.3418909],[43.8333486,56.3420247],[43.8333996,56.342099],[43.8336356,56.342044],[43.8339521,56.3425301],[43.8342766,56.3424588],[43.8344912,56.3424721],[43.8347031,56.3424736],[43.8348587,56.3424736],[43.8353412,56.3424607],[43.8355668,56.3424082],[43.8357976,56.3419043],[43.8361267,56.3416022],[43.836647,56.3417592],[43.8365408,56.3418631],[43.8366045,56.3418788]]},"properties":{"layer":"2","man_made":"pipeline","_source":"candidate","_class":"pipe_untagged","_osm_id":"way/1353707062","_district":"Сормовский район","_length_km":0.891}},{"type":"Feature","geometry":{"type":"LineString","coordinates":[[44.0367003,56.3219971],[44.0369052,56.3222925],[44.0367491,56.3223351],[44.0369466,56.3226211]]},"properties":{"layer":"1","location":"overhead","man_made":"pipeline","_source":"candidate","_class":"pipe_untagged","_osm_id":"way/1382564408","_district":"Нижегородский район","_length_km":0.08}},{"type":"Feature","geometry":{"type":"LineString","coordinates":[[44.0667262,56.3116485],[44.0669256,56.3115308]]},"properties":{"layer":"-1","location":"underground","man_made":"pipeline","_source":"candidate","_class":"pipe_untagged","_osm_id":"way/157562747","_district":"Нижегородский район","_length_km":0.018}},{"type":"Feature","geometry":{"type":"LineString","coordinates":[[44.0546471,56.3149768],[44.0548219,56.3149756],[44.0553049,56.3140313],[44.0561537,56.3140727],[44.0574889,56.3137296],[44.0572888,56.313458],[44.0577419,56.3133615],[44.0586165,56.313143],[44.060743,56.3125911],[44.0608399,56.3127006],[44.0635938,56.3126142],[44.0636355,56.3126127],[44.0636038,56.3125214],[44.0638542,56.312483],[44.0639113,56.3125669],[44.0645057,56.3124834],[44.0654303,56.3123534],[44.0655141,56.3123047],[44.0654387,56.3122616],[44.0655629,56.312194],[44.0656752,56.3122547],[44.0667262,56.3116485]]},"properties":{"location":"overground","man_made":"pipeline","_source":"candidate","_class":"pipe_untagged","_osm_id":"way/157562748","_district":"Нижегородский район","_length_km":0.98}},{"type":"Feature","geometry":{"type":"LineString","coordinates":[[44.0669256,56.3115308],[44.0676254,56.3118324],[44.0691907,56.3110066],[44.0697956,56.3105627],[44.0700451,56.3104531],[44.070226,56.3102317]]},"properties":{"location":"overground","man_made":"pipeline","_source":"candidate","_class":"pipe_untagged","_osm_id":"way/157562750","_district":"Нижегородский район","_length_km":0.297}},{"type":"Feature","geometry":{"type":"LineString","coordinates":[[44.1800479,56.1368977],[44.1795924,56.1362753],[44.179718,56.1362445],[44.1796733,56.1361939],[44.1795554,56.1362194],[44.1789879,56.1353885],[44.1791024,56.135363],[44.1790634,56.1353093],[44.1789473,56.1353361],[44.1783431,56.1344734],[44.1784578,56.1344458],[44.1784153,56.1343952],[44.1783024,56.1344222],[44.1776332,56.1334646],[44.1777542,56.1334379],[44.1777114,56.1333825],[44.1775934,56.1334046],[44.1769332,56.13246],[44.1770513,56.132433],[44.1770074,56.1323766],[44.1768887,56.132405],[44.1762901,56.1315397],[44.1764169,56.131518],[44.1763848,56.1314616],[44.1762555,56.1314817],[44.1756431,56.1309559],[44.1757249,56.1309236],[44.1758318,56.1308814],[44.1757493,56.1308133]]},"properties":{"location":"overground","man_made":"pipeline","_source":"candidate","_class":"pipe_untagged","_osm_id":"way/158057340","_district":"вне районов","_length_km":0.836}},{"type":"Feature","geometry":{"type":"LineString","coordinates":[[44.1434512,56.1083546],[44.1437748,56.1082615],[44.1437251,56.1081929],[44.1426222,56.1070255],[44.1427078,56.107004],[44.1425428,56.1068287],[44.1424611,56.1068529],[44.1420275,56.1063854],[44.1418875,56.1064207],[44.1417584,56.1062841]]},"properties":{"location":"overground","man_made":"pipeline","_source":"candidate","_class":"pipe_untagged","_osm_id":"way/158782745","_district":"вне районов","_length_km":0.297}},{"type":"Feature","geometry":{"type":"LineString","coordinates":[[43.8704838,56.2534269],[43.8705241,56.2536293]]},"properties":{"location":"overground","man_made":"pipeline","_source":"candidate","_class":"pipe_untagged","_osm_id":"way/172204590","_district":"Автозаводский район","_length_km":0.023}},{"type":"Feature","geometry":{"type":"LineString","coordinates":[[43.8705241,56.2536293],[43.8705555,56.2537971]]},"properties":{"layer":"1","location":"overground","man_made":"pipeline","_source":"candidate","_class":"pipe_untagged","_osm_id":"way/172204591","_district":"Автозаводский район","_length_km":0.019}},{"type":"Feature","geometry":{"type":"LineString","coordinates":[[43.8693512,56.2517817],[43.8696375,56.2517572]]},"properties":{"location":"overground","man_made":"pipeline","_source":"candidate","_class":"pipe_untagged","_osm_id":"way/172204597","_district":"Автозаводский район","_length_km":0.018}},{"type":"Feature","geometry":{"type":"LineString","coordinates":[[43.8696375,56.2517572],[43.8699757,56.2517283]]},"properties":{"layer":"1","location":"overground","man_made":"pipeline","_source":"candidate","_class":"pipe_untagged","_osm_id":"way/172204598","_district":"Автозаводский район","_length_km":0.021}},{"type":"Feature","geometry":{"type":"LineString","coordinates":[[43.8705555,56.2537971],[43.8705913,56.2543283]]},"properties":{"location":"overground","man_made":"pipeline","_source":"candidate","_class":"pipe_untagged","_osm_id":"way/172204602","_district":"Автозаводский район","_length_km":0.059}},{"type":"Feature","geometry":{"type":"LineString","coordinates":[[43.8699757,56.2517283],[43.8710007,56.2516406],[43.870938,56.2514646],[43.8711561,56.2513285],[43.8712368,56.2513036],[43.8716821,56.2512554]]},"properties":{"location":"overground","man_made":"pipeline","_source":"candidate","_class":"pipe_untagged","_osm_id":"way/172204607","_district":"Автозаводский район","_length_km":0.138}},{"type":"Feature","geometry":{"type":"LineString","coordinates":[[43.8811423,56.2336157],[43.8807935,56.233731]]},"properties":{"layer":"1","location":"overground","man_made":"pipeline","_source":"candidate","_class":"pipe_untagged","_osm_id":"way/172962410","_district":"Автозаводский район","_length_km":0.025}},{"type":"Feature","geometry":{"type":"LineString","coordinates":[[43.8767148,56.2374641],[43.8765336,56.2374635]]},"properties":{"location":"overground","man_made":"pipeline","_source":"candidate","_class":"pipe_untagged","_osm_id":"way/172962424","_district":"Автозаводский район","_length_km":0.011}},{"type":"Feature","geometry":{"type":"LineString","coordinates":[[43.8761147,56.2368645],[43.8759179,56.2367982]]},"properties":{"layer":"1","location":"overhead","man_made":"pipeline","_source":"candidate","_class":"pipe_untagged","_osm_id":"way/172962426","_district":"Автозаводский район","_length_km":0.014}},{"type":"Feature","geometry":{"type":"LineString","coordinates":[[43.8852025,56.2286415],[43.8872437,56.2295],[43.8872286,56.2295501],[43.887409,56.2296303],[43.8875082,56.2296153],[43.8875524,56.2298073],[43.886553,56.230604],[43.8864148,56.2305622],[43.8862531,56.2306995],[43.8863478,56.2307417],[43.8858158,56.2312227],[43.885614,56.2314092],[43.8848416,56.2319106],[43.8841071,56.2324745],[43.884225,56.2327246],[43.8839823,56.2327665],[43.8841166,56.2330719],[43.8840541,56.233232],[43.8841581,56.2333636],[43.8842315,56.2336366],[43.8841363,56.2339384],[43.8845438,56.2340137],[43.884484,56.2343347],[43.8841869,56.2346052],[43.8840777,56.2345736],[43.8838438,56.2347714],[43.8839786,56.2348103],[43.8838647,56.2349415],[43.8836359,56.2361192],[43.883588,56.2364591],[43.8835382,56.2364779],[43.8835404,56.2368309],[43.8836027,56.2368596]]},"properties":{"layer":"1","location":"overground","man_made":"pipeline","_source":"candidate","_class":"pipe_untagged","_osm_id":"way/172962433","_district":"Автозаводский район","_length_km":1.143}},{"type":"Feature","geometry":{"type":"LineString","coordinates":[[43.876025,56.2372518],[43.8759651,56.2372316],[43.875874,56.2370853],[43.8761147,56.2368645]]},"properties":{"location":"overground","man_made":"pipeline","_source":"candidate","_class":"pipe_untagged","_osm_id":"way/172962446","_district":"Автозаводский район","_length_km":0.05}},{"type":"Feature","geometry":{"type":"LineString","coordinates":[[43.8836027,56.2368596],[43.8805862,56.2391092],[43.8795222,56.2397899],[43.8812649,56.2404758],[43.8816446,56.2401949]]},"properties":{"location":"overground","man_made":"pipeline","_source":"candidate","_class":"pipe_untagged","_osm_id":"way/172962457","_district":"Автозаводский район","_length_km":0.585}},{"type":"Feature","geometry":{"type":"LineString","coordinates":[[43.8777123,56.2364473],[43.8774985,56.2366457],[43.8775746,56.2366778],[43.8772505,56.2369753],[43.8773399,56.2370056],[43.8768042,56.2374944],[43.8767148,56.2374641],[43.8762629,56.2378765],[43.8761932,56.2378529],[43.8761067,56.2379318],[43.8761764,56.2379554],[43.8755383,56.2385377],[43.8754721,56.2385153],[43.8746765,56.2392412],[43.8747428,56.2392636],[43.8743535,56.2396189]]},"properties":{"location":"overground","man_made":"pipeline","_source":"candidate","_class":"pipe_untagged","_osm_id":"way/173068865","_district":"Автозаводский район","_length_km":0.448}},{"type":"Feature","geometry":{"type":"LineString","coordinates":[[43.8795222,56.2397899],[43.8791955,56.2396503],[43.8791097,56.239707],[43.8789971,56.2396563],[43.8788464,56.2397645],[43.8789466,56.239812],[43.8785539,56.2400691],[43.8786354,56.240111],[43.8783846,56.2402683],[43.8782427,56.2401977],[43.876825,56.2410099],[43.876444,56.2412275],[43.8759169,56.2410202],[43.8758284,56.2410194],[43.8755075,56.2413998],[43.8753038,56.241494],[43.8748257,56.2419121],[43.8742508,56.2417115],[43.8737101,56.2421094],[43.8735185,56.2422832],[43.8728931,56.2427843],[43.8727922,56.2428661],[43.8726006,56.2430085],[43.872649,56.2430298],[43.8723363,56.243264],[43.8720438,56.2434501]]},"properties":{"location":"overground","man_made":"pipeline","_source":"candidate","_class":"pipe_untagged","_osm_id":"way/173075080","_district":"Автозаводский район","_length_km":0.753}},{"type":"Feature","geometry":{"type":"LineString","coordinates":[[43.8066397,56.2005843],[43.8074313,56.2005884]]},"properties":{"location":"overground","man_made":"pipeline","_source":"candidate","_class":"pipe_untagged","_osm_id":"way/173504570","_district":"Автозаводский район","_length_km":0.049}},{"type":"Feature","geometry":{"type":"LineString","coordinates":[[43.8055018,56.2005749],[43.8056245,56.2005775]]},"properties":{"location":"overground","man_made":"pipeline","_source":"candidate","_class":"pipe_untagged","_osm_id":"way/173504573","_district":"Автозаводский район","_length_km":0.008}},{"type":"Feature","geometry":{"type":"LineString","coordinates":[[43.8064581,56.2005833],[43.8066397,56.2005843]]},"properties":{"layer":"1","location":"overground","man_made":"pipeline","_source":"candidate","_class":"pipe_untagged","_osm_id":"way/173504574","_district":"Автозаводский район","_length_km":0.011}},{"type":"Feature","geometry":{"type":"LineString","coordinates":[[43.8056245,56.2005775],[43.8058516,56.2005823]]},"properties":{"layer":"1","location":"overground","man_made":"pipeline","_source":"candidate","_class":"pipe_untagged","_osm_id":"way/173504575","_district":"Автозаводский район","_length_km":0.014}},{"type":"Feature","geometry":{"type":"LineString","coordinates":[[43.8058516,56.2005823],[43.8058516,56.2005581],[43.8064581,56.2005561],[43.8064581,56.2005833]]},"properties":{"location":"overground","man_made":"pipeline","_source":"candidate","_class":"pipe_untagged","_osm_id":"way/173504580","_district":"Автозаводский район","_length_km":0.043}},{"type":"Feature","geometry":{"type":"LineString","coordinates":[[43.8555346,56.2293445],[43.8562165,56.2296082]]},"properties":{"location":"overground","man_made":"pipeline","_source":"candidate","_class":"pipe_untagged","_osm_id":"way/173524440","_district":"Автозаводский район","_length_km":0.051}},{"type":"Feature","geometry":{"type":"LineString","coordinates":[[43.8531431,56.2284198],[43.8537234,56.2286442]]},"properties":{"location":"overground","man_made":"pipeline","_source":"candidate","_class":"pipe_untagged","_osm_id":"way/173524441","_district":"Автозаводский район","_length_km":0.044}},{"type":"Feature","geometry":{"type":"LineString","coordinates":[[43.8530643,56.2283893],[43.8531431,56.2284198]]},"properties":{"layer":"1","location":"overground","man_made":"pipeline","_source":"candidate","_class":"pipe_untagged","_osm_id":"way/173524443","_district":"Автозаводский район","_length_km":0.006}},{"type":"Feature","geometry":{"type":"LineString","coordinates":[[43.8566609,56.2297801],[43.856793,56.2298311]]},"properties":{"location":"overground","man_made":"pipeline","_source":"candidate","_class":"pipe_untagged","_osm_id":"way/173524445","_district":"Автозаводский район","_length_km":0.01}},{"type":"Feature","geometry":{"type":"LineString","coordinates":[[43.8524696,56.2281594],[43.8530643,56.2283893]]},"properties":{"location":"overground","man_made":"pipeline","_source":"candidate","_class":"pipe_untagged","_osm_id":"way/173524446","_district":"Автозаводский район","_length_km":0.045}},{"type":"Feature","geometry":{"type":"LineString","coordinates":[[43.8553828,56.2292859],[43.8555346,56.2293445]]},"properties":{"layer":"1","location":"overground","man_made":"pipeline","_source":"candidate","_class":"pipe_untagged","_osm_id":"way/173524448","_district":"Автозаводский район","_length_km":0.011}},{"type":"Feature","geometry":{"type":"LineString","coordinates":[[43.8565256,56.2297277],[43.8566609,56.2297801]]},"properties":{"layer":"1","location":"overground","man_made":"pipeline","_source":"candidate","_class":"pipe_untagged","_osm_id":"way/173524451","_district":"Автозаводский район","_length_km":0.01}},{"type":"Feature","geometry":{"type":"LineString","coordinates":[[43.8539283,56.2287234],[43.8553828,56.2292859]]},"properties":{"location":"overground","man_made":"pipeline","_source":"candidate","_class":"pipe_untagged","_osm_id":"way/173524452","_district":"Автозаводский район","_length_km":0.11}},{"type":"Feature","geometry":{"type":"LineString","coordinates":[[43.8562165,56.2296082],[43.8563156,56.2296466]]},"properties":{"layer":"1","location":"overground","man_made":"pipeline","_source":"candidate","_class":"pipe_untagged","_osm_id":"way/173524454","_district":"Автозаводский район","_length_km":0.007}},{"type":"Feature","geometry":{"type":"LineString","coordinates":[[43.8563156,56.2296466],[43.8565256,56.2297277]]},"properties":{"location":"overground","man_made":"pipeline","_source":"candidate","_class":"pipe_untagged","_osm_id":"way/173524456","_district":"Автозаводский район","_length_km":0.016}},{"type":"Feature","geometry":{"type":"LineString","coordinates":[[43.8537234,56.2286442],[43.8539283,56.2287234]]},"properties":{"layer":"-1","location":"underground","man_made":"pipeline","_source":"candidate","_class":"pipe_untagged","_osm_id":"way/173524458","_district":"Автозаводский район","_length_km":0.015}},{"type":"Feature","geometry":{"type":"LineString","coordinates":[[43.8583324,56.2304366],[43.8583778,56.2304546]]},"properties":{"location":"overground","man_made":"pipeline","_source":"candidate","_class":"pipe_untagged","_osm_id":"way/173690790","_district":"Автозаводский район","_length_km":0.003}},{"type":"Feature","geometry":{"type":"LineString","coordinates":[[43.8583778,56.2304546],[43.8584621,56.230488]]},"properties":{"layer":"1","location":"overground","man_made":"pipeline","_source":"candidate","_class":"pipe_untagged","_osm_id":"way/173690791","_district":"Автозаводский район","_length_km":0.006}},{"type":"Feature","geometry":{"type":"LineString","coordinates":[[43.8584621,56.230488],[43.858598,56.2305418],[43.8590928,56.230178],[43.8593839,56.2302943],[43.8594455,56.2302465]]},"properties":{"location":"overground","man_made":"pipeline","_source":"candidate","_class":"pipe_untagged","_osm_id":"way/173690807","_district":"Автозаводский район","_length_km":0.09}},{"type":"Feature","geometry":{"type":"LineString","coordinates":[[43.8807935,56.233731],[43.880511,56.2339421]]},"properties":{"location":"overground","man_made":"pipeline","_source":"candidate","_class":"pipe_untagged","_osm_id":"way/173960998","_district":"Автозаводский район","_length_km":0.029}},{"type":"Feature","geometry":{"type":"LineString","coordinates":[[43.8779489,56.2361345],[43.8780218,56.2361622]]},"properties":{"location":"overground","man_made":"pipeline","_source":"candidate","_class":"pipe_untagged","_osm_id":"way/173961017","_district":"Автозаводский район","_length_km":0.005}},{"type":"Feature","geometry":{"type":"LineString","coordinates":[[43.880511,56.2339421],[43.880374,56.2340437]]},"properties":{"layer":"1","location":"overground","man_made":"pipeline","_source":"candidate","_class":"pipe_untagged","_osm_id":"way/173961020","_district":"Автозаводский район","_length_km":0.014}},{"type":"Feature","geometry":{"type":"LineString","coordinates":[[43.8780218,56.2361622],[43.8778373,56.2363213],[43.8777739,56.2363737]]},"properties":{"layer":"1","location":"overground","man_made":"pipeline","_source":"candidate","_class":"pipe_untagged","_osm_id":"way/173961050","_district":"Автозаводский район","_length_km":0.028}},{"type":"Feature","geometry":{"type":"LineString","coordinates":[[43.880374,56.2340437],[43.879606,56.2346161],[43.879751,56.2346912],[43.879146,56.2351198],[43.8784618,56.2357025],[43.8783664,56.2356642],[43.8783133,56.2357035],[43.878407,56.2357457],[43.8779489,56.2361345]]},"properties":{"location":"overground","man_made":"pipeline","_source":"candidate","_class":"pipe_untagged","_osm_id":"way/173961079","_district":"Автозаводский район","_length_km":0.302}},{"type":"Feature","geometry":{"type":"LineString","coordinates":[[43.8312234,56.2219925],[43.8314126,56.2220468]]},"properties":{"layer":"1","location":"overground","man_made":"pipeline","_source":"candidate","_class":"pipe_untagged","_osm_id":"way/174342722","_district":"Автозаводский район","_length_km":0.013}},{"type":"Feature","geometry":{"type":"LineString","coordinates":[[43.8387043,56.2220479],[43.8387431,56.2220176],[43.8391466,56.2217033]]},"properties":{"layer":"1","location":"overground","man_made":"pipeline","_source":"candidate","_class":"pipe_untagged","_osm_id":"way/174342723","_district":"Автозаводский район","_length_km":0.047}},{"type":"Feature","geometry":{"type":"LineString","coordinates":[[43.8333718,56.2226089],[43.8334976,56.2226717],[43.8335213,56.2226835],[43.8335743,56.22271]]},"properties":{"layer":"1","location":"overground","man_made":"pipeline","_source":"candidate","_class":"pipe_untagged","_osm_id":"way/174342726","_district":"Автозаводский район","_length_km":0.017}},{"type":"Feature","geometry":{"type":"LineString","coordinates":[[43.8399826,56.2210442],[43.8400635,56.2209803]]},"properties":{"location":"overground","man_made":"pipeline","_source":"candidate","_class":"pipe_untagged","_osm_id":"way/174342729","_district":"Автозаводский район","_length_km":0.009}},{"type":"Feature","geometry":{"type":"LineString","coordinates":[[43.8314126,56.2220468],[43.8323437,56.2223139]]},"properties":{"location":"overground","man_made":"pipeline","_source":"candidate","_class":"pipe_untagged","_osm_id":"way/174342736","_district":"Автозаводский район","_length_km":0.065}},{"type":"Feature","geometry":{"type":"LineString","coordinates":[[43.8391466,56.2217033],[43.8398338,56.2211617]]},"properties":{"location":"overground","man_made":"pipeline","_source":"candidate","_class":"pipe_untagged","_osm_id":"way/174342738","_district":"Автозаводский район","_length_km":0.074}},{"type":"Feature","geometry":{"type":"LineString","coordinates":[[43.8382939,56.2223611],[43.838414,56.2222698]]},"properties":{"location":"overground","man_made":"pipeline","_source":"candidate","_class":"pipe_untagged","_osm_id":"way/174342739","_district":"Автозаводский район","_length_km":0.013}},{"type":"Feature","geometry":{"type":"LineString","coordinates":[[43.838414,56.2222698],[43.8387043,56.2220479]]},"properties":{"location":"overground","man_made":"pipeline","_source":"candidate","_class":"pipe_untagged","_osm_id":"way/174342744","_district":"Автозаводский район","_length_km":0.031}},{"type":"Feature","geometry":{"type":"LineString","coordinates":[[43.8309372,56.2219104],[43.8312234,56.2219925]]},"properties":{"location":"overground","man_made":"pipeline","_source":"candidate","_class":"pipe_untagged","_osm_id":"way/174342745","_district":"Автозаводский район","_length_km":0.02}},{"type":"Feature","geometry":{"type":"LineString","coordinates":[[43.8325671,56.222378],[43.8333718,56.2226089]]},"properties":{"location":"overground","man_made":"pipeline","_source":"candidate","_class":"pipe_untagged","_osm_id":"way/174342746","_district":"Автозаводский район","_length_km":0.056}},{"type":"Feature","geometry":{"type":"LineString","coordinates":[[43.8323437,56.2223139],[43.8325671,56.222378]]},"properties":{"layer":"1","location":"overground","man_made":"pipeline","_source":"candidate","_class":"pipe_untagged","_osm_id":"way/174342747","_district":"Автозаводский район","_length_km":0.016}},{"type":"Feature","geometry":{"type":"LineString","coordinates":[[43.8398338,56.2211617],[43.8399826,56.2210442]]},"properties":{"layer":"1","location":"overground","man_made":"pipeline","_source":"candidate","_class":"pipe_untagged","_osm_id":"way/174342750","_district":"Автозаводский район","_length_km":0.016}},{"type":"Feature","geometry":{"type":"LineString","coordinates":[[43.8360849,56.2214524],[43.8370661,56.2221387],[43.8375848,56.2224759],[43.8378898,56.2226756],[43.8379408,56.2226413],[43.8382048,56.2224308],[43.8382939,56.2223611]]},"properties":{"location":"overground","man_made":"pipeline","_source":"candidate","_class":"pipe_untagged","_osm_id":"way/174342758","_district":"Автозаводский район","_length_km":0.219}},{"type":"Feature","geometry":{"type":"LineString","coordinates":[[43.8335743,56.22271],[43.8336526,56.2227829],[43.8345219,56.2222818],[43.8352082,56.2218862],[43.8353175,56.2218232],[43.835406,56.2217722],[43.8354715,56.2217414],[43.8360849,56.2214524]]},"properties":{"location":"overground","man_made":"pipeline","_source":"candidate","_class":"pipe_untagged","_osm_id":"way/174342767","_district":"Автозаводский район","_length_km":0.221}},{"type":"Feature","geometry":{"type":"LineString","coordinates":[[43.8370661,56.2221387],[43.8371484,56.2220923],[43.8372535,56.2221449],[43.8375067,56.2219386],[43.8375655,56.2218822],[43.8374269,56.2218324]]},"properties":{"location":"overground","man_made":"pipeline","_source":"candidate","_class":"pipe_untagged","_osm_id":"way/174343231","_district":"Автозаводский район","_length_km":0.061}},{"type":"Feature","geometry":{"type":"LineString","coordinates":[[43.9183823,56.2840258],[43.9182977,56.2839123]]},"properties":{"layer":"1","location":"overground","man_made":"pipeline","_source":"candidate","_class":"pipe_untagged","_osm_id":"way/174522374","_district":"Ленинский район","_length_km":0.014}},{"type":"Feature","geometry":{"type":"LineString","coordinates":[[43.9143804,56.2778837],[43.9146415,56.2782258]]},"properties":{"layer":"1","location":"overground","man_made":"pipeline","_source":"candidate","_class":"pipe_untagged","_osm_id":"way/174522392","_district":"Ленинский район","_length_km":0.041}},{"type":"Feature","geometry":{"type":"LineString","coordinates":[[43.9198863,56.2723273],[43.9199429,56.2724016],[43.9200733,56.2723711],[43.9205689,56.2730215],[43.9206358,56.2730082],[43.9207181,56.2731177],[43.9206066,56.2731415],[43.9208931,56.2735329],[43.9207507,56.27357],[43.9212361,56.2742642],[43.9215122,56.2742033]]},"properties":{"location":"overground","man_made":"pipeline","_source":"candidate","_class":"pipe_untagged","_osm_id":"way/175127093","_district":"Ленинский район","_length_km":0.28}},{"type":"Feature","geometry":{"type":"LineString","coordinates":[[43.9245375,56.2700736],[43.924751,56.270195],[43.9245241,56.2703173]]},"properties":{"layer":"1","location":"overground","man_made":"pipeline","_source":"candidate","_class":"pipe_untagged","_osm_id":"way/175507663","_district":"Ленинский район","_length_km":0.038}},{"type":"Feature","geometry":{"type":"LineString","coordinates":[[43.9244575,56.2697698],[43.9245675,56.269879],[43.9243923,56.2700134],[43.9245375,56.2700736]]},"properties":{"location":"overground","man_made":"pipeline","_source":"candidate","_class":"pipe_untagged","_osm_id":"way/175507668","_district":"Ленинский район","_length_km":0.044}},{"type":"Feature","geometry":{"type":"LineString","coordinates":[[43.9193182,56.2660338],[43.9192295,56.2660857]]},"properties":{"layer":"1","location":"overground","man_made":"pipeline","_source":"candidate","_class":"pipe_untagged","_osm_id":"way/175515029","_district":"Ленинский район","_length_km":0.008}},{"type":"Feature","geometry":{"type":"LineString","coordinates":[[43.9209042,56.2654238],[43.9211986,56.2651673],[43.9217975,56.2648415]]},"properties":{"layer":"1","location":"overground","man_made":"pipeline","_source":"candidate","_class":"pipe_untagged","_osm_id":"way/175515035","_district":"Ленинский район","_length_km":0.086}},{"type":"Feature","geometry":{"type":"LineString","coordinates":[[43.9193182,56.2660338],[43.9193507,56.2660169],[43.9194967,56.2660944],[43.9196305,56.2660183],[43.9197062,56.2659819],[43.9198004,56.2659288],[43.9196887,56.2658585],[43.9206914,56.2653381],[43.9209042,56.2654238]]},"properties":{"location":"overground","man_made":"pipeline","_source":"candidate","_class":"pipe_untagged","_osm_id":"way/175515038","_district":"Ленинский район","_length_km":0.153}},{"type":"Feature","geometry":{"type":"LineString","coordinates":[[43.9217975,56.2648415],[43.9213844,56.2645974],[43.9218685,56.2643471],[43.9219509,56.2643908],[43.9221402,56.2642867],[43.9220682,56.264246],[43.924577,56.2629188],[43.9246671,56.2629647],[43.9248032,56.2628893],[43.9247289,56.2628416],[43.9270525,56.2616064],[43.9271355,56.261653],[43.9273298,56.2615501],[43.9272436,56.2615014],[43.9278098,56.2612029]]},"properties":{"location":"overground","man_made":"pipeline","_source":"candidate","_class":"pipe_untagged","_osm_id":"way/175515047","_district":"Ленинский район","_length_km":0.628}},{"type":"Feature","geometry":{"type":"LineString","coordinates":[[43.916518,56.2676153],[43.9158558,56.268005],[43.9165363,56.268906],[43.9164276,56.2689328],[43.9164789,56.2690016],[43.9165828,56.2689741],[43.917025,56.2695974]]},"properties":{"location":"overground","man_made":"pipeline","_source":"candidate","_class":"pipe_untagged","_osm_id":"way/175515052","_district":"Ленинский район","_length_km":0.266}},{"type":"Feature","geometry":{"type":"LineString","coordinates":[[43.917025,56.2695974],[43.9148952,56.2700906]]},"properties":{"layer":"-1","location":"underground","man_made":"pipeline","_source":"candidate","_class":"pipe_untagged","_osm_id":"way/175530293","_district":"Ленинский район","_length_km":0.143}},{"type":"Feature","geometry":{"type":"LineString","coordinates":[[43.9314707,56.2681302],[43.9336647,56.2694312],[43.9339804,56.2695998]]},"properties":{"location":"overground","man_made":"pipeline","_source":"candidate","_class":"pipe_untagged","_osm_id":"way/175791673","_district":"Ленинский район","_length_km":0.226}},{"type":"Feature","geometry":{"type":"LineString","coordinates":[[43.9361771,56.2713008],[43.936606,56.2715943]]},"properties":{"location":"overground","man_made":"pipeline","_source":"candidate","_class":"pipe_untagged","_osm_id":"way/175791674","_district":"Ленинский район","_length_km":0.042}},{"type":"Feature","geometry":{"type":"LineString","coordinates":[[43.9360765,56.271232],[43.9361771,56.2713008]]},"properties":{"layer":"1","location":"overground","man_made":"pipeline","_source":"candidate","_class":"pipe_untagged","_osm_id":"way/175791675","_district":"Ленинский район","_length_km":0.01}},{"type":"Feature","geometry":{"type":"LineString","coordinates":[[43.9350338,56.2705362],[43.9351478,56.270611]]},"properties":{"layer":"1","location":"overground","man_made":"pipeline","_source":"candidate","_class":"pipe_untagged","_osm_id":"way/175791676","_district":"Ленинский район","_length_km":0.011}},{"type":"Feature","geometry":{"type":"LineString","coordinates":[[43.9346093,56.2702575],[43.9350338,56.2705362]]},"properties":{"location":"overground","man_made":"pipeline","_source":"candidate","_class":"pipe_untagged","_osm_id":"way/175791677","_district":"Ленинский район","_length_km":0.041}},{"type":"Feature","geometry":{"type":"LineString","coordinates":[[43.9351478,56.270611],[43.9356696,56.2709535],[43.9360765,56.271232]]},"properties":{"location":"overground","man_made":"pipeline","_source":"candidate","_class":"pipe_untagged","_osm_id":"way/175791679","_district":"Ленинский район","_length_km":0.09}},{"type":"Feature","geometry":{"type":"LineString","coordinates":[[43.9339804,56.2695998],[43.9342332,56.2697499],[43.9342185,56.2698293],[43.9347321,56.2701963],[43.9346093,56.2702575]]},"properties":{"layer":"1","location":"overground","man_made":"pipeline","_source":"candidate","_class":"pipe_untagged","_osm_id":"way/175791680","_district":"Ленинский район","_length_km":0.094}},{"type":"Feature","geometry":{"type":"LineString","coordinates":[[43.9196314,56.2894251],[43.9195612,56.2894412]]},"properties":{"location":"overground","man_made":"pipeline","_source":"candidate","_class":"pipe_untagged","_osm_id":"way/176850751","_district":"Ленинский район","_length_km":0.005}},{"type":"Feature","geometry":{"type":"LineString","coordinates":[[43.9195776,56.2893555],[43.9196314,56.2894251]]},"properties":{"layer":"1","location":"overground","man_made":"pipeline","_source":"candidate","_class":"pipe_untagged","_osm_id":"way/176850752","_district":"Ленинский район","_length_km":0.008}},{"type":"Feature","geometry":{"type":"LineString","coordinates":[[43.9191164,56.2888106],[43.9192131,56.2889502]]},"properties":{"layer":"1","location":"underground","man_made":"pipeline","_source":"candidate","_class":"pipe_untagged","_osm_id":"way/176850753","_district":"Ленинский район","_length_km":0.017}},{"type":"Feature","geometry":{"type":"LineString","coordinates":[[43.9192131,56.2889502],[43.9195776,56.2893555]]},"properties":{"location":"overground","man_made":"pipeline","_source":"candidate","_class":"pipe_untagged","_osm_id":"way/176850755","_district":"Ленинский район","_length_km":0.05}},{"type":"Feature","geometry":{"type":"LineString","coordinates":[[43.9224255,56.285512],[43.9226583,56.2854598]]},"properties":{"layer":"1","location":"overground","man_made":"pipeline","_source":"candidate","_class":"pipe_untagged","_osm_id":"way/176937606","_district":"Ленинский район","_length_km":0.016}},{"type":"Feature","geometry":{"type":"LineString","coordinates":[[44.0553214,56.3156337],[44.0562705,56.3155886],[44.0571111,56.3155284]]},"properties":{"access":"no","bridge":"yes","layer":"1","location":"overground","man_made":"pipeline","surface":"metal","_source":"candidate","_class":"pipe_untagged","_osm_id":"way/180720361","_district":"Нижегородский район","_length_km":0.111}},{"type":"Feature","geometry":{"type":"LineString","coordinates":[[43.9307566,56.32024],[43.9306947,56.3205139],[43.9306751,56.3206006]]},"properties":{"man_made":"pipeline","_source":"candidate","_class":"pipe_untagged","_osm_id":"way/190936461","_district":"Канавинский район","_length_km":0.04}},{"type":"Feature","geometry":{"type":"LineString","coordinates":[[43.9382437,56.2739944],[43.9381825,56.2740417]]},"properties":{"location":"overground","man_made":"pipeline","_source":"candidate","_class":"pipe_untagged","_osm_id":"way/190983459","_district":"Ленинский район","_length_km":0.006}},{"type":"Feature","geometry":{"type":"LineString","coordinates":[[43.9384204,56.27386],[43.9382437,56.2739944]]},"properties":{"layer":"1","location":"overground","man_made":"pipeline","_source":"candidate","_class":"pipe_untagged","_osm_id":"way/190983462","_district":"Ленинский район","_length_km":0.019}},{"type":"Feature","geometry":{"type":"LineString","coordinates":[[43.9407586,56.2731398],[43.9402561,56.2735477]]},"properties":{"layer":"1","location":"overground","man_made":"pipeline","_source":"candidate","_class":"pipe_untagged","_osm_id":"way/190983804","_district":"Ленинский район","_length_km":0.055}},{"type":"Feature","geometry":{"type":"LineString","coordinates":[[44.1206189,56.1392716],[44.1205975,56.1387456],[44.1256508,56.1385124],[44.1289477,56.1370015],[44.1288297,56.136033],[44.1262119,56.1346642],[44.1260295,56.1342218],[44.1262441,56.1338272],[44.1261153,56.1338093],[44.1262119,56.1336538],[44.1263481,56.13367],[44.1266461,56.1330828],[44.1265788,56.1330661],[44.1266271,56.1329944],[44.126689,56.1330141],[44.1270133,56.1324144],[44.1269489,56.1324025],[44.1269841,56.1323205],[44.1270753,56.1323355],[44.1273703,56.1317226],[44.1272907,56.1316989],[44.1273167,56.1316509],[44.1273918,56.1316599],[44.1276171,56.13105],[44.127502,56.1310364],[44.1275648,56.1309013],[44.1276584,56.1309102],[44.1278233,56.1304652],[44.1277351,56.1304545],[44.1277566,56.1303803],[44.1278424,56.1303863],[44.1279575,56.1300676],[44.1263803,56.1281034],[44.1279068,56.1276388],[44.1276117,56.1271514],[44.1276761,56.1271394],[44.1276249,56.1270539],[44.1275605,56.1270749],[44.1271718,56.1264877],[44.1272577,56.1264607],[44.127244,56.1264231],[44.1271313,56.126435],[44.1267451,56.125858],[44.1268524,56.1258281],[44.1267534,56.1256834],[44.1266515,56.1257043],[44.1260185,56.1247505],[44.1258737,56.124592],[44.1252323,56.1238457],[44.1253158,56.1238086],[44.1252753,56.1237769],[44.1251763,56.1237936],[44.1233709,56.1216449],[44.1229179,56.1207615],[44.1225769,56.1201018],[44.1221025,56.1201066],[44.1219332,56.1199254],[44.1220435,56.1198883],[44.1219684,56.1198345],[44.1218611,56.1198734],[44.1213056,56.1192765],[44.1212144,56.1192884],[44.1211637,56.1192245],[44.1212358,56.1191957],[44.1207316,56.1186485],[44.1206404,56.1186634],[44.1205975,56.1186186],[44.1206779,56.1185917],[44.120163,56.1180743],[44.1207316,56.1172429],[44.1168078,56.1131234],[44.1150214,56.1133118],[44.1143938,56.1126448],[44.1143318,56.112667],[44.1142567,56.1126191],[44.1143509,56.112588],[44.1141148,56.1120945],[44.114029,56.1120915],[44.11401,56.1120538],[44.1140934,56.1120406],[44.1139295,56.1114257],[44.1138466,56.1114155],[44.1138222,56.1113539],[44.113892,56.1113419],[44.1137125,56.1107036],[44.1136106,56.1107066],[44.113613,56.1106779],[44.1137018,56.1106558],[44.1135248,56.1100426],[44.1134092,56.1100497],[44.1133692,56.109911],[44.1134872,56.10989],[44.1132965,56.1093259],[44.1132107,56.1093319],[44.1131922,56.1092858],[44.1132887,56.1092738],[44.1131034,56.1086558],[44.1130205,56.1086457],[44.1130098,56.1085679],[44.1130795,56.1085709],[44.1128834,56.1079529],[44.1127922,56.1079499],[44.1127898,56.1079068],[44.1128757,56.1078918],[44.1126742,56.1072798],[44.1125645,56.1072906],[44.1125294,56.1071452],[44.1126504,56.1071231],[44.1124704,56.1065678],[44.112366,56.1065666],[44.1123524,56.106526],[44.1124572,56.1065038],[44.1122802,56.1059983],[44.1121997,56.1060042],[44.1121944,56.1059324],[44.1122695,56.1059175],[44.112248,56.1058367],[44.1123714,56.1051816],[44.1122773,56.1051738],[44.1122934,56.1051379],[44.1123929,56.1051307],[44.1123821,56.1050499],[44.1127976,56.1044708],[44.1130176,56.1042045],[44.1135623,56.1038353],[44.1134979,56.1038024],[44.1135325,56.1037857],[44.1136106,56.1038084],[44.1142221,56.1034045],[44.1145547,56.1033028],[44.1145064,56.103252],[44.114721,56.1031772],[44.11478,56.103222],[44.1172208,56.102516],[44.1180279,56.1022838],[44.1190072,56.1019894],[44.1189721,56.1019308],[44.1192027,56.101853],[44.1192671,56.1019068],[44.1215094,56.1012397],[44.1234543,56.100676],[44.123406,56.1006371],[44.1236206,56.1005593],[44.123685,56.1006102],[44.127896,56.0993685],[44.1278448,56.0993099],[44.1280731,56.0992428],[44.1281106,56.0993057],[44.1322302,56.0980909],[44.1321766,56.098028],[44.1324314,56.0979544],[44.1324663,56.0979981],[44.1347434,56.097341],[44.1346496,56.0971962],[44.1487231,56.09305],[44.1557773,56.0909402],[44.1591623,56.0899526],[44.1600474,56.0897162],[44.1653582,56.0880911],[44.1671016,56.0875973],[44.1686627,56.0891985],[44.1685661,56.0892254],[44.1698053,56.0905153]]},"properties":{"man_made":"pipeline","_source":"candidate","_class":"pipe_untagged","_osm_id":"way/191278485","_district":"вне районов","_length_km":9.398}},{"type":"Feature","geometry":{"type":"LineString","coordinates":[[43.9343791,56.2831775],[43.9338506,56.2824655],[43.934934,56.2822275],[43.9345958,56.2817847],[43.9345263,56.2816949],[43.9344194,56.2815562],[43.9346265,56.2815095],[43.9343615,56.2810375],[43.9342894,56.2809389],[43.9342533,56.2809463],[43.9342292,56.2809188],[43.934264,56.2809099],[43.9339018,56.2804114]]},"properties":{"layer":"1","location":"overground","man_made":"pipeline","_source":"candidate","_class":"pipe_untagged","_osm_id":"way/191436868","_district":"Ленинский район","_length_km":0.388}},{"type":"Feature","geometry":{"type":"LineString","coordinates":[[43.9339018,56.2804114],[43.9336322,56.2800404],[43.9332079,56.2798988],[43.9331249,56.2799781],[43.9325835,56.2798325]]},"properties":{"location":"overground","man_made":"pipeline","_source":"candidate","_class":"pipe_untagged","_osm_id":"way/191436878","_district":"Ленинский район","_length_km":0.123}},{"type":"Feature","geometry":{"type":"LineString","coordinates":[[43.9457788,56.278977],[43.9453189,56.2791023],[43.9448465,56.2792041]]},"properties":{"layer":"1","location":"overground","man_made":"pipeline","_source":"candidate","_class":"pipe_untagged","_osm_id":"way/191969436","_district":"Ленинский район","_length_km":0.063}},{"type":"Feature","geometry":{"type":"LineString","coordinates":[[43.9448465,56.2792041],[43.9438195,56.2794418]]},"properties":{"location":"overground","man_made":"pipeline","_source":"candidate","_class":"pipe_untagged","_osm_id":"way/191969445","_district":"Ленинский район","_length_km":0.069}},{"type":"Feature","geometry":{"type":"LineString","coordinates":[[43.9438195,56.2794418],[43.9437025,56.2794689]]},"properties":{"layer":"1","location":"overground","man_made":"pipeline","_source":"candidate","_class":"pipe_untagged","_osm_id":"way/191969447","_district":"Ленинский район","_length_km":0.008}},{"type":"Feature","geometry":{"type":"LineString","coordinates":[[43.9435763,56.2813701],[43.9428898,56.2815357]]},"properties":{"location":"overground","man_made":"pipeline","_source":"candidate","_class":"pipe_untagged","_osm_id":"way/191969454","_district":"Ленинский район","_length_km":0.046}},{"type":"Feature","geometry":{"type":"LineString","coordinates":[[43.9350934,56.2608211],[43.9350744,56.2608312],[43.9351925,56.260902],[43.9345362,56.2612265],[43.9331206,56.2603715],[43.93302,56.26042],[43.93286,56.2603222],[43.9329671,56.2602634],[43.9316225,56.2594797],[43.9315866,56.2594987],[43.9312687,56.2593004],[43.9308849,56.2594992],[43.9309247,56.2595233],[43.930238,56.2598949],[43.9301981,56.2598708]]},"properties":{"location":"overground","man_made":"pipeline","_source":"candidate","_class":"pipe_untagged","_osm_id":"way/196894233","_district":"Ленинский район","_length_km":0.481}},{"type":"Feature","geometry":{"type":"LineString","coordinates":[[43.9441753,56.2675486],[43.9443562,56.2677254]]},"properties":{"layer":"1","location":"overground","man_made":"pipeline","_source":"candidate","_class":"pipe_untagged","_osm_id":"way/196894273","_district":"Ленинский район","_length_km":0.023}},{"type":"Feature","geometry":{"type":"LineString","coordinates":[[43.9478426,56.2716013],[43.9480742,56.2719041]]},"properties":{"location":"overground","man_made":"pipeline","_source":"candidate","_class":"pipe_untagged","_osm_id":"way/196894278","_district":"Ленинский район","_length_km":0.037}},{"type":"Feature","geometry":{"type":"LineString","coordinates":[[43.9420134,56.2652815],[43.9422299,56.2654961]]},"properties":{"layer":"1","location":"overground","man_made":"pipeline","_source":"candidate","_class":"pipe_untagged","_osm_id":"way/196894279","_district":"Ленинский район","_length_km":0.027}},{"type":"Feature","geometry":{"type":"LineString","coordinates":[[43.9417429,56.2650935],[43.9418619,56.2651778]]},"properties":{"layer":"1","location":"overground","man_made":"pipeline","_source":"candidate","_class":"pipe_untagged","_osm_id":"way/196894284","_district":"Ленинский район","_length_km":0.012}},{"type":"Feature","geometry":{"type":"LineString","coordinates":[[43.9389878,56.2577292],[43.9392462,56.2578153]]},"properties":{"layer":"1","location":"overground","man_made":"pipeline","_source":"candidate","_class":"pipe_untagged","_osm_id":"way/196894293","_district":"Ленинский район","_length_km":0.019}},{"type":"Feature","geometry":{"type":"LineString","coordinates":[[43.9411661,56.2646754],[43.9413823,56.2648345]]},"properties":{"location":"overground","man_made":"pipeline","_source":"candidate","_class":"pipe_untagged","_osm_id":"way/196894297","_district":"Ленинский район","_length_km":0.022}},{"type":"Feature","geometry":{"type":"LineString","coordinates":[[43.9413823,56.2648345],[43.9416907,56.2650551]]},"properties":{"layer":"1","location":"overground","man_made":"pipeline","_source":"candidate","_class":"pipe_untagged","_osm_id":"way/196894300","_district":"Ленинский район","_length_km":0.031}},{"type":"Feature","geometry":{"type":"LineString","coordinates":[[43.9473866,56.271048],[43.9478426,56.2716013]]},"properties":{"layer":"1","location":"overground","man_made":"pipeline","_source":"candidate","_class":"pipe_untagged","_osm_id":"way/196894308","_district":"Ленинский район","_length_km":0.068}},{"type":"Feature","geometry":{"type":"LineString","coordinates":[[43.9363196,56.260363],[43.9357708,56.2606133]]},"properties":{"location":"overground","man_made":"pipeline","_source":"candidate","_class":"pipe_untagged","_osm_id":"way/196894311","_district":"Ленинский район","_length_km":0.044}},{"type":"Feature","geometry":{"type":"LineString","coordinates":[[43.9486774,56.2719121],[43.9487328,56.2720018]]},"properties":{"layer":"1","location":"overground","man_made":"pipeline","_source":"candidate","_class":"pipe_untagged","_osm_id":"way/196894315","_district":"Ленинский район","_length_km":0.011}},{"type":"Feature","geometry":{"type":"LineString","coordinates":[[43.9423602,56.2656204],[43.9424815,56.2657386]]},"properties":{"layer":"1","location":"overground","man_made":"pipeline","_source":"candidate","_class":"pipe_untagged","_osm_id":"way/196894317","_district":"Ленинский район","_length_km":0.015}},{"type":"Feature","geometry":{"type":"LineString","coordinates":[[43.9510592,56.2714007],[43.9512277,56.271539]]},"properties":{"layer":"1","location":"overground","man_made":"pipeline","_source":"candidate","_class":"pipe_untagged","_osm_id":"way/196894318","_district":"Ленинский район","_length_km":0.019}},{"type":"Feature","geometry":{"type":"LineString","coordinates":[[43.9443562,56.2677254],[43.9473866,56.271048]]},"properties":{"location":"overground","man_made":"pipeline","_source":"candidate","_class":"pipe_untagged","_osm_id":"way/196894321","_district":"Ленинский район","_length_km":0.415}},{"type":"Feature","geometry":{"type":"LineString","coordinates":[[43.9374632,56.257125],[43.9376629,56.257219]]},"properties":{"layer":"1","location":"overground","man_made":"pipeline","_source":"candidate","_class":"pipe_untagged","_osm_id":"way/196894324","_district":"Ленинский район","_length_km":0.016}},{"type":"Feature","geometry":{"type":"LineString","coordinates":[[43.9422299,56.2654961],[43.9423602,56.2656204]]},"properties":{"location":"overground","man_made":"pipeline","_source":"candidate","_class":"pipe_untagged","_osm_id":"way/196894325","_district":"Ленинский район","_length_km":0.016}},{"type":"Feature","geometry":{"type":"LineString","coordinates":[[43.949538,56.2718327],[43.9494906,56.2717663]]},"properties":{"layer":"1","location":"overground","man_made":"pipeline","_source":"candidate","_class":"pipe_untagged","_osm_id":"way/196894326","_district":"Ленинский район","_length_km":0.008}},{"type":"Feature","geometry":{"type":"LineString","coordinates":[[43.9357708,56.2606133],[43.9354006,56.2607719]]},"properties":{"layer":"1","location":"overground","man_made":"pipeline","_source":"candidate","_class":"pipe_untagged","_osm_id":"way/196894333","_district":"Ленинский район","_length_km":0.029}},{"type":"Feature","geometry":{"type":"LineString","coordinates":[[43.9494906,56.2717663],[43.9510592,56.2714007]]},"properties":{"location":"overground","man_made":"pipeline","_source":"candidate","_class":"pipe_untagged","_osm_id":"way/196894341","_district":"Ленинский район","_length_km":0.105}},{"type":"Feature","geometry":{"type":"LineString","coordinates":[[43.9409062,56.2644915],[43.9411661,56.2646754]]},"properties":{"layer":"1","location":"overground","man_made":"pipeline","_source":"candidate","_class":"pipe_untagged","_osm_id":"way/196894343","_district":"Ленинский район","_length_km":0.026}},{"type":"Feature","geometry":{"type":"LineString","coordinates":[[43.9418619,56.2651778],[43.9420134,56.2652815]]},"properties":{"location":"overground","man_made":"pipeline","_source":"candidate","_class":"pipe_untagged","_osm_id":"way/196894354","_district":"Ленинский район","_length_km":0.015}},{"type":"Feature","geometry":{"type":"LineString","coordinates":[[43.9480742,56.2719041],[43.9483275,56.2718424]]},"properties":{"layer":"-1","location":"underground","man_made":"pipeline","_source":"candidate","_class":"pipe_untagged","_osm_id":"way/196894359","_district":"Ленинский район","_length_km":0.017}},{"type":"Feature","geometry":{"type":"LineString","coordinates":[[43.9416907,56.2650551],[43.9417429,56.2650935]]},"properties":{"location":"overground","man_made":"pipeline","_source":"candidate","_class":"pipe_untagged","_osm_id":"way/196894361","_district":"Ленинский район","_length_km":0.005}},{"type":"Feature","geometry":{"type":"LineString","coordinates":[[43.9424815,56.2657386],[43.9429641,56.2662382],[43.9441753,56.2675486]]},"properties":{"location":"overground","man_made":"pipeline","_source":"candidate","_class":"pipe_untagged","_osm_id":"way/196894382","_district":"Ленинский район","_length_km":0.227}},{"type":"Feature","geometry":{"type":"LineString","coordinates":[[43.9367876,56.2603118],[43.9366008,56.2602399],[43.9363196,56.260363]]},"properties":{"layer":"1","location":"overground","man_made":"pipeline","_source":"candidate","_class":"pipe_untagged","_osm_id":"way/196894397","_district":"Ленинский район","_length_km":0.036}},{"type":"Feature","geometry":{"type":"LineString","coordinates":[[43.9483275,56.2718424],[43.9485857,56.2717848],[43.9486774,56.2719121]]},"properties":{"location":"overground","man_made":"pipeline","_source":"candidate","_class":"pipe_untagged","_osm_id":"way/196894413","_district":"Ленинский район","_length_km":0.033}},{"type":"Feature","geometry":{"type":"LineString","coordinates":[[43.9487328,56.2720018],[43.9492393,56.2718825],[43.9492885,56.2718932],[43.949538,56.2718327]]},"properties":{"location":"overground","man_made":"pipeline","_source":"candidate","_class":"pipe_untagged","_osm_id":"way/196894445","_district":"Ленинский район","_length_km":0.054}},{"type":"Feature","geometry":{"type":"LineString","coordinates":[[43.9354006,56.2607719],[43.935288,56.2608254],[43.9352006,56.2607734],[43.9351771,56.2607852]]},"properties":{"location":"overground","man_made":"pipeline","_source":"candidate","_class":"pipe_untagged","_osm_id":"way/196894450","_district":"Ленинский район","_length_km":0.019}},{"type":"Feature","geometry":{"type":"LineString","coordinates":[[43.9351916,56.2608106],[43.9352748,56.2608618],[43.9354532,56.2607751],[43.937713,56.2622859],[43.9409062,56.2644915]]},"properties":{"location":"overground","man_made":"pipeline","_source":"candidate","_class":"pipe_untagged","_osm_id":"way/196894471","_district":"Ленинский район","_length_km":0.557}},{"type":"Feature","geometry":{"type":"LineString","coordinates":[[43.9392462,56.2578153],[43.9399509,56.2580723],[43.9405053,56.2585147],[43.9400708,56.2587913],[43.9370209,56.2603031],[43.9367876,56.2603118]]},"properties":{"location":"overground","man_made":"pipeline","_source":"candidate","_class":"pipe_untagged","_osm_id":"way/196894500","_district":"Ленинский район","_length_km":0.421}},{"type":"Feature","geometry":{"type":"LineString","coordinates":[[43.9364936,56.2567287],[43.9365517,56.256757],[43.936439,56.256821],[43.9365611,56.2568875],[43.9367397,56.2567871],[43.9374632,56.257125]]},"properties":{"location":"overground","man_made":"pipeline","_source":"candidate","_class":"pipe_untagged","_osm_id":"way/196894501","_district":"Ленинский район","_length_km":0.1}},{"type":"Feature","geometry":{"type":"LineString","coordinates":[[43.9376629,56.257219],[43.9380599,56.2574082],[43.9386707,56.2576196],[43.9387552,56.2575465],[43.9388938,56.2575882],[43.9388093,56.2576731],[43.9389878,56.2577292]]},"properties":{"location":"overground","man_made":"pipeline","_source":"candidate","_class":"pipe_untagged","_osm_id":"way/196894504","_district":"Ленинский район","_length_km":0.12}},{"type":"Feature","geometry":{"type":"LineString","coordinates":[[44.1651194,56.1264865],[44.1641114,56.1260261]]},"properties":{"layer":"0","location":"overground","man_made":"pipeline","_source":"candidate","_class":"pipe_untagged","_osm_id":"way/204918605","_district":"вне районов","_length_km":0.081}},{"type":"Feature","geometry":{"type":"LineString","coordinates":[[44.1453171,56.1103432],[44.144874,56.1098723],[44.144742,56.1099146],[44.144641,56.109803],[44.1447606,56.1097701],[44.1433328,56.1082823],[44.1431361,56.1083345],[44.1430134,56.1082348],[44.1431259,56.1081965],[44.1421209,56.1071342],[44.141968,56.1071798],[44.1418755,56.1070774],[44.142035,56.1070235],[44.1414758,56.1064409],[44.1404257,56.1067453],[44.1404888,56.1068193],[44.1403211,56.1068754],[44.14025,56.1067992],[44.1395621,56.1070026],[44.1393435,56.1067842],[44.1389961,56.1068889],[44.1390277,56.1069194],[44.1389915,56.1069322],[44.1390063,56.1069456]]},"properties":{"location":"overground","man_made":"pipeline","_source":"candidate","_class":"pipe_untagged","_osm_id":"way/204918607","_district":"вне районов","_length_km":0.77}},{"type":"Feature","geometry":{"type":"LineString","coordinates":[[43.8412983,56.3085987],[43.8412928,56.3086922]]},"properties":{"location":"overground","man_made":"pipeline","_source":"candidate","_class":"pipe_untagged","_osm_id":"way/205361650","_district":"Канавинский район","_length_km":0.01}},{"type":"Feature","geometry":{"type":"LineString","coordinates":[[43.8413039,56.3085039],[43.8412983,56.3085987]]},"properties":{"layer":"1","location":"overground","man_made":"pipeline","_source":"candidate","_class":"pipe_untagged","_osm_id":"way/205361651","_district":"Канавинский район","_length_km":0.011}},{"type":"Feature","geometry":{"type":"LineString","coordinates":[[43.8446031,56.3086155],[43.844785,56.3086205]]},"properties":{"layer":"1","location":"overground","man_made":"pipeline","_source":"candidate","_class":"pipe_untagged","_osm_id":"way/205361652","_district":"Канавинский район","_length_km":0.011}},{"type":"Feature","geometry":{"type":"LineString","coordinates":[[43.8427735,56.3087481],[43.8429604,56.3086813]]},"properties":{"layer":"1","location":"overground","man_made":"pipeline","_source":"candidate","_class":"pipe_untagged","_osm_id":"way/205361653","_district":"Канавинский район","_length_km":0.014}},{"type":"Feature","geometry":{"type":"LineString","coordinates":[[43.8412928,56.3086922],[43.8427735,56.3087481]]},"properties":{"layer":"1","location":"overground","man_made":"pipeline","_source":"candidate","_class":"pipe_untagged","_osm_id":"way/205361654","_district":"Канавинский район","_length_km":0.092}},{"type":"Feature","geometry":{"type":"LineString","coordinates":[[43.8411434,56.3084221],[43.8413087,56.3084221],[43.8413039,56.3085039]]},"properties":{"location":"overground","man_made":"pipeline","_source":"candidate","_class":"pipe_untagged","_osm_id":"way/205361655","_district":"Канавинский район","_length_km":0.019}},{"type":"Feature","geometry":{"type":"LineString","coordinates":[[43.8429604,56.3086813],[43.8441071,56.3087142],[43.8441161,56.3086325],[43.8445978,56.3086464],[43.8446031,56.3086155]]},"properties":{"location":"overground","man_made":"pipeline","_source":"candidate","_class":"pipe_untagged","_osm_id":"way/205361656","_district":"Канавинский район","_length_km":0.113}},{"type":"Feature","geometry":{"type":"LineString","coordinates":[[43.8400474,56.3066042],[43.8399752,56.3073693],[43.8407875,56.3073822],[43.8407174,56.3079326],[43.8408486,56.3079505],[43.8407983,56.3084002],[43.8411434,56.3084221]]},"properties":{"layer":"1","location":"overground","man_made":"pipeline","_source":"candidate","_class":"pipe_untagged","_osm_id":"way/205361657","_district":"Канавинский район","_length_km":0.277}},{"type":"Feature","geometry":{"type":"LineString","coordinates":[[43.8448181,56.3051426],[43.8448153,56.3053975],[43.8454746,56.3054577],[43.8455545,56.3054862],[43.8459938,56.3055007],[43.8517596,56.3056899],[43.8522114,56.305795]]},"properties":{"location":"overground","man_made":"pipeline","_source":"candidate","_class":"pipe_untagged","_osm_id":"way/205653175","_district":"Канавинский район","_length_km":0.491}},{"type":"Feature","geometry":{"type":"LineString","coordinates":[[43.8459938,56.3055007],[43.846034,56.3051173],[43.8460483,56.3050618],[43.8460797,56.3049985],[43.8461367,56.3049462],[43.846211,56.3048956],[43.8463194,56.3048639],[43.8465963,56.304894],[43.8468874,56.3048972]]},"properties":{"location":"overground","man_made":"pipeline","_source":"candidate","_class":"pipe_untagged","_osm_id":"way/205653177","_district":"Канавинский район","_length_km":0.113}},{"type":"Feature","geometry":{"type":"LineString","coordinates":[[43.841866,56.3053775],[43.842416,56.3053974],[43.8424142,56.3054124],[43.8436813,56.3054503]]},"properties":{"location":"overground","man_made":"pipeline","_source":"candidate","_class":"pipe_untagged","_osm_id":"way/205671907","_district":"Канавинский район","_length_km":0.114}},{"type":"Feature","geometry":{"type":"LineString","coordinates":[[43.8534131,56.3027182],[43.8524244,56.3024601]]},"properties":{"man_made":"pipeline","_source":"candidate","_class":"pipe_untagged","_osm_id":"way/205958729","_district":"Канавинский район","_length_km":0.068}},{"type":"Feature","geometry":{"type":"LineString","coordinates":[[43.8535385,56.3012899],[43.8540138,56.3006807],[43.8544027,56.3007668],[43.8546543,56.3008076],[43.8548577,56.3007442],[43.8551932,56.300221],[43.8551423,56.3002069],[43.8556024,56.2996047]]},"properties":{"man_made":"pipeline","_source":"candidate","_class":"pipe_untagged","_osm_id":"way/205958755","_district":"Канавинский район","_length_km":0.269}},{"type":"Feature","geometry":{"type":"LineString","coordinates":[[43.8528324,56.3008242],[43.8525951,56.3011732],[43.8525035,56.3011542],[43.852259,56.3014833],[43.8523363,56.3015052],[43.8516534,56.3023997],[43.8516048,56.3025064],[43.8509255,56.3034367]]},"properties":{"man_made":"pipeline","_source":"candidate","_class":"pipe_untagged","_osm_id":"way/205958756","_district":"Канавинский район","_length_km":0.325}},{"type":"Feature","geometry":{"type":"LineString","coordinates":[[43.8564653,56.2907832],[43.8566893,56.2908792]]},"properties":{"layer":"1","location":"overground","man_made":"pipeline","_source":"candidate","_class":"pipe_untagged","_osm_id":"way/206299335","_district":"Канавинский район","_length_km":0.018}},{"type":"Feature","geometry":{"type":"LineString","coordinates":[[43.8443611,56.2884171],[43.8444903,56.2882673],[43.8449588,56.287917],[43.846262,56.2884027],[43.8467387,56.2886003],[43.8485621,56.2893127],[43.8489092,56.2894747],[43.8493372,56.289631],[43.8492568,56.2897045],[43.8496623,56.2898558],[43.8497073,56.2898153],[43.8500076,56.2899138],[43.8516491,56.2906008],[43.8522225,56.2909713],[43.8527664,56.291161],[43.8535774,56.2914169],[43.8538241,56.2914479],[43.8540559,56.2915027],[43.8546587,56.2917075]]},"properties":{"location":"overground","man_made":"pipeline","_source":"candidate","_class":"pipe_untagged","_osm_id":"way/206383853","_district":"Канавинский район","_length_km":0.82}},{"type":"Feature","geometry":{"type":"LineString","coordinates":[[44.0826818,56.248041],[44.0828763,56.2483072]]},"properties":{"layer":"1","location":"overground","man_made":"pipeline","_source":"candidate","_class":"pipe_untagged","_osm_id":"way/222586163","_district":"вне районов","_length_km":0.032}},{"type":"Feature","geometry":{"type":"LineString","coordinates":[[44.1744368,56.1150093],[44.1749395,56.1154717]]},"properties":{"layer":"-1","location":"underground","man_made":"pipeline","_source":"candidate","_class":"pipe_untagged","_osm_id":"way/235815644","_district":"вне районов","_length_km":0.06}},{"type":"Feature","geometry":{"type":"LineString","coordinates":[[44.1746943,56.1149256],[44.1744368,56.1150093]]},"properties":{"layer":"-1","location":"underground","man_made":"pipeline","_source":"candidate","_class":"pipe_untagged","_osm_id":"way/235815645","_district":"вне районов","_length_km":0.019}},{"type":"Feature","geometry":{"type":"LineString","coordinates":[[44.1746943,56.1149256],[44.1752371,56.1153988]]},"properties":{"layer":"-1","location":"underground","man_made":"pipeline","_source":"candidate","_class":"pipe_untagged","_osm_id":"way/235815646","_district":"вне районов","_length_km":0.063}},{"type":"Feature","geometry":{"type":"LineString","coordinates":[[44.1749395,56.1154717],[44.1750276,56.1155527],[44.1753424,56.1154361]]},"properties":{"layer":"-1","location":"underground","man_made":"pipeline","_source":"candidate","_class":"pipe_untagged","_osm_id":"way/235815647","_district":"вне районов","_length_km":0.034}},{"type":"Feature","geometry":{"type":"LineString","coordinates":[[44.1752371,56.1153988],[44.175356,56.1154124],[44.1775567,56.1172309],[44.1775293,56.1172989],[44.1782688,56.1178558],[44.1783465,56.1178293],[44.184441,56.1225641]]},"properties":{"location":"overground","man_made":"pipeline","_source":"candidate","_class":"pipe_untagged","_osm_id":"way/235815648","_district":"вне районов","_length_km":0.992}},{"type":"Feature","geometry":{"type":"LineString","coordinates":[[44.1767761,56.1115513],[44.1764228,56.1116568],[44.1754492,56.1130404],[44.1753048,56.1130088],[44.1752167,56.1131313],[44.1753627,56.1131634],[44.1744041,56.114602],[44.1746943,56.1149256]]},"properties":{"location":"overground","man_made":"pipeline","_source":"candidate","_class":"pipe_untagged","_osm_id":"way/235815649","_district":"вне районов","_length_km":0.436}},{"type":"Feature","geometry":{"type":"LineString","coordinates":[[44.1128618,56.1026591],[44.1148533,56.1018956],[44.1274852,56.0952663],[44.1699434,56.0852114],[44.2011015,56.0707152],[44.214947,56.0572573],[44.2180391,56.0561047],[44.2183062,56.0558345],[44.2181635,56.0543062],[44.2199714,56.0522399],[44.2273249,56.0447367],[44.2300908,56.0429198],[44.2302489,56.0422981],[44.2338002,56.0415849],[44.2375231,56.0411115],[44.2480373,56.039745],[44.2920014,56.0317809],[44.3071425,56.0324445],[44.3075314,56.0325089],[44.3089664,56.0331638],[44.3121743,56.0343447],[44.3155002,56.0352378],[44.3202102,56.0348122],[44.3226778,56.0344406],[44.324147,56.0335519],[44.3319046,56.0326483],[44.336734,56.0317667],[44.3388677,56.0309458],[44.3434867,56.030039],[44.3562878,56.0274087],[44.3593203,56.0267714],[44.359684,56.0267462],[44.3614495,56.0274354],[44.3617418,56.0274426],[44.3645657,56.0267654],[44.3648859,56.0266395],[44.365483,56.0258895],[44.3657882,56.0257267],[44.3697767,56.0248891],[44.3817401,56.0222526],[44.3882632,56.0209454],[44.3938994,56.0200276],[44.3974592,56.0188841],[44.4059443,56.0167358],[44.408967,56.0157921],[44.4155405,56.0132978],[44.4195807,56.0117041],[44.4251889,56.0096692],[44.4279706,56.0083482],[44.4305673,56.0072796],[44.4360519,56.0054758],[44.437216,56.0053978],[44.4462357,56.0053978],[44.4508695,56.0049089],[44.4630102,56.0032893],[44.4775736,56.0002009],[44.4780134,55.9998955],[44.4780553,55.998686],[44.4783975,55.998341],[44.4862618,55.9957334],[44.4920997,55.9937827]]},"properties":{"layer":"-1","location":"underground","man_made":"pipeline","_source":"candidate","_class":"pipe_untagged","_osm_id":"way/274735509","_district":"вне районов","_length_km":28.205}},{"type":"Feature","geometry":{"type":"LineString","coordinates":[[44.0924815,56.2633303],[44.0927277,56.2633966],[44.092655,56.2635437],[44.0924852,56.263524],[44.0923882,56.2638037],[44.092433,56.26381],[44.0924218,56.263839],[44.0923789,56.2638338],[44.0922539,56.2642254],[44.0923285,56.2642337],[44.0923061,56.2642876],[44.0922297,56.2642782],[44.091961,56.2649941]]},"properties":{"location":"overground","man_made":"pipeline","_source":"candidate","_class":"pipe_untagged","_osm_id":"way/283457192","_district":"вне районов","_length_km":0.227}},{"type":"Feature","geometry":{"type":"LineString","coordinates":[[44.0276736,56.2284785],[44.0278338,56.2285059]]},"properties":{"bridge":"yes","highway":"path","horse":"no","layer":"1","location":"overground","man_made":"pipeline","_source":"candidate","_class":"pipe_untagged","_osm_id":"way/292838190","_district":"вне районов","_length_km":0.01}},{"type":"Feature","geometry":{"type":"LineString","coordinates":[[43.9613838,56.2367343],[43.9614623,56.2367803],[43.9620385,56.2364893]]},"properties":{"man_made":"pipeline","source":"extrapolation","_source":"candidate","_class":"pipe_untagged","_osm_id":"way/297078183","_district":"Приокский район","_length_km":0.055}},{"type":"Feature","geometry":{"type":"LineString","coordinates":[[43.9971005,56.295354],[43.997251,56.2951247]]},"properties":{"location":"overground","man_made":"pipeline","_source":"candidate","_class":"pipe_untagged","_osm_id":"way/332414640","_district":"Советский район","_length_km":0.027}},{"type":"Feature","geometry":{"type":"LineString","coordinates":[[44.0931158,56.0768886],[44.0909046,56.0791818],[44.089012,56.0809414],[44.087333,56.0822297],[44.0845467,56.0835013],[44.082226,56.0847926],[44.0802852,56.086331],[44.0740153,56.090451],[44.0728115,56.0909682],[44.0618273,56.0938027],[44.046249,56.0979919],[44.0447041,56.0982553],[44.0435025,56.0983271],[44.023461,56.0983031],[44.0077969,56.098351],[44.005737,56.0985186],[43.9873263,56.1030902],[43.9828459,56.1042498],[43.9809748,56.1048613],[43.979344,56.1054835],[43.9739796,56.1079485],[43.9667484,56.1110474],[43.9653965,56.1114183],[43.9570066,56.1124233],[43.9526914,56.112976],[43.9498826,56.1132727],[43.9480137,56.1133948],[43.9457992,56.1133463],[43.943529,56.1131675],[43.9334246,56.1126865],[43.9223095,56.1121601],[43.9173694,56.1119008],[43.9115319,56.1119534]]},"properties":{"layer":"-1","location":"underground","man_made":"pipeline","_source":"candidate","_class":"pipe_untagged","_osm_id":"way/334226984","_district":"вне районов","_length_km":12.68}},{"type":"Feature","geometry":{"type":"LineString","coordinates":[[43.8195869,56.3590288],[43.8182781,56.3583568],[43.8181148,56.358292],[43.8180624,56.3583022],[43.8176896,56.3581725],[43.8176261,56.35816],[43.8170518,56.3574607],[43.8159149,56.3577372],[43.8158841,56.3577645],[43.8161214,56.3580615],[43.8159388,56.3581123],[43.8145695,56.358448],[43.8144699,56.3584644],[43.8133415,56.3588072],[43.8117802,56.3592103],[43.8115358,56.358863],[43.8137212,56.3582903]]},"properties":{"man_made":"pipeline","_source":"candidate","_class":"pipe_untagged","_osm_id":"way/406327363","_district":"Сормовский район","_length_km":0.848}},{"type":"Feature","geometry":{"type":"LineString","coordinates":[[44.0228945,56.2278081],[44.0231077,56.2278476]]},"properties":{"layer":"1","location":"overground","man_made":"pipeline","_source":"candidate","_class":"pipe_untagged","_osm_id":"way/420061202","_district":"Приокский район","_length_km":0.014}},{"type":"Feature","geometry":{"type":"LineString","coordinates":[[44.0231077,56.2278476],[44.0276736,56.2284785]]},"properties":{"layer":"-1","location":"underground","man_made":"pipeline","_source":"candidate","_class":"pipe_untagged","_osm_id":"way/420061204","_district":"Приокский район","_length_km":0.292}},{"type":"Feature","geometry":{"type":"LineString","coordinates":[[43.9081871,56.239354],[43.9088856,56.2396335],[43.9089321,56.2395939],[43.9090591,56.2396438],[43.9090096,56.2396834],[43.9096542,56.2399332],[43.9096232,56.2399642],[43.909961,56.2400951],[43.9100137,56.2400554],[43.9105839,56.2403809],[43.9106459,56.2403448],[43.9106955,56.240374],[43.9106273,56.2404102],[43.9111863,56.2407287],[43.9112432,56.240697],[43.9115031,56.2408256],[43.9114533,56.2408553],[43.9124607,56.2413657],[43.9124109,56.2413973],[43.9125319,56.2414567],[43.9125853,56.241423],[43.9134504,56.2418563],[43.9133899,56.2418919],[43.9135073,56.2419473],[43.9135643,56.2419136],[43.914586,56.2424299],[43.9150773,56.2423726]]},"properties":{"man_made":"pipeline","_source":"candidate","_class":"pipe_untagged","_osm_id":"way/449652145","_district":"Автозаводский район","_length_km":0.618}},{"type":"Feature","geometry":{"type":"LineString","coordinates":[[43.9153178,56.2423477],[43.9155496,56.2423228],[43.9161269,56.2418349],[43.9160578,56.24181],[43.9161431,56.2417309],[43.9162244,56.2417626],[43.9166595,56.2413876],[43.9167082,56.2414034],[43.9168993,56.2412497]]},"properties":{"man_made":"pipeline","_source":"candidate","_class":"pipe_untagged","_osm_id":"way/449652157","_district":"Автозаводский район","_length_km":0.175}},{"type":"Feature","geometry":{"type":"LineString","coordinates":[[43.9462354,56.2788527],[43.9457788,56.278977]]},"properties":{"layer":"1","location":"overground","man_made":"pipeline","_source":"candidate","_class":"pipe_untagged","_osm_id":"way/466154722","_district":"Ленинский район","_length_km":0.031}},{"type":"Feature","geometry":{"type":"LineString","coordinates":[[43.9281819,56.2804901],[43.9280436,56.2805197],[43.9276027,56.2799656],[43.9264413,56.2796046],[43.9263143,56.2794409]]},"properties":{"location":"overground","man_made":"pipeline","_source":"candidate","_class":"pipe_untagged","_osm_id":"way/466154723","_district":"Ленинский район","_length_km":0.179}},{"type":"Feature","geometry":{"type":"LineString","coordinates":[[44.2090004,56.1585607],[44.2076202,56.1593539],[44.2072507,56.1595662],[44.2072228,56.1595818],[44.2071711,56.1596108]]},"properties":{"man_made":"pipeline","_source":"candidate","_class":"pipe_untagged","_osm_id":"way/466950596","_district":"вне районов","_length_km":0.163}},{"type":"Feature","geometry":{"type":"LineString","coordinates":[[44.2071014,56.1596541],[44.2068573,56.1598228],[44.2067098,56.1599752],[44.2060687,56.1609953],[44.2058971,56.1611806],[44.2056039,56.1613457],[44.2053397,56.1614734],[44.2050702,56.1615888],[44.2039101,56.1618554]]},"properties":{"man_made":"pipeline","_source":"candidate","_class":"pipe_untagged","_osm_id":"way/466950597","_district":"вне районов","_length_km":0.334}},{"type":"Feature","geometry":{"type":"LineString","coordinates":[[43.9417727,56.3080738],[43.9422152,56.3096316]]},"properties":{"layer":"1","location":"overground","man_made":"pipeline","_source":"candidate","_class":"pipe_untagged","_osm_id":"way/466955855","_district":"Канавинский район","_length_km":0.176}},{"type":"Feature","geometry":{"type":"LineString","coordinates":[[44.172255,56.1681615],[44.1684785,56.1689171]]},"properties":{"man_made":"pipeline","_source":"candidate","_class":"pipe_untagged","_osm_id":"way/478885533","_district":"вне районов","_length_km":0.249}},{"type":"Feature","geometry":{"type":"LineString","coordinates":[[44.1742989,56.1677553],[44.1724428,56.1681286]]},"properties":{"man_made":"pipeline","_source":"candidate","_class":"pipe_untagged","_osm_id":"way/478885535","_district":"вне районов","_length_km":0.123}},{"type":"Feature","geometry":{"type":"LineString","coordinates":[[43.9146738,56.2641739],[43.9167686,56.2649708]]},"properties":{"man_made":"pipeline","_source":"candidate","_class":"pipe_untagged","_osm_id":"way/482648561","_district":"Ленинский район","_length_km":0.157}},{"type":"Feature","geometry":{"type":"LineString","coordinates":[[44.1999991,56.151894],[44.2018912,56.1528981]]},"properties":{"layer":"1","man_made":"pipeline","_source":"candidate","_class":"pipe_untagged","_osm_id":"way/492415441","_district":"вне районов","_length_km":0.162}},{"type":"Feature","geometry":{"type":"LineString","coordinates":[[43.9167904,56.2674211],[43.916518,56.2676153]]},"properties":{"layer":"-1","location":"underground","man_made":"pipeline","_source":"candidate","_class":"pipe_untagged","_osm_id":"way/495925417","_district":"Ленинский район","_length_km":0.027}},{"type":"Feature","geometry":{"type":"LineString","coordinates":[[43.9192295,56.2660857],[43.9178272,56.2668306],[43.9179189,56.2668872],[43.9178149,56.2669509],[43.917708,56.2668946],[43.9173067,56.2671027],[43.9167904,56.2674211]]},"properties":{"location":"overground","man_made":"pipeline","_source":"candidate","_class":"pipe_untagged","_osm_id":"way/495925419","_district":"Ленинский район","_length_km":0.229}},{"type":"Feature","geometry":{"type":"LineString","coordinates":[[43.901621,56.2412923],[43.9026671,56.2416858],[43.9027475,56.2416142],[43.9029889,56.2417245],[43.9028816,56.2417991],[43.9041637,56.242285],[43.9042442,56.2422104],[43.9044427,56.2422909],[43.9043676,56.2423654],[43.9066153,56.2432329]]},"properties":{"location":"overground","man_made":"pipeline","_source":"candidate","_class":"pipe_untagged","_osm_id":"way/499581087","_district":"Автозаводский район","_length_km":0.418}},{"type":"Feature","geometry":{"type":"LineString","coordinates":[[44.1901996,56.1440726],[44.1892749,56.1435778]]},"properties":{"man_made":"pipeline","_source":"candidate","_class":"pipe_untagged","_osm_id":"way/533617631","_district":"вне районов","_length_km":0.08}},{"type":"Feature","geometry":{"type":"LineString","coordinates":[[44.0445672,56.285112],[44.044273,56.2851181],[44.0442565,56.2856738],[44.0441317,56.2856748],[44.0441308,56.2857366],[44.0442613,56.2857366],[44.0442078,56.2863821],[44.0444499,56.2863862],[44.0444189,56.2872727],[44.0442574,56.2872721],[44.0442548,56.2873548],[44.0444134,56.2873571],[44.0444036,56.2876898],[44.0440872,56.2883984],[44.0422038,56.2883691],[44.0421983,56.2884217],[44.0419275,56.2884171],[44.0419333,56.288359],[44.0400175,56.2883412]]},"properties":{"count":"2","location":"overground","man_made":"pipeline","_source":"candidate","_class":"pipe_untagged","_osm_id":"way/594582796","_district":"Советский район","_length_km":0.7}},{"type":"Feature","geometry":{"type":"LineString","coordinates":[[44.0645057,56.3124834],[44.0645693,56.3125757],[44.0646586,56.312803],[44.0644553,56.3128355],[44.0645015,56.3130089]]},"properties":{"man_made":"pipeline","_source":"candidate","_class":"pipe_untagged","_osm_id":"way/617594177","_district":"Нижегородский район","_length_km":0.07}},{"type":"Feature","geometry":{"type":"LineString","coordinates":[[43.9156321,56.3398555],[43.9150138,56.339974]]},"properties":{"layer":"-1","man_made":"pipeline","_source":"candidate","_class":"pipe_untagged","_osm_id":"way/666315261","_district":"Московский район","_length_km":0.04}},{"type":"Feature","geometry":{"type":"LineString","coordinates":[[43.9126952,56.3404779],[43.9126722,56.3404427],[43.9049884,56.3419775],[43.9050057,56.3420191]]},"properties":{"man_made":"pipeline","_source":"candidate","_class":"pipe_untagged","_osm_id":"way/666315262","_district":"Московский район","_length_km":0.514}},{"type":"Feature","geometry":{"type":"LineString","coordinates":[[43.9129722,56.3404171],[43.9126952,56.3404779]]},"properties":{"layer":"1","man_made":"pipeline","_source":"candidate","_class":"pipe_untagged","_osm_id":"way/666315264","_district":"Московский район","_length_km":0.018}},{"type":"Feature","geometry":{"type":"LineString","coordinates":[[43.9050057,56.3420191],[43.9047142,56.3420804]]},"properties":{"layer":"1","man_made":"pipeline","_source":"candidate","_class":"pipe_untagged","_osm_id":"way/666315265","_district":"Московский район","_length_km":0.019}},{"type":"Feature","geometry":{"type":"LineString","coordinates":[[43.9047142,56.3420804],[43.9046796,56.3420388],[43.9016448,56.3426643],[43.8983604,56.3433013],[43.8919471,56.3445865]]},"properties":{"man_made":"pipeline","_source":"candidate","_class":"pipe_untagged","_osm_id":"way/666315267","_district":"Сормовский район","_length_km":0.842}},{"type":"Feature","geometry":{"type":"LineString","coordinates":[[43.9150138,56.339974],[43.9129504,56.3403845],[43.9129722,56.3404171]]},"properties":{"man_made":"pipeline","_source":"candidate","_class":"pipe_untagged","_osm_id":"way/666315268","_district":"Московский район","_length_km":0.139}},{"type":"Feature","geometry":{"type":"LineString","coordinates":[[44.0575752,56.2858687],[44.0558079,56.2839046],[44.0557607,56.2839181],[44.0555835,56.28374],[44.0556451,56.2837229],[44.0534578,56.2812764]]},"properties":{"man_made":"pipeline","_source":"candidate","_class":"pipe_untagged","_osm_id":"way/666492386","_district":"Нижегородский район","_length_km":0.579}},{"type":"Feature","geometry":{"type":"LineString","coordinates":[[44.6893646,56.0310523],[44.6894204,56.031098]]},"properties":{"layer":"1","location":"overhead","man_made":"pipeline","_source":"candidate","_class":"pipe_untagged","_osm_id":"way/672640809","_district":"вне районов","_length_km":0.006}},{"type":"Feature","geometry":{"type":"LineString","coordinates":[[44.6892157,56.0310344],[44.6893197,56.0310147],[44.6893646,56.0310523]]},"properties":{"location":"overground","man_made":"pipeline","_source":"candidate","_class":"pipe_untagged","_osm_id":"way/672640811","_district":"вне районов","_length_km":0.012}},{"type":"Feature","geometry":{"type":"LineString","coordinates":[[44.6894204,56.031098],[44.6895316,56.0312665],[44.6895799,56.0314299],[44.6894404,56.0314419]]},"properties":{"location":"overground","man_made":"pipeline","_source":"candidate","_class":"pipe_untagged","_osm_id":"way/672640815","_district":"вне районов","_length_km":0.047}},{"type":"Feature","geometry":{"type":"LineString","coordinates":[[43.8774221,56.2319394],[43.877979,56.2321652],[43.8779178,56.2322178],[43.8779928,56.2322462],[43.8780551,56.2321955],[43.8785897,56.2324123]]},"properties":{"location":"overground","man_made":"pipeline","_source":"candidate","_class":"pipe_untagged","_osm_id":"way/702543640","_district":"Автозаводский район","_length_km":0.103}},{"type":"Feature","geometry":{"type":"LineString","coordinates":[[44.0096095,56.3280755],[44.0099597,56.3282451],[44.0102726,56.3281959]]},"properties":{"location":"overground","man_made":"pipeline","_source":"candidate","_class":"pipe_untagged","_osm_id":"way/891590667","_district":"Нижегородский район","_length_km":0.049}},{"type":"Feature","geometry":{"type":"LineString","coordinates":[[45.0558549,55.9986102],[45.0539381,55.997042],[45.0538271,55.9969512],[45.0529486,55.996292],[45.0509745,55.995044],[45.0469834,55.9930998],[45.0423056,55.9913956],[45.0408165,55.9910773],[45.0095612,55.9866667],[45.0071579,55.9862346],[44.9221856,55.9615961],[44.8915869,55.9549415],[44.882403,55.9508088],[44.8710305,55.9480935],[44.8612887,55.9478291],[44.8450238,55.94694],[44.8431784,55.9467237],[44.8036105,55.9353554],[44.8025805,55.9351631],[44.7805649,55.9327351],[44.7789771,55.932663],[44.7775609,55.9327351],[44.7754151,55.9330476],[44.7691494,55.9342015],[44.7540862,55.9386965],[44.753142,55.9389128],[44.752155,55.9390571],[44.7453314,55.9392253],[44.7440869,55.9391532],[44.7312981,55.9365332],[44.7126729,55.9331438],[44.6920735,55.9325669],[44.6911294,55.932639],[44.6547801,55.9381918],[44.654308,55.9383841],[44.647699,55.9426382],[44.6467978,55.9430949],[44.6455103,55.9435275],[44.6275717,55.9481175],[44.6226052,55.948502],[44.5833806,55.9509337],[44.5766858,55.9518949],[44.5597772,55.955422],[44.5587472,55.9554484],[44.5524816,55.9554965],[44.5491342,55.9558328],[44.5383195,55.9588118],[44.5362596,55.9596022],[44.5308522,55.964481],[44.5270757,55.9671711],[44.523385,55.9688524],[44.5207242,55.9699307],[44.5158297,55.971493],[44.5112807,55.9728138],[44.504073,55.975118],[44.5017127,55.9760065],[44.5000798,55.9771122],[44.4945437,55.9814102],[44.4906813,55.9842912],[44.4840133,55.9879678],[44.4825295,55.9883495],[44.457982,55.9891177],[44.456392,55.9889964],[44.4403845,55.986956],[44.4396979,55.9866919],[44.4262246,55.9808568],[44.4248492,55.9800656],[44.412275,55.9725497],[44.3994433,55.9645518],[44.3871266,55.9568166],[44.38541,55.9563361],[44.3763978,55.9540056],[44.3735653,55.9537173],[44.3606907,55.9537894],[44.3465287,55.9538855],[44.3327958,55.9541258],[44.3307358,55.9542699],[44.3288497,55.954533],[44.3115098,55.9578737],[44.2973048,55.9606364],[44.289065,55.9621498],[44.2872647,55.9625569],[44.2702864,55.9694532],[44.2673928,55.9706284],[44.2662362,55.9709154],[44.257136,55.9728859],[44.2511279,55.9740386],[44.2467076,55.9755034],[44.2433602,55.976608],[44.2425019,55.9771603],[44.2342729,55.9836694],[44.2325026,55.9848914],[44.2278076,55.9868876],[44.2263168,55.987778],[44.2259044,55.9879492],[44.2252091,55.9881251],[44.2137701,55.9887324]]},"properties":{"layer":"-1","location":"underground","man_made":"pipeline","_source":"candidate","_class":"pipe_untagged","_osm_id":"way/91435565","_district":"вне районов","_length_km":59.383}}]}