{"type":"FeatureCollection","features":[{"type":"Feature","geometry":{"type":"Point","coordinates":[44.0421885,56.3170083]},"properties":{"generator:source":"gas","power":"plant","_source":"real","_class":"heat_source","_osm_id":"node/13945959900","_district":"Нижегородский район"}},{"type":"Feature","geometry":{"type":"Point","coordinates":[43.8522432,56.22758]},"properties":{"man_made":"manhole","manhole":"heat","_source":"real","_class":"heat_manhole","_osm_id":"node/6597554812","_district":"Автозаводский район"}},{"type":"Feature","geometry":{"type":"Point","coordinates":[43.8522768,56.2275751]},"properties":{"man_made":"manhole","manhole":"heat","_source":"real","_class":"heat_manhole","_osm_id":"node/6597554813","_district":"Автозаводский район"}},{"type":"Feature","geometry":{"type":"Point","coordinates":[43.8771235,56.230527]},"properties":{"man_made":"manhole","manhole":"heat","_source":"real","_class":"heat_manhole","_osm_id":"node/6598728347","_district":"Автозаводский район"}},{"type":"Feature","geometry":{"type":"Point","coordinates":[43.8771682,56.2305462]},"properties":{"man_made":"manhole","manhole":"heat","_source":"real","_class":"heat_manhole","_osm_id":"node/6598728348","_district":"Автозаводский район"}},{"type":"Feature","geometry":{"type":"Point","coordinates":[43.8771246,56.2305776]},"properties":{"man_made":"manhole","manhole":"heat","_source":"real","_class":"heat_manhole","_osm_id":"node/6598728349","_district":"Автозаводский район"}},{"type":"Feature","geometry":{"type":"Point","coordinates":[43.8770799,56.2305585]},"properties":{"man_made":"manhole","manhole":"heat","_source":"real","_class":"heat_manhole","_osm_id":"node/6598728350","_district":"Автозаводский район"}},{"type":"Feature","geometry":{"type":"Polygon","coordinates":[[[43.8301151,56.2307251],[43.8305572,56.2311701],[43.8306988,56.2311266],[43.8302547,56.2306798],[43.8301642,56.2307076],[43.8301151,56.2307251]]]},"properties":{"building:levels":"2","building:part":"yes","industrial":"heating_station","roof:shape":"flat","type":"multipolygon","_source":"real","_class":"heat_source","_osm_id":"relation/2298479","_district":"Автозаводский район"}},{"type":"Feature","geometry":{"type":"Polygon","coordinates":[[[43.9461481,56.2780161],[43.945618,56.278136],[43.946438,56.2788815],[43.9482754,56.2784371],[43.9477972,56.2778181],[43.9477447,56.2777741],[43.9475894,56.2775963],[43.94642,56.2778866],[43.9461481,56.2780161]]]},"properties":{"industrial":"heating_station","landuse":"industrial","plant:output:hot_water":"yes","power":"plant","type":"multipolygon","_source":"real","_class":"heat_source","_osm_id":"relation/2593700","_district":"Ленинский район"}},{"type":"Feature","geometry":{"type":"Polygon","coordinates":[[[43.9394326,56.3175833],[43.9393867,56.3176238],[43.9400092,56.3178616],[43.9404144,56.3175505],[43.9398154,56.3173177],[43.9397437,56.3173388],[43.9394326,56.3175833]]]},"properties":{"industrial":"heating_station","landuse":"industrial","plant:output:hot_water":"yes","power":"plant","type":"multipolygon","_source":"real","_class":"heat_source","_osm_id":"relation/2813523","_district":"Канавинский район"}},{"type":"Feature","geometry":{"type":"Polygon","coordinates":[[[43.9881782,56.3055587],[43.9881301,56.3055629],[43.9881245,56.3055434],[43.9878697,56.3055659],[43.9879521,56.3058529],[43.9881045,56.3058394],[43.9880775,56.3057453],[43.9881916,56.3057352],[43.9881763,56.305682],[43.9881192,56.3056871],[43.9881046,56.3056364],[43.988198,56.3056281],[43.9881968,56.305624],[43.9881782,56.3055587]]]},"properties":{"addr:housenumber":"11Б","addr:street":"улица Кулибина","building":"yes","building:architecture":"eclectic","building:levels":"1","power":"plant","type":"multipolygon","_source":"real","_class":"heat_source","_osm_id":"relation/4217625","_district":"Советский район"}},{"type":"Feature","geometry":{"type":"Polygon","coordinates":[[[43.9240618,56.348847],[43.923982,56.3488725],[43.9240865,56.3489732],[43.9241871,56.3490702],[43.9243194,56.3491976],[43.9245855,56.3491128],[43.9247637,56.349056],[43.9245659,56.3488654],[43.9244263,56.3487309],[43.9240618,56.348847]]]},"properties":{"landuse":"industrial","name":"Котельная","type":"multipolygon","_source":"real","_class":"heat_source","_osm_id":"relation/5749670","_district":"Канавинский район"}},{"type":"Feature","geometry":{"type":"Polygon","coordinates":[[[43.8879,56.3519711],[43.88772,56.3520098],[43.8880322,56.3526319],[43.8883953,56.3532515],[43.8886214,56.3535218],[43.8887255,56.3536691],[43.8888557,56.3536668],[43.8889244,56.3537302],[43.8888283,56.3537716],[43.8900163,56.3546196],[43.8900469,56.3546345],[43.890084,56.3546612],[43.8900916,56.3546834],[43.8910674,56.3553849],[43.8914839,56.3556977],[43.8922258,56.356114],[43.8923057,56.3561205],[43.8936719,56.3551647],[43.8946847,56.3543146],[43.8947229,56.3542825],[43.8950874,56.3538224],[43.8951378,56.3536503],[43.8951614,56.3535142],[43.895097,56.3530959],[43.8949739,56.353123],[43.8949461,56.3531291],[43.8944215,56.3532446],[43.894407,56.3534444],[43.894386,56.3534487],[43.8943591,56.3534543],[43.8942855,56.3534694],[43.8941518,56.3532697],[43.894178,56.3532644],[43.8941582,56.3532348],[43.8941383,56.3532051],[43.8940737,56.3532184],[43.8940323,56.3531567],[43.8940158,56.353132],[43.8939651,56.3530563],[43.8940036,56.3530484],[43.8938606,56.352835],[43.8938985,56.3528272],[43.8939363,56.3528194],[43.8938889,56.3527485],[43.8949209,56.3525363],[43.8939691,56.3511154],[43.8939347,56.3510642],[43.8939739,56.3510374],[43.8937947,56.3507699],[43.8937083,56.350641],[43.8933718,56.3501386],[43.8931463,56.349802],[43.8925664,56.3499213],[43.8924392,56.3499845],[43.8926032,56.3502293],[43.8914387,56.3504688],[43.8910492,56.3499668],[43.8880746,56.3506054],[43.8884949,56.3510426],[43.8883258,56.3510789],[43.888421,56.3512151],[43.8888127,56.3517752],[43.8887624,56.351786],[43.8879,56.3519711]]]},"properties":{"branch":"Нижегородский филиал","landuse":"industrial","name":"Сормовская ТЭЦ","name:en":"Sormovo Power Plant","operator":"ПАО «Т Плюс»","plant:method":"combustion","plant:output:electricity":"350 MW","plant:output:heat":"646 Gcal/h","plant:source":"gas;oil","power":"plant","start_date":"1974","type":"multipolygon","wikidata":"Q4429056","_source":"real","_class":"heat_source","_osm_id":"relation/6613324","_district":"Сормовский район"}},{"type":"Feature","geometry":{"type":"Polygon","coordinates":[[[43.9509934,56.3385761],[43.9510202,56.3386779],[43.9513094,56.3386568],[43.9513174,56.3386971],[43.9513254,56.338737],[43.9515089,56.3387258],[43.9517497,56.338713],[43.9517337,56.3386243],[43.9517269,56.3385866],[43.9517203,56.3385504],[43.9516687,56.3383429],[43.9516104,56.338348],[43.9515081,56.3383555],[43.9512221,56.3383767],[43.9512346,56.3384285],[43.9512612,56.3385391],[43.9512629,56.3385538],[43.9509934,56.3385761]]]},"properties":{"barrier":"fence","landuse":"industrial","plant:output:hot_water":"yes","power":"plant","type":"multipolygon","_source":"real","_class":"heat_source","_osm_id":"relation/7661698","_district":"Канавинский район"}},{"type":"Feature","geometry":{"type":"Polygon","coordinates":[[[43.8912122,56.3517697],[43.8910348,56.351804],[43.8912339,56.3521203],[43.8907046,56.3522226],[43.8907697,56.352326],[43.8908398,56.3524375],[43.8909007,56.3525343],[43.8909678,56.3526409],[43.8910285,56.3527373],[43.8910981,56.3528479],[43.891161,56.3529479],[43.891227,56.3530528],[43.891286,56.3531466],[43.8917475,56.3530575],[43.8918382,56.3532016],[43.8919054,56.3533084],[43.8920837,56.353274],[43.8921505,56.3532611],[43.89211,56.3531966],[43.8912122,56.3517697]]]},"properties":{"man_made":"works","name":"Котельный цех","type":"multipolygon","_source":"real","_class":"heat_source","_osm_id":"relation/7812030","_district":"Сормовский район"}},{"type":"Feature","geometry":{"type":"Polygon","coordinates":[[[43.8890231,56.2431391],[43.8900032,56.2435218],[43.8910995,56.2439499],[43.8923243,56.2444281],[43.8936494,56.2449455],[43.8976704,56.2465155],[43.9017015,56.2433105],[43.9011063,56.2429925],[43.8987012,56.2420767],[43.8983308,56.2419067],[43.8975679,56.2415423],[43.8970492,56.2412861],[43.8956278,56.2406458],[43.8948705,56.2403919],[43.8929377,56.2418759],[43.8927717,56.2418106],[43.8929049,56.2417061],[43.8905518,56.24078],[43.8904186,56.2408845],[43.8896352,56.2405762],[43.8895258,56.2405931],[43.8871884,56.2424227],[43.8890231,56.2431391]]]},"properties":{"alt_name":"ТЭЦ ГАЗ","landuse":"industrial","name":"Автозаводская ТЭЦ","name:en":"Avtozavodskaya CHPP","operator":"ООО «Автозаводская ТЭЦ»","plant:method":"combustion","plant:output:electricity":"530 MW","plant:output:heat":"1783 MW","plant:source":"gas;oil","power":"plant","start_date":"1931","type":"multipolygon","wikidata":"Q4056236","_source":"real","_class":"heat_source","_osm_id":"relation/7839125","_district":"Автозаводский район"}},{"type":"Feature","geometry":{"type":"Polygon","coordinates":[[[43.9146626,56.2792022],[43.9147098,56.2792692],[43.9147347,56.279269],[43.9148771,56.2794562],[43.9150337,56.2796621],[43.9150792,56.2797252],[43.915151,56.2797353],[43.9159823,56.2795426],[43.9160315,56.2795316],[43.9159068,56.2793471],[43.9158746,56.2793035],[43.915899,56.2792983],[43.915876,56.2792654],[43.9158499,56.2792321],[43.9156518,56.2789512],[43.9147781,56.2791712],[43.9146626,56.2792022]]]},"properties":{"branch":"РТС Ленинский","industrial":"heating_station","landuse":"industrial","name":"Ипподром","operator":"АО «Теплоэнерго»","plant:method":"combustion","plant:output:hot_water":"yes","plant:source":"gas","power":"plant","type":"multipolygon","_source":"real","_class":"heat_source","_osm_id":"relation/8158155","_district":"Ленинский район"}},{"type":"Feature","geometry":{"type":"Polygon","coordinates":[[[44.0090584,56.3181514],[44.0089682,56.3182924],[44.0091329,56.3183247],[44.0092655,56.3181172],[44.0091009,56.3180849],[44.0090491,56.3180747],[44.0090066,56.3181412],[44.0090584,56.3181514]]]},"properties":{"addr:housenumber":"4А","addr:street":"улица Володарского","branch":"РТС Нагорный","building":"service","building:levels":"3","name":"ЦТП-105","operator":"АО «Теплоэнерго»","pipeline":"substation","pipeline:heat_transfer":"yes","substance":"hot_water","substation":"distribution","type":"multipolygon","_source":"real","_class":"heat_substation","_osm_id":"relation/8164351","_district":"Нижегородский район"}},{"type":"Feature","geometry":{"type":"Polygon","coordinates":[[[43.9977048,56.3157885],[43.9976511,56.3158688],[43.9981037,56.3159618],[43.9981574,56.3158814],[43.998202,56.3158147],[43.9977494,56.3157217],[43.9977048,56.3157885]]]},"properties":{"addr:housenumber":"7Б","addr:street":"улица Звездинка","branch":"РТС Нагорный","building":"service","building:architecture":"modern","building:levels":"2","name":"ЦТП-106","operator":"АО «Теплоэнерго»","pipeline":"substation","pipeline:heat_transfer":"yes","substance":"hot_water","substation":"distribution","type":"multipolygon","_source":"real","_class":"heat_substation","_osm_id":"relation/8164362","_district":"Нижегородский район"}},{"type":"Feature","geometry":{"type":"Polygon","coordinates":[[[44.0446231,56.3045096],[44.0446901,56.3045252],[44.044725,56.3044791],[44.0447838,56.3044927],[44.0448254,56.3044377],[44.0447666,56.304424],[44.0448006,56.304379],[44.0448623,56.3043933],[44.0449046,56.3043373],[44.0447759,56.3043074],[44.0448136,56.3042575],[44.0446299,56.3042148],[44.0444394,56.3044669],[44.0446231,56.3045096]]]},"properties":{"addr:housenumber":"18А","addr:postcode":"603106","addr:street":"улица Надежды Сусловой","branch":"РТС Верхне-Печёрский","building":"service","building:levels":"2","building:material":"brick","name":"ЦТП-147","operator":"ООО «Нижновтеплоэнерго»","pipeline":"substation","pipeline:heat_transfer":"yes","substance":"hot_water","substation":"distribution","type":"multipolygon","_source":"real","_class":"heat_substation","_osm_id":"relation/8164367","_district":"Советский район"}},{"type":"Feature","geometry":{"type":"Polygon","coordinates":[[[44.0715681,56.2958484],[44.0714442,56.2958491],[44.0714475,56.2960187],[44.0722352,56.296014],[44.072232,56.2958444],[44.0720496,56.2958455],[44.0720471,56.2957133],[44.0715656,56.2957161],[44.0715681,56.2958484]]]},"properties":{"addr:housenumber":"2Б","addr:postcode":"603163","addr:street":"улица Германа Лопатина","branch":"РТС Верхне-Печёрский","building":"service","name":"ЦТП-121","operator":"ООО «Нижновтеплоэнерго»","pipeline":"substation","pipeline:heat_transfer":"yes","substance":"hot_water","substation":"distribution","type":"multipolygon","_source":"real","_class":"heat_substation","_osm_id":"relation/8164370","_district":"Нижегородский район"}},{"type":"Feature","geometry":{"type":"Polygon","coordinates":[[[44.0735547,56.3143273],[44.0733708,56.314468],[44.0737753,56.3146307],[44.0739593,56.31449],[44.0740427,56.3144262],[44.0736382,56.3142635],[44.0735547,56.3143273]]]},"properties":{"addr:housenumber":"182А","addr:street":"улица Родионова","branch":"РТС Верхне-Печёрский","building":"service","building:levels":"2","name":"ЦТП-145","operator":"ООО «Нижновтеплоэнерго»","pipeline":"substation","pipeline:heat_transfer":"yes","substance":"hot_water","substation":"distribution","type":"multipolygon","_source":"real","_class":"heat_substation","_osm_id":"relation/8164373","_district":"Нижегородский район"}},{"type":"Feature","geometry":{"type":"Polygon","coordinates":[[[43.952354,56.3277265],[43.9524769,56.32782],[43.9525292,56.3277989],[43.9525965,56.3278256],[43.9526198,56.3278149],[43.9526687,56.3278474],[43.9526805,56.3278435],[43.9527053,56.3278606],[43.9528435,56.3278048],[43.9531814,56.3276565],[43.9530802,56.3275763],[43.9529572,56.3274828],[43.9528769,56.3274217],[43.9527785,56.3274614],[43.9527476,56.3274301],[43.9526859,56.3274093],[43.9526202,56.3274457],[43.9525746,56.3274472],[43.9525209,56.3274829],[43.9523828,56.3275572],[43.9521307,56.3276613],[43.9522447,56.3277223],[43.9523037,56.327697],[43.952354,56.3277265]]]},"properties":{"branch":"РТС Канавинский","industrial":"heating_station","landuse":"industrial","name":"Котельная","operator":"АО «Теплоэнерго»","plant:output:electricity":"no","plant:output:hot_water":"yes","plant:source":"gas","power":"plant","type":"multipolygon","_source":"real","_class":"heat_source","_osm_id":"relation/8188704","_district":"Канавинский район"}},{"type":"Feature","geometry":{"type":"Polygon","coordinates":[[[43.9444263,56.3264884],[43.9445638,56.3265602],[43.9448738,56.3267645],[43.9449123,56.3267899],[43.9452179,56.3266473],[43.9453063,56.326596],[43.9448655,56.32633],[43.9447748,56.32633],[43.9446147,56.3263989],[43.9445216,56.3264432],[43.9444263,56.3264884]]]},"properties":{"industrial":"heating_station","landuse":"industrial","power":"plant","type":"multipolygon","_source":"real","_class":"heat_source","_osm_id":"relation/8350281","_district":"Канавинский район"}},{"type":"Feature","geometry":{"type":"Polygon","coordinates":[[[43.8544977,56.3505817],[43.8558356,56.3506755],[43.8566717,56.3508306],[43.8566855,56.3508077],[43.8567309,56.3505457],[43.8568088,56.3505499],[43.8569634,56.3505581],[43.8569721,56.3505079],[43.8569805,56.3504593],[43.8569957,56.3503717],[43.8570108,56.3502841],[43.8570182,56.3502417],[43.8570255,56.3501992],[43.8564546,56.3501689],[43.8562867,56.3502456],[43.8560752,56.3502344],[43.8558761,56.3502238],[43.8548038,56.3501668],[43.8548153,56.3501004],[43.8545833,56.3500881],[43.8545404,56.350336],[43.8544977,56.3505817]]]},"properties":{"industrial":"heating_station","landuse":"industrial","name":"Котельные","type":"multipolygon","_source":"real","_class":"heat_source","_osm_id":"relation/9647228","_district":"Сормовский район"}},{"type":"Feature","geometry":{"type":"Polygon","coordinates":[[[43.8545404,56.350336],[43.8547723,56.3503483],[43.8547836,56.3502831],[43.855856,56.3503402],[43.8558761,56.3502238],[43.8548038,56.3501668],[43.8548153,56.3501004],[43.8545833,56.3500881],[43.8545404,56.350336]]]},"properties":{"addr:housenumber":"2","addr:street":"улица Пугачёва","building":"service","building:levels":"1","plant:output:hot_water":"yes","plant:source":"gas","power":"plant","type":"multipolygon","_source":"real","_class":"heat_source","_osm_id":"relation/9647231","_district":"Сормовский район"}},{"type":"Feature","geometry":{"type":"Polygon","coordinates":[[[43.8569805,56.3504593],[43.8569957,56.3503717],[43.8570108,56.3502841],[43.8564261,56.350253],[43.8564203,56.3502862],[43.8562366,56.3502765],[43.8562012,56.3504809],[43.8564371,56.3504934],[43.8564479,56.350431],[43.8569805,56.3504593]]]},"properties":{"addr:housenumber":"1","addr:street":"улица Пугачёва","building":"service","building:levels":"2","plant:output:hot_water":"yes","plant:source":"gas","power":"plant","type":"multipolygon","_source":"real","_class":"heat_source","_osm_id":"relation/9647234","_district":"Сормовский район"}},{"type":"Feature","geometry":{"type":"Polygon","coordinates":[[[44.0049521,56.3176234],[44.0052551,56.317669],[44.0052692,56.3176402],[44.0053169,56.3176474],[44.0053302,56.3176459],[44.0053421,56.3176422],[44.0053513,56.3176366],[44.0053569,56.3176297],[44.0053584,56.3176222],[44.0053555,56.3176148],[44.0053486,56.3176083],[44.0053385,56.3176033],[44.0049877,56.3175505],[44.004975,56.3175765],[44.0049521,56.3176234]]]},"properties":{"branch":"РТС Нагорный","building":"service","building:levels":"1","name":"ЦТП-109","operator":"АО «Теплоэнерго»","pipeline":"substation","pipeline:heat_transfer":"yes","substance":"hot_water","substation":"distribution","type":"multipolygon","_source":"real","_class":"heat_substation","_osm_id":"relation/9769117","_district":"Нижегородский район"}},{"type":"Feature","geometry":{"type":"Polygon","coordinates":[[[43.8092175,56.3641006],[43.8092814,56.3640434],[43.8091612,56.3640022],[43.8090973,56.3640594],[43.8092175,56.3641006]]]},"properties":{"landuse":"industrial","power":"plant","_source":"real","_class":"heat_source","_osm_id":"way/105204011","_district":"Сормовский район"}},{"type":"Feature","geometry":{"type":"Polygon","coordinates":[[[43.8896155,56.3526114],[43.8899143,56.3525574],[43.8899952,56.3526948],[43.8896964,56.3527488],[43.8896155,56.3526114]]]},"properties":{"building":"industrial","name":"Пиковая котельная","plant:method":"combustion","plant:output:hot_water":"360 Gcal/h","plant:source":"gas;oil","power":"plant","_source":"real","_class":"heat_source","_osm_id":"way/1084220586","_district":"Сормовский район"}},{"type":"Feature","geometry":{"type":"Polygon","coordinates":[[[44.0239511,56.3005427],[44.0240596,56.3005785],[44.0240375,56.3005991],[44.0241733,56.3006439],[44.0243091,56.3006887],[44.0246102,56.3004079],[44.0243411,56.3003191],[44.024313,56.3003453],[44.024202,56.3003086],[44.0239511,56.3005427]]]},"properties":{"addr:housenumber":"1А","addr:street":"Крайняя улица","branch":"РТС Нагорный","building":"service","building:levels":"2","name":"ЦТП-146","operator":"АО «Теплоэнерго»","pipeline":"substation","pipeline:heat_transfer":"yes","substance":"hot_water","substation":"distribution","_source":"real","_class":"heat_substation","_osm_id":"way/109711505","_district":"Советский район"}},{"type":"Feature","geometry":{"type":"LineString","coordinates":[[43.9215904,56.2796383],[43.9217374,56.2798963],[43.9217459,56.2799075]]},"properties":{"layer":"1","location":"overground","man_made":"pipeline","substance":"hot_water","_source":"real","_class":"heat_pipe","_osm_id":"way/1152770307","_district":"Ленинский район","_length_km":0.031}},{"type":"Feature","geometry":{"type":"LineString","coordinates":[[43.9217459,56.2799075],[43.9217561,56.2799281]]},"properties":{"layer":"0","location":"overground","man_made":"pipeline","substance":"hot_water","_source":"real","_class":"heat_pipe","_osm_id":"way/1152770308","_district":"Ленинский район","_length_km":0.002}},{"type":"Feature","geometry":{"type":"LineString","coordinates":[[43.9211605,56.2786532],[43.9217066,56.2794298],[43.921553,56.2795756],[43.9215904,56.2796383]]},"properties":{"location":"overground","man_made":"pipeline","substance":"hot_water","_source":"real","_class":"heat_pipe","_osm_id":"way/1152770309","_district":"Ленинский район","_length_km":0.119}},{"type":"Feature","geometry":{"type":"LineString","coordinates":[[43.9206879,56.2779841],[43.9211605,56.2786532]]},"properties":{"layer":"1","location":"overground","man_made":"pipeline","substance":"hot_water","_source":"real","_class":"heat_pipe","_osm_id":"way/1152770310","_district":"Ленинский район","_length_km":0.08}},{"type":"Feature","geometry":{"type":"LineString","coordinates":[[43.9224734,56.2804443],[43.9228665,56.280362]]},"properties":{"location":"overground","man_made":"pipeline","substance":"hot_water","_source":"real","_class":"heat_pipe","_osm_id":"way/1152770311","_district":"Ленинский район","_length_km":0.026}},{"type":"Feature","geometry":{"type":"LineString","coordinates":[[43.9218659,56.2801577],[43.9219219,56.280228]]},"properties":{"layer":"1","location":"overground","man_made":"pipeline","substance":"hot_water","_source":"real","_class":"heat_pipe","_osm_id":"way/1152770312","_district":"Ленинский район","_length_km":0.009}},{"type":"Feature","geometry":{"type":"LineString","coordinates":[[43.9219219,56.280228],[43.9219296,56.2802382],[43.9220004,56.2802237],[43.9221961,56.2804306],[43.9223132,56.2804375]]},"properties":{"location":"overground","man_made":"pipeline","substance":"hot_water","_source":"real","_class":"heat_pipe","_osm_id":"way/1152770313","_district":"Ленинский район","_length_km":0.039}},{"type":"Feature","geometry":{"type":"LineString","coordinates":[[43.9223132,56.2804375],[43.9224734,56.2804443]]},"properties":{"layer":"1","location":"overground","man_made":"pipeline","substance":"hot_water","_source":"real","_class":"heat_pipe","_osm_id":"way/1152770314","_district":"Ленинский район","_length_km":0.01}},{"type":"Feature","geometry":{"type":"LineString","coordinates":[[43.9201182,56.277256],[43.9206879,56.2779841]]},"properties":{"location":"overground","man_made":"pipeline","substance":"hot_water","_source":"real","_class":"heat_pipe","_osm_id":"way/1152770316","_district":"Ленинский район","_length_km":0.088}},{"type":"Feature","geometry":{"type":"LineString","coordinates":[[43.9199992,56.2771668],[43.9201182,56.277256]]},"properties":{"layer":"1","location":"overground","man_made":"pipeline","substance":"hot_water","_source":"real","_class":"heat_pipe","_osm_id":"way/1152770317","_district":"Ленинский район","_length_km":0.012}},{"type":"Feature","geometry":{"type":"LineString","coordinates":[[43.9198603,56.27699],[43.9199992,56.2771668]]},"properties":{"location":"overground","man_made":"pipeline","substance":"hot_water","_source":"real","_class":"heat_pipe","_osm_id":"way/1152770318","_district":"Ленинский район","_length_km":0.021}},{"type":"Feature","geometry":{"type":"LineString","coordinates":[[43.9196835,56.2770186],[43.9198603,56.27699]]},"properties":{"layer":"1","location":"overground","man_made":"pipeline","substance":"hot_water","_source":"real","_class":"heat_pipe","_osm_id":"way/1152770319","_district":"Ленинский район","_length_km":0.011}},{"type":"Feature","geometry":{"type":"LineString","coordinates":[[43.9186808,56.277208],[43.9192774,56.2770697],[43.9196835,56.2770186]]},"properties":{"location":"overground","man_made":"pipeline","substance":"hot_water","_source":"real","_class":"heat_pipe","_osm_id":"way/1152770320","_district":"Ленинский район","_length_km":0.066}},{"type":"Feature","geometry":{"type":"LineString","coordinates":[[43.9185691,56.2770626],[43.9186808,56.277208]]},"properties":{"layer":"1","location":"overground","man_made":"pipeline","substance":"hot_water","_source":"real","_class":"heat_pipe","_osm_id":"way/1152770321","_district":"Ленинский район","_length_km":0.018}},{"type":"Feature","geometry":{"type":"LineString","coordinates":[[43.918101,56.2771002],[43.9182156,56.2771488],[43.9185691,56.2770626]]},"properties":{"location":"overground","man_made":"pipeline","substance":"hot_water","_source":"real","_class":"heat_pipe","_osm_id":"way/1152770322","_district":"Ленинский район","_length_km":0.033}},{"type":"Feature","geometry":{"type":"LineString","coordinates":[[43.9178203,56.2771738],[43.918101,56.2771002]]},"properties":{"layer":"1","location":"overground","man_made":"pipeline","substance":"hot_water","_source":"real","_class":"heat_pipe","_osm_id":"way/1152770323","_district":"Ленинский район","_length_km":0.019}},{"type":"Feature","geometry":{"type":"LineString","coordinates":[[43.9173322,56.2772886],[43.9178203,56.2771738]]},"properties":{"location":"overground","man_made":"pipeline","substance":"hot_water","_source":"real","_class":"heat_pipe","_osm_id":"way/1152770324","_district":"Ленинский район","_length_km":0.033}},{"type":"Feature","geometry":{"type":"LineString","coordinates":[[43.916525,56.2774842],[43.9172592,56.2773058]]},"properties":{"layer":"0","location":"overground","man_made":"pipeline","substance":"hot_water","_source":"real","_class":"heat_pipe","_osm_id":"way/1152770325","_district":"Ленинский район","_length_km":0.05}},{"type":"Feature","geometry":{"type":"LineString","coordinates":[[43.9162694,56.2775469],[43.916525,56.2774842]]},"properties":{"layer":"1","location":"overground","man_made":"pipeline","substance":"hot_water","_source":"real","_class":"heat_pipe","_osm_id":"way/1152770326","_district":"Ленинский район","_length_km":0.017}},{"type":"Feature","geometry":{"type":"LineString","coordinates":[[43.9151825,56.2778079],[43.9162694,56.2775469]]},"properties":{"layer":"0","location":"overground","man_made":"pipeline","substance":"hot_water","_source":"real","_class":"heat_pipe","_osm_id":"way/1152770327","_district":"Ленинский район","_length_km":0.073}},{"type":"Feature","geometry":{"type":"LineString","coordinates":[[43.9149224,56.2778696],[43.9151825,56.2778079]]},"properties":{"layer":"1","location":"overground","man_made":"pipeline","substance":"hot_water","_source":"real","_class":"heat_pipe","_osm_id":"way/1152770328","_district":"Ленинский район","_length_km":0.018}},{"type":"Feature","geometry":{"type":"LineString","coordinates":[[43.914516,56.2779663],[43.9149224,56.2778696]]},"properties":{"layer":"0","location":"overground","man_made":"pipeline","substance":"hot_water","_source":"real","_class":"heat_pipe","_osm_id":"way/1152770330","_district":"Ленинский район","_length_km":0.027}},{"type":"Feature","geometry":{"type":"LineString","coordinates":[[43.914456,56.2778862],[43.914516,56.2779663]]},"properties":{"layer":"1","location":"overground","man_made":"pipeline","substance":"hot_water","_source":"real","_class":"heat_pipe","_osm_id":"way/1152770331","_district":"Ленинский район","_length_km":0.01}},{"type":"Feature","geometry":{"type":"LineString","coordinates":[[43.9143054,56.277835],[43.9143375,56.2778274],[43.9143804,56.2778837]]},"properties":{"layer":"0","location":"overground","man_made":"pipeline","substance":"hot_water","_source":"real","_class":"heat_pipe","_osm_id":"way/1152770333","_district":"Ленинский район","_length_km":0.009}},{"type":"Feature","geometry":{"type":"LineString","coordinates":[[43.9142961,56.2778224],[43.9143886,56.2777993],[43.914456,56.2778862]]},"properties":{"layer":"0","location":"overground","man_made":"pipeline","substance":"hot_water","_source":"real","_class":"heat_pipe","_osm_id":"way/1152770334","_district":"Ленинский район","_length_km":0.017}},{"type":"Feature","geometry":{"type":"LineString","coordinates":[[43.9144254,56.2778984],[43.914485,56.2778841],[43.9137964,56.2769925]]},"properties":{"layer":"0","location":"overground","man_made":"pipeline","substance":"hot_water","_source":"real","_class":"heat_pipe","_osm_id":"way/1152770335","_district":"Ленинский район","_length_km":0.112}},{"type":"Feature","geometry":{"type":"LineString","coordinates":[[43.913806,56.2768139],[43.9140167,56.276764]]},"properties":{"layer":"0","location":"overground","man_made":"pipeline","substance":"hot_water","_source":"real","_class":"heat_pipe","_osm_id":"way/1152770336","_district":"Ленинский район","_length_km":0.014}},{"type":"Feature","geometry":{"type":"LineString","coordinates":[[43.9136829,56.2768425],[43.913806,56.2768139]]},"properties":{"layer":"1","location":"overground","man_made":"pipeline","substance":"hot_water","_source":"real","_class":"heat_pipe","_osm_id":"way/1152770337","_district":"Ленинский район","_length_km":0.008}},{"type":"Feature","geometry":{"type":"LineString","coordinates":[[43.9137323,56.2769095],[43.9136829,56.2768425]]},"properties":{"layer":"0","location":"overground","man_made":"pipeline","substance":"hot_water","_source":"real","_class":"heat_pipe","_osm_id":"way/1152770338","_district":"Ленинский район","_length_km":0.008}},{"type":"Feature","geometry":{"type":"LineString","coordinates":[[43.9137737,56.276998],[43.9143815,56.2777892],[43.9142886,56.2778123]]},"properties":{"layer":"0","location":"overground","man_made":"pipeline","substance":"hot_water","_source":"real","_class":"heat_pipe","_osm_id":"way/1152770339","_district":"Ленинский район","_length_km":0.102}},{"type":"Feature","geometry":{"type":"LineString","coordinates":[[43.9137098,56.2769148],[43.9137737,56.276998]]},"properties":{"layer":"1","location":"overground","man_made":"pipeline","substance":"hot_water","_source":"real","_class":"heat_pipe","_osm_id":"way/1152770340","_district":"Ленинский район","_length_km":0.01}},{"type":"Feature","geometry":{"type":"LineString","coordinates":[[43.9137964,56.2769925],[43.9137323,56.2769095]]},"properties":{"layer":"1","location":"overground","man_made":"pipeline","substance":"hot_water","_source":"real","_class":"heat_pipe","_osm_id":"way/1152770341","_district":"Ленинский район","_length_km":0.01}},{"type":"Feature","geometry":{"type":"LineString","coordinates":[[43.914664,56.2782202],[43.9144254,56.2778984]]},"properties":{"layer":"1","location":"overground","man_made":"pipeline","substance":"hot_water","_source":"real","_class":"heat_pipe","_osm_id":"way/1152770342","_district":"Ленинский район","_length_km":0.039}},{"type":"Feature","geometry":{"type":"LineString","coordinates":[[43.9126061,56.2758343],[43.9128441,56.2757795],[43.9135782,56.276745],[43.9134793,56.2767706],[43.9135606,56.2768836],[43.9136678,56.2768601],[43.9137098,56.2769148]]},"properties":{"layer":"0","location":"overground","man_made":"pipeline","substance":"hot_water","_source":"real","_class":"heat_pipe","_osm_id":"way/1152770348","_district":"Ленинский район","_length_km":0.167}},{"type":"Feature","geometry":{"type":"LineString","coordinates":[[43.91256,56.2757765],[43.9126061,56.2758343]]},"properties":{"layer":"1","location":"overground","man_made":"pipeline","substance":"hot_water","_source":"real","_class":"heat_pipe","_osm_id":"way/1152770349","_district":"Ленинский район","_length_km":0.007}},{"type":"Feature","geometry":{"type":"LineString","coordinates":[[43.9176509,56.2865077],[43.9175078,56.2865353]]},"properties":{"layer":"1","location":"overground","man_made":"pipeline","substance":"hot_water","_source":"real","_class":"heat_pipe","_osm_id":"way/1152845880","_district":"Ленинский район","_length_km":0.009}},{"type":"Feature","geometry":{"type":"LineString","coordinates":[[43.9177107,56.2864854],[43.9177153,56.2864932],[43.9176509,56.2865077]]},"properties":{"layer":"0","location":"overground","man_made":"pipeline","substance":"hot_water","_source":"real","_class":"heat_pipe","_osm_id":"way/1152845881","_district":"Ленинский район","_length_km":0.005}},{"type":"Feature","geometry":{"type":"LineString","coordinates":[[43.9170889,56.2818688],[43.9168923,56.2815989],[43.9169931,56.2815776],[43.9169089,56.2814639],[43.9168025,56.2814833],[43.9166214,56.2812433]]},"properties":{"layer":"0","location":"overground","man_made":"pipeline","substance":"hot_water","_source":"real","_class":"heat_pipe","_osm_id":"way/1152845894","_district":"Ленинский район","_length_km":0.089}},{"type":"Feature","geometry":{"type":"LineString","coordinates":[[43.9171392,56.2819345],[43.9170889,56.2818688]]},"properties":{"layer":"1","location":"overground","man_made":"pipeline","substance":"hot_water","_source":"real","_class":"heat_pipe","_osm_id":"way/1152845895","_district":"Ленинский район","_length_km":0.008}},{"type":"Feature","geometry":{"type":"LineString","coordinates":[[43.9141001,56.2739628],[43.9139225,56.2737189]]},"properties":{"layer":"1","location":"overground","man_made":"pipeline","substance":"hot_water","_source":"real","_class":"heat_pipe","_osm_id":"way/1152968126","_district":"Ленинский район","_length_km":0.029}},{"type":"Feature","geometry":{"type":"LineString","coordinates":[[43.9137538,56.2703451],[43.9136962,56.2703808]]},"properties":{"layer":"1","location":"overground","man_made":"pipeline","substance":"hot_water","_source":"real","_class":"heat_pipe","_osm_id":"way/1152968137","_district":"Ленинский район","_length_km":0.005}},{"type":"Feature","geometry":{"type":"LineString","coordinates":[[43.9229778,56.2803386],[43.9232406,56.2802836]]},"properties":{"location":"overground","man_made":"pipeline","substance":"hot_water","_source":"real","_class":"heat_pipe","_osm_id":"way/1152985917","_district":"Ленинский район","_length_km":0.017}},{"type":"Feature","geometry":{"type":"LineString","coordinates":[[43.9228665,56.280362],[43.9229778,56.2803386]]},"properties":{"layer":"1","location":"overground","man_made":"pipeline","substance":"hot_water","_source":"real","_class":"heat_pipe","_osm_id":"way/1152985918","_district":"Ленинский район","_length_km":0.007}},{"type":"Feature","geometry":{"type":"LineString","coordinates":[[43.9175078,56.2865353],[43.9174669,56.2865435],[43.9175389,56.2866438]]},"properties":{"layer":"0","location":"overground","man_made":"pipeline","substance":"hot_water","_source":"real","_class":"heat_pipe","_osm_id":"way/1153032865","_district":"Ленинский район","_length_km":0.015}},{"type":"Feature","geometry":{"type":"LineString","coordinates":[[43.9175389,56.2866438],[43.9175831,56.286699]]},"properties":{"layer":"1","location":"overground","man_made":"pipeline","substance":"hot_water","_source":"real","_class":"heat_pipe","_osm_id":"way/1153032866","_district":"Ленинский район","_length_km":0.007}},{"type":"Feature","geometry":{"type":"Polygon","coordinates":[[[44.0442673,56.3201477],[44.0443081,56.3202353],[44.0445348,56.320209],[44.0445159,56.3201589],[44.0444994,56.3201149],[44.0442673,56.3201477]]]},"properties":{"landuse":"industrial","power":"plant","_source":"real","_class":"heat_source","_osm_id":"way/1290920178","_district":"Нижегородский район"}},{"type":"Feature","geometry":{"type":"Polygon","coordinates":[[[43.8073426,56.3639134],[43.8076484,56.3636014],[43.8081955,56.3638005],[43.8080668,56.3639164],[43.8079112,56.3638808],[43.8077342,56.3640442],[43.8073426,56.3639134]]]},"properties":{"landuse":"industrial","power":"plant","_source":"real","_class":"heat_source","_osm_id":"way/1376385897","_district":"Сормовский район"}},{"type":"Feature","geometry":{"type":"Polygon","coordinates":[[[43.8084125,56.3645955],[43.8084822,56.3645227],[43.808611,56.3645554],[43.8085305,56.3646371],[43.8084125,56.3645955]]]},"properties":{"landuse":"industrial","power":"plant","_source":"real","_class":"heat_source","_osm_id":"way/1376385908","_district":"Сормовский район"}},{"type":"Feature","geometry":{"type":"LineString","coordinates":[[43.8628183,56.2195053],[43.8631292,56.2196275]]},"properties":{"layer":"1","location":"overhead","man_made":"pipeline","substance":"heat","_source":"real","_class":"heat_pipe","_osm_id":"way/1416075584","_district":"Автозаводский район","_length_km":0.024}},{"type":"Feature","geometry":{"type":"LineString","coordinates":[[43.8613251,56.2201344],[43.8612345,56.2201007],[43.8618583,56.2196062],[43.8622212,56.2193172],[43.86226,56.2192859],[43.8628183,56.2195053]]},"properties":{"layer":"1","location":"overground","man_made":"pipeline","substance":"heat","_source":"real","_class":"heat_pipe","_osm_id":"way/1416075585","_district":"Автозаводский район","_length_km":0.16}},{"type":"Feature","geometry":{"type":"Polygon","coordinates":[[[43.9918388,56.3230226],[43.9921018,56.3230164],[43.9921382,56.3230939],[43.9924544,56.3230939],[43.9924712,56.3229745],[43.99293,56.3227774],[43.9928846,56.3227367],[43.9928573,56.3227123],[43.9925862,56.3225622],[43.9921206,56.3225803],[43.9920685,56.3225772],[43.9918728,56.3225901],[43.9916209,56.3227246],[43.9915495,56.3227433],[43.9915464,56.3228017],[43.9916626,56.3228643],[43.9918388,56.3230226]]]},"properties":{"industrial":"heating_station","landuse":"industrial","plant:output:hot_water":"yes","power":"plant","_source":"real","_class":"heat_source","_osm_id":"way/146725658","_district":"Нижегородский район"}},{"type":"Feature","geometry":{"type":"Polygon","coordinates":[[[43.9884511,56.327222],[43.9884237,56.3272154],[43.9884373,56.3271982],[43.9883754,56.3271832],[43.9882774,56.3273079],[43.9883667,56.3273294],[43.9884511,56.327222]]]},"properties":{"building":"yes","building:colour":"maroon","building:levels":"2","power":"plant","roof:colour":"maroon","_source":"real","_class":"heat_source","_osm_id":"way/147054164","_district":"Нижегородский район"}},{"type":"Feature","geometry":{"type":"Polygon","coordinates":[[[43.9881121,56.3242748],[43.9886744,56.3242636],[43.9886439,56.3239518],[43.9884802,56.3239551],[43.9884813,56.3239783],[43.9882397,56.3239817],[43.9880898,56.3239861],[43.9881121,56.3242748]]]},"properties":{"industrial":"heating_station","landuse":"industrial","plant:output:hot_water":"yes","power":"plant","_source":"real","_class":"heat_source","_osm_id":"way/147129160","_district":"Нижегородский район"}},{"type":"Feature","geometry":{"type":"Polygon","coordinates":[[[43.9837796,56.3212928],[43.9838837,56.3212974],[43.9838715,56.3213832],[43.984095,56.3213929],[43.9841137,56.3212615],[43.9839911,56.3212561],[43.9839968,56.3212165],[43.9837919,56.3212074],[43.9837796,56.3212928]]]},"properties":{"addr:housenumber":"9Д","addr:street":"переулок Гоголя","building":"yes","plant:output:hot_water":"yes","power":"plant","_source":"real","_class":"heat_source","_osm_id":"way/147488114","_district":"Нижегородский район"}},{"type":"Feature","geometry":{"type":"Polygon","coordinates":[[[43.9881089,56.3126956],[43.988393,56.3125941],[43.9882949,56.3125096],[43.9880108,56.3126111],[43.9881089,56.3126956]]]},"properties":{"addr:city":"Нижний Новгород","addr:housenumber":"65Д","addr:postcode":"603000","addr:street":"улица Максима Горького","building":"yes","level":"1","power":"plant","_source":"real","_class":"heat_source","_osm_id":"way/148276486","_district":"Нижегородский район"}},{"type":"Feature","geometry":{"type":"Polygon","coordinates":[[[43.9896529,56.3146204],[43.9895403,56.3146665],[43.9894015,56.3142688],[43.9894514,56.3142594],[43.9895607,56.31422],[43.9899058,56.3145306],[43.9896529,56.3146204]]]},"properties":{"industrial":"heating_station","landuse":"industrial","power":"plant","_source":"real","_class":"heat_source","_osm_id":"way/148276549","_district":"Нижегородский район"}},{"type":"Feature","geometry":{"type":"Polygon","coordinates":[[[43.9799534,56.3146982],[43.9799214,56.3148793],[43.9802199,56.3148956],[43.9802778,56.3145682],[43.9799793,56.3145519],[43.9799659,56.3146278],[43.9798764,56.3146229],[43.9798639,56.3146933],[43.9799534,56.3146982]]]},"properties":{"building":"yes","building:architecture":"contemporary","plant:source":"gas","power":"plant","_source":"real","_class":"heat_source","_osm_id":"way/149028629","_district":"Нижегородский район"}},{"type":"Feature","geometry":{"type":"Polygon","coordinates":[[[44.0083658,56.319859],[44.0085699,56.3198859],[44.0086063,56.319801],[44.0084021,56.3197741],[44.0083658,56.319859]]]},"properties":{"addr:housenumber":"15А","addr:street":"Ошарская улица","branch":"РТС Нагорный","building":"service","building:levels":"1","name":"ЦТП-116","operator":"АО «Теплоэнерго»","pipeline":"substation","pipeline:heat_transfer":"yes","substance":"hot_water","substation":"distribution","_source":"real","_class":"heat_substation","_osm_id":"way/150568220","_district":"Нижегородский район"}},{"type":"Feature","geometry":{"type":"Polygon","coordinates":[[[44.013629,56.3160845],[44.0134659,56.316365],[44.0135643,56.3163826],[44.0136878,56.31617],[44.013759,56.3161828],[44.0137921,56.3161257],[44.013721,56.316113],[44.0137273,56.3161021],[44.013629,56.3160845]]]},"properties":{"addr:housenumber":"102А","addr:street":"улица Белинского","building":"yes","power":"plant","_source":"real","_class":"heat_source","_osm_id":"way/150800805","_district":"Нижегородский район"}},{"type":"Feature","geometry":{"type":"Polygon","coordinates":[[[44.007028,56.3295545],[44.0070757,56.3296702],[44.007239,56.3296496],[44.0072251,56.3296159],[44.0073441,56.3296008],[44.0073103,56.3295188],[44.007028,56.3295545]]]},"properties":{"addr:housenumber":"3А","addr:place":"Кремль","addr:postcode":"603082","building":"yes","building:architecture":"eclectic","building:levels":"3","landuse":"industrial","plant:output:steam":"yes","power":"plant","_source":"real","_class":"heat_source","_osm_id":"way/150852654","_district":"Нижегородский район"}},{"type":"Feature","geometry":{"type":"Polygon","coordinates":[[[44.0186498,56.3158113],[44.0191921,56.3159715],[44.0190491,56.3161204],[44.0189535,56.3160922],[44.0189688,56.3160762],[44.0187275,56.3160049],[44.0187537,56.3159776],[44.0185483,56.315917],[44.0186498,56.3158113]]]},"properties":{"building":"industrial","building:levels":"2","plant:method":"combustion","plant:output:hot_water":"yes","plant:source":"gas","power":"plant","_source":"real","_class":"heat_source","_osm_id":"way/151905997","_district":"Советский район"}},{"type":"Feature","geometry":{"type":"Polygon","coordinates":[[[43.9648578,56.2352189],[43.9657563,56.2347597],[43.9662337,56.2350459],[43.9661211,56.2352442],[43.9654747,56.2355736],[43.9648578,56.2352189]]]},"properties":{"power":"plant","_source":"real","_class":"heat_source","_osm_id":"way/1530196327","_district":"Приокский район"}},{"type":"Feature","geometry":{"type":"Polygon","coordinates":[[[43.988825,56.2980479],[43.9887332,56.2977261],[43.9884311,56.2977526],[43.9884519,56.2978257],[43.9883189,56.2978374],[43.9883753,56.2980352],[43.9887156,56.2980053],[43.9887301,56.2980563],[43.988825,56.2980479]]]},"properties":{"building":"yes","building:levels":"2","plant:output:hot_water":"yes","plant:output:steam":"yes","power":"plant","_source":"real","_class":"heat_source","_osm_id":"way/153599504","_district":"Советский район"}},{"type":"Feature","geometry":{"type":"Polygon","coordinates":[[[44.1757491,56.1475456],[44.1756363,56.1476101],[44.1758457,56.1477237],[44.1759585,56.1476592],[44.1757491,56.1475456]]]},"properties":{"building":"service","name":"Котельная","_source":"real","_class":"heat_source","_osm_id":"way/154529020","_district":"вне районов"}},{"type":"Feature","geometry":{"type":"Polygon","coordinates":[[[44.1912335,56.1528461],[44.1914285,56.1529512],[44.1913541,56.152994],[44.1912033,56.1529127],[44.1912453,56.1528886],[44.1912011,56.1528648],[44.1912335,56.1528461]]]},"properties":{"building":"yes","name":"Котельная","_source":"real","_class":"heat_source","_osm_id":"way/154552170","_district":"вне районов"}},{"type":"Feature","geometry":{"type":"Polygon","coordinates":[[[44.2077096,56.1476638],[44.2078326,56.1476533],[44.2078226,56.1476172],[44.207982,56.1476036],[44.208125,56.1475914],[44.2082172,56.147926],[44.2079063,56.1479526],[44.2079013,56.1479344],[44.2077869,56.1479442],[44.2077096,56.1476638]]]},"properties":{"building":"yes","name":"ЦТП 13","_source":"real","_class":"heat_substation","_osm_id":"way/154740835","_district":"вне районов"}},{"type":"Feature","geometry":{"type":"Polygon","coordinates":[[[44.2117237,56.1585384],[44.2120516,56.1587006],[44.2124335,56.1584612],[44.2121055,56.158299],[44.2117237,56.1585384]]]},"properties":{"building":"yes","name":"ЦТП 11","_source":"real","_class":"heat_substation","_osm_id":"way/155023369","_district":"вне районов"}},{"type":"Feature","geometry":{"type":"LineString","coordinates":[[43.9940854,56.3056728],[43.9944678,56.3050482],[43.99455,56.3045842],[43.9951148,56.3039218],[43.995365,56.3032139],[43.9956831,56.3032317],[43.9956724,56.3032952],[43.9963408,56.3033368],[43.9964802,56.3023373],[43.9965874,56.3023433],[43.996647,56.3020253],[43.9968813,56.3020363]]},"properties":{"layer":"1","location":"overground","man_made":"pipeline","type":"heat","_source":"real","_class":"heat_pipe","_osm_id":"way/155408814","_district":"Советский район","_length_km":0.524}},{"type":"Feature","geometry":{"type":"LineString","coordinates":[[43.9945107,56.3022243],[43.9930881,56.302143]]},"properties":{"layer":"1","location":"overground","man_made":"pipeline","type":"heat","_source":"real","_class":"heat_pipe","_osm_id":"way/155408819","_district":"Советский район","_length_km":0.089}},{"type":"Feature","geometry":{"type":"LineString","coordinates":[[43.9964802,56.3023373],[43.9953292,56.3022679]]},"properties":{"layer":"1","location":"overground","man_made":"pipeline","type":"heat","_source":"real","_class":"heat_pipe","_osm_id":"way/155408820","_district":"Советский район","_length_km":0.072}},{"type":"Feature","geometry":{"type":"Polygon","coordinates":[[[43.9952503,56.3033475],[43.996328,56.303372],[43.9964203,56.3033101],[43.9967201,56.3032696],[43.9971968,56.3031672],[43.9972429,56.3030328],[43.9979734,56.303099],[43.9980041,56.3030435],[43.9979726,56.3029487],[43.9979234,56.3028004],[43.9981118,56.3025146],[43.9983001,56.3025252],[43.9983002,56.3024677],[43.9983002,56.302433],[43.9984108,56.3019251],[43.9968984,56.3018536],[43.9967932,56.3024143],[43.9965933,56.3024527],[43.9938791,56.3022693],[43.9938176,56.3023695],[43.9937229,56.302371],[43.9937078,56.3026167],[43.9938253,56.3028345],[43.9938292,56.3028921],[43.9936293,56.3030286],[43.9936277,56.3031161],[43.9942597,56.3031622],[43.9945599,56.3032725],[43.9952503,56.3033475]]]},"properties":{"industrial":"heating_station","landuse":"industrial","name":"Нагорная теплоцентраль","plant:output:hot_water":"yes","plant:source":"gas","power":"plant","_source":"real","_class":"heat_source","_osm_id":"way/155408821","_district":"Советский район"}},{"type":"Feature","geometry":{"type":"Polygon","coordinates":[[[44.0016409,56.3065954],[44.0015887,56.3068149],[44.0023719,56.3068723],[44.0024242,56.3066528],[44.0016409,56.3065954]]]},"properties":{"addr:housenumber":"33","addr:street":"1-я Оранжерейная улица","building":"industrial","name":"ЦТП Оранжерейная","_source":"real","_class":"heat_substation","_osm_id":"way/155508262","_district":"Советский район"}},{"type":"Feature","geometry":{"type":"Polygon","coordinates":[[[44.1846237,56.148143],[44.1847717,56.1480539],[44.1851254,56.1482361],[44.1850086,56.1483065],[44.1849684,56.1482858],[44.1848586,56.1483519],[44.1846117,56.1482247],[44.1846903,56.1481773],[44.1846237,56.148143]]]},"properties":{"building":"yes","name":"ЦТП 12","pipeline":"substation","pipeline:heat_transfer":"yes","roof:shape":"flat","substance":"heat","substation":"distribution","_source":"real","_class":"heat_substation","_osm_id":"way/155548257","_district":"вне районов"}},{"type":"Feature","geometry":{"type":"LineString","coordinates":[[43.8822238,56.3557577],[43.8820453,56.3558498],[43.8837706,56.357138],[43.8838786,56.3571002],[43.883927,56.3571506],[43.8838388,56.3571994],[43.88451,56.3576832],[43.8846267,56.3576391],[43.8847518,56.3577525],[43.8846608,56.3577966],[43.8849679,56.3580377],[43.8845726,56.3581858],[43.8843991,56.3580692]]},"properties":{"layer":"1","location":"overground","man_made":"pipeline","type":"heat","_source":"real","_class":"heat_pipe","_osm_id":"way/155644674","_district":"Сормовский район","_length_km":0.394}},{"type":"Feature","geometry":{"type":"LineString","coordinates":[[43.8820453,56.3558498],[43.8813083,56.3552798],[43.8811832,56.3553223],[43.8811092,56.3552593],[43.8812287,56.3552104],[43.8803313,56.3545904],[43.8804179,56.3545576],[43.8797321,56.3540495],[43.8797623,56.354035],[43.879718,56.3540016],[43.8796798,56.3540127],[43.8791046,56.3536294],[43.8789518,56.3536951],[43.878811,56.3536026],[43.8783062,56.3536762],[43.8777069,56.353938],[43.8776305,56.3538801],[43.877534,56.3539191],[43.8776084,56.3539793],[43.877184,56.3541576],[43.8758599,56.3547715],[43.8760248,56.3548874],[43.875868,56.3549698]]},"properties":{"layer":"1","location":"overground","man_made":"pipeline","type":"heat","_source":"real","_class":"heat_pipe","_osm_id":"way/155644677","_district":"Сормовский район","_length_km":0.633}},{"type":"Feature","geometry":{"type":"LineString","coordinates":[[43.8755567,56.3542418],[43.8764001,56.3538935],[43.8761423,56.3537291],[43.8773723,56.3532099],[43.8778448,56.3535798],[43.8792309,56.3531839],[43.8799377,56.3537334],[43.8800899,56.3536858],[43.880211,56.3537702],[43.8800978,56.3538265],[43.8804297,56.3540818],[43.8805429,56.3540493],[43.8805702,56.3540839],[43.8803516,56.3541683],[43.8811363,56.3547512],[43.8812704,56.3546982],[43.8813199,56.3547351],[43.8810368,56.3548491],[43.881605,56.3552894],[43.8817299,56.3552429],[43.881765,56.3552753],[43.8816479,56.3553315],[43.8822238,56.3557577],[43.8830296,56.3554416],[43.8828999,56.3553422],[43.8830103,56.3552894],[43.8831304,56.3553476],[43.8843825,56.3548359],[43.884319,56.3547647],[43.8843936,56.354741],[43.8844833,56.3548144],[43.8854842,56.3543846],[43.8854013,56.3543127],[43.8854966,56.3542729],[43.8855836,56.3543448],[43.8864464,56.3539853],[43.8865278,56.354045],[43.8868743,56.3539081],[43.8867956,56.3538492],[43.8868854,56.3538163],[43.8869806,56.3538767],[43.8875756,56.3536289],[43.8875135,56.3535738],[43.8876032,56.3535394],[43.8877183,56.3536073],[43.8884979,56.3533362],[43.888534,56.353368],[43.8887095,56.3533197],[43.8886296,56.3531834],[43.889575,56.3529831],[43.889681,56.3531366],[43.8898981,56.3532649],[43.8899537,56.3532899],[43.890507,56.3531727],[43.8907227,56.3535155],[43.8911532,56.353439],[43.8911919,56.3533264],[43.8918382,56.3532016]]},"properties":{"layer":"1","location":"overground","man_made":"pipeline","substance":"hot_water","_source":"real","_class":"heat_pipe","_osm_id":"way/155644687","_district":"Сормовский район","_length_km":1.631}},{"type":"Feature","geometry":{"type":"Polygon","coordinates":[[[44.071409,56.3075376],[44.0716574,56.3076262],[44.0717591,56.3075385],[44.0715107,56.3074499],[44.071409,56.3075376]]]},"properties":{"building":"industrial","building:levels":"2","name":"Котельная","plant:output:hot_water":"yes","plant:source":"gas","power":"plant","_source":"real","_class":"heat_source","_osm_id":"way/157253080","_district":"Нижегородский район"}},{"type":"Feature","geometry":{"type":"Polygon","coordinates":[[[44.0325738,56.2649026],[44.033088,56.2645878],[44.0334373,56.263461],[44.0316017,56.2633087],[44.0313176,56.2632851],[44.0310959,56.263985],[44.0314144,56.2641547],[44.0325738,56.2649026]]]},"properties":{"barrier":"fence","power":"plant","_source":"real","_class":"heat_source","_osm_id":"way/157851413","_district":"Советский район"}},{"type":"Feature","geometry":{"type":"LineString","coordinates":[[44.0120477,56.2961281],[44.0129388,56.296284]]},"properties":{"layer":"-1","location":"underground","man_made":"pipeline","type":"heat","_source":"real","_class":"heat_pipe","_osm_id":"way/158072501","_district":"Советский район","_length_km":0.058}},{"type":"Feature","geometry":{"type":"LineString","coordinates":[[44.0129388,56.296284],[44.0149424,56.2965517],[44.016975,56.2968238]]},"properties":{"layer":"1","location":"overground","man_made":"pipeline","type":"heat","_source":"real","_class":"heat_pipe","_osm_id":"way/158072503","_district":"Советский район","_length_km":0.257}},{"type":"Feature","geometry":{"type":"LineString","coordinates":[[43.9984628,56.2937998],[44.0005185,56.2945823],[44.0005931,56.2945947],[44.0036913,56.2950188],[44.0056859,56.2952733],[44.0090919,56.2957287],[44.0120477,56.2961281]]},"properties":{"layer":"1","location":"overground","man_made":"pipeline","substance":"heat","_source":"real","_class":"heat_pipe","_osm_id":"way/158072672","_district":"Советский район","_length_km":0.889}},{"type":"Feature","geometry":{"type":"LineString","coordinates":[[43.9963934,56.2960537],[43.9964456,56.2955655],[43.9964004,56.2955625],[43.9965254,56.2948263],[43.9967023,56.2948129],[43.9967229,56.2948605],[43.9968363,56.2948517],[43.9968156,56.2947995],[43.9972935,56.2947397]]},"properties":{"location":"overground","man_made":"pipeline","type":"heat","_source":"real","_class":"heat_pipe","_osm_id":"way/158072686","_district":"Советский район","_length_km":0.199}},{"type":"Feature","geometry":{"type":"Polygon","coordinates":[[[44.0202305,56.3085911],[44.0202487,56.3082993],[44.0200265,56.3082951],[44.0200209,56.3083836],[44.0200671,56.3083845],[44.0200585,56.3085215],[44.0199936,56.3085202],[44.0199894,56.3085864],[44.0202305,56.3085911]]]},"properties":{"addr:city":"Нижний Новгород","addr:housenumber":"63","addr:street":"улица Ванеева","building":"industrial","official_name":"ОАО «Теплоэнерго» • РТС «Нижегородский» • котельная улица Ванеева, 63","power":"plant","_source":"real","_class":"heat_source","_osm_id":"way/158743865","_district":"Советский район"}},{"type":"Feature","geometry":{"type":"Polygon","coordinates":[[[43.9883148,56.2628694],[43.9882707,56.2626855],[43.9883784,56.2626776],[43.9883504,56.2625612],[43.9881974,56.2625725],[43.9882119,56.2626328],[43.9879207,56.2626544],[43.9879353,56.2627154],[43.9880151,56.2627095],[43.9880581,56.2628884],[43.9883148,56.2628694]]]},"properties":{"addr:housenumber":"24","addr:street":"улица Радистов","building":"yes","power":"plant","_source":"real","_class":"heat_source","_osm_id":"way/160659964","_district":"Приокский район"}},{"type":"Feature","geometry":{"type":"Polygon","coordinates":[[[44.0304072,56.2870576],[44.0304107,56.2873248],[44.030525,56.2873244],[44.0305258,56.2873823],[44.0306248,56.2873819],[44.0306301,56.2877805],[44.0308423,56.2877797],[44.0308327,56.2870559],[44.0304072,56.2870576]]]},"properties":{"building:levels":"2","landuse":"industrial","power":"plant","_source":"real","_class":"heat_source","_osm_id":"way/161202176","_district":"Советский район"}},{"type":"Feature","geometry":{"type":"LineString","coordinates":[[44.0349927,56.2911692],[44.0352002,56.2907064],[44.0353914,56.2904039],[44.0354199,56.2886768]]},"properties":{"location":"overground","man_made":"pipeline","substance":"heat","_source":"real","_class":"heat_pipe","_osm_id":"way/161202192","_district":"Советский район","_length_km":0.281}},{"type":"Feature","geometry":{"type":"Polygon","coordinates":[[[44.0289834,56.3091264],[44.0288738,56.3092531],[44.0291861,56.3093362],[44.0292957,56.3092095],[44.0290369,56.3091406],[44.0289834,56.3091264]]]},"properties":{"addr:housenumber":"7Б","addr:street":"улица Бориса Панина","building":"service","landuse":"industrial","power":"plant","_source":"real","_class":"heat_source","_osm_id":"way/161386703","_district":"Советский район"}},{"type":"Feature","geometry":{"type":"Polygon","coordinates":[[[43.9900955,56.2705132],[43.9898105,56.2704371],[43.9895105,56.2707834],[43.9897955,56.2708595],[43.9900955,56.2705132]]]},"properties":{"addr:housenumber":"3Б литК","addr:street":"Анкудиновское шоссе","building":"yes","power":"plant","_source":"real","_class":"heat_source","_osm_id":"way/162010412","_district":"Приокский район"}},{"type":"Feature","geometry":{"type":"Polygon","coordinates":[[[44.0366766,56.3189735],[44.0365912,56.3190103],[44.036889,56.3192225],[44.0367489,56.319283],[44.0368068,56.3193242],[44.0370323,56.3192268],[44.0366766,56.3189735]]]},"properties":{"addr:housenumber":"13","addr:street":"улица Тургенева","building":"yes","power":"plant","_source":"real","_class":"heat_source","_osm_id":"way/162038339","_district":"Нижегородский район"}},{"type":"Feature","geometry":{"type":"LineString","coordinates":[[44.0344048,56.3175622],[44.0357751,56.3166553],[44.0366043,56.3160953],[44.0372492,56.3155837],[44.037602,56.3153078],[44.0379693,56.3150384],[44.0380416,56.3149967],[44.037978,56.3149502],[44.0381341,56.3148828],[44.0382122,56.3149261],[44.0388426,56.314546],[44.0391925,56.3146374]]},"properties":{"layer":"1","location":"overground","man_made":"pipeline","substance":"heat","_source":"real","_class":"heat_pipe","_osm_id":"way/162038665","_district":"Нижегородский район","_length_km":0.471}},{"type":"Feature","geometry":{"type":"LineString","coordinates":[[44.0391925,56.3146374],[44.0393516,56.31453],[44.0403203,56.3143407],[44.0403001,56.3142958],[44.0404794,56.3142621],[44.0405141,56.314307],[44.0422029,56.3139959],[44.0426945,56.3144546],[44.042787,56.3146262],[44.0428449,56.3146342],[44.0432642,56.3148074],[44.0434464,56.3149823],[44.043536,56.315109],[44.0435678,56.3152629],[44.0435736,56.3155516],[44.0435331,56.3155516],[44.0435418,56.3155869],[44.043643,56.3155901]]},"properties":{"location":"overground","man_made":"pipeline","substance":"heat","_source":"real","_class":"heat_pipe","_osm_id":"way/162038668","_district":"Нижегородский район","_length_km":0.427}},{"type":"Feature","geometry":{"type":"LineString","coordinates":[[44.043643,56.3155901],[44.0437876,56.3155981]]},"properties":{"layer":"1","location":"overground","man_made":"pipeline","substance":"heat","_source":"real","_class":"heat_pipe","_osm_id":"way/162038669","_district":"Нижегородский район","_length_km":0.009}},{"type":"Feature","geometry":{"type":"LineString","coordinates":[[44.043536,56.315109],[44.0436683,56.3151451]]},"properties":{"layer":"1","location":"overground","man_made":"pipeline","substance":"heat","_source":"real","_class":"heat_pipe","_osm_id":"way/162038670","_district":"Нижегородский район","_length_km":0.009}},{"type":"Feature","geometry":{"type":"LineString","coordinates":[[44.0437876,56.3155981],[44.0444296,56.3156318],[44.0450092,56.315672]]},"properties":{"location":"overground","man_made":"pipeline","substance":"heat","_source":"real","_class":"heat_pipe","_osm_id":"way/162038671","_district":"Нижегородский район","_length_km":0.076}},{"type":"Feature","geometry":{"type":"LineString","coordinates":[[44.0435331,56.3155516],[44.0434608,56.315789],[44.0432931,56.3162942]]},"properties":{"location":"overground","man_made":"pipeline","substance":"heat","_source":"real","_class":"heat_pipe","_osm_id":"way/162038674","_district":"Нижегородский район","_length_km":0.084}},{"type":"Feature","geometry":{"type":"LineString","coordinates":[[44.0450092,56.315672],[44.0452716,56.3156806]]},"properties":{"layer":"1","location":"overground","man_made":"pipeline","substance":"heat","_source":"real","_class":"heat_pipe","_osm_id":"way/162134686","_district":"Нижегородский район","_length_km":0.016}},{"type":"Feature","geometry":{"type":"LineString","coordinates":[[44.0452716,56.3156806],[44.0474066,56.3155864]]},"properties":{"location":"overground","man_made":"pipeline","substance":"heat","_source":"real","_class":"heat_pipe","_osm_id":"way/162134688","_district":"Нижегородский район","_length_km":0.133}},{"type":"Feature","geometry":{"type":"LineString","coordinates":[[43.8622212,56.2193172],[43.8602557,56.2185477],[43.8601592,56.2186237],[43.859951,56.2185421],[43.8600456,56.2184675],[43.8579595,56.2176478],[43.8578579,56.2177226],[43.85764,56.2176373],[43.8577353,56.2175621],[43.8568869,56.2172274]]},"properties":{"layer":"1","location":"overground","man_made":"pipeline","substance":"heat","_source":"real","_class":"heat_pipe","_osm_id":"way/171620757","_district":"Автозаводский район","_length_km":0.445}},{"type":"Feature","geometry":{"type":"LineString","coordinates":[[43.8568869,56.2172274],[43.8565638,56.2170874]]},"properties":{"layer":"-1","location":"underground","man_made":"pipeline","substance":"heat","_source":"real","_class":"heat_pipe","_osm_id":"way/171620766","_district":"Автозаводский район","_length_km":0.025}},{"type":"Feature","geometry":{"type":"LineString","coordinates":[[43.8565638,56.2170874],[43.8559502,56.2175703],[43.8560446,56.2176088],[43.855903,56.217712],[43.8558086,56.2176788],[43.854786,56.2184556],[43.8548803,56.2184889],[43.854745,56.2185938],[43.8546444,56.2185606],[43.8534896,56.2194704],[43.8535902,56.2195141],[43.8534486,56.2196261],[43.8533543,56.2195894],[43.8521932,56.2205148],[43.8522781,56.2205481],[43.8521397,56.2206513],[43.8520484,56.2206198],[43.8510409,56.2214373],[43.8511149,56.221467],[43.8509811,56.2215825],[43.8508852,56.221544],[43.8506885,56.2216997]]},"properties":{"layer":"1","location":"overground","man_made":"pipeline","substance":"heat","_source":"real","_class":"heat_pipe","_osm_id":"way/171620770","_district":"Автозаводский район","_length_km":0.698}},{"type":"Feature","geometry":{"type":"LineString","coordinates":[[43.8631292,56.2196275],[43.8637262,56.2198621],[43.8638463,56.2197714],[43.8640477,56.2198517],[43.8639267,56.2199416],[43.8661304,56.2208022],[43.866244,56.2207136],[43.8664537,56.220799],[43.8663404,56.2208872],[43.8686376,56.2218044],[43.868748,56.2217221],[43.8689403,56.2217989],[43.8688353,56.2218802],[43.8703432,56.2224819],[43.8704294,56.2225163],[43.8705479,56.2224246],[43.870721,56.2224936],[43.8706124,56.2225867],[43.8731215,56.2235762],[43.8730725,56.2236166],[43.8753556,56.224502],[43.8752722,56.2245704],[43.8754807,56.2246536],[43.8755714,56.2245843],[43.8810737,56.2267195],[43.8814066,56.2265479],[43.8818258,56.2267404],[43.8821809,56.2268812],[43.8831517,56.2273326],[43.8832652,56.2272656],[43.8837183,56.2274641],[43.8836007,56.2275507],[43.8841599,56.2277881],[43.8837294,56.2281412],[43.8848033,56.2285594],[43.8849338,56.2284584],[43.8852401,56.2285909],[43.8852025,56.2286415],[43.8850641,56.2287295]]},"properties":{"layer":"1","location":"overground","man_made":"pipeline","substance":"heat","_source":"real","_class":"heat_pipe","_osm_id":"way/171620776","_district":"Автозаводский район","_length_km":1.94}},{"type":"Feature","geometry":{"type":"LineString","coordinates":[[43.8549543,56.2233181],[43.856525,56.2239114],[43.8613251,56.2201344]]},"properties":{"layer":"-1","location":"underground","man_made":"pipeline","substance":"hot_water","_source":"real","_class":"heat_pipe","_osm_id":"way/171620777","_district":"Автозаводский район","_length_km":0.633}},{"type":"Feature","geometry":{"type":"LineString","coordinates":[[43.8334598,56.2363592],[43.8337156,56.2363378]]},"properties":{"count":"3","layer":"1","location":"overhead","man_made":"pipeline","substance":"hot_water","usage":"distribution","_source":"real","_class":"heat_pipe","_osm_id":"way/171692617","_district":"Автозаводский район","_length_km":0.016}},{"type":"Feature","geometry":{"type":"LineString","coordinates":[[43.8354258,56.2361997],[43.8362349,56.2361481]]},"properties":{"count":"3","location":"overground","man_made":"pipeline","substance":"hot_water","usage":"distribution","_source":"real","_class":"heat_pipe","_osm_id":"way/171692618","_district":"Автозаводский район","_length_km":0.051}},{"type":"Feature","geometry":{"type":"LineString","coordinates":[[43.8326204,56.2364375],[43.8329051,56.2364109],[43.8334598,56.2363592]]},"properties":{"count":"3","location":"overground","man_made":"pipeline","substance":"hot_water","usage":"distribution","_source":"real","_class":"heat_pipe","_osm_id":"way/171692622","_district":"Автозаводский район","_length_km":0.053}},{"type":"Feature","geometry":{"type":"LineString","coordinates":[[43.8351883,56.2362148],[43.8354258,56.2361997]]},"properties":{"count":"3","layer":"1","location":"overhead","man_made":"pipeline","substance":"hot_water","usage":"distribution","_source":"real","_class":"heat_pipe","_osm_id":"way/171692623","_district":"Автозаводский район","_length_km":0.015}},{"type":"Feature","geometry":{"type":"LineString","coordinates":[[43.8362349,56.2361481],[43.8367469,56.2361155]]},"properties":{"count":"3","layer":"1","location":"overhead","man_made":"pipeline","substance":"hot_water","usage":"distribution","_source":"real","_class":"heat_pipe","_osm_id":"way/171692626","_district":"Автозаводский район","_length_km":0.032}},{"type":"Feature","geometry":{"type":"LineString","coordinates":[[43.832431,56.2364551],[43.8326204,56.2364375]]},"properties":{"count":"3","layer":"1","location":"overhead","man_made":"pipeline","substance":"hot_water","usage":"distribution","_source":"real","_class":"heat_pipe","_osm_id":"way/171692627","_district":"Автозаводский район","_length_km":0.012}},{"type":"Feature","geometry":{"type":"LineString","coordinates":[[43.8312984,56.2365608],[43.8314495,56.2365467],[43.8314638,56.2365942],[43.8316039,56.2365811],[43.8315895,56.2365336],[43.8319138,56.2365033],[43.832431,56.2364551]]},"properties":{"count":"3","location":"overground","man_made":"pipeline","substance":"hot_water","usage":"distribution","_source":"real","_class":"heat_pipe","_osm_id":"way/171692637","_district":"Автозаводский район","_length_km":0.082}},{"type":"Feature","geometry":{"type":"LineString","coordinates":[[43.8703432,56.2224819],[43.8698232,56.2228838],[43.8702236,56.2230439],[43.8687921,56.22415]]},"properties":{"layer":"1","location":"overground","man_made":"pipeline","substance":"heat","_source":"real","_class":"heat_pipe","_osm_id":"way/171751374","_district":"Автозаводский район","_length_km":0.238}},{"type":"Feature","geometry":{"type":"LineString","coordinates":[[43.8903468,56.2630073],[43.8880731,56.2621361],[43.8879895,56.2621999],[43.886781,56.2617434],[43.8868367,56.2616931],[43.8866939,56.2616293],[43.8866242,56.2616699],[43.8842733,56.2607414],[43.884336,56.2607066],[43.8841619,56.2606215],[43.8840853,56.2606737],[43.8837056,56.2605325],[43.8837613,56.2604764],[43.8830892,56.2602655],[43.88272,56.2601088],[43.8828732,56.2599812]]},"properties":{"location":"overground","man_made":"pipeline","substance":"heat","_source":"real","_class":"heat_pipe","_osm_id":"way/171761614","_district":"Автозаводский район","_length_km":0.63}},{"type":"Feature","geometry":{"type":"LineString","coordinates":[[43.829705,56.2388399],[43.8294666,56.2388274]]},"properties":{"layer":"1","location":"overground","man_made":"pipeline","substance":"heat","_source":"real","_class":"heat_pipe","_osm_id":"way/171813588","_district":"Автозаводский район","_length_km":0.015}},{"type":"Feature","geometry":{"type":"LineString","coordinates":[[43.8307838,56.2366095],[43.830793,56.236639],[43.8307988,56.2366574]]},"properties":{"count":"2","location":"overground","man_made":"pipeline","substance":"heat","usage":"distribution","_source":"real","_class":"heat_pipe","_osm_id":"way/171813594","_district":"Автозаводский район","_length_km":0.005}},{"type":"Feature","geometry":{"type":"LineString","coordinates":[[43.8310986,56.2376097],[43.8311416,56.2377464]]},"properties":{"count":"4","layer":"1","location":"overhead","man_made":"pipeline","substance":"heat","usage":"distribution","_source":"real","_class":"heat_pipe","_osm_id":"way/171813603","_district":"Автозаводский район","_length_km":0.015}},{"type":"Feature","geometry":{"type":"LineString","coordinates":[[43.8294666,56.2388274],[43.8284381,56.2389149],[43.8284248,56.2391884],[43.8270673,56.2393032],[43.8271541,56.2396229]]},"properties":{"location":"overground","man_made":"pipeline","substance":"heat","_source":"real","_class":"heat_pipe","_osm_id":"way/171813609","_district":"Автозаводский район","_length_km":0.216}},{"type":"Feature","geometry":{"type":"LineString","coordinates":[[43.8311416,56.2377464],[43.8314366,56.2386835],[43.829705,56.2388399]]},"properties":{"count":"4","location":"overground","man_made":"pipeline","substance":"heat","usage":"distribution","_source":"real","_class":"heat_pipe","_osm_id":"way/171813611","_district":"Автозаводский район","_length_km":0.215}},{"type":"Feature","geometry":{"type":"LineString","coordinates":[[43.8249908,56.2339878],[43.8246187,56.2340261],[43.8240459,56.2340712],[43.8239425,56.2336417],[43.8238499,56.2336492],[43.8238365,56.2336127],[43.823932,56.2336052],[43.8237896,56.233108],[43.8237603,56.2329578],[43.8237063,56.232925]]},"properties":{"location":"overground","man_made":"pipeline","type":"heat","_source":"real","_class":"heat_pipe","_osm_id":"way/172159210","_district":"Автозаводский район","_length_km":0.201}},{"type":"Feature","geometry":{"type":"LineString","coordinates":[[43.8200668,56.2266595],[43.8200996,56.2267363],[43.8196029,56.2267978],[43.819823,56.2273777],[43.8198729,56.2273719],[43.8198902,56.2274176],[43.8198403,56.2274234],[43.8199459,56.2277051],[43.8202816,56.2276741],[43.8202892,56.2277017],[43.8203648,56.2276952],[43.8203572,56.2276676],[43.8212207,56.2275799],[43.8211348,56.2273631]]},"properties":{"location":"overground","man_made":"pipeline","type":"heat","_source":"real","_class":"heat_pipe","_osm_id":"way/172159216","_district":"Автозаводский район","_length_km":0.261}},{"type":"Feature","geometry":{"type":"LineString","coordinates":[[43.8273488,56.2341893],[43.8273592,56.2340604]]},"properties":{"layer":"1","location":"overground","man_made":"pipeline","substance":"heat","_source":"real","_class":"heat_pipe","_osm_id":"way/172159223","_district":"Автозаводский район","_length_km":0.014}},{"type":"Feature","geometry":{"type":"LineString","coordinates":[[43.8216966,56.2327056],[43.8214982,56.2327279]]},"properties":{"layer":"1","location":"overground","man_made":"pipeline","type":"heat","_source":"real","_class":"heat_pipe","_osm_id":"way/172159224","_district":"Автозаводский район","_length_km":0.013}},{"type":"Feature","geometry":{"type":"LineString","coordinates":[[43.8254627,56.2298671],[43.8255879,56.2299179]]},"properties":{"layer":"1","location":"overground","man_made":"pipeline","substance":"heat","_source":"real","_class":"heat_pipe","_osm_id":"way/172159225","_district":"Автозаводский район","_length_km":0.01}},{"type":"Feature","geometry":{"type":"LineString","coordinates":[[43.8298625,56.2359714],[43.8301222,56.235988]]},"properties":{"location":"overground","man_made":"pipeline","substance":"heat","_source":"real","_class":"heat_pipe","_osm_id":"way/172159226","_district":"Автозаводский район","_length_km":0.016}},{"type":"Feature","geometry":{"type":"LineString","coordinates":[[43.8234822,56.2322477],[43.8235464,56.2325125]]},"properties":{"location":"overground","man_made":"pipeline","type":"heat","_source":"real","_class":"heat_pipe","_osm_id":"way/172159227","_district":"Автозаводский район","_length_km":0.03}},{"type":"Feature","geometry":{"type":"LineString","coordinates":[[43.8267292,56.2343972],[43.8266784,56.2343867]]},"properties":{"location":"overground","man_made":"pipeline","substance":"heat","_source":"real","_class":"heat_pipe","_osm_id":"way/172159228","_district":"Автозаводский район","_length_km":0.003}},{"type":"Feature","geometry":{"type":"LineString","coordinates":[[43.8301222,56.235988],[43.8303162,56.2359797]]},"properties":{"layer":"1","location":"overground","man_made":"pipeline","substance":"heat","_source":"real","_class":"heat_pipe","_osm_id":"way/172159229","_district":"Автозаводский район","_length_km":0.012}},{"type":"Feature","geometry":{"type":"LineString","coordinates":[[43.8211348,56.2273631],[43.8213402,56.2273395]]},"properties":{"layer":"1","location":"overground","man_made":"pipeline","type":"heat","_source":"real","_class":"heat_pipe","_osm_id":"way/172159230","_district":"Автозаводский район","_length_km":0.013}},{"type":"Feature","geometry":{"type":"LineString","coordinates":[[43.8200294,56.2265717],[43.8200668,56.2266595]]},"properties":{"layer":"1","location":"overground","man_made":"pipeline","type":"heat","_source":"real","_class":"heat_pipe","_osm_id":"way/172159231","_district":"Автозаводский район","_length_km":0.01}},{"type":"Feature","geometry":{"type":"LineString","coordinates":[[43.8270657,56.2327486],[43.8272057,56.2327299]]},"properties":{"layer":"1","location":"overground","man_made":"pipeline","substance":"heat","_source":"real","_class":"heat_pipe","_osm_id":"way/172159233","_district":"Автозаводский район","_length_km":0.009}},{"type":"Feature","geometry":{"type":"LineString","coordinates":[[43.8241717,56.2270617],[43.8240509,56.2270253]]},"properties":{"location":"overground","man_made":"pipeline","type":"heat","_source":"real","_class":"heat_pipe","_osm_id":"way/172159234","_district":"Автозаводский район","_length_km":0.009}},{"type":"Feature","geometry":{"type":"LineString","coordinates":[[43.8248152,56.2305097],[43.8247029,56.2306062]]},"properties":{"layer":"1","location":"overground","man_made":"pipeline","type":"heat","_source":"real","_class":"heat_pipe","_osm_id":"way/172159235","_district":"Автозаводский район","_length_km":0.013}},{"type":"Feature","geometry":{"type":"LineString","coordinates":[[43.8240509,56.2270253],[43.8238608,56.2269666]]},"properties":{"layer":"1","location":"overground","man_made":"pipeline","type":"heat","_source":"real","_class":"heat_pipe","_osm_id":"way/172159236","_district":"Автозаводский район","_length_km":0.013}},{"type":"Feature","geometry":{"type":"LineString","coordinates":[[43.8260201,56.2339078],[43.8251441,56.2339765]]},"properties":{"location":"overground","man_made":"pipeline","substance":"heat","_source":"real","_class":"heat_pipe","_osm_id":"way/172159238","_district":"Автозаводский район","_length_km":0.055}},{"type":"Feature","geometry":{"type":"LineString","coordinates":[[43.8288508,56.2349929],[43.8287777,56.2349497]]},"properties":{"layer":"1","location":"overground","man_made":"pipeline","substance":"heat","_source":"real","_class":"heat_pipe","_osm_id":"way/172159239","_district":"Автозаводский район","_length_km":0.007}},{"type":"Feature","geometry":{"type":"LineString","coordinates":[[43.8202137,56.2285305],[43.8202465,56.2286121]]},"properties":{"layer":"1","location":"overground","man_made":"pipeline","type":"heat","_source":"real","_class":"heat_pipe","_osm_id":"way/172159241","_district":"Автозаводский район","_length_km":0.009}},{"type":"Feature","geometry":{"type":"LineString","coordinates":[[43.821433,56.2328634],[43.8211609,56.232883]]},"properties":{"layer":"1","location":"overground","man_made":"pipeline","type":"heat","_source":"real","_class":"heat_pipe","_osm_id":"way/172159242","_district":"Автозаводский район","_length_km":0.017}},{"type":"Feature","geometry":{"type":"LineString","coordinates":[[43.8249192,56.232913],[43.8250602,56.2329161]]},"properties":{"layer":"1","location":"overground","man_made":"pipeline","type":"heat","_source":"real","_class":"heat_pipe","_osm_id":"way/172159243","_district":"Автозаводский район","_length_km":0.009}},{"type":"Feature","geometry":{"type":"LineString","coordinates":[[43.8273592,56.2340604],[43.8272872,56.2339749]]},"properties":{"location":"overground","man_made":"pipeline","substance":"heat","_source":"real","_class":"heat_pipe","_osm_id":"way/172159244","_district":"Автозаводский район","_length_km":0.011}},{"type":"Feature","geometry":{"type":"LineString","coordinates":[[43.8255879,56.2299179],[43.8248152,56.2305097]]},"properties":{"location":"overground","man_made":"pipeline","substance":"heat","_source":"real","_class":"heat_pipe","_osm_id":"way/172159245","_district":"Автозаводский район","_length_km":0.081}},{"type":"Feature","geometry":{"type":"LineString","coordinates":[[43.8246387,56.2340875],[43.8246545,56.2341551]]},"properties":{"layer":"1","location":"overground","man_made":"pipeline","type":"heat","_source":"real","_class":"heat_pipe","_osm_id":"way/172159246","_district":"Автозаводский район","_length_km":0.008}},{"type":"Feature","geometry":{"type":"LineString","coordinates":[[43.8237603,56.2329578],[43.8240485,56.2329342],[43.8242242,56.2329596],[43.8249192,56.232913]]},"properties":{"location":"overground","man_made":"pipeline","type":"heat","_source":"real","_class":"heat_pipe","_osm_id":"way/172159247","_district":"Автозаводский район","_length_km":0.073}},{"type":"Feature","geometry":{"type":"LineString","coordinates":[[43.8251441,56.2339765],[43.8249908,56.2339878]]},"properties":{"layer":"1","location":"overground","man_made":"pipeline","type":"heat","_source":"real","_class":"heat_pipe","_osm_id":"way/172159248","_district":"Автозаводский район","_length_km":0.01}},{"type":"Feature","geometry":{"type":"LineString","coordinates":[[43.8277148,56.234935],[43.8275781,56.2349485]]},"properties":{"layer":"1","location":"overground","man_made":"pipeline","substance":"heat","_source":"real","_class":"heat_pipe","_osm_id":"way/172159249","_district":"Автозаводский район","_length_km":0.009}},{"type":"Feature","geometry":{"type":"LineString","coordinates":[[43.82615,56.2338962],[43.8260201,56.2339078]]},"properties":{"layer":"1","location":"overground","man_made":"pipeline","substance":"heat","_source":"real","_class":"heat_pipe","_osm_id":"way/172159250","_district":"Автозаводский район","_length_km":0.008}},{"type":"Feature","geometry":{"type":"LineString","coordinates":[[43.8272604,56.2328836],[43.827438,56.2328685]]},"properties":{"layer":"1","location":"overground","man_made":"pipeline","substance":"heat","_source":"real","_class":"heat_pipe","_osm_id":"way/172159251","_district":"Автозаводский район","_length_km":0.011}},{"type":"Feature","geometry":{"type":"LineString","coordinates":[[43.819908,56.2262871],[43.8199554,56.2263983]]},"properties":{"layer":"1","location":"overground","man_made":"pipeline","type":"heat","_source":"real","_class":"heat_pipe","_osm_id":"way/172159254","_district":"Автозаводский район","_length_km":0.013}},{"type":"Feature","geometry":{"type":"LineString","coordinates":[[43.8227052,56.2265999],[43.8224692,56.226518]]},"properties":{"layer":"1","location":"overground","man_made":"pipeline","type":"heat","_source":"real","_class":"heat_pipe","_osm_id":"way/172159256","_district":"Автозаводский район","_length_km":0.017}},{"type":"Feature","geometry":{"type":"LineString","coordinates":[[43.8261802,56.2328286],[43.8263115,56.2328187]]},"properties":{"layer":"1","location":"overground","man_made":"pipeline","substance":"heat","_source":"real","_class":"heat_pipe","_osm_id":"way/172159259","_district":"Автозаводский район","_length_km":0.008}},{"type":"Feature","geometry":{"type":"LineString","coordinates":[[43.8292813,56.2349749],[43.829153,56.234984]]},"properties":{"layer":"1","location":"overground","man_made":"pipeline","substance":"heat","_source":"real","_class":"heat_pipe","_osm_id":"way/172159260","_district":"Автозаводский район","_length_km":0.008}},{"type":"Feature","geometry":{"type":"LineString","coordinates":[[43.8250602,56.2329161],[43.8261802,56.2328286]]},"properties":{"location":"overground","man_made":"pipeline","substance":"heat","_source":"real","_class":"heat_pipe","_osm_id":"way/172159262","_district":"Автозаводский район","_length_km":0.07}},{"type":"Feature","geometry":{"type":"LineString","coordinates":[[43.8246187,56.2340261],[43.8246387,56.2340875]]},"properties":{"location":"overground","man_made":"pipeline","type":"heat","_source":"real","_class":"heat_pipe","_osm_id":"way/172159263","_district":"Автозаводский район","_length_km":0.007}},{"type":"Feature","geometry":{"type":"LineString","coordinates":[[43.8246545,56.2341551],[43.8247025,56.2343223]]},"properties":{"location":"overground","man_made":"pipeline","type":"heat","_source":"real","_class":"heat_pipe","_osm_id":"way/172159264","_district":"Автозаводский район","_length_km":0.019}},{"type":"Feature","geometry":{"type":"LineString","coordinates":[[43.8263275,56.2341403],[43.8262962,56.2340316]]},"properties":{"layer":"1","location":"overground","man_made":"pipeline","substance":"heat","_source":"real","_class":"heat_pipe","_osm_id":"way/172159266","_district":"Автозаводский район","_length_km":0.012}},{"type":"Feature","geometry":{"type":"LineString","coordinates":[[43.8321013,56.2357901],[43.8323145,56.2357712]]},"properties":{"layer":"1","location":"overground","man_made":"pipeline","substance":"heat","_source":"real","_class":"heat_pipe","_osm_id":"way/172159267","_district":"Автозаводский район","_length_km":0.013}},{"type":"Feature","geometry":{"type":"LineString","coordinates":[[43.8242991,56.2294234],[43.8248193,56.2296218],[43.8248756,56.2295761],[43.8249336,56.2295982],[43.8248772,56.2296438],[43.8254627,56.2298671]]},"properties":{"location":"overground","man_made":"pipeline","substance":"heat","_source":"real","_class":"heat_pipe","_osm_id":"way/172159268","_district":"Автозаводский район","_length_km":0.1}},{"type":"Feature","geometry":{"type":"LineString","coordinates":[[43.8241511,56.2293971],[43.8242991,56.2294234]]},"properties":{"layer":"1","location":"overground","man_made":"pipeline","type":"heat","_source":"real","_class":"heat_pipe","_osm_id":"way/172159269","_district":"Автозаводский район","_length_km":0.01}},{"type":"Feature","geometry":{"type":"LineString","coordinates":[[43.8235203,56.2321777],[43.8234822,56.2322477]]},"properties":{"layer":"1","location":"overground","man_made":"pipeline","type":"heat","_source":"real","_class":"heat_pipe","_osm_id":"way/172159271","_district":"Автозаводский район","_length_km":0.008}},{"type":"Feature","geometry":{"type":"LineString","coordinates":[[43.8295028,56.2349706],[43.8292813,56.2349749]]},"properties":{"location":"overground","man_made":"pipeline","substance":"heat","_source":"real","_class":"heat_pipe","_osm_id":"way/172159272","_district":"Автозаводский район","_length_km":0.014}},{"type":"Feature","geometry":{"type":"LineString","coordinates":[[43.8267654,56.2343944],[43.8268881,56.234385]]},"properties":{"layer":"1","location":"overground","man_made":"pipeline","substance":"heat","_source":"real","_class":"heat_pipe","_osm_id":"way/172159274","_district":"Автозаводский район","_length_km":0.008}},{"type":"Feature","geometry":{"type":"LineString","coordinates":[[43.8199554,56.2263983],[43.8200294,56.2265717]]},"properties":{"location":"overground","man_made":"pipeline","type":"heat","_source":"real","_class":"heat_pipe","_osm_id":"way/172159275","_district":"Автозаводский район","_length_km":0.02}},{"type":"Feature","geometry":{"type":"LineString","coordinates":[[43.8266784,56.2343867],[43.826551,56.2344002]]},"properties":{"layer":"1","location":"overground","man_made":"pipeline","substance":"heat","_source":"real","_class":"heat_pipe","_osm_id":"way/172159278","_district":"Автозаводский район","_length_km":0.008}},{"type":"Feature","geometry":{"type":"LineString","coordinates":[[43.8233843,56.2325434],[43.8232366,56.232575]]},"properties":{"layer":"1","location":"overground","man_made":"pipeline","type":"heat","_source":"real","_class":"heat_pipe","_osm_id":"way/172159281","_district":"Автозаводский район","_length_km":0.01}},{"type":"Feature","geometry":{"type":"LineString","coordinates":[[43.8263115,56.2328187],[43.8270657,56.2327486]]},"properties":{"location":"overground","man_made":"pipeline","substance":"heat","_source":"real","_class":"heat_pipe","_osm_id":"way/172159282","_district":"Автозаводский район","_length_km":0.047}},{"type":"Feature","geometry":{"type":"LineString","coordinates":[[43.8237063,56.232925],[43.8236368,56.2328277]]},"properties":{"layer":"1","location":"overground","man_made":"pipeline","type":"heat","_source":"real","_class":"heat_pipe","_osm_id":"way/172159286","_district":"Автозаводский район","_length_km":0.012}},{"type":"Feature","geometry":{"type":"LineString","coordinates":[[43.8247025,56.2343223],[43.8247234,56.2344402]]},"properties":{"layer":"1","location":"overground","man_made":"pipeline","type":"heat","_source":"real","_class":"heat_pipe","_osm_id":"way/172159289","_district":"Автозаводский район","_length_km":0.013}},{"type":"Feature","geometry":{"type":"LineString","coordinates":[[43.8272057,56.2327299],[43.8272604,56.2328836]]},"properties":{"location":"overground","man_made":"pipeline","substance":"heat","_source":"real","_class":"heat_pipe","_osm_id":"way/172159291","_district":"Автозаводский район","_length_km":0.017}},{"type":"Feature","geometry":{"type":"LineString","coordinates":[[43.8268881,56.234385],[43.8273926,56.2343464],[43.8273488,56.2341893]]},"properties":{"location":"overground","man_made":"pipeline","substance":"heat","_source":"real","_class":"heat_pipe","_osm_id":"way/172159299","_district":"Автозаводский район","_length_km":0.049}},{"type":"Feature","geometry":{"type":"LineString","coordinates":[[43.826551,56.2344002],[43.8263986,56.2344164],[43.8263275,56.2341403]]},"properties":{"location":"overground","man_made":"pipeline","substance":"heat","_source":"real","_class":"heat_pipe","_osm_id":"way/172159300","_district":"Автозаводский район","_length_km":0.041}},{"type":"Feature","geometry":{"type":"LineString","coordinates":[[43.8236368,56.2328277],[43.8235464,56.2325125],[43.8233843,56.2325434]]},"properties":{"location":"overground","man_made":"pipeline","type":"heat","_source":"real","_class":"heat_pipe","_osm_id":"way/172159301","_district":"Автозаводский район","_length_km":0.046}},{"type":"Feature","geometry":{"type":"LineString","coordinates":[[43.8303162,56.2359797],[43.8309191,56.2358885],[43.8321013,56.2357901]]},"properties":{"location":"overground","man_made":"pipeline","substance":"heat","_source":"real","_class":"heat_pipe","_osm_id":"way/172159305","_district":"Автозаводский район","_length_km":0.113}},{"type":"Feature","geometry":{"type":"LineString","coordinates":[[43.8247029,56.2306062],[43.8239671,56.2311576],[43.8236877,56.2318288],[43.8235203,56.2321777]]},"properties":{"location":"overground","man_made":"pipeline","type":"heat","_source":"real","_class":"heat_pipe","_osm_id":"way/172159308","_district":"Автозаводский район","_length_km":0.193}},{"type":"Feature","geometry":{"type":"LineString","coordinates":[[43.8238608,56.2269666],[43.8227874,56.2265971],[43.8227622,56.2266197],[43.8227052,56.2265999]]},"properties":{"location":"overground","man_made":"pipeline","type":"heat","_source":"real","_class":"heat_pipe","_osm_id":"way/172159309","_district":"Автозаводский район","_length_km":0.085}},{"type":"Feature","geometry":{"type":"LineString","coordinates":[[43.829153,56.234984],[43.8288858,56.2350052],[43.8288508,56.2349929]]},"properties":{"location":"overground","man_made":"pipeline","substance":"heat","_source":"real","_class":"heat_pipe","_osm_id":"way/172159314","_district":"Автозаводский район","_length_km":0.019}},{"type":"Feature","geometry":{"type":"LineString","coordinates":[[43.8287777,56.2349497],[43.8286269,56.2348408],[43.8277148,56.234935]]},"properties":{"location":"overground","man_made":"pipeline","substance":"heat","_source":"real","_class":"heat_pipe","_osm_id":"way/172159316","_district":"Автозаводский район","_length_km":0.073}},{"type":"Feature","geometry":{"type":"LineString","coordinates":[[43.8214982,56.2327279],[43.8213908,56.232743],[43.821433,56.2328634]]},"properties":{"location":"overground","man_made":"pipeline","type":"heat","_source":"real","_class":"heat_pipe","_osm_id":"way/172159317","_district":"Автозаводский район","_length_km":0.021}},{"type":"Feature","geometry":{"type":"LineString","coordinates":[[43.8262962,56.2340316],[43.8262382,56.2338908],[43.82615,56.2338962]]},"properties":{"location":"overground","man_made":"pipeline","substance":"heat","_source":"real","_class":"heat_pipe","_osm_id":"way/172159318","_district":"Автозаводский район","_length_km":0.022}},{"type":"Feature","geometry":{"type":"LineString","coordinates":[[43.8224692,56.226518],[43.8212332,56.2260889],[43.8199393,56.2262457],[43.819908,56.2262871]]},"properties":{"location":"overground","man_made":"pipeline","type":"heat","_source":"real","_class":"heat_pipe","_osm_id":"way/172159332","_district":"Автозаводский район","_length_km":0.177}},{"type":"Feature","geometry":{"type":"LineString","coordinates":[[43.8275781,56.2349485],[43.8268605,56.2349911],[43.826856,56.234953],[43.8267292,56.2343972],[43.8267654,56.2343944]]},"properties":{"location":"overground","man_made":"pipeline","substance":"heat","_source":"real","_class":"heat_pipe","_osm_id":"way/172159347","_district":"Автозаводский район","_length_km":0.114}},{"type":"Feature","geometry":{"type":"LineString","coordinates":[[43.8199459,56.2277051],[43.8200552,56.2280044],[43.8201159,56.2279973],[43.8201323,56.2280409],[43.8200715,56.228048],[43.8202137,56.2285305]]},"properties":{"location":"overground","man_made":"pipeline","type":"heat","_source":"real","_class":"heat_pipe","_osm_id":"way/172159352","_district":"Автозаводский район","_length_km":0.101}},{"type":"Feature","geometry":{"type":"LineString","coordinates":[[43.8232366,56.232575],[43.8229394,56.2325975],[43.822637,56.2326263],[43.8226222,56.2325864],[43.8225589,56.2325923],[43.8225715,56.2326322],[43.8216966,56.2327056]]},"properties":{"location":"overground","man_made":"pipeline","type":"heat","_source":"real","_class":"heat_pipe","_osm_id":"way/172159354","_district":"Автозаводский район","_length_km":0.106}},{"type":"Feature","geometry":{"type":"LineString","coordinates":[[43.8646648,56.2571668],[43.8650523,56.2571316],[43.8650416,56.2570951],[43.865123,56.2570878],[43.8651342,56.2571261],[43.8658374,56.2570624],[43.8658275,56.2570286],[43.8659152,56.2570207],[43.8659253,56.2570552],[43.8662749,56.2570235]]},"properties":{"count":"3","location":"overground","man_made":"pipeline","substance":"hot_water","usage":"distribution","_source":"real","_class":"heat_pipe","_osm_id":"way/172231067","_district":"Автозаводский район","_length_km":0.117}},{"type":"Feature","geometry":{"type":"LineString","coordinates":[[43.8602913,56.257532],[43.862053,56.2573723],[43.8620422,56.2573357],[43.8622319,56.2573185],[43.8622433,56.2573573],[43.8631832,56.2572721],[43.8631914,56.2572998],[43.8633105,56.257289],[43.8633009,56.2572563],[43.8637859,56.2572124],[43.8637986,56.2572559],[43.8642723,56.257213]]},"properties":{"count":"3","location":"overground","man_made":"pipeline","substance":"hot_water","usage":"distribution","_source":"real","_class":"heat_pipe","_osm_id":"way/172231073","_district":"Автозаводский район","_length_km":0.269}},{"type":"Feature","geometry":{"type":"LineString","coordinates":[[43.8642723,56.257213],[43.8642577,56.2571632],[43.8644885,56.2571423],[43.8645,56.2571817],[43.8646648,56.2571668]]},"properties":{"count":"3","layer":"-1","location":"underground","man_made":"pipeline","substance":"hot_water","usage":"distribution","_source":"real","_class":"heat_pipe","_osm_id":"way/172231092","_district":"Автозаводский район","_length_km":0.035}},{"type":"Feature","geometry":{"type":"LineString","coordinates":[[43.8398458,56.2342296],[43.8398411,56.2342952]]},"properties":{"layer":"1","location":"overground","man_made":"pipeline","substance":"heat","_source":"real","_class":"heat_pipe","_osm_id":"way/172316048","_district":"Автозаводский район","_length_km":0.007}},{"type":"Feature","geometry":{"type":"LineString","coordinates":[[43.8322901,56.2325209],[43.8324823,56.2327567]]},"properties":{"location":"overground","man_made":"pipeline","substance":"heat","_source":"real","_class":"heat_pipe","_osm_id":"way/172316054","_district":"Автозаводский район","_length_km":0.029}},{"type":"Feature","geometry":{"type":"LineString","coordinates":[[43.8397479,56.2347333],[43.8399121,56.2347612]]},"properties":{"layer":"1","location":"overground","man_made":"pipeline","substance":"heat","_source":"real","_class":"heat_pipe","_osm_id":"way/172316064","_district":"Автозаводский район","_length_km":0.011}},{"type":"Feature","geometry":{"type":"LineString","coordinates":[[43.8337156,56.2363378],[43.8351883,56.2362148]]},"properties":{"count":"3","location":"overground","man_made":"pipeline","substance":"hot_water","usage":"distribution","_source":"real","_class":"heat_pipe","_osm_id":"way/172316067","_district":"Автозаводский район","_length_km":0.092}},{"type":"Feature","geometry":{"type":"LineString","coordinates":[[43.831573,56.2318644],[43.8316761,56.2319517]]},"properties":{"layer":"1","location":"overground","man_made":"pipeline","substance":"heat","_source":"real","_class":"heat_pipe","_osm_id":"way/172316153","_district":"Автозаводский район","_length_km":0.012}},{"type":"Feature","geometry":{"type":"LineString","coordinates":[[43.8393243,56.2348749],[43.8392063,56.2348907]]},"properties":{"layer":"1","location":"overground","man_made":"pipeline","substance":"heat","_source":"real","_class":"heat_pipe","_osm_id":"way/172316164","_district":"Автозаводский район","_length_km":0.008}},{"type":"Feature","geometry":{"type":"LineString","coordinates":[[43.8324823,56.2327567],[43.8325315,56.2328413]]},"properties":{"layer":"1","location":"overground","man_made":"pipeline","substance":"heat","_source":"real","_class":"heat_pipe","_osm_id":"way/172316185","_district":"Автозаводский район","_length_km":0.01}},{"type":"Feature","geometry":{"type":"LineString","coordinates":[[43.8394729,56.2349563],[43.839572,56.2350035]]},"properties":{"layer":"1","location":"overground","man_made":"pipeline","substance":"heat","_source":"real","_class":"heat_pipe","_osm_id":"way/172316203","_district":"Автозаводский район","_length_km":0.008}},{"type":"Feature","geometry":{"type":"LineString","coordinates":[[43.8393738,56.2348723],[43.8394092,56.23493],[43.8394729,56.2349563]]},"properties":{"location":"overground","man_made":"pipeline","substance":"heat","_source":"real","_class":"heat_pipe","_osm_id":"way/172316222","_district":"Автозаводский район","_length_km":0.012}},{"type":"Feature","geometry":{"type":"LineString","coordinates":[[43.8399121,56.2347612],[43.8403247,56.2348208],[43.8405828,56.2348225]]},"properties":{"location":"overground","man_made":"pipeline","substance":"heat","_source":"real","_class":"heat_pipe","_osm_id":"way/172316239","_district":"Автозаводский район","_length_km":0.042}},{"type":"Feature","geometry":{"type":"LineString","coordinates":[[43.8393271,56.2347186],[43.8396042,56.2347101],[43.8397479,56.2347333]]},"properties":{"location":"overground","man_made":"pipeline","substance":"heat","_source":"real","_class":"heat_pipe","_osm_id":"way/172316245","_district":"Автозаводский район","_length_km":0.026}},{"type":"Feature","geometry":{"type":"LineString","coordinates":[[43.8397774,56.2340735],[43.8398576,56.2341037],[43.8398458,56.2342296]]},"properties":{"location":"overground","man_made":"pipeline","substance":"heat","_source":"real","_class":"heat_pipe","_osm_id":"way/172316259","_district":"Автозаводский район","_length_km":0.02}},{"type":"Feature","geometry":{"type":"LineString","coordinates":[[43.8317793,56.2317602],[43.8315449,56.2318357],[43.831573,56.2318644]]},"properties":{"location":"overground","man_made":"pipeline","substance":"heat","_source":"real","_class":"heat_pipe","_osm_id":"way/172316278","_district":"Автозаводский район","_length_km":0.02}},{"type":"Feature","geometry":{"type":"LineString","coordinates":[[43.839572,56.2350035],[43.8396051,56.2350179],[43.8395484,56.2350638],[43.8395933,56.2350809]]},"properties":{"location":"overground","man_made":"pipeline","substance":"heat","_source":"real","_class":"heat_pipe","_osm_id":"way/172316309","_district":"Автозаводский район","_length_km":0.012}},{"type":"Feature","geometry":{"type":"LineString","coordinates":[[43.8398411,56.2342952],[43.8398222,56.2346008],[43.8393148,56.2346388],[43.8393271,56.2347186],[43.8393738,56.2348723],[43.8393243,56.2348749]]},"properties":{"location":"overground","man_made":"pipeline","substance":"heat","_source":"real","_class":"heat_pipe","_osm_id":"way/172316352","_district":"Автозаводский район","_length_km":0.095}},{"type":"Feature","geometry":{"type":"LineString","coordinates":[[43.8316761,56.2319517],[43.8320066,56.2322265],[43.832052,56.2322097],[43.8320856,56.2322376],[43.8320402,56.2322545],[43.8322901,56.2325209],[43.832037,56.2325899]]},"properties":{"location":"overground","man_made":"pipeline","substance":"heat","_source":"real","_class":"heat_pipe","_osm_id":"way/172316359","_district":"Автозаводский район","_length_km":0.098}},{"type":"Feature","geometry":{"type":"LineString","coordinates":[[43.8325667,56.2329468],[43.8329854,56.2332864],[43.8330099,56.2332814],[43.83303,56.2333309],[43.8330098,56.2333333],[43.8332135,56.2338352],[43.8334689,56.2338221]]},"properties":{"location":"overground","man_made":"pipeline","substance":"heat","_source":"real","_class":"heat_pipe","_osm_id":"way/172316374","_district":"Автозаводский район","_length_km":0.128}},{"type":"Feature","geometry":{"type":"LineString","coordinates":[[43.8465636,56.2526884],[43.8471357,56.2527861]]},"properties":{"count":"4","layer":"1","location":"overhead","man_made":"pipeline","substance":"hot_water","usage":"distribution","_source":"real","_class":"heat_pipe","_osm_id":"way/172342234","_district":"Автозаводский район","_length_km":0.037}},{"type":"Feature","geometry":{"type":"LineString","coordinates":[[43.8493045,56.2525141],[43.8495311,56.2524936]]},"properties":{"count":"4","location":"overground","man_made":"pipeline","substance":"hot_water","usage":"distribution","_source":"real","_class":"heat_pipe","_osm_id":"way/172342235","_district":"Автозаводский район","_length_km":0.014}},{"type":"Feature","geometry":{"type":"LineString","coordinates":[[43.8485157,56.2527815],[43.8487013,56.2526852]]},"properties":{"count":"4","layer":"1","location":"overhead","man_made":"pipeline","substance":"hot_water","usage":"distribution","_source":"real","_class":"heat_pipe","_osm_id":"way/172342236","_district":"Автозаводский район","_length_km":0.016}},{"type":"Feature","geometry":{"type":"LineString","coordinates":[[43.8489664,56.2525446],[43.8493045,56.2525141]]},"properties":{"count":"4","layer":"1","location":"overhead","man_made":"pipeline","substance":"hot_water","usage":"distribution","_source":"real","_class":"heat_pipe","_osm_id":"way/172342239","_district":"Автозаводский район","_length_km":0.021}},{"type":"Feature","geometry":{"type":"LineString","coordinates":[[43.8487013,56.2526852],[43.8489664,56.2525446]]},"properties":{"count":"4","location":"overground","man_made":"pipeline","substance":"hot_water","usage":"distribution","_source":"real","_class":"heat_pipe","_osm_id":"way/172342240","_district":"Автозаводский район","_length_km":0.023}},{"type":"Feature","geometry":{"type":"LineString","coordinates":[[43.8471357,56.2527861],[43.8471701,56.2529117],[43.8472052,56.2530399],[43.847653,56.253002],[43.8477518,56.2529937]]},"properties":{"count":"4","location":"overground","man_made":"pipeline","substance":"hot_water","usage":"distribution","_source":"real","_class":"heat_pipe","_osm_id":"way/172342241","_district":"Автозаводский район","_length_km":0.063}},{"type":"Feature","geometry":{"type":"LineString","coordinates":[[43.8443225,56.2530504],[43.8443725,56.2532418],[43.8448036,56.2532069],[43.8447838,56.2531311],[43.8452252,56.2529451]]},"properties":{"count":"4","location":"overground","man_made":"pipeline","substance":"hot_water","usage":"distribution","_source":"real","_class":"heat_pipe","_osm_id":"way/172342243","_district":"Автозаводский район","_length_km":0.091}},{"type":"Feature","geometry":{"type":"LineString","coordinates":[[43.8394111,56.2268262],[43.8399769,56.2271998],[43.8400325,56.2271753],[43.8401764,56.2272707],[43.8401208,56.2273025],[43.8402762,56.2273989],[43.8403318,56.227368],[43.8410562,56.2278407],[43.8410062,56.2278644],[43.8410918,56.2279203],[43.8411431,56.227896],[43.8420865,56.2285179]]},"properties":{"location":"overground","man_made":"pipeline","substance":"heat","_source":"real","_class":"heat_pipe","_osm_id":"way/172416164","_district":"Автозаводский район","_length_km":0.273}},{"type":"Feature","geometry":{"type":"LineString","coordinates":[[43.8313659,56.2222748],[43.8315523,56.2223275]]},"properties":{"layer":"1","location":"overground","man_made":"pipeline","substance":"heat","_source":"real","_class":"heat_pipe","_osm_id":"way/172416165","_district":"Автозаводский район","_length_km":0.013}},{"type":"Feature","geometry":{"type":"LineString","coordinates":[[43.8342015,56.2234403],[43.8350584,56.2239949]]},"properties":{"location":"overground","man_made":"pipeline","substance":"heat","_source":"real","_class":"heat_pipe","_osm_id":"way/172416166","_district":"Автозаводский район","_length_km":0.081}},{"type":"Feature","geometry":{"type":"LineString","coordinates":[[43.8351892,56.2240822],[43.835912,56.2245513]]},"properties":{"location":"overground","man_made":"pipeline","substance":"heat","_source":"real","_class":"heat_pipe","_osm_id":"way/172416167","_district":"Автозаводский район","_length_km":0.069}},{"type":"Feature","geometry":{"type":"LineString","coordinates":[[43.8340478,56.2233439],[43.8342015,56.2234403]]},"properties":{"layer":"1","location":"overground","man_made":"pipeline","substance":"heat","_source":"real","_class":"heat_pipe","_osm_id":"way/172416168","_district":"Автозаводский район","_length_km":0.014}},{"type":"Feature","geometry":{"type":"LineString","coordinates":[[43.830545,56.2220602],[43.8313659,56.2222748]]},"properties":{"location":"overground","man_made":"pipeline","substance":"heat","_source":"real","_class":"heat_pipe","_osm_id":"way/172416169","_district":"Автозаводский район","_length_km":0.056}},{"type":"Feature","geometry":{"type":"LineString","coordinates":[[43.835912,56.2245513],[43.8360658,56.2246513]]},"properties":{"layer":"1","location":"overground","man_made":"pipeline","substance":"heat","_source":"real","_class":"heat_pipe","_osm_id":"way/172416170","_district":"Автозаводский район","_length_km":0.015}},{"type":"Feature","geometry":{"type":"LineString","coordinates":[[43.8378249,56.2257308],[43.8378821,56.2257726]]},"properties":{"layer":"1","location":"overground","man_made":"pipeline","substance":"heat","_source":"real","_class":"heat_pipe","_osm_id":"way/172416171","_district":"Автозаводский район","_length_km":0.006}},{"type":"Feature","geometry":{"type":"LineString","coordinates":[[43.8350584,56.2239949],[43.8351892,56.2240822]]},"properties":{"layer":"1","location":"overground","man_made":"pipeline","substance":"heat","_source":"real","_class":"heat_pipe","_osm_id":"way/172416172","_district":"Автозаводский район","_length_km":0.013}},{"type":"Feature","geometry":{"type":"LineString","coordinates":[[43.8315523,56.2223275],[43.8325466,56.2226075]]},"properties":{"location":"overground","man_made":"pipeline","substance":"heat","_source":"real","_class":"heat_pipe","_osm_id":"way/172416173","_district":"Автозаводский район","_length_km":0.069}},{"type":"Feature","geometry":{"type":"LineString","coordinates":[[43.8325466,56.2226075],[43.8327657,56.2226857]]},"properties":{"layer":"1","location":"overground","man_made":"pipeline","substance":"heat","_source":"real","_class":"heat_pipe","_osm_id":"way/172416174","_district":"Автозаводский район","_length_km":0.016}},{"type":"Feature","geometry":{"type":"LineString","coordinates":[[43.8392116,56.226698],[43.8394111,56.2268262]]},"properties":{"layer":"1","location":"overground","man_made":"pipeline","substance":"heat","_source":"real","_class":"heat_pipe","_osm_id":"way/172416176","_district":"Автозаводский район","_length_km":0.019}},{"type":"Feature","geometry":{"type":"LineString","coordinates":[[43.8327657,56.2226857],[43.8334427,56.2229676],[43.8340478,56.2233439]]},"properties":{"location":"overground","man_made":"pipeline","substance":"heat","_source":"real","_class":"heat_pipe","_osm_id":"way/172416177","_district":"Автозаводский район","_length_km":0.109}},{"type":"Feature","geometry":{"type":"LineString","coordinates":[[43.8378821,56.2257726],[43.8379835,56.2258444],[43.8379377,56.2258698],[43.8392116,56.226698]]},"properties":{"location":"overground","man_made":"pipeline","substance":"heat","_source":"real","_class":"heat_pipe","_osm_id":"way/172416178","_district":"Автозаводский район","_length_km":0.136}},{"type":"Feature","geometry":{"type":"LineString","coordinates":[[43.8360658,56.2246513],[43.8366316,56.2250258],[43.8366903,56.2249984],[43.8367863,56.225062],[43.8367276,56.2250894],[43.8377726,56.2257544],[43.8378249,56.2257308]]},"properties":{"location":"overground","man_made":"pipeline","substance":"heat","_source":"real","_class":"heat_pipe","_osm_id":"way/172416180","_district":"Автозаводский район","_length_km":0.176}},{"type":"Feature","geometry":{"type":"LineString","coordinates":[[43.840954,56.2305848],[43.8409852,56.2305597],[43.8409512,56.2305452],[43.8412188,56.2303143],[43.8413003,56.2303435],[43.8413832,56.230272],[43.8413186,56.2302489],[43.8419618,56.2297404],[43.8420297,56.229767],[43.8422514,56.2296039],[43.8421735,56.2295717],[43.8425609,56.2292597],[43.8426867,56.229212]]},"properties":{"location":"overground","man_made":"pipeline","substance":"heat","_source":"real","_class":"heat_pipe","_osm_id":"way/172634264","_district":"Автозаводский район","_length_km":0.212}},{"type":"Feature","geometry":{"type":"LineString","coordinates":[[43.8443524,56.2323819],[43.8445247,56.2324384]]},"properties":{"layer":"1","location":"overground","man_made":"pipeline","substance":"heat","_source":"real","_class":"heat_pipe","_osm_id":"way/172634273","_district":"Автозаводский район","_length_km":0.012}},{"type":"Feature","geometry":{"type":"LineString","coordinates":[[43.842381,56.2316126],[43.8443524,56.2323819]]},"properties":{"location":"overground","man_made":"pipeline","substance":"heat","_source":"real","_class":"heat_pipe","_osm_id":"way/172634275","_district":"Автозаводский район","_length_km":0.149}},{"type":"Feature","geometry":{"type":"LineString","coordinates":[[43.840849,56.2306694],[43.840954,56.2305848]]},"properties":{"layer":"1","location":"overground","man_made":"pipeline","substance":"heat","_source":"real","_class":"heat_pipe","_osm_id":"way/172634282","_district":"Автозаводский район","_length_km":0.011}},{"type":"Feature","geometry":{"type":"LineString","coordinates":[[43.8445247,56.2324384],[43.8448947,56.2325765]]},"properties":{"location":"overground","man_made":"pipeline","substance":"heat","_source":"real","_class":"heat_pipe","_osm_id":"way/172634283","_district":"Автозаводский район","_length_km":0.028}},{"type":"Feature","geometry":{"type":"LineString","coordinates":[[43.8396471,56.231581],[43.839739,56.2314833],[43.840394,56.2309515],[43.8405178,56.2309987],[43.8407405,56.2308179],[43.8406167,56.2307708],[43.8407695,56.230664],[43.8408251,56.2306886],[43.840849,56.2306694]]},"properties":{"location":"overground","man_made":"pipeline","substance":"heat","_source":"real","_class":"heat_pipe","_osm_id":"way/172634349","_district":"Автозаводский район","_length_km":0.149}},{"type":"Feature","geometry":{"type":"LineString","coordinates":[[43.8675755,56.262935],[43.8677032,56.2630095]]},"properties":{"layer":"1","location":"overground","man_made":"pipeline","type":"heat","_source":"real","_class":"heat_pipe","_osm_id":"way/172781654","_district":"Автозаводский район","_length_km":0.011}},{"type":"Feature","geometry":{"type":"LineString","coordinates":[[43.8651084,56.2617184],[43.8655796,56.2619278]]},"properties":{"location":"overground","man_made":"pipeline","type":"heat","_source":"real","_class":"heat_pipe","_osm_id":"way/172781675","_district":"Автозаводский район","_length_km":0.037}},{"type":"Feature","geometry":{"type":"LineString","coordinates":[[43.8655796,56.2619278],[43.8659,56.2620487]]},"properties":{"layer":"1","location":"overground","man_made":"pipeline","type":"heat","_source":"real","_class":"heat_pipe","_osm_id":"way/172781687","_district":"Автозаводский район","_length_km":0.024}},{"type":"Feature","geometry":{"type":"LineString","coordinates":[[43.8682247,56.2632502],[43.8683734,56.2633119]]},"properties":{"layer":"1","location":"overground","man_made":"pipeline","type":"heat","_source":"real","_class":"heat_pipe","_osm_id":"way/172781689","_district":"Автозаводский район","_length_km":0.011}},{"type":"Feature","geometry":{"type":"LineString","coordinates":[[43.8712718,56.2644133],[43.8714121,56.264475]]},"properties":{"layer":"1","location":"overground","man_made":"pipeline","type":"heat","_source":"real","_class":"heat_pipe","_osm_id":"way/172781698","_district":"Автозаводский район","_length_km":0.011}},{"type":"Feature","geometry":{"type":"LineString","coordinates":[[43.8704027,56.2640539],[43.8712718,56.2644133]]},"properties":{"location":"overground","man_made":"pipeline","type":"heat","_source":"real","_class":"heat_pipe","_osm_id":"way/172781702","_district":"Автозаводский район","_length_km":0.067}},{"type":"Feature","geometry":{"type":"LineString","coordinates":[[43.8668006,56.2625024],[43.8669053,56.2626035]]},"properties":{"layer":"1","location":"overground","man_made":"pipeline","type":"heat","_source":"real","_class":"heat_pipe","_osm_id":"way/172781714","_district":"Автозаводский район","_length_km":0.013}},{"type":"Feature","geometry":{"type":"LineString","coordinates":[[43.8702414,56.2639911],[43.8704027,56.2640539]]},"properties":{"layer":"1","location":"overground","man_made":"pipeline","type":"heat","_source":"real","_class":"heat_pipe","_osm_id":"way/172781720","_district":"Автозаводский район","_length_km":0.012}},{"type":"Feature","geometry":{"type":"LineString","coordinates":[[43.8659,56.2620487],[43.8666791,56.2623988],[43.8668006,56.2625024]]},"properties":{"location":"overground","man_made":"pipeline","type":"heat","_source":"real","_class":"heat_pipe","_osm_id":"way/172781724","_district":"Автозаводский район","_length_km":0.076}},{"type":"Feature","geometry":{"type":"LineString","coordinates":[[43.8714121,56.264475],[43.8723043,56.2648367],[43.8721996,56.2649181]]},"properties":{"location":"overground","man_made":"pipeline","type":"heat","_source":"real","_class":"heat_pipe","_osm_id":"way/172781728","_district":"Автозаводский район","_length_km":0.08}},{"type":"Feature","geometry":{"type":"LineString","coordinates":[[43.8677032,56.2630095],[43.8679524,56.2631456],[43.8682247,56.2632502]]},"properties":{"location":"overground","man_made":"pipeline","type":"heat","_source":"real","_class":"heat_pipe","_osm_id":"way/172781741","_district":"Автозаводский район","_length_km":0.042}},{"type":"Feature","geometry":{"type":"LineString","coordinates":[[43.8683734,56.2633119],[43.869098,56.2636038],[43.8691646,56.2635528],[43.8702414,56.2639911]]},"properties":{"location":"overground","man_made":"pipeline","type":"heat","_source":"real","_class":"heat_pipe","_osm_id":"way/172781749","_district":"Автозаводский район","_length_km":0.145}},{"type":"Feature","geometry":{"type":"LineString","coordinates":[[43.8669053,56.2626035],[43.8670414,56.2627292],[43.8673723,56.2628176],[43.8675755,56.262935]]},"properties":{"location":"overground","man_made":"pipeline","type":"heat","_source":"real","_class":"heat_pipe","_osm_id":"way/172781756","_district":"Автозаводский район","_length_km":0.057}},{"type":"Feature","geometry":{"type":"LineString","coordinates":[[43.86312,56.2263911],[43.8636517,56.2265954]]},"properties":{"location":"overground","man_made":"pipeline","substance":"heat","_source":"real","_class":"heat_pipe","_osm_id":"way/172825476","_district":"Автозаводский район","_length_km":0.04}},{"type":"Feature","geometry":{"type":"LineString","coordinates":[[43.8775185,56.2567519],[43.8779888,56.2563887]]},"properties":{"location":"overground","man_made":"pipeline","type":"heat","_source":"real","_class":"heat_pipe","_osm_id":"way/172853819","_district":"Автозаводский район","_length_km":0.05}},{"type":"Feature","geometry":{"type":"LineString","coordinates":[[43.8766959,56.2573612],[43.8768077,56.2572721]]},"properties":{"layer":"1","location":"overground","man_made":"pipeline","type":"heat","_source":"real","_class":"heat_pipe","_osm_id":"way/172853822","_district":"Автозаводский район","_length_km":0.012}},{"type":"Feature","geometry":{"type":"LineString","coordinates":[[43.8763204,56.2576646],[43.8766959,56.2573612]]},"properties":{"location":"overground","man_made":"pipeline","type":"heat","_source":"real","_class":"heat_pipe","_osm_id":"way/172853839","_district":"Автозаводский район","_length_km":0.041}},{"type":"Feature","geometry":{"type":"LineString","coordinates":[[43.876139,56.2577736],[43.8763204,56.2576646]]},"properties":{"layer":"1","location":"overground","man_made":"pipeline","type":"heat","_source":"real","_class":"heat_pipe","_osm_id":"way/172853854","_district":"Автозаводский район","_length_km":0.017}},{"type":"Feature","geometry":{"type":"LineString","coordinates":[[43.8774362,56.256814],[43.8775185,56.2567519]]},"properties":{"layer":"1","location":"overground","man_made":"pipeline","type":"heat","_source":"real","_class":"heat_pipe","_osm_id":"way/172853866","_district":"Автозаводский район","_length_km":0.009}},{"type":"Feature","geometry":{"type":"LineString","coordinates":[[43.8761511,56.2578198],[43.8760863,56.2578087],[43.876139,56.2577736]]},"properties":{"location":"overground","man_made":"pipeline","type":"heat","_source":"real","_class":"heat_pipe","_osm_id":"way/172853888","_district":"Автозаводский район","_length_km":0.009}},{"type":"Feature","geometry":{"type":"LineString","coordinates":[[43.8768077,56.2572721],[43.8768372,56.2572815],[43.8774362,56.256814]]},"properties":{"location":"overground","man_made":"pipeline","type":"heat","_source":"real","_class":"heat_pipe","_osm_id":"way/172853893","_district":"Автозаводский район","_length_km":0.066}},{"type":"Feature","geometry":{"type":"LineString","coordinates":[[43.8712711,56.2487417],[43.8713555,56.2488097]]},"properties":{"location":"overground","man_made":"pipeline","type":"heat","_source":"real","_class":"heat_pipe","_osm_id":"way/173083495","_district":"Автозаводский район","_length_km":0.009}},{"type":"Feature","geometry":{"type":"LineString","coordinates":[[43.8713555,56.2488097],[43.871497,56.2489064]]},"properties":{"layer":"1","location":"overground","man_made":"pipeline","type":"heat","_source":"real","_class":"heat_pipe","_osm_id":"way/173083531","_district":"Автозаводский район","_length_km":0.014}},{"type":"Feature","geometry":{"type":"LineString","coordinates":[[43.8721854,56.2497334],[43.8724956,56.2502791]]},"properties":{"location":"overground","man_made":"pipeline","type":"heat","_source":"real","_class":"heat_pipe","_osm_id":"way/173083572","_district":"Автозаводский район","_length_km":0.064}},{"type":"Feature","geometry":{"type":"LineString","coordinates":[[43.8723214,56.2503985],[43.8725445,56.2509986]]},"properties":{"location":"overground","man_made":"pipeline","type":"heat","_source":"real","_class":"heat_pipe","_osm_id":"way/173083584","_district":"Автозаводский район","_length_km":0.068}},{"type":"Feature","geometry":{"type":"LineString","coordinates":[[43.8725228,56.2511634],[43.8718806,56.2512314]]},"properties":{"location":"overground","man_made":"pipeline","type":"heat","_source":"real","_class":"heat_pipe","_osm_id":"way/173083603","_district":"Автозаводский район","_length_km":0.041}},{"type":"Feature","geometry":{"type":"LineString","coordinates":[[43.8721201,56.249626],[43.8721854,56.2497334]]},"properties":{"layer":"1","location":"overground","man_made":"pipeline","type":"heat","_source":"real","_class":"heat_pipe","_osm_id":"way/173083643","_district":"Автозаводский район","_length_km":0.013}},{"type":"Feature","geometry":{"type":"LineString","coordinates":[[43.8724956,56.2502791],[43.8723214,56.2503985]]},"properties":{"layer":"1","location":"overground","man_made":"pipeline","type":"heat","_source":"real","_class":"heat_pipe","_osm_id":"way/173083658","_district":"Автозаводский район","_length_km":0.017}},{"type":"Feature","geometry":{"type":"LineString","coordinates":[[43.871497,56.2489064],[43.8720765,56.2493161]]},"properties":{"location":"overground","man_made":"pipeline","type":"heat","_source":"real","_class":"heat_pipe","_osm_id":"way/173083689","_district":"Автозаводский район","_length_km":0.058}},{"type":"Feature","geometry":{"type":"LineString","coordinates":[[43.8720765,56.2493161],[43.8720384,56.2494854],[43.8721201,56.249626]]},"properties":{"location":"overground","man_made":"pipeline","type":"heat","_source":"real","_class":"heat_pipe","_osm_id":"way/173083757","_district":"Автозаводский район","_length_km":0.035}},{"type":"Feature","geometry":{"type":"Polygon","coordinates":[[[43.8053766,56.2006469],[43.8053539,56.2007927],[43.8054671,56.2007982],[43.8055018,56.2005749],[43.8055319,56.2003819],[43.8054848,56.2003797],[43.8054976,56.200297],[43.8054315,56.2002938],[43.8053907,56.2005566],[43.8053112,56.2005528],[43.8052971,56.2006431],[43.8053766,56.2006469]]]},"properties":{"addr:housenumber":"32А","addr:place":"посёлок Мостоотряд","addr:postcode":"603069","building":"service","building:levels":"1","landuse":"industrial","power":"plant","_source":"real","_class":"heat_source","_osm_id":"way/173504548","_district":"Автозаводский район"}},{"type":"Feature","geometry":{"type":"Polygon","coordinates":[[[44.0002096,56.2661452],[44.0003512,56.2661799],[44.0004752,56.2660241],[44.0003336,56.2659894],[44.0002096,56.2661452]]]},"properties":{"building":"yes","building:levels":"1","name":"Котельная","power":"plant","_source":"real","_class":"heat_source","_osm_id":"way/173656998","_district":"Приокский район"}},{"type":"Feature","geometry":{"type":"LineString","coordinates":[[43.8636517,56.2265954],[43.8637538,56.2266377]]},"properties":{"layer":"1","location":"overground","man_made":"pipeline","substance":"heat","_source":"real","_class":"heat_pipe","_osm_id":"way/173828021","_district":"Автозаводский район","_length_km":0.008}},{"type":"Feature","geometry":{"type":"LineString","coordinates":[[43.8745224,56.2308441],[43.8747059,56.2309156]]},"properties":{"layer":"1","location":"overground","man_made":"pipeline","substance":"heat","_source":"real","_class":"heat_pipe","_osm_id":"way/173828022","_district":"Автозаводский район","_length_km":0.014}},{"type":"Feature","geometry":{"type":"LineString","coordinates":[[43.8673513,56.2280496],[43.8674679,56.228095]]},"properties":{"layer":"1","location":"overground","man_made":"pipeline","substance":"heat","_source":"real","_class":"heat_pipe","_osm_id":"way/173828023","_district":"Автозаводский район","_length_km":0.009}},{"type":"Feature","geometry":{"type":"LineString","coordinates":[[43.8707532,56.2293665],[43.8708824,56.2294179]]},"properties":{"layer":"1","location":"overground","man_made":"pipeline","substance":"heat","_source":"real","_class":"heat_pipe","_osm_id":"way/173828024","_district":"Автозаводский район","_length_km":0.01}},{"type":"Feature","geometry":{"type":"LineString","coordinates":[[43.8637538,56.2266377],[43.8650008,56.2271301]]},"properties":{"location":"overground","man_made":"pipeline","substance":"heat","_source":"real","_class":"heat_pipe","_osm_id":"way/173828026","_district":"Автозаводский район","_length_km":0.095}},{"type":"Feature","geometry":{"type":"LineString","coordinates":[[43.8650008,56.2271301],[43.8651099,56.2271747]]},"properties":{"layer":"1","location":"overground","man_made":"pipeline","substance":"heat","_source":"real","_class":"heat_pipe","_osm_id":"way/173828027","_district":"Автозаводский район","_length_km":0.008}},{"type":"Feature","geometry":{"type":"LineString","coordinates":[[43.8723673,56.2300043],[43.8736037,56.2304861]]},"properties":{"location":"overground","man_made":"pipeline","substance":"heat","_source":"real","_class":"heat_pipe","_osm_id":"way/173828028","_district":"Автозаводский район","_length_km":0.094}},{"type":"Feature","geometry":{"type":"LineString","coordinates":[[43.8651099,56.2271747],[43.8662935,56.2276374]]},"properties":{"location":"overground","man_made":"pipeline","substance":"heat","_source":"real","_class":"heat_pipe","_osm_id":"way/173828030","_district":"Автозаводский район","_length_km":0.09}},{"type":"Feature","geometry":{"type":"LineString","coordinates":[[43.8747059,56.2309156],[43.8749267,56.2310017]]},"properties":{"location":"overground","man_made":"pipeline","substance":"heat","_source":"real","_class":"heat_pipe","_osm_id":"way/173828031","_district":"Автозаводский район","_length_km":0.017}},{"type":"Feature","geometry":{"type":"LineString","coordinates":[[43.8708824,56.2294179],[43.871778,56.2297747]]},"properties":{"location":"overground","man_made":"pipeline","substance":"heat","_source":"real","_class":"heat_pipe","_osm_id":"way/173828032","_district":"Автозаводский район","_length_km":0.068}},{"type":"Feature","geometry":{"type":"LineString","coordinates":[[43.8694678,56.2288744],[43.8696407,56.2289418]]},"properties":{"layer":"1","location":"overground","man_made":"pipeline","substance":"heat","_source":"real","_class":"heat_pipe","_osm_id":"way/173828033","_district":"Автозаводский район","_length_km":0.013}},{"type":"Feature","geometry":{"type":"LineString","coordinates":[[43.8737739,56.2305524],[43.8745224,56.2308441]]},"properties":{"location":"overground","man_made":"pipeline","substance":"heat","_source":"real","_class":"heat_pipe","_osm_id":"way/173828034","_district":"Автозаводский район","_length_km":0.057}},{"type":"Feature","geometry":{"type":"LineString","coordinates":[[43.8679951,56.2283005],[43.8681126,56.2283463]]},"properties":{"layer":"1","location":"overground","man_made":"pipeline","substance":"heat","_source":"real","_class":"heat_pipe","_osm_id":"way/173828035","_district":"Автозаводский район","_length_km":0.009}},{"type":"Feature","geometry":{"type":"LineString","coordinates":[[43.8662935,56.2276374],[43.866405,56.2276808]]},"properties":{"layer":"1","location":"overground","man_made":"pipeline","substance":"heat","_source":"real","_class":"heat_pipe","_osm_id":"way/173828037","_district":"Автозаводский район","_length_km":0.008}},{"type":"Feature","geometry":{"type":"LineString","coordinates":[[43.871778,56.2297747],[43.8720502,56.2298807]]},"properties":{"layer":"1","location":"overground","man_made":"pipeline","substance":"heat","_source":"real","_class":"heat_pipe","_osm_id":"way/173828038","_district":"Автозаводский район","_length_km":0.021}},{"type":"Feature","geometry":{"type":"LineString","coordinates":[[43.8736037,56.2304861],[43.8737739,56.2305524]]},"properties":{"layer":"1","location":"overground","man_made":"pipeline","substance":"heat","_source":"real","_class":"heat_pipe","_osm_id":"way/173828040","_district":"Автозаводский район","_length_km":0.013}},{"type":"Feature","geometry":{"type":"LineString","coordinates":[[43.8681126,56.2283463],[43.8694678,56.2288744]]},"properties":{"location":"overground","man_made":"pipeline","substance":"heat","_source":"real","_class":"heat_pipe","_osm_id":"way/173828041","_district":"Автозаводский район","_length_km":0.103}},{"type":"Feature","geometry":{"type":"LineString","coordinates":[[43.866405,56.2276808],[43.8673513,56.2280496]]},"properties":{"location":"overground","man_made":"pipeline","substance":"heat","_source":"real","_class":"heat_pipe","_osm_id":"way/173828042","_district":"Автозаводский район","_length_km":0.072}},{"type":"Feature","geometry":{"type":"LineString","coordinates":[[43.8674679,56.228095],[43.8679951,56.2283005]]},"properties":{"location":"overground","man_made":"pipeline","substance":"heat","_source":"real","_class":"heat_pipe","_osm_id":"way/173828043","_district":"Автозаводский район","_length_km":0.04}},{"type":"Feature","geometry":{"type":"LineString","coordinates":[[43.8723318,56.2299905],[43.8723673,56.2300043]]},"properties":{"layer":"1","location":"overground","man_made":"pipeline","substance":"heat","_source":"real","_class":"heat_pipe","_osm_id":"way/173828045","_district":"Автозаводский район","_length_km":0.003}},{"type":"Feature","geometry":{"type":"LineString","coordinates":[[43.8720502,56.2298807],[43.8721525,56.2299206],[43.8723318,56.2299905]]},"properties":{"location":"overground","man_made":"pipeline","substance":"heat","_source":"real","_class":"heat_pipe","_osm_id":"way/173828048","_district":"Автозаводский район","_length_km":0.021}},{"type":"Feature","geometry":{"type":"LineString","coordinates":[[43.8696407,56.2289418],[43.8699694,56.2290699],[43.8699826,56.2290595],[43.8707532,56.2293665]]},"properties":{"location":"overground","man_made":"pipeline","substance":"hot_water","_source":"real","_class":"heat_pipe","_osm_id":"way/173828049","_district":"Автозаводский район","_length_km":0.085}},{"type":"Feature","geometry":{"type":"LineString","coordinates":[[43.8977061,56.2664832],[43.8978486,56.2665378]]},"properties":{"layer":"1","location":"overground","man_made":"pipeline","type":"heat","_source":"real","_class":"heat_pipe","_osm_id":"way/173840870","_district":"Автозаводский район","_length_km":0.011}},{"type":"Feature","geometry":{"type":"LineString","coordinates":[[43.8999873,56.2668458],[43.9001976,56.2669371]]},"properties":{"location":"overground","man_made":"pipeline","type":"heat","_source":"real","_class":"heat_pipe","_osm_id":"way/173840875","_district":"Автозаводский район","_length_km":0.017}},{"type":"Feature","geometry":{"type":"LineString","coordinates":[[43.8986627,56.2668505],[43.8987882,56.2668995]]},"properties":{"layer":"1","location":"overground","man_made":"pipeline","type":"heat","_source":"real","_class":"heat_pipe","_osm_id":"way/173840877","_district":"Автозаводский район","_length_km":0.009}},{"type":"Feature","geometry":{"type":"LineString","coordinates":[[43.9001976,56.2669371],[43.9003892,56.2670078]]},"properties":{"layer":"1","location":"overground","man_made":"pipeline","type":"heat","_source":"real","_class":"heat_pipe","_osm_id":"way/173840879","_district":"Автозаводский район","_length_km":0.014}},{"type":"Feature","geometry":{"type":"LineString","coordinates":[[43.9040784,56.2683867],[43.9042769,56.2684639]]},"properties":{"layer":"1","location":"overground","man_made":"pipeline","type":"heat","_source":"real","_class":"heat_pipe","_osm_id":"way/173840882","_district":"Ленинский район","_length_km":0.015}},{"type":"Feature","geometry":{"type":"LineString","coordinates":[[43.9042769,56.2684639],[43.9055053,56.2689552]]},"properties":{"location":"overground","man_made":"pipeline","type":"heat","_source":"real","_class":"heat_pipe","_osm_id":"way/173840886","_district":"Ленинский район","_length_km":0.094}},{"type":"Feature","geometry":{"type":"LineString","coordinates":[[43.9011645,56.2672659],[43.9013085,56.2673271]]},"properties":{"layer":"1","location":"overground","man_made":"pipeline","type":"heat","_source":"real","_class":"heat_pipe","_osm_id":"way/173840890","_district":"Автозаводский район","_length_km":0.011}},{"type":"Feature","geometry":{"type":"LineString","coordinates":[[43.8969853,56.2658521],[43.8972414,56.2659538]]},"properties":{"layer":"1","location":"overground","man_made":"pipeline","type":"heat","_source":"real","_class":"heat_pipe","_osm_id":"way/173840891","_district":"Автозаводский район","_length_km":0.019}},{"type":"Feature","geometry":{"type":"LineString","coordinates":[[43.9003892,56.2670078],[43.9009438,56.2672291]]},"properties":{"location":"overground","man_made":"pipeline","type":"heat","_source":"real","_class":"heat_pipe","_osm_id":"way/173840901","_district":"Автозаводский район","_length_km":0.042}},{"type":"Feature","geometry":{"type":"LineString","coordinates":[[43.9009438,56.2672291],[43.9010999,56.2672385]]},"properties":{"layer":"1","location":"overground","man_made":"pipeline","type":"heat","_source":"real","_class":"heat_pipe","_osm_id":"way/173840904","_district":"Автозаводский район","_length_km":0.01}},{"type":"Feature","geometry":{"type":"LineString","coordinates":[[43.8978486,56.2665378],[43.8986627,56.2668505]]},"properties":{"location":"overground","man_made":"pipeline","type":"heat","_source":"real","_class":"heat_pipe","_osm_id":"way/173840907","_district":"Автозаводский район","_length_km":0.061}},{"type":"Feature","geometry":{"type":"LineString","coordinates":[[43.8997244,56.2667422],[43.8999873,56.2668458]]},"properties":{"layer":"1","location":"overground","man_made":"pipeline","type":"heat","_source":"real","_class":"heat_pipe","_osm_id":"way/173840925","_district":"Автозаводский район","_length_km":0.02}},{"type":"Feature","geometry":{"type":"LineString","coordinates":[[43.9010999,56.2672385],[43.9011645,56.2672659]]},"properties":{"location":"overground","man_made":"pipeline","type":"heat","_source":"real","_class":"heat_pipe","_osm_id":"way/173840934","_district":"Автозаводский район","_length_km":0.005}},{"type":"Feature","geometry":{"type":"LineString","coordinates":[[43.8987882,56.2668995],[43.8992902,56.2671001],[43.8997244,56.2667422]]},"properties":{"location":"overground","man_made":"pipeline","type":"heat","_source":"real","_class":"heat_pipe","_osm_id":"way/173840987","_district":"Автозаводский район","_length_km":0.086}},{"type":"Feature","geometry":{"type":"LineString","coordinates":[[43.8972414,56.2659538],[43.8969564,56.2661902],[43.8977061,56.2664832]]},"properties":{"location":"overground","man_made":"pipeline","type":"heat","_source":"real","_class":"heat_pipe","_osm_id":"way/173840993","_district":"Автозаводский район","_length_km":0.088}},{"type":"Feature","geometry":{"type":"LineString","coordinates":[[43.8969853,56.2657918],[43.8970294,56.2658088],[43.8969853,56.2658521]]},"properties":{"location":"overground","man_made":"pipeline","type":"heat","_source":"real","_class":"heat_pipe","_osm_id":"way/173841001","_district":"Автозаводский район","_length_km":0.009}},{"type":"Feature","geometry":{"type":"LineString","coordinates":[[43.9013085,56.2673271],[43.9018546,56.2675418],[43.9018003,56.2675879],[43.901858,56.2676106],[43.9019174,56.2675644],[43.9040784,56.2683867]]},"properties":{"location":"overground","man_made":"pipeline","type":"heat","_source":"real","_class":"heat_pipe","_osm_id":"way/173841059","_district":"Ленинский район","_length_km":0.22}},{"type":"Feature","geometry":{"type":"Polygon","coordinates":[[[43.9866057,56.2745907],[43.9867607,56.275107],[43.9866777,56.2751132],[43.9867053,56.2751716],[43.9859387,56.2752423],[43.9857671,56.2746676],[43.9866057,56.2745907]]]},"properties":{"industrial":"heating_station","landuse":"industrial","power":"plant","_source":"real","_class":"heat_source","_osm_id":"way/173987841","_district":"Приокский район"}},{"type":"Feature","geometry":{"type":"LineString","coordinates":[[43.9182977,56.2839123],[43.9179658,56.283459]]},"properties":{"layer":"0","location":"overground","man_made":"pipeline","substance":"hot_water","_source":"real","_class":"heat_pipe","_osm_id":"way/174522364","_district":"Ленинский район","_length_km":0.054}},{"type":"Feature","geometry":{"type":"LineString","coordinates":[[43.9191085,56.2850133],[43.9189595,56.2848094]]},"properties":{"layer":"1","location":"overground","man_made":"pipeline","substance":"hot_water","_source":"real","_class":"heat_pipe","_osm_id":"way/174522365","_district":"Ленинский район","_length_km":0.025}},{"type":"Feature","geometry":{"type":"LineString","coordinates":[[43.9181188,56.2831578],[43.9179338,56.2829333]]},"properties":{"layer":"1","location":"overground","man_made":"pipeline","substance":"hot_water","_source":"real","_class":"heat_pipe","_osm_id":"way/174522367","_district":"Ленинский район","_length_km":0.027}},{"type":"Feature","geometry":{"type":"LineString","coordinates":[[43.919756,56.2859612],[43.9196508,56.2858252],[43.9195395,56.2856859]]},"properties":{"layer":"1","location":"overground","man_made":"pipeline","substance":"hot_water","_source":"real","_class":"heat_pipe","_osm_id":"way/174522373","_district":"Ленинский район","_length_km":0.033}},{"type":"Feature","geometry":{"type":"LineString","coordinates":[[43.9179658,56.283459],[43.9181404,56.2834212]]},"properties":{"layer":"1","location":"overground","man_made":"pipeline","substance":"hot_water","_source":"real","_class":"heat_pipe","_osm_id":"way/174522375","_district":"Ленинский район","_length_km":0.012}},{"type":"Feature","geometry":{"type":"LineString","coordinates":[[43.9181404,56.2834212],[43.9179645,56.2831952],[43.9181188,56.2831578]]},"properties":{"layer":"0","location":"overground","man_made":"pipeline","substance":"hot_water","_source":"real","_class":"heat_pipe","_osm_id":"way/174522383","_district":"Ленинский район","_length_km":0.038}},{"type":"Feature","geometry":{"type":"LineString","coordinates":[[43.9189595,56.2848094],[43.918753,56.2845367],[43.9186513,56.2845549],[43.9185741,56.284443],[43.9186688,56.2844213],[43.9183823,56.2840258]]},"properties":{"layer":"0","location":"overground","man_made":"pipeline","substance":"hot_water","_source":"real","_class":"heat_pipe","_osm_id":"way/174522399","_district":"Ленинский район","_length_km":0.107}},{"type":"Feature","geometry":{"type":"LineString","coordinates":[[43.9195395,56.2856859],[43.919593,56.285673],[43.9195023,56.2855482],[43.919449,56.2855604],[43.9194149,56.2855143],[43.9194684,56.2855013],[43.9191085,56.2850133]]},"properties":{"layer":"0","location":"overground","man_made":"pipeline","substance":"hot_water","_source":"real","_class":"heat_pipe","_osm_id":"way/174522404","_district":"Ленинский район","_length_km":0.09}},{"type":"Feature","geometry":{"type":"LineString","coordinates":[[43.9179338,56.2829333],[43.9180367,56.2829062],[43.9179533,56.2828016],[43.9178514,56.2828216],[43.9171392,56.2819345]]},"properties":{"layer":"0","location":"overground","man_made":"pipeline","substance":"hot_water","_source":"real","_class":"heat_pipe","_osm_id":"way/174522408","_district":"Ленинский район","_length_km":0.135}},{"type":"Feature","geometry":{"type":"LineString","coordinates":[[43.9055053,56.2689552],[43.9056847,56.2690288]]},"properties":{"layer":"1","location":"overground","man_made":"pipeline","type":"heat","_source":"real","_class":"heat_pipe","_osm_id":"way/174528352","_district":"Ленинский район","_length_km":0.014}},{"type":"Feature","geometry":{"type":"LineString","coordinates":[[43.9069469,56.2694576],[43.9071019,56.2694929]]},"properties":{"layer":"1","location":"overground","man_made":"pipeline","type":"heat","_source":"real","_class":"heat_pipe","_osm_id":"way/174528355","_district":"Ленинский район","_length_km":0.01}},{"type":"Feature","geometry":{"type":"LineString","coordinates":[[43.9056847,56.2690288],[43.906266,56.2692532],[43.9069469,56.2694576]]},"properties":{"location":"overground","man_made":"pipeline","type":"heat","_source":"real","_class":"heat_pipe","_osm_id":"way/174528385","_district":"Ленинский район","_length_km":0.092}},{"type":"Feature","geometry":{"type":"LineString","coordinates":[[43.9071019,56.2694929],[43.9074119,56.2695928],[43.9101161,56.2706671]]},"properties":{"location":"overground","man_made":"pipeline","type":"heat","_source":"real","_class":"heat_pipe","_osm_id":"way/174528389","_district":"Ленинский район","_length_km":0.228}},{"type":"Feature","geometry":{"type":"LineString","coordinates":[[43.9164575,56.2809385],[43.9164627,56.2810354],[43.9165911,56.2812053]]},"properties":{"layer":"0","location":"overground","man_made":"pipeline","substance":"hot_water","_source":"real","_class":"heat_pipe","_osm_id":"way/174568508","_district":"Ленинский район","_length_km":0.031}},{"type":"Feature","geometry":{"type":"LineString","coordinates":[[43.9123109,56.2714056],[43.9118724,56.2717556],[43.9120014,56.2718009],[43.9127109,56.2720433],[43.9130196,56.2722205]]},"properties":{"layer":"1","location":"overground","man_made":"pipeline","substance":"hot_water","_source":"real","_class":"heat_pipe","_osm_id":"way/174943077","_district":"Ленинский район","_length_km":0.136}},{"type":"Feature","geometry":{"type":"LineString","coordinates":[[43.9120014,56.2718009],[43.9119693,56.2718259],[43.9116893,56.2717266]]},"properties":{"layer":"1","location":"overground","man_made":"pipeline","substance":"hot_water","_source":"real","_class":"heat_pipe","_osm_id":"way/174943078","_district":"Ленинский район","_length_km":0.024}},{"type":"Feature","geometry":{"type":"LineString","coordinates":[[43.912317,56.2744592],[43.9122813,56.2744114]]},"properties":{"layer":"1","location":"overground","man_made":"pipeline","substance":"hot_water","_source":"real","_class":"heat_pipe","_osm_id":"way/174943080","_district":"Ленинский район","_length_km":0.006}},{"type":"Feature","geometry":{"type":"LineString","coordinates":[[43.912317,56.2744592],[43.912278,56.2744685],[43.9117696,56.2745902],[43.9125995,56.2756875],[43.9125139,56.2757186],[43.91256,56.2757765]]},"properties":{"layer":"0","location":"overground","man_made":"pipeline","substance":"hot_water","_source":"real","_class":"heat_pipe","_osm_id":"way/174943081","_district":"Ленинский район","_length_km":0.183}},{"type":"Feature","geometry":{"type":"LineString","coordinates":[[43.9122813,56.2744114],[43.9122662,56.2743871],[43.9141001,56.2739628]]},"properties":{"layer":"0","location":"overground","man_made":"pipeline","substance":"hot_water","_source":"real","_class":"heat_pipe","_osm_id":"way/174943082","_district":"Ленинский район","_length_km":0.126}},{"type":"Feature","geometry":{"type":"LineString","coordinates":[[43.9139225,56.2737189],[43.9136787,56.2733839],[43.9128959,56.2723196],[43.9130196,56.2722205]]},"properties":{"layer":"0","location":"overground","man_made":"pipeline","substance":"hot_water","_source":"real","_class":"heat_pipe","_osm_id":"way/174943083","_district":"Ленинский район","_length_km":0.182}},{"type":"Feature","geometry":{"type":"LineString","coordinates":[[43.9116893,56.2717266],[43.9114955,56.2716598],[43.9113885,56.2717414]]},"properties":{"location":"overground","man_made":"pipeline","substance":"hot_water","_source":"real","_class":"heat_pipe","_osm_id":"way/174943085","_district":"Ленинский район","_length_km":0.025}},{"type":"Feature","geometry":{"type":"LineString","coordinates":[[43.9151251,56.2798395],[43.9164701,56.2803617],[43.9164621,56.280521],[43.9164549,56.2806862],[43.9164575,56.2809385]]},"properties":{"layer":"1","location":"overground","man_made":"pipeline","substance":"hot_water","_source":"real","_class":"heat_pipe","_osm_id":"way/174943086","_district":"Ленинский район","_length_km":0.166}},{"type":"Feature","geometry":{"type":"LineString","coordinates":[[43.9146415,56.2782258],[43.9140644,56.2783641],[43.914636,56.2791825],[43.9145374,56.2792057],[43.9146187,56.2793183],[43.9147169,56.2792987],[43.9148361,56.2794529]]},"properties":{"layer":"0","location":"overground","man_made":"pipeline","substance":"hot_water","_source":"real","_class":"heat_pipe","_osm_id":"way/174943087","_district":"Ленинский район","_length_km":0.182}},{"type":"Feature","geometry":{"type":"LineString","coordinates":[[43.9148407,56.2701029],[43.9147272,56.2701281],[43.9146875,56.2700866],[43.9142299,56.2701874],[43.9141885,56.2701374],[43.9140951,56.2701618],[43.91413,56.2702145],[43.9138617,56.2702783],[43.9137538,56.2703451]]},"properties":{"location":"overground","man_made":"pipeline","substance":"hot_water","_source":"real","_class":"heat_pipe","_osm_id":"way/175530292","_district":"Ленинский район","_length_km":0.09}},{"type":"Feature","geometry":{"type":"LineString","coordinates":[[43.9136962,56.2703808],[43.913311,56.2706266],[43.9128981,56.2709335],[43.9128406,56.2709122],[43.9127231,56.2710038],[43.9127801,56.2710275],[43.9124168,56.2713198],[43.9123109,56.2714056]]},"properties":{"location":"overground","man_made":"pipeline","substance":"hot_water","_source":"real","_class":"heat_pipe","_osm_id":"way/175530296","_district":"Ленинский район","_length_km":0.151}},{"type":"Feature","geometry":{"type":"LineString","coordinates":[[43.9211256,56.2857234],[43.9195817,56.2860624],[43.9195762,56.2860543]]},"properties":{"layer":"0","location":"overground","man_made":"pipeline","substance":"hot_water","_source":"real","_class":"heat_pipe","_osm_id":"way/176850757","_district":"Ленинский район","_length_km":0.104}},{"type":"Feature","geometry":{"type":"LineString","coordinates":[[43.9232105,56.2856057],[43.9235251,56.2855316]]},"properties":{"layer":"1","location":"overground","man_made":"pipeline","substance":"hot_water","_source":"real","_class":"heat_pipe","_osm_id":"way/176937601","_district":"Ленинский район","_length_km":0.021}},{"type":"Feature","geometry":{"type":"LineString","coordinates":[[43.9194753,56.286076],[43.917937,56.2864351]]},"properties":{"layer":"0","location":"overground","man_made":"pipeline","substance":"hot_water","_source":"real","_class":"heat_pipe","_osm_id":"way/176937603","_district":"Ленинский район","_length_km":0.103}},{"type":"Feature","geometry":{"type":"LineString","coordinates":[[43.9195762,56.2860543],[43.9194753,56.286076]]},"properties":{"layer":"1","location":"overground","man_made":"pipeline","substance":"hot_water","_source":"real","_class":"heat_pipe","_osm_id":"way/176937607","_district":"Ленинский район","_length_km":0.007}},{"type":"Feature","geometry":{"type":"LineString","coordinates":[[43.919756,56.2859612],[43.9198617,56.2860986],[43.9218703,56.2856414],[43.9218393,56.285597],[43.9219579,56.2855692],[43.9219879,56.2856122],[43.9224255,56.285512]]},"properties":{"location":"overground","man_made":"pipeline","substance":"hot_water","_source":"real","_class":"heat_pipe","_osm_id":"way/176937608","_district":"Ленинский район","_length_km":0.199}},{"type":"Feature","geometry":{"type":"LineString","coordinates":[[43.9226583,56.2854598],[43.9230341,56.2853765],[43.9232105,56.2856057]]},"properties":{"location":"overground","man_made":"pipeline","substance":"hot_water","_source":"real","_class":"heat_pipe","_osm_id":"way/176937610","_district":"Ленинский район","_length_km":0.053}},{"type":"Feature","geometry":{"type":"LineString","coordinates":[[43.917937,56.2864351],[43.9177107,56.2864854]]},"properties":{"layer":"1","location":"overground","man_made":"pipeline","substance":"hot_water","_source":"real","_class":"heat_pipe","_osm_id":"way/176937611","_district":"Ленинский район","_length_km":0.015}},{"type":"Feature","geometry":{"type":"LineString","coordinates":[[43.9175831,56.286699],[43.919189,56.2887918],[43.9191164,56.2888106]]},"properties":{"layer":"0","location":"overground","man_made":"pipeline","substance":"hot_water","_source":"real","_class":"heat_pipe","_osm_id":"way/176937612","_district":"Ленинский район","_length_km":0.258}},{"type":"Feature","geometry":{"type":"LineString","coordinates":[[43.9235251,56.2855316],[43.9241363,56.2863497],[43.9242413,56.286324],[43.9242837,56.2863811],[43.9241747,56.2864069],[43.9248028,56.2872318]]},"properties":{"location":"overground","man_made":"pipeline","substance":"hot_water","_source":"real","_class":"heat_pipe","_osm_id":"way/176937615","_district":"Ленинский район","_length_km":0.22}},{"type":"Feature","geometry":{"type":"Polygon","coordinates":[[[43.9355407,56.2841024],[43.9358117,56.2840418],[43.93587,56.284122],[43.9355989,56.2841826],[43.9355407,56.2841024]]]},"properties":{"addr:housenumber":"3А","addr:street":"Заречный бульвар","building":"yes","name":"ЦТП \"Ржавка\"","_source":"real","_class":"heat_substation","_osm_id":"way/177818445","_district":"Ленинский район"}},{"type":"Feature","geometry":{"type":"Polygon","coordinates":[[[43.937919,56.3232178],[43.93785,56.3232448],[43.9379046,56.3232877],[43.9379387,56.3232744],[43.9380487,56.3233608],[43.9381785,56.3233101],[43.9381109,56.3232569],[43.9380139,56.3231807],[43.937919,56.3232178]]]},"properties":{"building":"yes","plant:method":"combustion","plant:output:hot_water":"yes","plant:source":"gas","power":"plant","_source":"real","_class":"heat_source","_osm_id":"way/180443814","_district":"Канавинский район"}},{"type":"Feature","geometry":{"type":"Polygon","coordinates":[[[43.9368382,56.3227717],[43.936701,56.3227447],[43.9368873,56.322433],[43.9370217,56.3224594],[43.9370699,56.3223788],[43.937284,56.3224182],[43.9372504,56.3224743],[43.9375913,56.322537],[43.9374864,56.3227124],[43.9374375,56.3228402],[43.9373604,56.3228965],[43.9368382,56.3227717]]]},"properties":{"industrial":"heating_station","landuse":"industrial","plant:output:hot_water":"yes","plant:source":"gas","power":"plant","_source":"real","_class":"heat_source","_osm_id":"way/180443874","_district":"Канавинский район"}},{"type":"Feature","geometry":{"type":"LineString","coordinates":[[43.9350397,56.3290849],[43.9353992,56.3292524],[43.9363059,56.3298302],[43.9358591,56.3300912],[43.9357223,56.3301711],[43.9358213,56.3302173],[43.9363204,56.3302982],[43.9367122,56.3303616],[43.9369185,56.3304597],[43.9370033,56.3304168],[43.9371359,56.3304903],[43.9370696,56.3305271],[43.9372686,56.3306354],[43.9374417,56.3306803],[43.9376407,56.3308846]]},"properties":{"location":"overground","man_made":"pipeline","substance":"heat","_source":"real","_class":"heat_pipe","_osm_id":"way/181521829","_district":"Канавинский район","_length_km":0.328}},{"type":"Feature","geometry":{"type":"LineString","coordinates":[[43.9377955,56.3311379],[43.9390114,56.3309275],[43.9390372,56.3309642],[43.9392693,56.3309316],[43.9392435,56.3308948],[43.9410379,56.3305782],[43.9410526,56.3306108],[43.9412884,56.330572],[43.9412663,56.3305353],[43.9430755,56.3302779],[43.9430902,56.3303106],[43.9433297,56.3302738],[43.943315,56.3302268],[43.9450946,56.3299265],[43.9451167,56.3299633],[43.9453415,56.3299306],[43.9453304,56.3298857],[43.9458978,56.3297917],[43.9462072,56.3297101]]},"properties":{"location":"overground","man_made":"pipeline","substance":"heat","_source":"real","_class":"heat_pipe","_osm_id":"way/181521830","_district":"Канавинский район","_length_km":0.579}},{"type":"Feature","geometry":{"type":"LineString","coordinates":[[43.9376407,56.3308846],[43.9377955,56.3311379]]},"properties":{"layer":"-1","location":"underground","man_made":"pipeline","substance":"heat","_source":"real","_class":"heat_pipe","_osm_id":"way/181521831","_district":"Канавинский район","_length_km":0.03}},{"type":"Feature","geometry":{"type":"Polygon","coordinates":[[[43.9517607,56.3111074],[43.9523937,56.3109318],[43.9522087,56.3107265],[43.951574,56.3109002],[43.9517607,56.3111074]]]},"properties":{"addr:housenumber":"100 к23","addr:street":"Интернациональная улица","industrial":"heating_station","landuse":"industrial","plant:output:hot_water":"yes","power":"plant","_source":"real","_class":"heat_source","_osm_id":"way/202438834","_district":"Канавинский район"}},{"type":"Feature","geometry":{"type":"Polygon","coordinates":[[[43.9482554,56.3143354],[43.9481069,56.3143763],[43.9478078,56.3144588],[43.9479815,56.3146526],[43.9480761,56.3146265],[43.9482957,56.3148717],[43.9486487,56.3147744],[43.9482554,56.3143354]]]},"properties":{"building:levels":"2","building:part":"yes","landuse":"industrial","operator":"Нормаль","power":"plant","_source":"real","_class":"heat_source","_osm_id":"way/202438890","_district":"Канавинский район"}},{"type":"Feature","geometry":{"type":"LineString","coordinates":[[43.8485676,56.2233917],[43.848271,56.2236289],[43.8483993,56.2236697],[43.8481951,56.2238574],[43.847771,56.2240917],[43.8473339,56.2243944],[43.8474098,56.2244352],[43.8472737,56.2245254],[43.8471873,56.2244934],[43.8465459,56.2249998],[43.8466308,56.2250331],[43.846537,56.2251071],[43.8464522,56.2250739],[43.8454165,56.2259013],[43.8454924,56.2259312],[43.8453779,56.2260189],[43.8453085,56.2259928],[43.8444839,56.2266411],[43.8448596,56.2267851]]},"properties":{"layer":"1","location":"overground","man_made":"pipeline","substance":"heat","_source":"real","_class":"heat_pipe","_osm_id":"way/204589153","_district":"Автозаводский район","_length_km":0.516}},{"type":"Feature","geometry":{"type":"LineString","coordinates":[[43.8486227,56.2233476],[43.8485676,56.2233917]]},"properties":{"layer":"-1","location":"underground","man_made":"pipeline","substance":"heat","_source":"real","_class":"heat_pipe","_osm_id":"way/204589154","_district":"Автозаводский район","_length_km":0.006}},{"type":"Feature","geometry":{"type":"LineString","coordinates":[[43.8491951,56.2228896],[43.8486227,56.2233476]]},"properties":{"layer":"1","location":"overground","man_made":"pipeline","substance":"heat","_source":"real","_class":"heat_pipe","_osm_id":"way/204589155","_district":"Автозаводский район","_length_km":0.062}},{"type":"Feature","geometry":{"type":"LineString","coordinates":[[43.8506885,56.2216997],[43.8491951,56.2228896]]},"properties":{"layer":"-1","location":"underground","man_made":"pipeline","substance":"heat","_source":"real","_class":"heat_pipe","_osm_id":"way/204589156","_district":"Автозаводский район","_length_km":0.162}},{"type":"Feature","geometry":{"type":"Polygon","coordinates":[[[43.9368904,56.3009592],[43.9367384,56.3009312],[43.9367022,56.3009916],[43.9368543,56.3010196],[43.9368904,56.3009592]]]},"properties":{"addr:housenumber":"11А","addr:street":"Тираспольская улица","branch":"РТС Канавинский","building":"service","building:levels":"1","name":"ЦТП-212","operator":"АО «Теплоэнерго»","pipeline":"substation","pipeline:heat_transfer":"yes","substance":"hot_water","substation":"distribution","_source":"real","_class":"heat_substation","_osm_id":"way/205095206","_district":"Канавинский район"}},{"type":"Feature","geometry":{"type":"Polygon","coordinates":[[[43.9373577,56.3026753],[43.9373134,56.3027491],[43.9375062,56.3027847],[43.9375504,56.3027109],[43.9373577,56.3026753]]]},"properties":{"addr:housenumber":"51А","addr:street":"улица Октябрьской Революции","branch":"РТС Канавинский","building":"service","building:levels":"1","name":"ЦТП-211","operator":"АО «Теплоэнерго»","pipeline":"substation","pipeline:heat_transfer":"yes","substance":"hot_water","substation":"distribution","_source":"real","_class":"heat_substation","_osm_id":"way/205370194","_district":"Канавинский район"}},{"type":"Feature","geometry":{"type":"Polygon","coordinates":[[[43.8613174,56.2178274],[43.8614136,56.2177522],[43.8616224,56.2178348],[43.8615261,56.21791],[43.8613174,56.2178274]]]},"properties":{"building":"service","building:levels":"1","name":"ЦТП-1","operator":"ООО «КСК»","pipeline":"substation","pipeline:heat_transfer":"yes","roof:shape":"flat","substance":"hot_water","substation":"distribution","_source":"real","_class":"heat_substation","_osm_id":"way/225734310","_district":"Автозаводский район"}},{"type":"Feature","geometry":{"type":"Polygon","coordinates":[[[43.8035265,56.3452089],[43.8037571,56.3448815],[43.8038318,56.3447755],[43.8043047,56.3448725],[43.8039658,56.3453698],[43.8035265,56.3452089]]]},"properties":{"barrier":"wall","landuse":"industrial","power":"plant","_source":"real","_class":"heat_source","_osm_id":"way/240226760","_district":"Сормовский район"}},{"type":"Feature","geometry":{"type":"Polygon","coordinates":[[[44.1970547,56.163389],[44.1971042,56.1634346],[44.1972476,56.1633864],[44.1971982,56.1633408],[44.1970547,56.163389]]]},"properties":{"building":"yes","power":"plant","_source":"real","_class":"heat_source","_osm_id":"way/293878456","_district":"вне районов"}},{"type":"Feature","geometry":{"type":"Polygon","coordinates":[[[44.196397,56.1635533],[44.1964996,56.1636393],[44.196846,56.1635112],[44.1967435,56.1634252],[44.196397,56.1635533]]]},"properties":{"addr:housenumber":"4","addr:street":"Коллективный переулок","building":"yes","landuse":"industrial","power":"plant","_source":"real","_class":"heat_source","_osm_id":"way/293878468","_district":"вне районов"}},{"type":"Feature","geometry":{"type":"Polygon","coordinates":[[[44.195807,56.1637507],[44.1959067,56.1638324],[44.1962369,56.1637073],[44.1961372,56.1636257],[44.195807,56.1637507]]]},"properties":{"addr:housenumber":"6","addr:street":"Коллективный переулок","building":"yes","landuse":"industrial","power":"plant","_source":"real","_class":"heat_source","_osm_id":"way/293878481","_district":"вне районов"}},{"type":"Feature","geometry":{"type":"LineString","coordinates":[[43.8836043,56.2666371],[43.8851002,56.2671951],[43.8851964,56.2671712]]},"properties":{"location":"overground","man_made":"pipeline","type":"heat","_source":"real","_class":"heat_pipe","_osm_id":"way/306795381","_district":"Автозаводский район","_length_km":0.118}},{"type":"Feature","geometry":{"type":"Polygon","coordinates":[[[43.8630591,56.2164274],[43.8632721,56.2165105],[43.8633671,56.2164352],[43.8631541,56.2163521],[43.8630591,56.2164274]]]},"properties":{"building":"service","building:levels":"1","name":"ЦТП-2","operator":"ООО «КСК»","pipeline":"substation","pipeline:heat_transfer":"yes","roof:shape":"flat","substance":"hot_water","substation":"distribution","_source":"real","_class":"heat_substation","_osm_id":"way/370073254","_district":"Автозаводский район"}},{"type":"Feature","geometry":{"type":"Polygon","coordinates":[[[44.0170682,56.2136555],[44.0179689,56.2134616],[44.0177832,56.213195],[44.0168826,56.2133889],[44.0170682,56.2136555]]]},"properties":{"addr:street":"Весенняя улица","building":"industrial","building:levels":"1","name":"Котельная","_source":"real","_class":"heat_source","_osm_id":"way/376196183","_district":"вне районов"}},{"type":"Feature","geometry":{"type":"Polygon","coordinates":[[[44.085061,56.1680295],[44.0849121,56.1679814],[44.0846789,56.168205],[44.0848278,56.1682532],[44.085061,56.1680295]]]},"properties":{"addr:housenumber":"12","addr:place":"Агродом","landuse":"industrial","power":"plant","_source":"real","_class":"heat_source","_osm_id":"way/389785061","_district":"Нижегородский район"}},{"type":"Feature","geometry":{"type":"LineString","coordinates":[[43.8743051,56.322853],[43.8746634,56.3226835],[43.8747214,56.3227212],[43.8748194,56.3226749],[43.8747645,56.3226391],[43.8752588,56.3224053],[43.8756233,56.3224761]]},"properties":{"location":"overground","man_made":"pipeline","substance":"heat","_source":"real","_class":"heat_pipe","_osm_id":"way/405805144","_district":"Московский район","_length_km":0.112}},{"type":"Feature","geometry":{"type":"Polygon","coordinates":[[[43.8645438,56.2930679],[43.8649832,56.2927142],[43.8651172,56.2927672],[43.8648531,56.2929939],[43.8648935,56.29301],[43.8647413,56.2931398],[43.8645438,56.2930679]]]},"properties":{"addr:housenumber":"31А","addr:street":"Путейская улица","building":"yes","building:levels":"2","landuse":"industrial","power":"plant","_source":"real","_class":"heat_source","_osm_id":"way/42315335","_district":"Канавинский район"}},{"type":"Feature","geometry":{"type":"Polygon","coordinates":[[[43.980487,56.2387228],[43.9803788,56.23874],[43.9804377,56.2388543],[43.9805459,56.2388371],[43.980487,56.2387228]]]},"properties":{"addr:housenumber":"23А","addr:street":"улица Кащенко","branch":"РТС Приокский","building":"service","building:levels":"1","name":"ЦТП-703","operator":"АО «Теплоэнерго»","pipeline":"substation","pipeline:heat_transfer":"yes","substance":"hot_water","substation":"distribution","_source":"real","_class":"heat_substation","_osm_id":"way/442491856","_district":"Приокский район"}},{"type":"Feature","geometry":{"type":"LineString","coordinates":[[43.8927092,56.3530427],[43.8933785,56.3529134],[43.893309,56.3528096],[43.8934928,56.3527718],[43.8935469,56.3528526],[43.8953393,56.352484],[43.8957624,56.3524007],[43.8951187,56.351454],[43.8949014,56.3514941],[43.8948531,56.3514198],[43.8950677,56.3513723],[43.8944857,56.3505177],[43.894188,56.3505593],[43.8936488,56.3496869],[43.8934852,56.3497151],[43.8934047,56.3496155],[43.8936166,56.3495724],[43.8927583,56.3483195],[43.8928844,56.3482793],[43.8927449,56.3480802],[43.8926242,56.348101],[43.8916828,56.3466414],[43.8918464,56.3465998],[43.8917337,56.3464303],[43.8915701,56.346466],[43.890911,56.3454028]]},"properties":{"layer":"1","location":"overground","man_made":"pipeline","substance":"hot_water","_source":"real","_class":"heat_pipe","_osm_id":"way/444567742","_district":"Сормовский район","_length_km":1.164}},{"type":"Feature","geometry":{"type":"Polygon","coordinates":[[[44.1268282,56.1687612],[44.126823,56.1690718],[44.1270424,56.1690729],[44.1270476,56.1687623],[44.1269299,56.1687617],[44.1268282,56.1687612]]]},"properties":{"building":"yes","plant:output:steam":"yes","plant:source":"gas","power":"plant","_source":"real","_class":"heat_source","_osm_id":"way/448673935","_district":"Нижегородский район"}},{"type":"Feature","geometry":{"type":"Polygon","coordinates":[[[44.0818496,56.281426],[44.0819142,56.2813226],[44.0820645,56.2813515],[44.0819999,56.2814549],[44.0818496,56.281426]]]},"properties":{"landuse":"industrial","level":"1","power":"plant","_source":"real","_class":"heat_source","_osm_id":"way/519105246","_district":"вне районов"}},{"type":"Feature","geometry":{"type":"Polygon","coordinates":[[[43.8655094,56.2183655],[43.8653579,56.2184871],[43.8652237,56.2184354],[43.8653751,56.2183138],[43.8655094,56.2183655]]]},"properties":{"building":"service","building:levels":"1","name":"ЦТП-3","operator":"ООО «КСК»","pipeline":"substation","pipeline:heat_transfer":"yes","roof:shape":"flat","substance":"hot_water","substation":"distribution","_source":"real","_class":"heat_substation","_osm_id":"way/523003073","_district":"Автозаводский район"}},{"type":"Feature","geometry":{"type":"Polygon","coordinates":[[[44.0446727,56.3198808],[44.0440952,56.3199552],[44.0441185,56.3200107],[44.0441339,56.3200087],[44.0441419,56.3200277],[44.0442725,56.3200109],[44.0443027,56.320007],[44.0444363,56.3199898],[44.0444292,56.3199729],[44.0445871,56.3199525],[44.0446968,56.3199384],[44.0446727,56.3198808]]]},"properties":{"addr:housenumber":"2А","addr:street":"Радужная улица","building":"service","building:colour":"white","landuse":"industrial","plant:output:hot_water":"yes","power":"plant","_source":"real","_class":"heat_source","_osm_id":"way/53095840","_district":"Нижегородский район"}},{"type":"Feature","geometry":{"type":"LineString","coordinates":[[43.9420348,56.3153184],[43.9422709,56.3154448],[43.9423299,56.3154002],[43.9425404,56.3154724],[43.9427966,56.3151949],[43.9430246,56.3148662],[43.9433035,56.3143529]]},"properties":{"location":"overground","man_made":"pipeline","substance":"heat","_source":"real","_class":"heat_pipe","_osm_id":"way/545792341","_district":"Канавинский район","_length_km":0.175}},{"type":"Feature","geometry":{"type":"Polygon","coordinates":[[[43.8667547,56.3445963],[43.8664952,56.3447847],[43.8671636,56.3450673],[43.867423,56.3448789],[43.8667547,56.3445963]]]},"properties":{"addr:housenumber":"1В","addr:street":"улица Энгельса","landuse":"industrial","power":"plant","_source":"real","_class":"heat_source","_osm_id":"way/54608122","_district":"Сормовский район"}},{"type":"Feature","geometry":{"type":"LineString","coordinates":[[44.1790456,56.1496733],[44.1790429,56.1495359],[44.1787344,56.1495389],[44.1787264,56.1493596]]},"properties":{"location":"overground","man_made":"pipeline","substance":"heat","_source":"real","_class":"heat_pipe","_osm_id":"way/552694801","_district":"вне районов","_length_km":0.054}},{"type":"Feature","geometry":{"type":"LineString","coordinates":[[43.847653,56.253002],[43.8476687,56.2530594]]},"properties":{"count":"4","location":"overground","man_made":"pipeline","substance":"hot_water","usage":"distribution","_source":"real","_class":"heat_pipe","_osm_id":"way/553129495","_district":"Автозаводский район","_length_km":0.006}},{"type":"Feature","geometry":{"type":"LineString","coordinates":[[43.8457728,56.2529478],[43.8458049,56.2530601]]},"properties":{"count":"4","location":"overground","man_made":"pipeline","substance":"hot_water","usage":"distribution","_source":"real","_class":"heat_pipe","_osm_id":"way/553129498","_district":"Автозаводский район","_length_km":0.013}},{"type":"Feature","geometry":{"type":"LineString","coordinates":[[43.8457339,56.2528118],[43.8457728,56.2529478]]},"properties":{"count":"4","layer":"1","location":"overhead","man_made":"pipeline","substance":"hot_water","usage":"distribution","_source":"real","_class":"heat_pipe","_osm_id":"way/553129499","_district":"Автозаводский район","_length_km":0.015}},{"type":"Feature","geometry":{"type":"LineString","coordinates":[[43.8457199,56.2527629],[43.8457339,56.2528118]]},"properties":{"count":"4","location":"overground","man_made":"pipeline","substance":"hot_water","usage":"distribution","_source":"real","_class":"heat_pipe","_osm_id":"way/553129500","_district":"Автозаводский район","_length_km":0.006}},{"type":"Feature","geometry":{"type":"LineString","coordinates":[[43.8464833,56.2526955],[43.8464802,56.2526847],[43.8464718,56.2526551],[43.846543,56.2526488]]},"properties":{"count":"4","location":"overground","man_made":"pipeline","substance":"hot_water","usage":"distribution","_source":"real","_class":"heat_pipe","_osm_id":"way/553129501","_district":"Автозаводский район","_length_km":0.009}},{"type":"Feature","geometry":{"type":"LineString","coordinates":[[43.8471701,56.2529117],[43.8471044,56.2529172],[43.8470112,56.2525769]]},"properties":{"count":"4","location":"overground","man_made":"pipeline","substance":"hot_water","usage":"distribution","_source":"real","_class":"heat_pipe","_osm_id":"way/553129502","_district":"Автозаводский район","_length_km":0.042}},{"type":"Feature","geometry":{"type":"LineString","coordinates":[[43.8484711,56.2528047],[43.8484595,56.252797],[43.848415,56.2527675]]},"properties":{"count":"4","location":"overground","man_made":"pipeline","substance":"hot_water","usage":"distribution","_source":"real","_class":"heat_pipe","_osm_id":"way/553129503","_district":"Автозаводский район","_length_km":0.005}},{"type":"Feature","geometry":{"type":"LineString","coordinates":[[43.8498407,56.2524656],[43.849847,56.2524869],[43.8498764,56.2525875]]},"properties":{"count":"4","location":"overground","man_made":"pipeline","substance":"hot_water","usage":"distribution","_source":"real","_class":"heat_pipe","_osm_id":"way/553129504","_district":"Автозаводский район","_length_km":0.014}},{"type":"Feature","geometry":{"type":"LineString","coordinates":[[43.8501927,56.2524556],[43.8502425,56.2526255],[43.8503318,56.2526175]]},"properties":{"count":"4","location":"overground","man_made":"pipeline","substance":"hot_water","usage":"distribution","_source":"real","_class":"heat_pipe","_osm_id":"way/553129505","_district":"Автозаводский район","_length_km":0.025}},{"type":"Feature","geometry":{"type":"LineString","coordinates":[[43.8497028,56.2524781],[43.8498407,56.2524656],[43.849873,56.2524627],[43.8498792,56.252484],[43.8501927,56.2524556]]},"properties":{"count":"4","location":"overground","man_made":"pipeline","substance":"hot_water","usage":"distribution","_source":"real","_class":"heat_pipe","_osm_id":"way/553129506","_district":"Автозаводский район","_length_km":0.033}},{"type":"Feature","geometry":{"type":"LineString","coordinates":[[43.8501927,56.2524556],[43.850187,56.252436],[43.8501812,56.2524164],[43.8503435,56.2524018],[43.8503344,56.2523707],[43.8510008,56.2523105]]},"properties":{"count":"4","layer":"1","location":"overhead","man_made":"pipeline","substance":"hot_water","usage":"distribution","_source":"real","_class":"heat_pipe","_osm_id":"way/553129507","_district":"Автозаводский район","_length_km":0.06}},{"type":"Feature","geometry":{"type":"LineString","coordinates":[[43.8495311,56.2524936],[43.8497028,56.2524781]]},"properties":{"count":"4","layer":"1","location":"overhead","man_made":"pipeline","substance":"hot_water","usage":"distribution","_source":"real","_class":"heat_pipe","_osm_id":"way/553129508","_district":"Автозаводский район","_length_km":0.011}},{"type":"Feature","geometry":{"type":"LineString","coordinates":[[43.8443034,56.2529773],[43.8443225,56.2530504]]},"properties":{"count":"4","layer":"1","location":"overhead","man_made":"pipeline","substance":"hot_water","usage":"distribution","_source":"real","_class":"heat_pipe","_osm_id":"way/553129511","_district":"Автозаводский район","_length_km":0.008}},{"type":"Feature","geometry":{"type":"LineString","coordinates":[[43.844053,56.2527843],[43.8442487,56.2527684],[43.8443034,56.2529773]]},"properties":{"count":"4","location":"overground","man_made":"pipeline","substance":"hot_water","usage":"distribution","_source":"real","_class":"heat_pipe","_osm_id":"way/553129514","_district":"Автозаводский район","_length_km":0.036}},{"type":"Feature","geometry":{"type":"LineString","coordinates":[[44.196643,56.1442573],[44.196583,56.1442914],[44.196889,56.1444525],[44.196093,56.1449101]]},"properties":{"location":"overground","man_made":"pipeline","substance":"heat","_source":"real","_class":"heat_pipe","_osm_id":"way/554107430","_district":"вне районов","_length_km":0.102}},{"type":"Feature","geometry":{"type":"LineString","coordinates":[[44.1967472,56.1441956],[44.1971044,56.1439923]]},"properties":{"location":"overground","man_made":"pipeline","substance":"heat","_source":"real","_class":"heat_pipe","_osm_id":"way/554107431","_district":"вне районов","_length_km":0.032}},{"type":"Feature","geometry":{"type":"Polygon","coordinates":[[[43.9215539,56.2799793],[43.9217561,56.2799281],[43.9217858,56.2799252],[43.9219438,56.2801394],[43.9218659,56.2801577],[43.9217132,56.2801936],[43.9215539,56.2799793]]]},"properties":{"addr:housenumber":"49Б","addr:street":"проспект Ленина","building":"yes","landuse":"industrial","power":"plant","_source":"real","_class":"heat_source","_osm_id":"way/56043231","_district":"Ленинский район"}},{"type":"Feature","geometry":{"type":"Polygon","coordinates":[[[43.8492596,56.2290559],[43.8494319,56.2291216],[43.8494942,56.2290711],[43.849322,56.2290054],[43.8492596,56.2290559]]]},"properties":{"building":"service","building:levels":"1","name":"Котельная","plant:output:electricity":"no","plant:output:hot_water":"yes","plant:source":"gas","power":"plant","_source":"real","_class":"heat_source","_osm_id":"way/566463714","_district":"Автозаводский район"}},{"type":"Feature","geometry":{"type":"LineString","coordinates":[[43.8445387,56.2513256],[43.8438261,56.2513899],[43.8438095,56.2513332]]},"properties":{"count":"3","location":"overground","man_made":"pipeline","substance":"hot_water","usage":"distribution","_source":"real","_class":"heat_pipe","_osm_id":"way/574128273","_district":"Автозаводский район","_length_km":0.051}},{"type":"Feature","geometry":{"type":"LineString","coordinates":[[43.844626,56.2513177],[43.8445387,56.2513256]]},"properties":{"count":"3","layer":"1","location":"overhead","man_made":"pipeline","substance":"hot_water","usage":"distribution","_source":"real","_class":"heat_pipe","_osm_id":"way/574128274","_district":"Автозаводский район","_length_km":0.005}},{"type":"Feature","geometry":{"type":"LineString","coordinates":[[43.8454819,56.2512406],[43.844626,56.2513177]]},"properties":{"count":"3","location":"overground","man_made":"pipeline","substance":"hot_water","usage":"distribution","_source":"real","_class":"heat_pipe","_osm_id":"way/574128275","_district":"Автозаводский район","_length_km":0.054}},{"type":"Feature","geometry":{"type":"LineString","coordinates":[[43.8455579,56.2512337],[43.8454819,56.2512406]]},"properties":{"count":"3","layer":"1","location":"overhead","man_made":"pipeline","substance":"hot_water","usage":"distribution","_source":"real","_class":"heat_pipe","_osm_id":"way/574128276","_district":"Автозаводский район","_length_km":0.005}},{"type":"Feature","geometry":{"type":"LineString","coordinates":[[43.8456796,56.2512227],[43.845693,56.2512685]]},"properties":{"count":"3","location":"overground","man_made":"pipeline","substance":"hot_water","usage":"distribution","_source":"real","_class":"heat_pipe","_osm_id":"way/574128277","_district":"Автозаводский район","_length_km":0.005}},{"type":"Feature","geometry":{"type":"LineString","coordinates":[[43.8457626,56.2511969],[43.8457678,56.2512148],[43.8456796,56.2512227],[43.8455579,56.2512337]]},"properties":{"count":"3","location":"overground","man_made":"pipeline","substance":"hot_water","usage":"distribution","_source":"real","_class":"heat_pipe","_osm_id":"way/574128278","_district":"Автозаводский район","_length_km":0.015}},{"type":"Feature","geometry":{"type":"LineString","coordinates":[[43.8469978,56.252528],[43.8468783,56.2520916],[43.8470846,56.2520741]]},"properties":{"count":"4","location":"overground","man_made":"pipeline","substance":"hot_water","usage":"distribution","_source":"real","_class":"heat_pipe","_osm_id":"way/574128279","_district":"Автозаводский район","_length_km":0.062}},{"type":"Feature","geometry":{"type":"LineString","coordinates":[[43.8470112,56.2525769],[43.8469978,56.252528]]},"properties":{"count":"4","layer":"1","location":"overhead","man_made":"pipeline","substance":"hot_water","usage":"distribution","_source":"real","_class":"heat_pipe","_osm_id":"way/574128280","_district":"Автозаводский район","_length_km":0.006}},{"type":"Feature","geometry":{"type":"LineString","coordinates":[[43.847908,56.2529805],[43.8481724,56.2529581],[43.8484711,56.2528047],[43.8485157,56.2527815]]},"properties":{"count":"4","location":"overground","man_made":"pipeline","substance":"hot_water","usage":"distribution","_source":"real","_class":"heat_pipe","_osm_id":"way/574128281","_district":"Автозаводский район","_length_km":0.046}},{"type":"Feature","geometry":{"type":"LineString","coordinates":[[43.8477518,56.2529937],[43.847908,56.2529805]]},"properties":{"count":"4","layer":"1","location":"overhead","man_made":"pipeline","substance":"hot_water","usage":"distribution","_source":"real","_class":"heat_pipe","_osm_id":"way/574128282","_district":"Автозаводский район","_length_km":0.01}},{"type":"Feature","geometry":{"type":"LineString","coordinates":[[43.846083,56.2527309],[43.8464833,56.2526955],[43.8465636,56.2526884]]},"properties":{"count":"4","location":"overground","man_made":"pipeline","substance":"hot_water","usage":"distribution","_source":"real","_class":"heat_pipe","_osm_id":"way/574128283","_district":"Автозаводский район","_length_km":0.03}},{"type":"Feature","geometry":{"type":"LineString","coordinates":[[43.8459365,56.2527438],[43.846083,56.2527309]]},"properties":{"count":"4","layer":"1","location":"overhead","man_made":"pipeline","substance":"hot_water","usage":"distribution","_source":"real","_class":"heat_pipe","_osm_id":"way/574128284","_district":"Автозаводский район","_length_km":0.009}},{"type":"Feature","geometry":{"type":"LineString","coordinates":[[43.845641,56.2527699],[43.8457199,56.2527629],[43.8458697,56.2527497],[43.8459365,56.2527438]]},"properties":{"count":"4","location":"overground","man_made":"pipeline","substance":"hot_water","usage":"distribution","_source":"real","_class":"heat_pipe","_osm_id":"way/574128285","_district":"Автозаводский район","_length_km":0.019}},{"type":"Feature","geometry":{"type":"LineString","coordinates":[[43.8452252,56.2529451],[43.8453389,56.2528972]]},"properties":{"count":"4","layer":"1","location":"overhead","man_made":"pipeline","substance":"hot_water","usage":"distribution","_source":"real","_class":"heat_pipe","_osm_id":"way/574128286","_district":"Автозаводский район","_length_km":0.009}},{"type":"Feature","geometry":{"type":"LineString","coordinates":[[43.8448036,56.2532069],[43.8448192,56.2532663]]},"properties":{"count":"4","layer":"1","location":"overhead","man_made":"pipeline","substance":"hot_water","usage":"distribution","_source":"real","_class":"heat_pipe","_osm_id":"way/574128287","_district":"Автозаводский район","_length_km":0.007}},{"type":"Feature","geometry":{"type":"LineString","coordinates":[[43.8448192,56.2532663],[43.8448327,56.2533182],[43.8447285,56.2533267]]},"properties":{"count":"4","location":"overground","man_made":"pipeline","substance":"hot_water","usage":"distribution","_source":"real","_class":"heat_pipe","_osm_id":"way/574128288","_district":"Автозаводский район","_length_km":0.012}},{"type":"Feature","geometry":{"type":"LineString","coordinates":[[43.9148361,56.2794529],[43.9151251,56.2798395]]},"properties":{"layer":"1","location":"overground","man_made":"pipeline","substance":"hot_water","_source":"real","_class":"heat_pipe","_osm_id":"way/574217432","_district":"Ленинский район","_length_km":0.047}},{"type":"Feature","geometry":{"type":"LineString","coordinates":[[43.9121811,56.2712278],[43.9121316,56.2712065]]},"properties":{"count":"2","location":"overground","man_made":"pipeline","substance":"hot_water","usage":"distribution","_source":"real","_class":"heat_pipe","_osm_id":"way/574622378","_district":"Ленинский район","_length_km":0.004}},{"type":"Feature","geometry":{"type":"LineString","coordinates":[[43.9123695,56.2713015],[43.9121811,56.2712278]]},"properties":{"count":"2","layer":"1","location":"overhead","man_made":"pipeline","substance":"hot_water","usage":"distribution","_source":"real","_class":"heat_pipe","_osm_id":"way/574622379","_district":"Ленинский район","_length_km":0.014}},{"type":"Feature","geometry":{"type":"LineString","coordinates":[[43.9124168,56.2713198],[43.9123695,56.2713015]]},"properties":{"count":"2","location":"overground","man_made":"pipeline","substance":"hot_water","usage":"distribution","_source":"real","_class":"heat_pipe","_osm_id":"way/574622380","_district":"Ленинский район","_length_km":0.004}},{"type":"Feature","geometry":{"type":"Polygon","coordinates":[[[43.9347817,56.3262728],[43.9347165,56.3263036],[43.9345556,56.3263797],[43.9347105,56.3264804],[43.9349365,56.3263735],[43.9348241,56.3263004],[43.9352015,56.3261219],[43.9350746,56.3260394],[43.9347596,56.3261884],[43.9346972,56.3262179],[43.9347817,56.3262728]]]},"properties":{"addr:housenumber":"26А","addr:street":"улица Генерала Зимина","branch":"РТС Сормовский","building":"service","building:levels":"2","name":"ЦТП-306/308","operator":"АО «Теплоэнерго»","pipeline":"substation","pipeline:heat_transfer":"yes","roof:shape":"flat","substance":"hot_water","substation":"distribution","_source":"real","_class":"heat_substation","_osm_id":"way/580498931","_district":"Канавинский район"}},{"type":"Feature","geometry":{"type":"Polygon","coordinates":[[[43.9370318,56.3275496],[43.9368958,56.3274632],[43.9365916,56.3276105],[43.9367276,56.3276968],[43.9370318,56.3275496]]]},"properties":{"addr:housenumber":"24А","addr:street":"улица Генерала Зимина","branch":"РТС Сормовский","building":"service","building:levels":"2","name":"ЦТП-318","operator":"АО «Теплоэнерго»","pipeline":"substation","pipeline:heat_transfer":"yes","substance":"hot_water","substation":"distribution","_source":"real","_class":"heat_substation","_osm_id":"way/580498934","_district":"Канавинский район"}},{"type":"Feature","geometry":{"type":"LineString","coordinates":[[43.8325315,56.2328413],[43.8325667,56.2329468]]},"properties":{"layer":"1","location":"overground","man_made":"pipeline","substance":"heat","_source":"real","_class":"heat_pipe","_osm_id":"way/583432183","_district":"Автозаводский район","_length_km":0.012}},{"type":"Feature","geometry":{"type":"LineString","coordinates":[[43.8905668,56.2630916],[43.8903468,56.2630073]]},"properties":{"layer":"1","location":"overground","man_made":"pipeline","substance":"heat","_source":"real","_class":"heat_pipe","_osm_id":"way/586615507","_district":"Автозаводский район","_length_km":0.017}},{"type":"Feature","geometry":{"type":"LineString","coordinates":[[43.8916221,56.2635153],[43.8912529,56.2633721],[43.8905668,56.2630916]]},"properties":{"location":"overground","man_made":"pipeline","substance":"heat","_source":"real","_class":"heat_pipe","_osm_id":"way/586615508","_district":"Автозаводский район","_length_km":0.081}},{"type":"Feature","geometry":{"type":"Polygon","coordinates":[[[43.9359164,56.3141704],[43.9360336,56.3140836],[43.9358652,56.3140136],[43.935748,56.3141005],[43.9359164,56.3141704]]]},"properties":{"addr:housenumber":"18В","addr:street":"улица Октябрьской Революции","building":"service","building:levels":"2","plant:source":"gas","power":"plant","_source":"real","_class":"heat_source","_osm_id":"way/664078325","_district":"Канавинский район"}},{"type":"Feature","geometry":{"type":"LineString","coordinates":[[43.8258898,56.2100567],[43.8263977,56.2102351],[43.8263654,56.2102674],[43.8269125,56.2104508]]},"properties":{"count":"2","location":"overground","man_made":"pipeline","substance":"hot_water","usage":"distribution","_source":"real","_class":"heat_pipe","_osm_id":"way/666288029","_district":"Автозаводский район","_length_km":0.081}},{"type":"Feature","geometry":{"type":"Polygon","coordinates":[[[44.0511101,56.2706187],[44.0514391,56.2701832],[44.0510882,56.2701015],[44.0510458,56.2701577],[44.0511322,56.2701778],[44.0508457,56.2705572],[44.0511101,56.2706187]]]},"properties":{"addr:housenumber":"71","addr:street":"Вечерняя улица","building":"industrial","industrial":"heating_station","start_date":"2018","_source":"real","_class":"heat_source","_osm_id":"way/682774688","_district":"Советский район"}},{"type":"Feature","geometry":{"type":"LineString","coordinates":[[43.856231,56.2324534],[43.8568103,56.2319868]]},"properties":{"count":"2","location":"overground","man_made":"pipeline","substance":"hot_water","usage":"transmission","_source":"real","_class":"heat_pipe","_osm_id":"way/686972219","_district":"Автозаводский район","_length_km":0.063}},{"type":"Feature","geometry":{"type":"LineString","coordinates":[[43.8306315,56.2116721],[43.8315554,56.2119448],[43.8309908,56.2125698]]},"properties":{"count":"2","location":"overground","man_made":"pipeline","substance":"hot_water","usage":"distribution","_source":"real","_class":"heat_pipe","_osm_id":"way/687651660","_district":"Автозаводский район","_length_km":0.143}},{"type":"Feature","geometry":{"type":"LineString","coordinates":[[43.8305291,56.21164],[43.8306315,56.2116721]]},"properties":{"count":"2","location":"overhead","man_made":"pipeline","substance":"hot_water","usage":"distribution","_source":"real","_class":"heat_pipe","_osm_id":"way/687651661","_district":"Автозаводский район","_length_km":0.007}},{"type":"Feature","geometry":{"type":"LineString","coordinates":[[43.8294304,56.2112967],[43.8300123,56.2114903],[43.8305291,56.21164]]},"properties":{"count":"2","location":"overground","man_made":"pipeline","substance":"hot_water","usage":"distribution","_source":"real","_class":"heat_pipe","_osm_id":"way/687651662","_district":"Автозаводский район","_length_km":0.078}},{"type":"Feature","geometry":{"type":"LineString","coordinates":[[43.8293141,56.2112671],[43.8294304,56.2112967]]},"properties":{"count":"2","location":"overhead","man_made":"pipeline","substance":"hot_water","usage":"distribution","_source":"real","_class":"heat_pipe","_osm_id":"way/687651663","_district":"Автозаводский район","_length_km":0.008}},{"type":"Feature","geometry":{"type":"LineString","coordinates":[[43.828277,56.2109154],[43.8293141,56.2112671]]},"properties":{"count":"2","location":"overground","man_made":"pipeline","substance":"hot_water","usage":"distribution","_source":"real","_class":"heat_pipe","_osm_id":"way/687651664","_district":"Автозаводский район","_length_km":0.075}},{"type":"Feature","geometry":{"type":"LineString","coordinates":[[43.8281793,56.2108787],[43.828277,56.2109154]]},"properties":{"count":"2","location":"overhead","man_made":"pipeline","substance":"hot_water","usage":"distribution","_source":"real","_class":"heat_pipe","_osm_id":"way/687651665","_district":"Автозаводский район","_length_km":0.007}},{"type":"Feature","geometry":{"type":"LineString","coordinates":[[43.8269969,56.2104784],[43.8281793,56.2108787]]},"properties":{"count":"2","location":"overground","man_made":"pipeline","substance":"hot_water","usage":"distribution","_source":"real","_class":"heat_pipe","_osm_id":"way/687651666","_district":"Автозаводский район","_length_km":0.086}},{"type":"Feature","geometry":{"type":"LineString","coordinates":[[43.8269125,56.2104508],[43.8269969,56.2104784]]},"properties":{"count":"2","location":"overhead","man_made":"pipeline","substance":"hot_water","usage":"distribution","_source":"real","_class":"heat_pipe","_osm_id":"way/687651667","_district":"Автозаводский район","_length_km":0.006}},{"type":"Feature","geometry":{"type":"LineString","coordinates":[[43.8458697,56.2527497],[43.8458663,56.2527381],[43.845863,56.2527265]]},"properties":{"count":"2","location":"overground","man_made":"pipeline","substance":"hot_water","usage":"distribution","_source":"real","_class":"heat_pipe","_osm_id":"way/687678104","_district":"Автозаводский район","_length_km":0.003}},{"type":"Feature","geometry":{"type":"LineString","coordinates":[[43.8510008,56.2523105],[43.8511546,56.2523296]]},"properties":{"count":"4","location":"overground","man_made":"pipeline","substance":"hot_water","usage":"distribution","_source":"real","_class":"heat_pipe","_osm_id":"way/687678105","_district":"Автозаводский район","_length_km":0.01}},{"type":"Feature","geometry":{"type":"LineString","coordinates":[[43.8503997,56.2528494],[43.8505322,56.2529187]]},"properties":{"count":"4","location":"overground","man_made":"pipeline","substance":"hot_water","usage":"distribution","_source":"real","_class":"heat_pipe","_osm_id":"way/687678106","_district":"Автозаводский район","_length_km":0.011}},{"type":"Feature","geometry":{"type":"LineString","coordinates":[[43.8503318,56.2526175],[43.8503997,56.2528494]]},"properties":{"count":"4","layer":"1","location":"overhead","man_made":"pipeline","substance":"hot_water","usage":"distribution","_source":"real","_class":"heat_pipe","_osm_id":"way/687678107","_district":"Автозаводский район","_length_km":0.026}},{"type":"Feature","geometry":{"type":"LineString","coordinates":[[43.8453389,56.2528972],[43.845641,56.2527699]]},"properties":{"count":"4","location":"overground","man_made":"pipeline","substance":"hot_water","usage":"distribution","_source":"real","_class":"heat_pipe","_osm_id":"way/687678110","_district":"Автозаводский район","_length_km":0.023}},{"type":"Feature","geometry":{"type":"LineString","coordinates":[[43.8689502,56.231987],[43.8697691,56.2313929],[43.8698646,56.2314336]]},"properties":{"count":"3","location":"overground","man_made":"pipeline","substance":"hot_water","usage":"distribution","_source":"real","_class":"heat_pipe","_osm_id":"way/696368602","_district":"Автозаводский район","_length_km":0.091}},{"type":"Feature","geometry":{"type":"LineString","coordinates":[[43.8688952,56.2320268],[43.8689502,56.231987]]},"properties":{"count":"3","layer":"1","location":"overhead","man_made":"pipeline","substance":"hot_water","usage":"distribution","_source":"real","_class":"heat_pipe","_osm_id":"way/696368603","_district":"Автозаводский район","_length_km":0.006}},{"type":"Feature","geometry":{"type":"LineString","coordinates":[[43.8678426,56.2326191],[43.8687088,56.231952],[43.8688952,56.2320268]]},"properties":{"count":"3","location":"overground","man_made":"pipeline","substance":"hot_water","usage":"distribution","_source":"real","_class":"heat_pipe","_osm_id":"way/696368605","_district":"Автозаводский район","_length_km":0.106}},{"type":"Feature","geometry":{"type":"LineString","coordinates":[[44.0036134,56.3180167],[44.0035714,56.3180957]]},"properties":{"count":"2","layer":"-1","location":"underground","man_made":"pipeline","substance":"hot_water","usage":"distribution","_source":"real","_class":"heat_pipe","_osm_id":"way/698106934","_district":"Нижегородский район","_length_km":0.009}},{"type":"Feature","geometry":{"type":"LineString","coordinates":[[44.0037766,56.3177096],[44.0036134,56.3180167]]},"properties":{"count":"2","location":"overground","man_made":"pipeline","substance":"hot_water","usage":"transmission","_source":"real","_class":"heat_pipe","_osm_id":"way/698106935","_district":"Нижегородский район","_length_km":0.036}},{"type":"Feature","geometry":{"type":"LineString","coordinates":[[44.0035714,56.3180957],[44.0044364,56.3182697],[44.0043321,56.3184389],[44.0044186,56.3185597]]},"properties":{"count":"2","location":"overground","man_made":"pipeline","substance":"hot_water","usage":"distribution","_source":"real","_class":"heat_pipe","_osm_id":"way/698106936","_district":"Нижегородский район","_length_km":0.091}},{"type":"Feature","geometry":{"type":"LineString","coordinates":[[43.8584948,56.2239651],[43.8590267,56.2241725],[43.8592082,56.2242433]]},"properties":{"count":"3","location":"overground","man_made":"pipeline","substance":"hot_water","usage":"distribution","_source":"real","_class":"heat_pipe","_osm_id":"way/702551187","_district":"Автозаводский район","_length_km":0.054}},{"type":"Feature","geometry":{"type":"LineString","coordinates":[[43.8583827,56.2239214],[43.8584948,56.2239651]]},"properties":{"count":"3","layer":"1","location":"overhead","man_made":"pipeline","substance":"hot_water","usage":"distribution","_source":"real","_class":"heat_pipe","_osm_id":"way/702551188","_district":"Автозаводский район","_length_km":0.008}},{"type":"Feature","geometry":{"type":"LineString","coordinates":[[43.8590267,56.2241725],[43.8589221,56.2242536]]},"properties":{"count":"3","location":"overground","man_made":"pipeline","substance":"hot_water","usage":"distribution","_source":"real","_class":"heat_pipe","_osm_id":"way/702551189","_district":"Автозаводский район","_length_km":0.011}},{"type":"Feature","geometry":{"type":"LineString","coordinates":[[43.857957,56.223921],[43.8580991,56.2238108],[43.8583827,56.2239214]]},"properties":{"count":"3","location":"overground","man_made":"pipeline","substance":"hot_water","usage":"distribution","_source":"real","_class":"heat_pipe","_osm_id":"way/702551190","_district":"Автозаводский район","_length_km":0.037}},{"type":"Feature","geometry":{"type":"LineString","coordinates":[[44.0048288,56.3176739],[44.004758,56.3178188]]},"properties":{"count":"4","layer":"1","location":"overhead","man_made":"pipeline","substance":"hot_water","usage":"transmission","_source":"real","_class":"heat_pipe","_osm_id":"way/702922882","_district":"Нижегородский район","_length_km":0.017}},{"type":"Feature","geometry":{"type":"LineString","coordinates":[[44.004758,56.3178188],[44.0042129,56.3176946]]},"properties":{"count":"2","location":"overground","man_made":"pipeline","substance":"hot_water","usage":"transmission","_source":"real","_class":"heat_pipe","_osm_id":"way/702922883","_district":"Нижегородский район","_length_km":0.036}},{"type":"Feature","geometry":{"type":"LineString","coordinates":[[44.0048896,56.317614],[44.004917,56.3175579],[44.0047958,56.3174557],[44.0048154,56.3174341]]},"properties":{"count":"2","layer":"1","location":"overhead","man_made":"pipeline","substance":"hot_water","usage":"transmission","_source":"real","_class":"heat_pipe","_osm_id":"way/702922887","_district":"Нижегородский район","_length_km":0.023}},{"type":"Feature","geometry":{"type":"LineString","coordinates":[[43.8607822,56.2249912],[43.8611597,56.2246984],[43.8611957,56.2247128],[43.8612387,56.2246795],[43.8612027,56.2246651],[43.8614525,56.2244714]]},"properties":{"count":"2","location":"overground","man_made":"pipeline","substance":"hot_water","usage":"distribution","_source":"real","_class":"heat_pipe","_osm_id":"way/703230837","_district":"Автозаводский район","_length_km":0.077}},{"type":"Feature","geometry":{"type":"LineString","coordinates":[[43.8307988,56.2366574],[43.8310986,56.2376097]]},"properties":{"count":"4","location":"overground","man_made":"pipeline","substance":"heat","usage":"distribution","_source":"real","_class":"heat_pipe","_osm_id":"way/705894437","_district":"Автозаводский район","_length_km":0.108}},{"type":"Feature","geometry":{"type":"LineString","coordinates":[[43.8307988,56.2366574],[43.8309225,56.2366454],[43.8309107,56.2366078]]},"properties":{"count":"2","location":"overground","man_made":"pipeline","substance":"heat","usage":"distribution","_source":"real","_class":"heat_pipe","_osm_id":"way/705894438","_district":"Автозаводский район","_length_km":0.012}},{"type":"Feature","geometry":{"type":"LineString","coordinates":[[43.8329051,56.2364109],[43.8329418,56.2365326]]},"properties":{"location":"overground","man_made":"pipeline","substance":"hot_water","usage":"distribution","_source":"real","_class":"heat_pipe","_osm_id":"way/705894439","_district":"Автозаводский район","_length_km":0.014}},{"type":"Feature","geometry":{"type":"LineString","coordinates":[[43.8313428,56.2365713],[43.8313985,56.2367558],[43.8316556,56.2367318],[43.83165,56.2367131],[43.8316875,56.2367096],[43.8316932,56.2367283],[43.8320826,56.236692]]},"properties":{"location":"overground","man_made":"pipeline","substance":"hot_water","usage":"distribution","_source":"real","_class":"heat_pipe","_osm_id":"way/705894440","_district":"Автозаводский район","_length_km":0.068}},{"type":"Feature","geometry":{"type":"LineString","coordinates":[[43.8319582,56.2367182],[43.8320297,56.2369409],[43.8321577,56.236929]]},"properties":{"count":"3","location":"overground","man_made":"pipeline","substance":"hot_water","usage":"distribution","_source":"real","_class":"heat_pipe","_osm_id":"way/705894441","_district":"Автозаводский район","_length_km":0.033}},{"type":"Feature","geometry":{"type":"LineString","coordinates":[[43.8319464,56.2366812],[43.8319582,56.2367182]]},"properties":{"count":"3","layer":"1","location":"overhead","man_made":"pipeline","substance":"hot_water","usage":"distribution","_source":"real","_class":"heat_pipe","_osm_id":"way/705894442","_district":"Автозаводский район","_length_km":0.004}},{"type":"Feature","geometry":{"type":"LineString","coordinates":[[43.8319138,56.2365033],[43.8319215,56.236529],[43.8319245,56.2365386],[43.8319013,56.2365408],[43.8319464,56.2366812]]},"properties":{"count":"3","location":"overground","man_made":"pipeline","substance":"hot_water","usage":"distribution","_source":"real","_class":"heat_pipe","_osm_id":"way/705894443","_district":"Автозаводский район","_length_km":0.021}},{"type":"Feature","geometry":{"type":"Polygon","coordinates":[[[44.0763779,56.1663906],[44.0765304,56.1663503],[44.0764858,56.166298],[44.0763333,56.1663383],[44.0763779,56.1663906]]]},"properties":{"addr:housenumber":"7Г","addr:place":"Морёновская школа","landuse":"industrial","power":"plant","_source":"real","_class":"heat_source","_osm_id":"way/712973105","_district":"Нижегородский район"}},{"type":"Feature","geometry":{"type":"LineString","coordinates":[[44.0077322,56.3040944],[44.0029641,56.3033145],[44.0024551,56.3031487],[43.9989526,56.3026357],[43.9983455,56.3025217],[43.9982848,56.3021927],[43.997983,56.3021847]]},"properties":{"layer":"1","location":"overground","man_made":"pipeline","substance":"heat","_source":"real","_class":"heat_pipe","_osm_id":"way/765133215","_district":"Советский район","_length_km":0.664}},{"type":"Feature","geometry":{"type":"Polygon","coordinates":[[[43.8232691,56.2089495],[43.8235012,56.2090145],[43.8237657,56.2087224],[43.8235336,56.2086574],[43.8232691,56.2089495]]]},"properties":{"addr:city":"Нижний Новгород","addr:housenumber":"31А","addr:street":"Малоэтажная улица","building":"service","landuse":"industrial","name":"Котельная №13","plant:method":"combustion","plant:output:electricity":"yes","plant:output:hot_water":"yes","plant:source":"gas","power":"plant","start_date":"2019","_source":"real","_class":"heat_source","_osm_id":"way/765981195","_district":"Автозаводский район"}},{"type":"Feature","geometry":{"type":"LineString","coordinates":[[44.215706,56.1488187],[44.2183802,56.1500812]]},"properties":{"man_made":"pipeline","substance":"heat","_source":"real","_class":"heat_pipe","_osm_id":"way/807835362","_district":"вне районов","_length_km":0.218}},{"type":"Feature","geometry":{"type":"LineString","coordinates":[[44.1918799,56.1405406],[44.1900614,56.1415821]]},"properties":{"location":"overground","man_made":"pipeline","substance":"heat","_source":"real","_class":"heat_pipe","_osm_id":"way/809277967","_district":"вне районов","_length_km":0.162}},{"type":"Feature","geometry":{"type":"LineString","coordinates":[[44.1932371,56.1397635],[44.1923144,56.1402925]]},"properties":{"location":"overground","man_made":"pipeline","substance":"heat","_source":"real","_class":"heat_pipe","_osm_id":"way/809277968","_district":"вне районов","_length_km":0.082}},{"type":"Feature","geometry":{"type":"LineString","coordinates":[[44.1942698,56.1391388],[44.1933471,56.1396678]]},"properties":{"location":"overground","man_made":"pipeline","substance":"heat","_source":"real","_class":"heat_pipe","_osm_id":"way/809277969","_district":"вне районов","_length_km":0.082}},{"type":"Feature","geometry":{"type":"Polygon","coordinates":[[[43.9408944,56.3096202],[43.9409164,56.3096981],[43.9415031,56.309647],[43.941481,56.3095692],[43.9408944,56.3096202]]]},"properties":{"addr:housenumber":"15А","addr:street":"Вольская улица","building":"industrial","name":"Котельная","_source":"real","_class":"heat_source","_osm_id":"way/81159001","_district":"Канавинский район"}},{"type":"Feature","geometry":{"type":"LineString","coordinates":[[43.9282046,56.2712784],[43.9284082,56.2712339],[43.9289397,56.2719406],[43.9293469,56.2724819],[43.92931,56.2724899]]},"properties":{"diameter":"500mm","location":"overground","man_made":"pipeline","substance":"hot_water","_source":"real","_class":"heat_pipe","_osm_id":"way/827593253","_district":"Ленинский район","_length_km":0.167}},{"type":"Feature","geometry":{"type":"LineString","coordinates":[[43.9289397,56.2719406],[43.9297194,56.2717524]]},"properties":{"diameter":"500mm","location":"overground","man_made":"pipeline","substance":"hot_water","_source":"real","_class":"heat_pipe","_osm_id":"way/827593254","_district":"Ленинский район","_length_km":0.053}},{"type":"Feature","geometry":{"type":"Polygon","coordinates":[[[43.8606419,56.314518],[43.8613563,56.3145341],[43.8613379,56.3147855],[43.8606281,56.3147069],[43.8606419,56.314518]]]},"properties":{"barrier":"fence","branch":"РТС Заречный","fence_type":"chain_link","name":"Котельная","operator":"АО «Теплоэнерго»","plant:output:heat":"yes","plant:source":"gas","power":"plant","_source":"real","_class":"heat_source","_osm_id":"way/836129493","_district":"Московский район"}},{"type":"Feature","geometry":{"type":"Polygon","coordinates":[[[43.9906309,56.2807482],[43.9908205,56.2807335],[43.9907459,56.2804382],[43.9905563,56.280453],[43.9906309,56.2807482]]]},"properties":{"addr:housenumber":"9А","addr:street":"Медицинская улица","building":"yes","plant:output:hot_water":"yes","plant:source":"gas","power":"plant","_source":"real","_class":"heat_source","_osm_id":"way/86100271","_district":"Приокский район"}},{"type":"Feature","geometry":{"type":"Polygon","coordinates":[[[44.1342869,56.1130273],[44.1341461,56.1129686],[44.1340665,56.1126916],[44.1337607,56.1123239],[44.1337022,56.1120183],[44.134009,56.1118902],[44.132705,56.1104223],[44.1321433,56.1098983],[44.1317319,56.1100214],[44.1274311,56.1054725],[44.1318603,56.1041735],[44.1316914,56.1039805],[44.132968,56.1036492],[44.1330982,56.1037943],[44.1340275,56.1035303],[44.1339257,56.103279],[44.1350253,56.1029663],[44.1351271,56.10299],[44.1352373,56.1030576],[44.1368285,56.1046924],[44.1367633,56.1048491],[44.1388878,56.1070887],[44.1393816,56.1076139],[44.1394953,56.1078982],[44.1393381,56.1087487],[44.1392122,56.1092349],[44.1392523,56.1093335],[44.139408,56.109543],[44.1389859,56.1103029],[44.1400585,56.1108637],[44.1399343,56.1109835],[44.139137,56.1114184],[44.1391048,56.1114587],[44.1390458,56.1115006],[44.1387281,56.1116186],[44.1371674,56.1120931],[44.1355596,56.112494],[44.1351957,56.1126226],[44.1347727,56.112718],[44.1343872,56.11299],[44.1342869,56.1130273]]]},"properties":{"barrier":"wall","branch":"Нижегородский филиал","landuse":"industrial","name":"Новогорьковская ТЭЦ","name:en":"Novogorkovskaya Gas Power Plant","operator":"ПАО «Т Плюс»","plant:method":"combustion","plant:output:electricity":"557 MW","plant:output:heat":"538 MW","plant:source":"gas","power":"plant","source":"https://www.industryabout.com/country-territories-3/2137-russia/fossil-fuels-energy/32725-novogorkovskaya-gas-power-plant","start_date":"1956","_source":"real","_class":"heat_source","_osm_id":"way/95192476","_district":"вне районов"}}]}