{"type":"FeatureCollection","features":[{"type":"Feature","geometry":{"type":"LineString","coordinates":[[37.6572051,55.8759902],[37.6574848,55.8759755]]},"properties":{"location":"overground","man_made":"pipeline","_source":"candidate","_class":"pipe_untagged","_osm_id":"way/100105885","_district":"район Южное Медведково","_length_km":0.018}},{"type":"Feature","geometry":{"type":"LineString","coordinates":[[37.6613244,55.8823325],[37.6619425,55.8824368]]},"properties":{"man_made":"pipeline","_source":"candidate","_class":"pipe_untagged","_osm_id":"way/100105897","_district":"район Северное Медведково","_length_km":0.04}},{"type":"Feature","geometry":{"type":"LineString","coordinates":[[37.806121,55.6328913],[37.8069873,55.6334651],[37.806357,55.6337876]]},"properties":{"location":"overground","man_made":"pipeline","_source":"candidate","_class":"pipe_untagged","_osm_id":"way/1001528290","_district":"район Капотня","_length_km":0.138}},{"type":"Feature","geometry":{"type":"LineString","coordinates":[[37.6954632,55.7170492],[37.6953854,55.7171304],[37.6959506,55.7173067],[37.6957033,55.7175728],[37.6955958,55.7175448],[37.6951734,55.7180156],[37.6954803,55.7181317]]},"properties":{"man_made":"pipeline","_source":"candidate","_class":"pipe_untagged","_osm_id":"way/100159458","_district":"район Печатники","_length_km":0.174}},{"type":"Feature","geometry":{"type":"LineString","coordinates":[[37.6701371,55.8820986],[37.6700605,55.8819103]]},"properties":{"layer":"1","location":"overground","man_made":"pipeline","_source":"candidate","_class":"pipe_untagged","_osm_id":"way/100247058","_district":"Бабушкинский район","_length_km":0.022}},{"type":"Feature","geometry":{"type":"LineString","coordinates":[[37.6700186,55.8820889],[37.6699593,55.8818812]]},"properties":{"layer":"1","location":"overground","man_made":"pipeline","_source":"candidate","_class":"pipe_untagged","_osm_id":"way/100247066","_district":"Бабушкинский район","_length_km":0.023}},{"type":"Feature","geometry":{"type":"LineString","coordinates":[[37.7184463,55.7550931],[37.7173063,55.7550298]]},"properties":{"location":"overhead","man_made":"pipeline","_source":"candidate","_class":"pipe_untagged","_osm_id":"way/1009378450","_district":"район Соколиная Гора","_length_km":0.072}},{"type":"Feature","geometry":{"type":"LineString","coordinates":[[37.7184382,55.7551128],[37.7172983,55.7550494]]},"properties":{"location":"overhead","man_made":"pipeline","_source":"candidate","_class":"pipe_untagged","_osm_id":"way/1009378451","_district":"район Соколиная Гора","_length_km":0.072}},{"type":"Feature","geometry":{"type":"LineString","coordinates":[[37.5000125,55.7441261],[37.4996746,55.7445549]]},"properties":{"location":"overhead","man_made":"pipeline","_source":"candidate","_class":"pipe_untagged","_osm_id":"way/1019682405","_district":"район Филёвский Парк","_length_km":0.052}},{"type":"Feature","geometry":{"type":"LineString","coordinates":[[37.5000474,55.7441351],[37.4997094,55.7445639]]},"properties":{"location":"overhead","man_made":"pipeline","_source":"candidate","_class":"pipe_untagged","_osm_id":"way/1019682406","_district":"район Филёвский Парк","_length_km":0.052}},{"type":"Feature","geometry":{"type":"LineString","coordinates":[[37.6760389,55.7785459],[37.6763039,55.7787683],[37.6754603,55.7791239],[37.6754776,55.7791718],[37.6749756,55.7793965],[37.6753284,55.7794972],[37.6752808,55.7795469]]},"properties":{"location":"overground","man_made":"pipeline","_source":"candidate","_class":"pipe_untagged","_osm_id":"way/1031131997","_district":"Красносельский район","_length_km":0.173}},{"type":"Feature","geometry":{"type":"LineString","coordinates":[[37.6760124,55.7785559],[37.6762605,55.7787641],[37.675425,55.7791163],[37.6754424,55.7791646],[37.6749167,55.7793999],[37.6752613,55.779498],[37.6752298,55.7795319]]},"properties":{"location":"overground","man_made":"pipeline","_source":"candidate","_class":"pipe_untagged","_osm_id":"way/1031131999","_district":"Красносельский район","_length_km":0.169}},{"type":"Feature","geometry":{"type":"LineString","coordinates":[[37.6395678,55.6481231],[37.6387042,55.648842],[37.6394042,55.6490872],[37.6394901,55.6490766],[37.6400265,55.6492734]]},"properties":{"location":"overhead","man_made":"pipeline","_source":"candidate","_class":"pipe_untagged","_osm_id":"way/1032578676","_district":"район Москворечье-Сабурово","_length_km":0.194}},{"type":"Feature","geometry":{"type":"LineString","coordinates":[[37.6403422,55.6490531],[37.6400265,55.6492734],[37.6407614,55.6495685]]},"properties":{"location":"overhead","man_made":"pipeline","_source":"candidate","_class":"pipe_untagged","_osm_id":"way/1032578677","_district":"район Москворечье-Сабурово","_length_km":0.088}},{"type":"Feature","geometry":{"type":"LineString","coordinates":[[37.6411162,55.6484743],[37.6409921,55.6484167],[37.6415956,55.6478734]]},"properties":{"location":"overhead","man_made":"pipeline","_source":"candidate","_class":"pipe_untagged","_osm_id":"way/1032578678","_district":"район Москворечье-Сабурово","_length_km":0.082}},{"type":"Feature","geometry":{"type":"LineString","coordinates":[[37.7759162,55.7352778],[37.7758004,55.7354496],[37.7775999,55.7358015],[37.7775261,55.7359349],[37.7781167,55.7360399]]},"properties":{"location":"overhead","man_made":"pipeline","_source":"candidate","_class":"pipe_untagged","_osm_id":"way/1037422683","_district":"район Вешняки","_length_km":0.195}},{"type":"Feature","geometry":{"type":"LineString","coordinates":[[37.6786446,55.8435415],[37.6796055,55.8425702]]},"properties":{"location":"underground","man_made":"pipeline","_source":"candidate","_class":"pipe_untagged","_osm_id":"way/1047779763","_district":"Ярославский район","_length_km":0.124}},{"type":"Feature","geometry":{"type":"LineString","coordinates":[[37.6786376,55.8435243],[37.6795674,55.842581],[37.6795708,55.8425535]]},"properties":{"location":"underground","man_made":"pipeline","_source":"candidate","_class":"pipe_untagged","_osm_id":"way/1047779764","_district":"Ярославский район","_length_km":0.123}},{"type":"Feature","geometry":{"type":"LineString","coordinates":[[37.6786376,55.8435243],[37.6785823,55.8435098],[37.6784694,55.8436321],[37.6783836,55.8437252],[37.6784651,55.8437488],[37.6780594,55.8441889],[37.6783268,55.8443487],[37.6780241,55.8447801],[37.6781621,55.8455488],[37.677875,55.8455661]]},"properties":{"location":"underground","man_made":"pipeline","_source":"candidate","_class":"pipe_untagged","_osm_id":"way/1047779765","_district":"Ярославский район","_length_km":0.272}},{"type":"Feature","geometry":{"type":"LineString","coordinates":[[37.6778776,55.8455795],[37.6779785,55.8460616]]},"properties":{"fixme":"resurvey","man_made":"pipeline","_source":"candidate","_class":"pipe_untagged","_osm_id":"way/1047779766","_district":"Ярославский район","_length_km":0.054}},{"type":"Feature","geometry":{"type":"LineString","coordinates":[[37.5702862,55.7076594],[37.5703174,55.7076238],[37.5694021,55.707535],[37.5693964,55.7075582]]},"properties":{"location":"overground","man_made":"pipeline","_source":"candidate","_class":"pipe_untagged","_osm_id":"way/1055745712","_district":"Гагаринский район","_length_km":0.065}},{"type":"Feature","geometry":{"type":"LineString","coordinates":[[37.7104597,55.7150762],[37.7109504,55.7154652]]},"properties":{"layer":"1","location":"overhead","man_made":"pipeline","_source":"candidate","_class":"pipe_untagged","_osm_id":"way/1055827253","_district":"район Печатники","_length_km":0.053}},{"type":"Feature","geometry":{"type":"LineString","coordinates":[[37.7104728,55.7150711],[37.7109635,55.7154601]]},"properties":{"layer":"1","location":"overhead","man_made":"pipeline","_source":"candidate","_class":"pipe_untagged","_osm_id":"way/1055827254","_district":"район Печатники","_length_km":0.053}},{"type":"Feature","geometry":{"type":"LineString","coordinates":[[37.7104862,55.7150651],[37.7109769,55.7154541]]},"properties":{"layer":"1","location":"overhead","man_made":"pipeline","_source":"candidate","_class":"pipe_untagged","_osm_id":"way/1055827255","_district":"район Печатники","_length_km":0.053}},{"type":"Feature","geometry":{"type":"LineString","coordinates":[[37.7105019,55.7150594],[37.7109927,55.7154484]]},"properties":{"layer":"1","location":"overhead","man_made":"pipeline","_source":"candidate","_class":"pipe_untagged","_osm_id":"way/1055827256","_district":"район Печатники","_length_km":0.053}},{"type":"Feature","geometry":{"type":"LineString","coordinates":[[37.7105164,55.7150549],[37.7110071,55.7154439]]},"properties":{"layer":"1","location":"overhead","man_made":"pipeline","_source":"candidate","_class":"pipe_untagged","_osm_id":"way/1055827257","_district":"район Печатники","_length_km":0.053}},{"type":"Feature","geometry":{"type":"LineString","coordinates":[[37.7105304,55.7150489],[37.7110212,55.7154378]]},"properties":{"layer":"1","location":"overhead","man_made":"pipeline","_source":"candidate","_class":"pipe_untagged","_osm_id":"way/1055827258","_district":"район Печатники","_length_km":0.053}},{"type":"Feature","geometry":{"type":"LineString","coordinates":[[37.4020904,55.8949664],[37.4021062,55.8949382],[37.4021345,55.8948875]]},"properties":{"location":"overground","man_made":"pipeline","_source":"candidate","_class":"pipe_untagged","_osm_id":"way/1059039014","_district":"район Куркино","_length_km":0.009}},{"type":"Feature","geometry":{"type":"LineString","coordinates":[[37.4022473,55.8949074],[37.4022186,55.8949587],[37.4022021,55.8949883],[37.4022974,55.895005]]},"properties":{"location":"overground","man_made":"pipeline","_source":"candidate","_class":"pipe_untagged","_osm_id":"way/1059039015","_district":"район Куркино","_length_km":0.016}},{"type":"Feature","geometry":{"type":"LineString","coordinates":[[37.4021074,55.8952057],[37.4021346,55.8951559],[37.4021453,55.8951363]]},"properties":{"location":"overground","man_made":"pipeline","_source":"candidate","_class":"pipe_untagged","_osm_id":"way/1059039016","_district":"район Куркино","_length_km":0.008}},{"type":"Feature","geometry":{"type":"LineString","coordinates":[[37.4021292,55.8952094],[37.4021565,55.8951596],[37.4021669,55.8951406]]},"properties":{"location":"overground","man_made":"pipeline","_source":"candidate","_class":"pipe_untagged","_osm_id":"way/1059039017","_district":"район Куркино","_length_km":0.008}},{"type":"Feature","geometry":{"type":"LineString","coordinates":[[37.4021491,55.8952129],[37.4021764,55.895163],[37.4021877,55.8951424]]},"properties":{"location":"overground","man_made":"pipeline","_source":"candidate","_class":"pipe_untagged","_osm_id":"way/1059039018","_district":"район Куркино","_length_km":0.008}},{"type":"Feature","geometry":{"type":"LineString","coordinates":[[37.7681039,55.8184011],[37.7686794,55.8185542],[37.7687666,55.8185526],[37.7694023,55.8186938],[37.7693177,55.8188364]]},"properties":{"location":"overground","man_made":"pipeline","_source":"candidate","_class":"pipe_untagged","_osm_id":"way/1059431624","_district":"район Метрогородок","_length_km":0.105}},{"type":"Feature","geometry":{"type":"LineString","coordinates":[[37.560069,55.7347785],[37.5599413,55.7348674],[37.5596192,55.7347341]]},"properties":{"location":"overground","man_made":"pipeline","_source":"candidate","_class":"pipe_untagged","_osm_id":"way/1065492777","_district":"район Дорогомилово","_length_km":0.038}},{"type":"Feature","geometry":{"type":"LineString","coordinates":[[37.559166,55.7344449],[37.5592102,55.7344653],[37.5592813,55.7344101],[37.5600323,55.7347469],[37.5600444,55.7347673],[37.560069,55.7347785],[37.560157,55.7348186],[37.5602013,55.7348239],[37.5610422,55.7352045],[37.5609536,55.7352665],[37.5616197,55.735568]]},"properties":{"location":"overground","man_made":"pipeline","_source":"candidate","_class":"pipe_untagged","_osm_id":"way/1065492778","_district":"район Дорогомилово","_length_km":0.216}},{"type":"Feature","geometry":{"type":"LineString","coordinates":[[37.5492404,55.7299914],[37.5486349,55.72972],[37.5485637,55.7297704],[37.5484027,55.7296983],[37.5484676,55.7296523],[37.5481006,55.7294879]]},"properties":{"location":"overground","man_made":"pipeline","_source":"candidate","_class":"pipe_untagged","_osm_id":"way/1065492779","_district":"район Дорогомилово","_length_km":0.105}},{"type":"Feature","geometry":{"type":"LineString","coordinates":[[37.5496408,55.7302025],[37.5494939,55.7303061]]},"properties":{"location":"overhead","man_made":"pipeline","_source":"candidate","_class":"pipe_untagged","_osm_id":"way/1065492780","_district":"район Дорогомилово","_length_km":0.015}},{"type":"Feature","geometry":{"type":"LineString","coordinates":[[37.5494939,55.7303061],[37.549853,55.7304675]]},"properties":{"location":"overground","man_made":"pipeline","_source":"candidate","_class":"pipe_untagged","_osm_id":"way/1065492781","_district":"район Дорогомилово","_length_km":0.029}},{"type":"Feature","geometry":{"type":"LineString","coordinates":[[37.549853,55.7304675],[37.5500739,55.7305669]]},"properties":{"location":"overhead","man_made":"pipeline","_source":"candidate","_class":"pipe_untagged","_osm_id":"way/1065492782","_district":"район Дорогомилово","_length_km":0.018}},{"type":"Feature","geometry":{"type":"LineString","coordinates":[[37.5500739,55.7305669],[37.5505656,55.730788]]},"properties":{"location":"overground","man_made":"pipeline","_source":"candidate","_class":"pipe_untagged","_osm_id":"way/1065492783","_district":"район Дорогомилово","_length_km":0.04}},{"type":"Feature","geometry":{"type":"LineString","coordinates":[[37.5505656,55.730788],[37.5507901,55.7308889]]},"properties":{"location":"overhead","man_made":"pipeline","_source":"candidate","_class":"pipe_untagged","_osm_id":"way/1065492784","_district":"район Дорогомилово","_length_km":0.018}},{"type":"Feature","geometry":{"type":"LineString","coordinates":[[37.5507901,55.7308889],[37.5514578,55.7311892]]},"properties":{"location":"overground","man_made":"pipeline","_source":"candidate","_class":"pipe_untagged","_osm_id":"way/1065492785","_district":"район Дорогомилово","_length_km":0.054}},{"type":"Feature","geometry":{"type":"LineString","coordinates":[[37.5514578,55.7311892],[37.551924,55.7313988]]},"properties":{"location":"overhead","man_made":"pipeline","_source":"candidate","_class":"pipe_untagged","_osm_id":"way/1065492791","_district":"район Дорогомилово","_length_km":0.037}},{"type":"Feature","geometry":{"type":"LineString","coordinates":[[37.551924,55.7313988],[37.5524807,55.7316491]]},"properties":{"location":"overground","man_made":"pipeline","_source":"candidate","_class":"pipe_untagged","_osm_id":"way/1065492792","_district":"район Дорогомилово","_length_km":0.045}},{"type":"Feature","geometry":{"type":"LineString","coordinates":[[37.5524807,55.7316491],[37.5527763,55.7317821]]},"properties":{"location":"overhead","man_made":"pipeline","_source":"candidate","_class":"pipe_untagged","_osm_id":"way/1065492793","_district":"район Дорогомилово","_length_km":0.024}},{"type":"Feature","geometry":{"type":"LineString","coordinates":[[37.5527763,55.7317821],[37.5533026,55.7320187]]},"properties":{"location":"overground","man_made":"pipeline","_source":"candidate","_class":"pipe_untagged","_osm_id":"way/1065492794","_district":"район Дорогомилово","_length_km":0.042}},{"type":"Feature","geometry":{"type":"LineString","coordinates":[[37.5533026,55.7320187],[37.5537318,55.732126]]},"properties":{"location":"overhead","man_made":"pipeline","_source":"candidate","_class":"pipe_untagged","_osm_id":"way/1065492795","_district":"район Дорогомилово","_length_km":0.029}},{"type":"Feature","geometry":{"type":"LineString","coordinates":[[37.5537318,55.732126],[37.5553873,55.7328815]]},"properties":{"location":"overground","man_made":"pipeline","_source":"candidate","_class":"pipe_untagged","_osm_id":"way/1065492796","_district":"район Дорогомилово","_length_km":0.134}},{"type":"Feature","geometry":{"type":"LineString","coordinates":[[37.5553873,55.7328815],[37.5557823,55.7330617]]},"properties":{"location":"overhead","man_made":"pipeline","_source":"candidate","_class":"pipe_untagged","_osm_id":"way/1065492797","_district":"район Дорогомилово","_length_km":0.032}},{"type":"Feature","geometry":{"type":"LineString","coordinates":[[37.549312,55.7300546],[37.5496408,55.7302025]]},"properties":{"location":"overground","man_made":"pipeline","_source":"candidate","_class":"pipe_untagged","_osm_id":"way/1065492798","_district":"район Дорогомилово","_length_km":0.026}},{"type":"Feature","geometry":{"type":"LineString","coordinates":[[37.5557823,55.7330617],[37.5565251,55.7334007],[37.5567082,55.7332735],[37.5575632,55.7336568],[37.5574316,55.7337499],[37.5577646,55.7338992],[37.5579033,55.7338011],[37.5586283,55.7341261],[37.5585585,55.7341755],[37.5589118,55.7343339]]},"properties":{"location":"overground","man_made":"pipeline","_source":"candidate","_class":"pipe_untagged","_osm_id":"way/1065492799","_district":"район Дорогомилово","_length_km":0.294}},{"type":"Feature","geometry":{"type":"LineString","coordinates":[[37.6996968,55.7213403],[37.6999406,55.7212005]]},"properties":{"location":"overground","man_made":"pipeline","_source":"candidate","_class":"pipe_untagged","_osm_id":"way/1066427481","_district":"Нижегородский район","_length_km":0.022}},{"type":"Feature","geometry":{"type":"LineString","coordinates":[[37.3942939,55.854453],[37.3940653,55.8544037]]},"properties":{"location":"overhead","man_made":"pipeline","_source":"candidate","_class":"pipe_untagged","_osm_id":"way/1067166232","_district":"вне районов","_length_km":0.015}},{"type":"Feature","geometry":{"type":"LineString","coordinates":[[37.5233437,55.8531213],[37.5232042,55.8534797]]},"properties":{"location":"overhead","man_made":"pipeline","_source":"candidate","_class":"pipe_untagged","_osm_id":"way/1074580392","_district":"Головинский район","_length_km":0.041}},{"type":"Feature","geometry":{"type":"LineString","coordinates":[[37.5233102,55.8531176],[37.5231707,55.8534759]]},"properties":{"location":"overhead","man_made":"pipeline","_source":"candidate","_class":"pipe_untagged","_osm_id":"way/1074580393","_district":"Головинский район","_length_km":0.041}},{"type":"Feature","geometry":{"type":"LineString","coordinates":[[37.7201951,55.7377633],[37.7208522,55.7377044]]},"properties":{"location":"overhead","man_made":"pipeline","_source":"candidate","_class":"pipe_untagged","_osm_id":"way/1075720853","_district":"район Лефортово","_length_km":0.042}},{"type":"Feature","geometry":{"type":"LineString","coordinates":[[37.718626,55.7382148],[37.7202607,55.7381007],[37.7201951,55.7377633]]},"properties":{"location":"overground","man_made":"pipeline","_source":"candidate","_class":"pipe_untagged","_osm_id":"way/1075720854","_district":"район Лефортово","_length_km":0.141}},{"type":"Feature","geometry":{"type":"LineString","coordinates":[[37.7183121,55.7384836],[37.718626,55.7382148]]},"properties":{"layer":"1","location":"overhead","man_made":"pipeline","_source":"candidate","_class":"pipe_untagged","_osm_id":"way/1075720855","_district":"район Лефортово","_length_km":0.036}},{"type":"Feature","geometry":{"type":"LineString","coordinates":[[37.7208522,55.7377044],[37.720761,55.7372605],[37.7221182,55.7369826],[37.7221519,55.7370348],[37.7224945,55.7369646]]},"properties":{"location":"overground","man_made":"pipeline","_source":"candidate","_class":"pipe_untagged","_osm_id":"way/1075720856","_district":"район Лефортово","_length_km":0.17}},{"type":"Feature","geometry":{"type":"LineString","coordinates":[[37.1428395,56.0085361],[37.142922,56.0084967],[37.1425478,56.0082238]]},"properties":{"location":"overground","man_made":"pipeline","_source":"candidate","_class":"pipe_untagged","_osm_id":"way/1077267218","_district":"район Силино","_length_km":0.045}},{"type":"Feature","geometry":{"type":"LineString","coordinates":[[37.1419497,56.0093897],[37.1425907,56.0088345]]},"properties":{"location":"overground","man_made":"pipeline","_source":"candidate","_class":"pipe_untagged","_osm_id":"way/1077267219","_district":"район Силино","_length_km":0.074}},{"type":"Feature","geometry":{"type":"LineString","coordinates":[[37.1418129,56.0095261],[37.1419497,56.0093897]]},"properties":{"location":"overhead","man_made":"pipeline","_source":"candidate","_class":"pipe_untagged","_osm_id":"way/1077267220","_district":"район Силино","_length_km":0.017}},{"type":"Feature","geometry":{"type":"LineString","coordinates":[[37.1411517,56.0101023],[37.1418129,56.0095261]]},"properties":{"location":"overground","man_made":"pipeline","_source":"candidate","_class":"pipe_untagged","_osm_id":"way/1077267221","_district":"район Силино","_length_km":0.076}},{"type":"Feature","geometry":{"type":"LineString","coordinates":[[37.1412221,56.010136],[37.1411517,56.0101023]]},"properties":{"location":"overhead","man_made":"pipeline","_source":"candidate","_class":"pipe_untagged","_osm_id":"way/1077267222","_district":"район Силино","_length_km":0.006}},{"type":"Feature","geometry":{"type":"LineString","coordinates":[[37.1413113,56.0102474],[37.1413502,56.0102106],[37.1413261,56.0102016],[37.1413502,56.0101799],[37.1412221,56.010136]]},"properties":{"location":"overground","man_made":"pipeline","_source":"candidate","_class":"pipe_untagged","_osm_id":"way/1077267223","_district":"район Силино","_length_km":0.019}},{"type":"Feature","geometry":{"type":"LineString","coordinates":[[37.1425907,56.0088345],[37.1426571,56.0088566],[37.1428985,56.0086362],[37.142861,56.0086272],[37.1428395,56.0085361]]},"properties":{"location":"overhead","man_made":"pipeline","_source":"candidate","_class":"pipe_untagged","_osm_id":"way/1077267224","_district":"район Силино","_length_km":0.046}},{"type":"Feature","geometry":{"type":"LineString","coordinates":[[37.1663551,56.006805],[37.1663303,56.0067309]]},"properties":{"layer":"1","location":"overhead","man_made":"pipeline","_source":"candidate","_class":"pipe_untagged","_osm_id":"way/1077267338","_district":"район Силино","_length_km":0.008}},{"type":"Feature","geometry":{"type":"LineString","coordinates":[[37.1665107,56.0071651],[37.1664597,56.0071358],[37.1663551,56.006805]]},"properties":{"location":"overground","man_made":"pipeline","_source":"candidate","_class":"pipe_untagged","_osm_id":"way/1077267339","_district":"район Силино","_length_km":0.042}},{"type":"Feature","geometry":{"type":"LineString","coordinates":[[37.1663303,56.0067309],[37.166272,56.006578],[37.1661969,56.0065802],[37.1661043,56.0066417]]},"properties":{"location":"overground","man_made":"pipeline","_source":"candidate","_class":"pipe_untagged","_osm_id":"way/1077267340","_district":"район Силино","_length_km":0.031}},{"type":"Feature","geometry":{"type":"LineString","coordinates":[[37.1509552,56.0028992],[37.1512087,56.0028018],[37.1511725,56.0027695],[37.1518162,56.0025266],[37.1518604,56.0025618],[37.1519516,56.0025236]]},"properties":{"location":"overground","man_made":"pipeline","_source":"candidate","_class":"pipe_untagged","_osm_id":"way/1077267610","_district":"район Силино","_length_km":0.084}},{"type":"Feature","geometry":{"type":"LineString","coordinates":[[37.6454177,55.7442725],[37.6453011,55.744154]]},"properties":{"location":"overhead","man_made":"pipeline","_source":"candidate","_class":"pipe_untagged","_osm_id":"way/1078531651","_district":"Таганский район","_length_km":0.015}},{"type":"Feature","geometry":{"type":"LineString","coordinates":[[37.5184246,55.8705779],[37.5185117,55.8707408],[37.5184728,55.8709281],[37.5198077,55.8718953]]},"properties":{"location":"overhead","man_made":"pipeline","_source":"candidate","_class":"pipe_untagged","_osm_id":"way/1078657642","_district":"район Западное Дегунино","_length_km":0.176}},{"type":"Feature","geometry":{"type":"LineString","coordinates":[[37.2682773,55.9823337],[37.2682119,55.9821811],[37.2679719,55.9822295],[37.2677106,55.9820802],[37.2671583,55.9814114],[37.2669011,55.9814649]]},"properties":{"man_made":"pipeline","_source":"candidate","_class":"pipe_untagged","_osm_id":"way/1080718455","_district":"вне районов","_length_km":0.156}},{"type":"Feature","geometry":{"type":"LineString","coordinates":[[37.7339729,55.7363],[37.7344396,55.7362426]]},"properties":{"location":"overhead","man_made":"pipeline","_source":"candidate","_class":"pipe_untagged","_osm_id":"way/1082922329","_district":"Нижегородский район","_length_km":0.03}},{"type":"Feature","geometry":{"type":"LineString","coordinates":[[37.4649285,55.7919877],[37.4648352,55.7918016],[37.46464,55.7918015]]},"properties":{"man_made":"pipeline","_source":"candidate","_class":"pipe_untagged","_osm_id":"way/108580748","_district":"район Щукино","_length_km":0.034}},{"type":"Feature","geometry":{"type":"LineString","coordinates":[[37.4644191,55.7913961],[37.4639134,55.7914732],[37.4638496,55.7914578],[37.4636442,55.7914911],[37.4636442,55.7915296],[37.4632244,55.791604],[37.4629734,55.7915963],[37.4625901,55.7915578],[37.4617641,55.7916707],[37.4609473,55.7917323],[37.4600255,55.7918195]]},"properties":{"man_made":"pipeline","_source":"candidate","_class":"pipe_untagged","_osm_id":"way/108580750","_district":"район Щукино","_length_km":0.286}},{"type":"Feature","geometry":{"type":"LineString","coordinates":[[37.6871189,55.7826489],[37.6871088,55.782674],[37.6875429,55.7830034],[37.6878685,55.7835731],[37.6817093,55.7848635],[37.6804288,55.7847373]]},"properties":{"location":"underground","man_made":"pipeline","note":"Приблизительная трасса","opening_date":"8 2023","start_date":"2022","_source":"candidate","_class":"pipe_untagged","_osm_id":"way/1091823519","_district":"район Сокольники","_length_km":0.609}},{"type":"Feature","geometry":{"type":"LineString","coordinates":[[37.6678071,55.8773323],[37.6680705,55.8772923]]},"properties":{"location":"overground","man_made":"pipeline","_source":"candidate","_class":"pipe_untagged","_osm_id":"way/109209057","_district":"Бабушкинский район","_length_km":0.017}},{"type":"Feature","geometry":{"type":"LineString","coordinates":[[37.6678555,55.8774409],[37.6678071,55.8773323]]},"properties":{"layer":"1","location":"overground","man_made":"pipeline","_source":"candidate","_class":"pipe_untagged","_osm_id":"way/109209068","_district":"Бабушкинский район","_length_km":0.012}},{"type":"Feature","geometry":{"type":"LineString","coordinates":[[37.6679041,55.8775432],[37.6678555,55.8774409]]},"properties":{"location":"overground","man_made":"pipeline","_source":"candidate","_class":"pipe_untagged","_osm_id":"way/109209086","_district":"Бабушкинский район","_length_km":0.012}},{"type":"Feature","geometry":{"type":"LineString","coordinates":[[37.4975247,55.5704453],[37.4980223,55.5706424],[37.4979713,55.5706992]]},"properties":{"location":"overground","man_made":"pipeline","_source":"candidate","_class":"pipe_untagged","_osm_id":"way/1105147112","_district":"район Коммунарка","_length_km":0.045}},{"type":"Feature","geometry":{"type":"LineString","coordinates":[[37.4972431,55.5703505],[37.4975247,55.5704453]]},"properties":{"location":"overhead","man_made":"pipeline","_source":"candidate","_class":"pipe_untagged","_osm_id":"way/1105147113","_district":"район Коммунарка","_length_km":0.021}},{"type":"Feature","geometry":{"type":"LineString","coordinates":[[37.4972753,55.5702496],[37.4973223,55.5702633],[37.4972431,55.5703505]]},"properties":{"location":"overground","man_made":"pipeline","_source":"candidate","_class":"pipe_untagged","_osm_id":"way/1105147114","_district":"район Коммунарка","_length_km":0.014}},{"type":"Feature","geometry":{"type":"LineString","coordinates":[[37.5861155,55.63127],[37.5856565,55.6299815]]},"properties":{"layer":"1","location":"overhead","man_made":"pipeline","_source":"candidate","_class":"pipe_untagged","_osm_id":"way/1105748966","_district":"район Чертаново Северное","_length_km":0.146}},{"type":"Feature","geometry":{"type":"LineString","coordinates":[[37.6807572,55.7680285],[37.6808296,55.7679727],[37.680961,55.7676196],[37.680552,55.7675962]]},"properties":{"location":"overhead","man_made":"pipeline","_source":"candidate","_class":"pipe_untagged","_osm_id":"way/1120561935","_district":"Басманный район","_length_km":0.074}},{"type":"Feature","geometry":{"type":"LineString","coordinates":[[37.6807076,55.7683273],[37.6807572,55.7680285]]},"properties":{"location":"overground","man_made":"pipeline","_source":"candidate","_class":"pipe_untagged","_osm_id":"way/1120561936","_district":"Басманный район","_length_km":0.033}},{"type":"Feature","geometry":{"type":"LineString","coordinates":[[37.6760124,55.7785559],[37.6760076,55.7785495],[37.6758134,55.7780165]]},"properties":{"layer":"-1","location":"underground","man_made":"pipeline","note":"не точное положение","_source":"candidate","_class":"pipe_untagged","_osm_id":"way/1123318089","_district":"Красносельский район","_length_km":0.061}},{"type":"Feature","geometry":{"type":"LineString","coordinates":[[37.6760389,55.7785459],[37.6758447,55.7780129]]},"properties":{"layer":"-1","location":"underground","man_made":"pipeline","note":"не точное положение","_source":"candidate","_class":"pipe_untagged","_osm_id":"way/1123318090","_district":"Красносельский район","_length_km":0.061}},{"type":"Feature","geometry":{"type":"LineString","coordinates":[[37.7267764,55.8766413],[37.7264895,55.876755],[37.7263539,55.8767582]]},"properties":{"man_made":"pipeline","_source":"candidate","_class":"pipe_untagged","_osm_id":"way/112427659","_district":"Ярославский район","_length_km":0.03}},{"type":"Feature","geometry":{"type":"LineString","coordinates":[[37.7292156,55.8758676],[37.7288121,55.875872],[37.7287952,55.8760598],[37.7285989,55.8761639],[37.727523,55.8761931],[37.7270805,55.8764187]]},"properties":{"man_made":"pipeline","_source":"candidate","_class":"pipe_untagged","_osm_id":"way/112427687","_district":"Ярославский район","_length_km":0.168}},{"type":"Feature","geometry":{"type":"LineString","coordinates":[[37.7270805,55.8764187],[37.7269677,55.8765548],[37.7267764,55.8766413]]},"properties":{"layer":"1","location":"overhead","man_made":"pipeline","_source":"candidate","_class":"pipe_untagged","_osm_id":"way/112427704","_district":"Ярославский район","_length_km":0.032}},{"type":"Feature","geometry":{"type":"LineString","coordinates":[[37.7194778,55.8849521],[37.7194599,55.8849616],[37.7190411,55.8851791],[37.7182535,55.8855974]]},"properties":{"layer":"1","location":"overhead","man_made":"pipeline","_source":"candidate","_class":"pipe_untagged","_osm_id":"way/112427711","_district":"Ярославский район","_length_km":0.105}},{"type":"Feature","geometry":{"type":"LineString","coordinates":[[37.7182535,55.8855974],[37.7180726,55.8854853],[37.7180434,55.8854834],[37.7164417,55.8863599],[37.7164209,55.8863596],[37.7162628,55.8862681],[37.7162283,55.8862694],[37.7160571,55.8863623],[37.7160643,55.8863875],[37.716207,55.8864645],[37.7162037,55.8864757],[37.7152164,55.8870427],[37.7142899,55.887533],[37.714265,55.8875341],[37.7139878,55.8873726],[37.7139595,55.8873733],[37.7122747,55.8882372],[37.7122478,55.8882306],[37.7121214,55.8881426],[37.7120893,55.8881423],[37.7119194,55.8882328],[37.7119217,55.88825],[37.712052,55.8883354],[37.7120522,55.8883467],[37.7105322,55.8891256],[37.710066,55.8891305],[37.7100415,55.8891467],[37.7100583,55.8892892],[37.7100425,55.8892997],[37.7083411,55.88936],[37.7083168,55.8893753],[37.7084492,55.8900161],[37.7070727,55.8903835],[37.7070599,55.8904005],[37.7071902,55.8905636],[37.7071847,55.890572],[37.7063374,55.890794],[37.7056354,55.8910236]]},"properties":{"layer":"1","location":"overground","man_made":"pipeline","_source":"candidate","_class":"pipe_untagged","_osm_id":"way/112427716","_district":"Лосиноостровский район","_length_km":1.179}},{"type":"Feature","geometry":{"type":"LineString","coordinates":[[37.5787702,55.7815388],[37.5794139,55.7813518]]},"properties":{"location":"overhead","man_made":"pipeline","_source":"candidate","_class":"pipe_untagged","_osm_id":"way/1124796191","_district":"район Беговой","_length_km":0.045}},{"type":"Feature","geometry":{"type":"LineString","coordinates":[[37.6235712,55.7726357],[37.6235679,55.7726915],[37.622996,55.772681]]},"properties":{"location":"overhead","man_made":"pipeline","_source":"candidate","_class":"pipe_untagged","_osm_id":"way/1128319913","_district":"Мещанский район","_length_km":0.042}},{"type":"Feature","geometry":{"type":"LineString","coordinates":[[37.9342229,55.6870577],[37.9342322,55.6868642]]},"properties":{"location":"overhead","man_made":"pipeline","_source":"candidate","_class":"pipe_untagged","_osm_id":"way/1135217400","_district":"район Некрасовка","_length_km":0.022}},{"type":"Feature","geometry":{"type":"LineString","coordinates":[[37.701323,55.7871826],[37.7015457,55.78708],[37.7016798,55.7870951],[37.7017372,55.7872815],[37.7019936,55.7872595],[37.7021304,55.7876169]]},"properties":{"location":"overhead","man_made":"pipeline","_source":"candidate","_class":"pipe_untagged","_osm_id":"way/1135402698","_district":"район Преображенское","_length_km":0.105}},{"type":"Feature","geometry":{"type":"LineString","coordinates":[[37.7010038,55.7875114],[37.7015461,55.7876353]]},"properties":{"location":"overhead","man_made":"pipeline","_source":"candidate","_class":"pipe_untagged","_osm_id":"way/1135402699","_district":"район Преображенское","_length_km":0.037}},{"type":"Feature","geometry":{"type":"LineString","coordinates":[[37.7011313,55.785708],[37.7008234,55.7858014]]},"properties":{"location":"overhead","man_made":"pipeline","_source":"candidate","_class":"pipe_untagged","_osm_id":"way/1135402700","_district":"район Преображенское","_length_km":0.022}},{"type":"Feature","geometry":{"type":"LineString","coordinates":[[37.701306,55.7860511],[37.7015108,55.7860454],[37.7017227,55.786145],[37.7020883,55.7862034]]},"properties":{"location":"overhead","man_made":"pipeline","_source":"candidate","_class":"pipe_untagged","_osm_id":"way/1135402701","_district":"район Преображенское","_length_km":0.054}},{"type":"Feature","geometry":{"type":"LineString","coordinates":[[37.6999767,55.7879054],[37.7002421,55.7878778],[37.7005586,55.7877994],[37.7008563,55.7876456],[37.7010038,55.7875114],[37.701323,55.7871826],[37.7012157,55.7871012],[37.701323,55.7870333],[37.701433,55.78689],[37.7014652,55.7867618],[37.7011716,55.786219],[37.7013371,55.7861887],[37.701306,55.7860511],[37.7011313,55.785708],[37.7010588,55.7855655]]},"properties":{"location":"overhead","man_made":"pipeline","_source":"candidate","_class":"pipe_untagged","_osm_id":"way/1135402702","_district":"район Преображенское","_length_km":0.322}},{"type":"Feature","geometry":{"type":"LineString","coordinates":[[37.6998961,55.7130967],[37.6994213,55.7130196]]},"properties":{"location":"overhead","man_made":"pipeline","_source":"candidate","_class":"pipe_untagged","_osm_id":"way/1136793037","_district":"район Печатники","_length_km":0.031}},{"type":"Feature","geometry":{"type":"LineString","coordinates":[[37.7008357,55.7120656],[37.7003574,55.712592],[37.6998961,55.7130967],[37.700167,55.7131647]]},"properties":{"location":"overhead","man_made":"pipeline","_source":"candidate","_class":"pipe_untagged","_osm_id":"way/1136793039","_district":"район Печатники","_length_km":0.148}},{"type":"Feature","geometry":{"type":"LineString","coordinates":[[37.7016717,55.7119438],[37.7015617,55.7116401],[37.7011299,55.7116567],[37.7009395,55.7119513],[37.7008357,55.7120656]]},"properties":{"location":"overground","man_made":"pipeline","_source":"candidate","_class":"pipe_untagged","_osm_id":"way/1136793040","_district":"район Печатники","_length_km":0.111}},{"type":"Feature","geometry":{"type":"LineString","coordinates":[[37.5206387,55.872524],[37.5211242,55.8727979],[37.5214246,55.8729484],[37.5216901,55.8730733],[37.5219154,55.873147],[37.5220415,55.873156],[37.5228301,55.8734073],[37.5228381,55.873454],[37.5249383,55.8741341],[37.5249752,55.8740983],[37.5252179,55.8741769]]},"properties":{"location":"overhead","man_made":"pipeline","_source":"candidate","_class":"pipe_untagged","_osm_id":"way/1147870317","_district":"район Западное Дегунино","_length_km":0.35}},{"type":"Feature","geometry":{"type":"LineString","coordinates":[[37.7209789,55.7518469],[37.7208499,55.7520524]]},"properties":{"layer":"1","man_made":"pipeline","_source":"candidate","_class":"pipe_untagged","_osm_id":"way/115000164","_district":"район Перово","_length_km":0.024}},{"type":"Feature","geometry":{"type":"LineString","coordinates":[[37.6814067,55.8862919],[37.6816465,55.886231]]},"properties":{"layer":"1","location":"overhead","man_made":"pipeline","_source":"candidate","_class":"pipe_untagged","_osm_id":"way/1155426248","_district":"район Северное Медведково","_length_km":0.016}},{"type":"Feature","geometry":{"type":"LineString","coordinates":[[37.2098766,55.9822248],[37.2103118,55.9825564]]},"properties":{"count":"2","location":"overground","man_made":"pipeline","_source":"candidate","_class":"pipe_untagged","_osm_id":"way/1164178902","_district":"район Старое Крюково","_length_km":0.046}},{"type":"Feature","geometry":{"type":"LineString","coordinates":[[37.2099356,55.9821603],[37.2098766,55.9822248]]},"properties":{"count":"2","layer":"1","location":"overhead","man_made":"pipeline","_source":"candidate","_class":"pipe_untagged","_osm_id":"way/1164178903","_district":"район Старое Крюково","_length_km":0.008}},{"type":"Feature","geometry":{"type":"LineString","coordinates":[[37.2098505,55.982137],[37.2099356,55.9821603]]},"properties":{"count":"2","location":"overground","man_made":"pipeline","_source":"candidate","_class":"pipe_untagged","_osm_id":"way/1164178904","_district":"район Старое Крюково","_length_km":0.006}},{"type":"Feature","geometry":{"type":"LineString","coordinates":[[36.9030789,55.3890419],[36.9027248,55.388875]]},"properties":{"layer":"1","location":"overhead","man_made":"pipeline","_source":"candidate","_class":"pipe_untagged","_osm_id":"way/1165910477","_district":"район Бекасово","_length_km":0.029}},{"type":"Feature","geometry":{"type":"LineString","coordinates":[[36.9037628,55.3892491],[36.9030789,55.3890419]]},"properties":{"location":"overground","man_made":"pipeline","_source":"candidate","_class":"pipe_untagged","_osm_id":"way/1165910478","_district":"район Бекасово","_length_km":0.049}},{"type":"Feature","geometry":{"type":"LineString","coordinates":[[36.9027248,55.388875],[36.9025585,55.3887935],[36.9026162,55.3887345],[36.903854,55.3874681],[36.9039019,55.3874832],[36.9039388,55.3874454],[36.9038909,55.3874304],[36.9045266,55.3867455],[36.9045735,55.3867596],[36.904606,55.3867246],[36.9045591,55.3867105],[36.9051348,55.3861128],[36.9051765,55.3861258],[36.9052063,55.3860949],[36.9051655,55.3860822],[36.9058117,55.3853952],[36.9058559,55.3854057],[36.9058811,55.3853789],[36.905839,55.3853661],[36.9065309,55.3846284],[36.906573,55.3846412],[36.9066084,55.3846033],[36.9065663,55.3845906],[36.907813,55.3832697],[36.907855,55.3832825],[36.9078874,55.3832481],[36.9078454,55.3832353],[36.9086713,55.3824232]]},"properties":{"location":"overground","man_made":"pipeline","_source":"candidate","_class":"pipe_untagged","_osm_id":"way/1165910479","_district":"район Бекасово","_length_km":0.86}},{"type":"Feature","geometry":{"type":"LineString","coordinates":[[36.9055223,55.3897427],[36.9037628,55.3892491]]},"properties":{"layer":"1","location":"overhead","man_made":"pipeline","_source":"candidate","_class":"pipe_untagged","_osm_id":"way/1165910480","_district":"район Бекасово","_length_km":0.124}},{"type":"Feature","geometry":{"type":"LineString","coordinates":[[36.9054648,55.3905913],[36.9054715,55.3904973],[36.9055109,55.3904982],[36.9055131,55.3904672],[36.9054714,55.3904663],[36.9055223,55.3897427]]},"properties":{"location":"overground","man_made":"pipeline","_source":"candidate","_class":"pipe_untagged","_osm_id":"way/1165910481","_district":"район Бекасово","_length_km":0.1}},{"type":"Feature","geometry":{"type":"LineString","coordinates":[[36.9117802,55.3791439],[36.9113535,55.379592]]},"properties":{"location":"overground","man_made":"pipeline","_source":"candidate","_class":"pipe_untagged","_osm_id":"way/1166317809","_district":"район Бекасово","_length_km":0.057}},{"type":"Feature","geometry":{"type":"LineString","coordinates":[[36.9118966,55.3790218],[36.9117802,55.3791439]]},"properties":{"layer":"1","location":"overhead","man_made":"pipeline","_source":"candidate","_class":"pipe_untagged","_osm_id":"way/1166317810","_district":"район Бекасово","_length_km":0.015}},{"type":"Feature","geometry":{"type":"LineString","coordinates":[[36.9125363,55.37835],[36.9118966,55.3790218]]},"properties":{"location":"overground","man_made":"pipeline","_source":"candidate","_class":"pipe_untagged","_osm_id":"way/1166317811","_district":"район Бекасово","_length_km":0.085}},{"type":"Feature","geometry":{"type":"LineString","coordinates":[[36.9101948,55.3808659],[36.9113535,55.379592]]},"properties":{"layer":"-1","location":"underground","man_made":"pipeline","_source":"candidate","_class":"pipe_untagged","_osm_id":"way/1166317812","_district":"район Бекасово","_length_km":0.16}},{"type":"Feature","geometry":{"type":"LineString","coordinates":[[36.9087893,55.3823013],[36.9090159,55.3820804],[36.9090563,55.3820937],[36.9090858,55.382065],[36.9090454,55.3820516],[36.9096597,55.3814122],[36.909698,55.3814241],[36.9097249,55.3813961],[36.9096865,55.3813842],[36.9101948,55.3808659]]},"properties":{"location":"overground","man_made":"pipeline","_source":"candidate","_class":"pipe_untagged","_osm_id":"way/1166317813","_district":"район Бекасово","_length_km":0.194}},{"type":"Feature","geometry":{"type":"LineString","coordinates":[[36.9086713,55.3824232],[36.9087893,55.3823013]]},"properties":{"layer":"-1","location":"underground","man_made":"pipeline","_source":"candidate","_class":"pipe_untagged","_osm_id":"way/1166317814","_district":"район Бекасово","_length_km":0.015}},{"type":"Feature","geometry":{"type":"LineString","coordinates":[[37.7429242,55.73249],[37.734276,55.7333533]]},"properties":{"man_made":"pipeline","_source":"candidate","_class":"pipe_untagged","_osm_id":"way/1168141544","_district":"Нижегородский район","_length_km":0.552}},{"type":"Feature","geometry":{"type":"LineString","coordinates":[[37.4512248,55.8209721],[37.4508423,55.8210547]]},"properties":{"layer":"1","man_made":"pipeline","_source":"candidate","_class":"pipe_untagged","_osm_id":"way/1170489520","_district":"район Покровское-Стрешнево","_length_km":0.026}},{"type":"Feature","geometry":{"type":"LineString","coordinates":[[37.4512292,55.8209786],[37.4508467,55.8210611]]},"properties":{"layer":"1","man_made":"pipeline","_source":"candidate","_class":"pipe_untagged","_osm_id":"way/1170489521","_district":"район Покровское-Стрешнево","_length_km":0.026}},{"type":"Feature","geometry":{"type":"LineString","coordinates":[[37.5343554,55.5883091],[37.534408,55.5883445]]},"properties":{"layer":"1","location":"overground","man_made":"pipeline","_source":"candidate","_class":"pipe_untagged","_osm_id":"way/1171002634","_district":"район Коммунарка","_length_km":0.005}},{"type":"Feature","geometry":{"type":"LineString","coordinates":[[37.8270632,55.7942476],[37.8270792,55.793608],[37.8270053,55.793556],[37.8270022,55.7926795]]},"properties":{"location":"overhead","man_made":"pipeline","_source":"candidate","_class":"pipe_untagged","_osm_id":"way/1183841743","_district":"район Восточное Измайлово","_length_km":0.176}},{"type":"Feature","geometry":{"type":"LineString","coordinates":[[37.5950703,55.7982794],[37.5955154,55.7984631]]},"properties":{"diameter":"30cm","layer":"1","man_made":"pipeline","_source":"candidate","_class":"pipe_untagged","_osm_id":"way/1185165041","_district":"Бутырский район","_length_km":0.035}},{"type":"Feature","geometry":{"type":"LineString","coordinates":[[37.6073151,55.677844],[37.6069217,55.6777283],[37.6064258,55.6779906]]},"properties":{"location":"overground","man_made":"pipeline","_source":"candidate","_class":"pipe_untagged","_osm_id":"way/118626740","_district":"район Котловка","_length_km":0.071}},{"type":"Feature","geometry":{"type":"LineString","coordinates":[[37.7498782,55.7190012],[37.7500323,55.719121]]},"properties":{"location":"overhead","man_made":"pipeline","_source":"candidate","_class":"pipe_untagged","_osm_id":"way/1189248884","_district":"Рязанский район","_length_km":0.016}},{"type":"Feature","geometry":{"type":"LineString","coordinates":[[36.8958758,55.4049088],[36.8960374,55.4049723]]},"properties":{"location":"overhead","man_made":"pipeline","_source":"candidate","_class":"pipe_untagged","_osm_id":"way/1194038155","_district":"район Бекасово","_length_km":0.012}},{"type":"Feature","geometry":{"type":"LineString","coordinates":[[36.8938085,55.4040964],[36.8958758,55.4049088]]},"properties":{"location":"overground","man_made":"pipeline","_source":"candidate","_class":"pipe_untagged","_osm_id":"way/1194038156","_district":"район Бекасово","_length_km":0.159}},{"type":"Feature","geometry":{"type":"LineString","coordinates":[[36.8960374,55.4049723],[36.8961319,55.4050095],[36.8974205,55.4039999],[36.8973854,55.4039854],[36.8974115,55.4039649],[36.8974467,55.4039794],[36.8992808,55.4025423]]},"properties":{"location":"overground","man_made":"pipeline","_source":"candidate","_class":"pipe_untagged","_osm_id":"way/1194038157","_district":"район Бекасово","_length_km":0.352}},{"type":"Feature","geometry":{"type":"LineString","coordinates":[[36.8934658,55.4039617],[36.8938085,55.4040964]]},"properties":{"location":"underground","man_made":"pipeline","_source":"candidate","_class":"pipe_untagged","_osm_id":"way/1194038158","_district":"район Бекасово","_length_km":0.026}},{"type":"Feature","geometry":{"type":"LineString","coordinates":[[36.8914354,55.4056864],[36.8913469,55.4052531]]},"properties":{"location":"overhead","man_made":"pipeline","_source":"candidate","_class":"pipe_untagged","_osm_id":"way/1194038159","_district":"район Бекасово","_length_km":0.049}},{"type":"Feature","geometry":{"type":"LineString","coordinates":[[36.8913469,55.4052531],[36.8927094,55.4047049],[36.8929768,55.4044422],[36.8930156,55.404455],[36.8930416,55.4044294],[36.8930028,55.4044167],[36.8934658,55.4039617]]},"properties":{"location":"overground","man_made":"pipeline","_source":"candidate","_class":"pipe_untagged","_osm_id":"way/1194038160","_district":"район Бекасово","_length_km":0.207}},{"type":"Feature","geometry":{"type":"LineString","coordinates":[[37.8620328,55.7105759],[37.8622967,55.7105798]]},"properties":{"location":"overhead","man_made":"pipeline","_source":"candidate","_class":"pipe_untagged","_osm_id":"way/1196173974","_district":"район Косино-Ухтомский","_length_km":0.017}},{"type":"Feature","geometry":{"type":"LineString","coordinates":[[37.596541,55.7368275],[37.5964781,55.7368416]]},"properties":{"location":"overhead","man_made":"pipeline","_source":"candidate","_class":"pipe_untagged","_osm_id":"way/1209197350","_district":"район Хамовники","_length_km":0.004}},{"type":"Feature","geometry":{"type":"LineString","coordinates":[[37.5972882,55.736661],[37.596541,55.7368275]]},"properties":{"location":"overground","man_made":"pipeline","_source":"candidate","_class":"pipe_untagged","_osm_id":"way/1209197351","_district":"район Хамовники","_length_km":0.05}},{"type":"Feature","geometry":{"type":"LineString","coordinates":[[37.5964781,55.7368416],[37.5964601,55.7368456],[37.5964485,55.7368292]]},"properties":{"location":"overground","man_made":"pipeline","_source":"candidate","_class":"pipe_untagged","_osm_id":"way/1209197352","_district":"район Хамовники","_length_km":0.003}},{"type":"Feature","geometry":{"type":"LineString","coordinates":[[37.6027451,55.7909527],[37.602096,55.7909058],[37.6019916,55.7911172]]},"properties":{"layer":"1","location":"overground","man_made":"pipeline","_source":"candidate","_class":"pipe_untagged","_osm_id":"way/1231582968","_district":"район Марьина Роща","_length_km":0.065}},{"type":"Feature","geometry":{"type":"LineString","coordinates":[[37.4939651,55.8865784],[37.4944244,55.8863137]]},"properties":{"barrier":"wall","man_made":"pipeline","_source":"candidate","_class":"pipe_untagged","_osm_id":"way/123440228","_district":"район Западное Дегунино","_length_km":0.041}},{"type":"Feature","geometry":{"type":"LineString","coordinates":[[37.5002404,55.886408],[37.5004556,55.8863661],[37.5009513,55.8861956],[37.501228,55.8860739],[37.5010746,55.8859542]]},"properties":{"location":"overground","man_made":"pipeline","_source":"candidate","_class":"pipe_untagged","_osm_id":"way/123440339","_district":"район Западное Дегунино","_length_km":0.089}},{"type":"Feature","geometry":{"type":"LineString","coordinates":[[37.6077904,55.8104196],[37.6082759,55.8101453]]},"properties":{"location":"overground","man_made":"pipeline","_source":"candidate","_class":"pipe_untagged","_osm_id":"way/1236064204","_district":"Бутырский район","_length_km":0.043}},{"type":"Feature","geometry":{"type":"LineString","coordinates":[[37.6076254,55.810516],[37.6077904,55.8104196]]},"properties":{"location":"overhead","man_made":"pipeline","_source":"candidate","_class":"pipe_untagged","_osm_id":"way/1236064205","_district":"Бутырский район","_length_km":0.015}},{"type":"Feature","geometry":{"type":"LineString","coordinates":[[37.6082759,55.8101453],[37.608414,55.8100639],[37.6088431,55.8098329],[37.6089471,55.8097858],[37.609112,55.8097587],[37.6094198,55.8096991],[37.6097719,55.8096637],[37.6100495,55.8096569]]},"properties":{"location":"overhead","man_made":"pipeline","_source":"candidate","_class":"pipe_untagged","_osm_id":"way/1236064206","_district":"Бутырский район","_length_km":0.129}},{"type":"Feature","geometry":{"type":"LineString","coordinates":[[37.6153113,55.7922375],[37.6150618,55.7922171]]},"properties":{"location":"overhead","man_made":"pipeline","_source":"candidate","_class":"pipe_untagged","_osm_id":"way/1240007755","_district":"район Марьина Роща","_length_km":0.016}},{"type":"Feature","geometry":{"type":"LineString","coordinates":[[37.5767599,55.800785],[37.5771636,55.8008144]]},"properties":{"location":"surface","man_made":"pipeline","_source":"candidate","_class":"pipe_untagged","_osm_id":"way/1243823529","_district":"Савёловский район","_length_km":0.026}},{"type":"Feature","geometry":{"type":"LineString","coordinates":[[37.5762101,55.8007413],[37.5767599,55.800785]]},"properties":{"location":"overhead","man_made":"pipeline","_source":"candidate","_class":"pipe_untagged","_osm_id":"way/1243823530","_district":"Савёловский район","_length_km":0.035}},{"type":"Feature","geometry":{"type":"LineString","coordinates":[[37.5378155,55.7298139],[37.53777,55.7299995]]},"properties":{"location":"overhead","man_made":"pipeline","_source":"candidate","_class":"pipe_untagged","_osm_id":"way/1244533463","_district":"район Раменки","_length_km":0.021}},{"type":"Feature","geometry":{"type":"LineString","coordinates":[[37.5222078,55.7288546],[37.5222614,55.7287806],[37.5213522,55.7285405],[37.5212368,55.7275526],[37.5208989,55.7275104],[37.5210276,55.7261177],[37.5204805,55.7261041],[37.5206333,55.7254063],[37.5181255,55.724154],[37.5186485,55.7235543]]},"properties":{"layer":"-1","location":"underground","man_made":"pipeline","_source":"candidate","_class":"pipe_untagged","_osm_id":"way/1244533464","_district":"район Раменки","_length_km":0.757}},{"type":"Feature","geometry":{"type":"LineString","coordinates":[[37.5398138,55.730448],[37.5399613,55.7307697],[37.5417772,55.7309026],[37.5424075,55.7306716],[37.5425684,55.7307803],[37.5430459,55.730593],[37.5434643,55.7305386],[37.5438157,55.7303861],[37.5439283,55.7302728]]},"properties":{"location":"overhead","man_made":"pipeline","_source":"candidate","_class":"pipe_untagged","_osm_id":"way/1244533465","_district":"район Раменки","_length_km":0.321}},{"type":"Feature","geometry":{"type":"LineString","coordinates":[[37.5378444,55.729816],[37.5396073,55.7299194],[37.5398138,55.730448]]},"properties":{"location":"underground","man_made":"pipeline","_source":"candidate","_class":"pipe_untagged","_osm_id":"way/1244533466","_district":"район Раменки","_length_km":0.172}},{"type":"Feature","geometry":{"type":"LineString","coordinates":[[37.5368339,55.7297457],[37.5378155,55.7298139],[37.5378444,55.729816]]},"properties":{"location":"overground","man_made":"pipeline","_source":"candidate","_class":"pipe_untagged","_osm_id":"way/1244533467","_district":"район Раменки","_length_km":0.064}},{"type":"Feature","geometry":{"type":"LineString","coordinates":[[37.530241,55.7296687],[37.5303081,55.7298484],[37.5325933,55.729862],[37.5326174,55.7296853],[37.5363149,55.7299164],[37.5363873,55.7297148],[37.5368339,55.7297457]]},"properties":{"location":"underground","man_made":"pipeline","_source":"candidate","_class":"pipe_untagged","_osm_id":"way/1244533470","_district":"район Раменки","_length_km":0.469}},{"type":"Feature","geometry":{"type":"LineString","coordinates":[[37.5268641,55.7299088],[37.5272369,55.7299995],[37.527996,55.729427],[37.5289777,55.7297895]]},"properties":{"location":"underground","man_made":"pipeline","_source":"candidate","_class":"pipe_untagged","_osm_id":"way/1244533471","_district":"район Раменки","_length_km":0.179}},{"type":"Feature","geometry":{"type":"LineString","coordinates":[[37.5924014,55.6989557],[37.5940623,55.6994153]]},"properties":{"layer":"2","location":"overground","man_made":"pipeline","_source":"candidate","_class":"pipe_untagged","_osm_id":"way/124793943","_district":"Академический район","_length_km":0.116}},{"type":"Feature","geometry":{"type":"LineString","coordinates":[[37.5923238,55.699047],[37.5939824,55.6995053]]},"properties":{"layer":"2","location":"overground","man_made":"pipeline","_source":"candidate","_class":"pipe_untagged","_osm_id":"way/124793944","_district":"Донской район","_length_km":0.116}},{"type":"Feature","geometry":{"type":"LineString","coordinates":[[37.7352597,55.756327],[37.7354287,55.7563663],[37.7357908,55.7562636]]},"properties":{"layer":"1","location":"overhead","man_made":"pipeline","_source":"candidate","_class":"pipe_untagged","_osm_id":"way/1248857511","_district":"район Соколиная Гора","_length_km":0.037}},{"type":"Feature","geometry":{"type":"LineString","coordinates":[[37.4118215,55.6495995],[37.4116953,55.6495738]]},"properties":{"location":"underground","man_made":"pipeline","_source":"candidate","_class":"pipe_untagged","_osm_id":"way/1263274254","_district":"район Солнцево","_length_km":0.008}},{"type":"Feature","geometry":{"type":"LineString","coordinates":[[37.4111906,55.6494733],[37.4111486,55.6494644],[37.4111076,55.6495303]]},"properties":{"location":"overground","man_made":"pipeline","_source":"candidate","_class":"pipe_untagged","_osm_id":"way/1263274256","_district":"район Солнцево","_length_km":0.011}},{"type":"Feature","geometry":{"type":"LineString","coordinates":[[37.4116953,55.6495738],[37.411274,55.6494902]]},"properties":{"location":"overground","man_made":"pipeline","_source":"candidate","_class":"pipe_untagged","_osm_id":"way/1263274267","_district":"район Солнцево","_length_km":0.028}},{"type":"Feature","geometry":{"type":"LineString","coordinates":[[37.4120611,55.6497409],[37.4121138,55.6496607],[37.4118215,55.6495995]]},"properties":{"location":"overground","man_made":"pipeline","_source":"candidate","_class":"pipe_untagged","_osm_id":"way/1263274269","_district":"район Солнцево","_length_km":0.029}},{"type":"Feature","geometry":{"type":"LineString","coordinates":[[37.411274,55.6494902],[37.4111906,55.6494733]]},"properties":{"location":"underground","man_made":"pipeline","_source":"candidate","_class":"pipe_untagged","_osm_id":"way/1263274277","_district":"район Солнцево","_length_km":0.006}},{"type":"Feature","geometry":{"type":"LineString","coordinates":[[37.6409063,55.7501391],[37.6408419,55.7499398],[37.6404637,55.74965],[37.6406997,55.7495504],[37.6399487,55.7487412]]},"properties":{"layer":"1","location":"overhead","man_made":"pipeline","_source":"candidate","_class":"pipe_untagged","_osm_id":"way/1263979696","_district":"Таганский район","_length_km":0.183}},{"type":"Feature","geometry":{"type":"LineString","coordinates":[[37.5291229,55.729374],[37.5288748,55.7292961]]},"properties":{"layer":"1","man_made":"pipeline","_source":"candidate","_class":"pipe_untagged","_osm_id":"way/1265511111","_district":"район Раменки","_length_km":0.018}},{"type":"Feature","geometry":{"type":"LineString","coordinates":[[37.4897472,55.7440904],[37.4898469,55.7441205],[37.489856,55.7441398],[37.4899115,55.7441552],[37.4899823,55.7441457]]},"properties":{"man_made":"pipeline","_source":"candidate","_class":"pipe_untagged","_osm_id":"way/1266570463","_district":"район Филёвский Парк","_length_km":0.018}},{"type":"Feature","geometry":{"type":"LineString","coordinates":[[37.4897832,55.7440508],[37.4899741,55.7441069]]},"properties":{"man_made":"pipeline","_source":"candidate","_class":"pipe_untagged","_osm_id":"way/1266570464","_district":"район Филёвский Парк","_length_km":0.014}},{"type":"Feature","geometry":{"type":"LineString","coordinates":[[37.4898345,55.7439944],[37.490025,55.7440462],[37.4900247,55.7440737],[37.4900262,55.7440922]]},"properties":{"man_made":"pipeline","_source":"candidate","_class":"pipe_untagged","_osm_id":"way/1266570465","_district":"район Филёвский Парк","_length_km":0.018}},{"type":"Feature","geometry":{"type":"LineString","coordinates":[[37.4898774,55.7439473],[37.4900371,55.7440017],[37.490025,55.7440462]]},"properties":{"man_made":"pipeline","_source":"candidate","_class":"pipe_untagged","_osm_id":"way/1266570466","_district":"район Филёвский Парк","_length_km":0.017}},{"type":"Feature","geometry":{"type":"LineString","coordinates":[[37.4897021,55.7441399],[37.4899033,55.7441966],[37.4900176,55.7441568]]},"properties":{"man_made":"pipeline","_source":"candidate","_class":"pipe_untagged","_osm_id":"way/1266570467","_district":"район Филёвский Парк","_length_km":0.023}},{"type":"Feature","geometry":{"type":"LineString","coordinates":[[37.4896635,55.7441824],[37.4898093,55.7442258],[37.4898714,55.7442193],[37.4899033,55.7441966]]},"properties":{"man_made":"pipeline","_source":"candidate","_class":"pipe_untagged","_osm_id":"way/1266570468","_district":"район Филёвский Парк","_length_km":0.018}},{"type":"Feature","geometry":{"type":"LineString","coordinates":[[37.386146,55.6517465],[37.3863457,55.6517888],[37.3864197,55.6517026],[37.3868691,55.6518065],[37.3868143,55.651885]]},"properties":{"location":"overground","man_made":"pipeline","_source":"candidate","_class":"pipe_untagged","_osm_id":"way/1270728807","_district":"район Солнцево","_length_km":0.064}},{"type":"Feature","geometry":{"type":"LineString","coordinates":[[37.3748812,55.6409818],[37.3746091,55.6413891]]},"properties":{"layer":"1","man_made":"pipeline","_source":"candidate","_class":"pipe_untagged","_osm_id":"way/1280035031","_district":"район Солнцево","_length_km":0.048}},{"type":"Feature","geometry":{"type":"LineString","coordinates":[[37.3748241,55.6409666],[37.3745523,55.6413785]]},"properties":{"layer":"1","man_made":"pipeline","_source":"candidate","_class":"pipe_untagged","_osm_id":"way/1280035032","_district":"Ново-Переделкино","_length_km":0.049}},{"type":"Feature","geometry":{"type":"LineString","coordinates":[[37.6148589,55.7128094],[37.615501,55.7128074],[37.615508,55.7142642],[37.6154511,55.7146921]]},"properties":{"location":"overground","man_made":"pipeline","_source":"candidate","_class":"pipe_untagged","_osm_id":"way/128492167","_district":"Даниловский район","_length_km":0.25}},{"type":"Feature","geometry":{"type":"LineString","coordinates":[[37.468602,55.6088737],[37.4688397,55.6088073]]},"properties":{"bridge":"yes","man_made":"pipeline","width":"1","_source":"candidate","_class":"pipe_untagged","_osm_id":"way/1295673142","_district":"район Коммунарка","_length_km":0.017}},{"type":"Feature","geometry":{"type":"LineString","coordinates":[[37.604042,55.5760658],[37.6042458,55.5761082]]},"properties":{"bridge":"yes","highway":"path","man_made":"pipeline","surface":"metal","_source":"candidate","_class":"pipe_untagged","_osm_id":"way/1295679654","_district":"район Чертаново Южное","_length_km":0.014}},{"type":"Feature","geometry":{"type":"LineString","coordinates":[[37.5107118,55.7738636],[37.510795,55.773755]]},"properties":{"bridge":"yes","man_made":"pipeline","_source":"candidate","_class":"pipe_untagged","_osm_id":"way/1295685992","_district":"Хорошёвский район","_length_km":0.013}},{"type":"Feature","geometry":{"type":"LineString","coordinates":[[37.5898647,55.8445543],[37.5898645,55.8445479],[37.5899961,55.8445468],[37.5899954,55.8445206]]},"properties":{"layer":"1","location":"overground","man_made":"pipeline","_source":"candidate","_class":"pipe_untagged","_osm_id":"way/1299254466","_district":"Останкинский район","_length_km":0.012}},{"type":"Feature","geometry":{"type":"LineString","coordinates":[[37.5900764,55.8444585],[37.590073,55.8444043]]},"properties":{"layer":"1","location":"overground","man_made":"pipeline","_source":"candidate","_class":"pipe_untagged","_osm_id":"way/1299317492","_district":"Останкинский район","_length_km":0.006}},{"type":"Feature","geometry":{"type":"LineString","coordinates":[[37.5899954,55.8445206],[37.5900764,55.8444585]]},"properties":{"layer":"1","location":"overground","man_made":"pipeline","_source":"candidate","_class":"pipe_untagged","_osm_id":"way/1299317493","_district":"Останкинский район","_length_km":0.009}},{"type":"Feature","geometry":{"type":"LineString","coordinates":[[37.5936323,55.7979144],[37.593836,55.7978181]]},"properties":{"diameter":"30 cm","layer":"1","location":"overhead","man_made":"pipeline","_source":"candidate","_class":"pipe_untagged","_osm_id":"way/1303489896","_district":"Бутырский район","_length_km":0.017}},{"type":"Feature","geometry":{"type":"LineString","coordinates":[[36.867894,55.4266694],[36.867775,55.4265987],[36.8677909,55.4265902]]},"properties":{"location":"overground","man_made":"pipeline","_source":"candidate","_class":"pipe_untagged","_osm_id":"way/1305671788","_district":"район Бекасово","_length_km":0.012}},{"type":"Feature","geometry":{"type":"LineString","coordinates":[[36.8680074,55.4267366],[36.867894,55.4266694]]},"properties":{"layer":"1","location":"overhead","man_made":"pipeline","_source":"candidate","_class":"pipe_untagged","_osm_id":"way/1305671789","_district":"район Бекасово","_length_km":0.01}},{"type":"Feature","geometry":{"type":"LineString","coordinates":[[36.8663098,55.4258979],[36.8667398,55.4261063]]},"properties":{"layer":"1","location":"overhead","man_made":"pipeline","_source":"candidate","_class":"pipe_untagged","_osm_id":"way/1305671790","_district":"район Бекасово","_length_km":0.036}},{"type":"Feature","geometry":{"type":"LineString","coordinates":[[36.8662877,55.4258032],[36.8663829,55.4258493],[36.8663098,55.4258979]]},"properties":{"location":"overground","man_made":"pipeline","_source":"candidate","_class":"pipe_untagged","_osm_id":"way/1305671791","_district":"район Бекасово","_length_km":0.015}},{"type":"Feature","geometry":{"type":"LineString","coordinates":[[36.8687327,55.4271672],[36.8686999,55.4271477]]},"properties":{"location":"indoor","man_made":"pipeline","_source":"candidate","_class":"pipe_untagged","_osm_id":"way/1305671792","_district":"район Бекасово","_length_km":0.003}},{"type":"Feature","geometry":{"type":"LineString","coordinates":[[36.8687822,55.4271672],[36.8687563,55.4271811],[36.8687327,55.4271672]]},"properties":{"location":"overground","man_made":"pipeline","_source":"candidate","_class":"pipe_untagged","_osm_id":"way/1305671793","_district":"район Бекасово","_length_km":0.004}},{"type":"Feature","geometry":{"type":"LineString","coordinates":[[36.8717989,55.4288833],[36.8688029,55.4271561],[36.8687822,55.4271672]]},"properties":{"layer":"-1","location":"underground","man_made":"pipeline","_source":"candidate","_class":"pipe_untagged","_osm_id":"way/1305671795","_district":"район Бекасово","_length_km":0.272}},{"type":"Feature","geometry":{"type":"LineString","coordinates":[[36.8674338,55.426352],[36.8674552,55.4263405],[36.8678066,55.4265817],[36.8677909,55.4265902]]},"properties":{"layer":"-1","location":"underground","man_made":"pipeline","_source":"candidate","_class":"pipe_untagged","_osm_id":"way/1305671796","_district":"район Бекасово","_length_km":0.038}},{"type":"Feature","geometry":{"type":"LineString","coordinates":[[36.8667398,55.4261063],[36.8668472,55.426048],[36.8672024,55.4262589],[36.8672701,55.4262222],[36.8673244,55.4262545],[36.8672568,55.4262912],[36.8673947,55.426373],[36.8674338,55.426352]]},"properties":{"layer":"1","location":"overground","man_made":"pipeline","_source":"candidate","_class":"pipe_untagged","_osm_id":"way/1305671797","_district":"район Бекасово","_length_km":0.075}},{"type":"Feature","geometry":{"type":"LineString","coordinates":[[36.8686999,55.4271477],[36.8683686,55.426951],[36.8684362,55.4269144],[36.8684034,55.4268949],[36.8683358,55.4269316],[36.8680074,55.4267366]]},"properties":{"location":"overground","man_made":"pipeline","_source":"candidate","_class":"pipe_untagged","_osm_id":"way/1305671800","_district":"район Бекасово","_length_km":0.075}},{"type":"Feature","geometry":{"type":"LineString","coordinates":[[37.420607,55.7123214],[37.4205677,55.7123149],[37.4203414,55.7121992],[37.4201,55.7121355],[37.419821,55.7120512],[37.4196551,55.7120564],[37.4193809,55.7119751],[37.4191119,55.7118975],[37.4188698,55.7118291],[37.4187064,55.7117809],[37.4182613,55.71165]]},"properties":{"location":"overhead","man_made":"pipeline","_source":"candidate","_class":"pipe_untagged","_osm_id":"way/1316820347","_district":"Можайский район","_length_km":0.167}},{"type":"Feature","geometry":{"type":"LineString","coordinates":[[37.742703,55.7319489],[37.7431459,55.7319017],[37.7452187,55.7317251],[37.7471626,55.7315701],[37.7507458,55.7315928]]},"properties":{"location":"overhead","man_made":"pipeline","_source":"candidate","_class":"pipe_untagged","_osm_id":"way/1319358697","_district":"Нижегородский район","_length_km":0.508}},{"type":"Feature","geometry":{"type":"LineString","coordinates":[[37.8614517,55.72659],[37.8609545,55.7266019]]},"properties":{"location":"overhead","man_made":"pipeline","_source":"candidate","_class":"pipe_untagged","_osm_id":"way/1319981774","_district":"район Косино-Ухтомский","_length_km":0.031}},{"type":"Feature","geometry":{"type":"LineString","coordinates":[[37.548026,55.7728957],[37.5479929,55.7732328]]},"properties":{"layer":"1","location":"overground","man_made":"pipeline","_source":"candidate","_class":"pipe_untagged","_osm_id":"way/132092712","_district":"Хорошёвский район","_length_km":0.038}},{"type":"Feature","geometry":{"type":"LineString","coordinates":[[37.6509002,55.6175097],[37.6510262,55.6175763],[37.6507272,55.6187138],[37.6514655,55.6188755]]},"properties":{"man_made":"pipeline","_source":"candidate","_class":"pipe_untagged","_osm_id":"way/1335365988","_district":"район Царицыно","_length_km":0.189}},{"type":"Feature","geometry":{"type":"LineString","coordinates":[[37.3098765,55.5442121],[37.310015,55.5442947],[37.3104019,55.544166],[37.3109064,55.5440222]]},"properties":{"layer":"-1","location":"underground","man_made":"pipeline","_source":"candidate","_class":"pipe_untagged","_osm_id":"way/1352738487","_district":"Филимонковский район","_length_km":0.077}},{"type":"Feature","geometry":{"type":"LineString","coordinates":[[37.3109064,55.5440222],[37.3116765,55.5439986],[37.3119164,55.5436391],[37.311966,55.5436493],[37.3119841,55.5436232],[37.3119346,55.5436129],[37.312103,55.5433644]]},"properties":{"location":"overground","man_made":"pipeline","_source":"candidate","_class":"pipe_untagged","_osm_id":"way/1352738488","_district":"Филимонковский район","_length_km":0.131}},{"type":"Feature","geometry":{"type":"LineString","coordinates":[[37.3092639,55.5444868],[37.3092146,55.5444578],[37.309262,55.544431],[37.3093094,55.5444611],[37.309463,55.5443924],[37.3098765,55.5442121]]},"properties":{"location":"overground","man_made":"pipeline","_source":"candidate","_class":"pipe_untagged","_osm_id":"way/1352738489","_district":"Филимонковский район","_length_km":0.058}},{"type":"Feature","geometry":{"type":"LineString","coordinates":[[37.3173775,55.5414669],[37.3173557,55.5413103],[37.3173359,55.5411198]]},"properties":{"location":"overground","man_made":"pipeline","_source":"candidate","_class":"pipe_untagged","_osm_id":"way/1352738490","_district":"Филимонковский район","_length_km":0.039}},{"type":"Feature","geometry":{"type":"LineString","coordinates":[[37.7481315,55.7386059],[37.7481519,55.7383907]]},"properties":{"location":"overhead","man_made":"pipeline","_source":"candidate","_class":"pipe_untagged","_osm_id":"way/1356267758","_district":"Нижегородский район","_length_km":0.024}},{"type":"Feature","geometry":{"type":"LineString","coordinates":[[37.4023336,55.6598288],[37.4021199,55.6601097],[37.4039707,55.6605561],[37.4040806,55.660547],[37.4042978,55.6602591]]},"properties":{"location":"overhead","man_made":"pipeline","_source":"candidate","_class":"pipe_untagged","_osm_id":"way/1356622808","_district":"район Солнцево","_length_km":0.203}},{"type":"Feature","geometry":{"type":"LineString","coordinates":[[37.4038979,55.6596693],[37.403461,55.660255],[37.4018195,55.6598729],[37.4018023,55.6598599]]},"properties":{"location":"overhead","man_made":"pipeline","_source":"candidate","_class":"pipe_untagged","_osm_id":"way/1356622809","_district":"район Солнцево","_length_km":0.184}},{"type":"Feature","geometry":{"type":"LineString","coordinates":[[37.5257838,55.7725316],[37.5253151,55.7719815]]},"properties":{"man_made":"pipeline","_source":"candidate","_class":"pipe_untagged","_osm_id":"way/136288586","_district":"Хорошёвский район","_length_km":0.068}},{"type":"Feature","geometry":{"type":"LineString","coordinates":[[37.5244011,55.770904],[37.5236093,55.7699784],[37.5233774,55.7697849],[37.5232274,55.7694689],[37.5231235,55.7690775],[37.5229775,55.768667]]},"properties":{"layer":"1","man_made":"pipeline","_source":"candidate","_class":"pipe_untagged","_osm_id":"way/136288651","_district":"Хорошёвский район","_length_km":0.268}},{"type":"Feature","geometry":{"type":"LineString","coordinates":[[37.5868987,55.6235346],[37.5871922,55.6233113],[37.5862627,55.6229295],[37.5863433,55.6228677],[37.5863017,55.6228502]]},"properties":{"location":"overground","man_made":"pipeline","_source":"candidate","_class":"pipe_untagged","_osm_id":"way/1363601381","_district":"район Чертаново Центральное","_length_km":0.115}},{"type":"Feature","geometry":{"type":"LineString","coordinates":[[37.5862266,55.6232497],[37.5864923,55.6230497],[37.586198,55.6229291]]},"properties":{"location":"overground","man_made":"pipeline","_source":"candidate","_class":"pipe_untagged","_osm_id":"way/1363601382","_district":"район Чертаново Центральное","_length_km":0.051}},{"type":"Feature","geometry":{"type":"LineString","coordinates":[[37.586881,55.623527],[37.5871599,55.6233111],[37.5862341,55.622929],[37.5862976,55.6228799],[37.5862755,55.6228701]]},"properties":{"location":"overground","man_made":"pipeline","_source":"candidate","_class":"pipe_untagged","_osm_id":"way/1363888445","_district":"район Чертаново Центральное","_length_km":0.111}},{"type":"Feature","geometry":{"type":"LineString","coordinates":[[37.5861982,55.6232376],[37.5864424,55.6230504],[37.5861774,55.6229447]]},"properties":{"location":"overground","man_made":"pipeline","_source":"candidate","_class":"pipe_untagged","_osm_id":"way/1363888446","_district":"район Чертаново Центральное","_length_km":0.046}},{"type":"Feature","geometry":{"type":"LineString","coordinates":[[37.5861266,55.6231278],[37.5856299,55.6229278]]},"properties":{"location":"overground","man_made":"pipeline","_source":"candidate","_class":"pipe_untagged","_osm_id":"way/1363888447","_district":"район Чертаново Центральное","_length_km":0.038}},{"type":"Feature","geometry":{"type":"LineString","coordinates":[[37.5861065,55.6231058],[37.585638,55.622918]]},"properties":{"location":"overground","man_made":"pipeline","_source":"candidate","_class":"pipe_untagged","_osm_id":"way/1363888448","_district":"район Чертаново Центральное","_length_km":0.036}},{"type":"Feature","geometry":{"type":"LineString","coordinates":[[37.5253151,55.7719815],[37.5252354,55.771888]]},"properties":{"layer":"1","man_made":"pipeline","_source":"candidate","_class":"pipe_untagged","_osm_id":"way/136910150","_district":"Хорошёвский район","_length_km":0.012}},{"type":"Feature","geometry":{"type":"LineString","coordinates":[[37.5252354,55.771888],[37.5250848,55.7717112]]},"properties":{"man_made":"pipeline","_source":"candidate","_class":"pipe_untagged","_osm_id":"way/136910161","_district":"Хорошёвский район","_length_km":0.022}},{"type":"Feature","geometry":{"type":"LineString","coordinates":[[37.4584595,55.8088391],[37.4584982,55.80884],[37.4584952,55.8088959],[37.4588564,55.8089083],[37.4588534,55.8089305]]},"properties":{"location":"overground","man_made":"pipeline","_source":"candidate","_class":"pipe_untagged","_osm_id":"way/1370821379","_district":"район Щукино","_length_km":0.034}},{"type":"Feature","geometry":{"type":"LineString","coordinates":[[37.6872841,55.8163303],[37.6871127,55.8164653],[37.6868457,55.816353]]},"properties":{"layer":"1","location":"overhead","man_made":"pipeline","_source":"candidate","_class":"pipe_untagged","_osm_id":"way/1394848058","_district":"район Богородское","_length_km":0.039}},{"type":"Feature","geometry":{"type":"LineString","coordinates":[[37.6817951,55.8743926],[37.6817725,55.8744527]]},"properties":{"man_made":"pipeline","_source":"candidate","_class":"pipe_untagged","_osm_id":"way/1395562173","_district":"Лосиноостровский район","_length_km":0.007}},{"type":"Feature","geometry":{"type":"LineString","coordinates":[[37.6818365,55.874277],[37.6817951,55.8743926]]},"properties":{"layer":"1","man_made":"pipeline","_source":"candidate","_class":"pipe_untagged","_osm_id":"way/1395562174","_district":"Лосиноостровский район","_length_km":0.013}},{"type":"Feature","geometry":{"type":"LineString","coordinates":[[37.681366,55.8741439],[37.6818656,55.8742015],[37.6818365,55.874277]]},"properties":{"man_made":"pipeline","_source":"candidate","_class":"pipe_untagged","_osm_id":"way/1395562176","_district":"Лосиноостровский район","_length_km":0.041}},{"type":"Feature","geometry":{"type":"LineString","coordinates":[[37.7281263,55.7240316],[37.7292205,55.7231427],[37.730087,55.7220588],[37.7305698,55.7202279],[37.7294862,55.7178651],[37.7294219,55.7170069],[37.7305108,55.7148494],[37.7304894,55.714384],[37.729336,55.7137736],[37.7284964,55.7124878],[37.727952,55.7109329],[37.7277054,55.7102908],[37.727201,55.7085513],[37.7250981,55.7036549],[37.7241862,55.7028327],[37.7224512,55.70158],[37.7219867,55.70088],[37.7217722,55.6992355],[37.7231454,55.6955593],[37.7225744,55.6932807]]},"properties":{"layer":"-1","location":"underground","man_made":"pipeline","name":"Нищенка","tunnel":"culvert","waterway":"river","_source":"candidate","_class":"pipe_untagged","_osm_id":"way/140693559","_district":"район Печатники","_length_km":3.613}},{"type":"Feature","geometry":{"type":"LineString","coordinates":[[37.6363989,55.6290607],[37.6364082,55.6289085]]},"properties":{"location":"overhead","man_made":"pipeline","_source":"candidate","_class":"pipe_untagged","_osm_id":"way/1409149334","_district":"район Царицыно","_length_km":0.017}},{"type":"Feature","geometry":{"type":"LineString","coordinates":[[36.8658282,55.421257],[36.8658034,55.421284]]},"properties":{"layer":"1","location":"overhead","man_made":"pipeline","_source":"candidate","_class":"pipe_untagged","_osm_id":"way/1413423070","_district":"район Бекасово","_length_km":0.003}},{"type":"Feature","geometry":{"type":"LineString","coordinates":[[36.8666223,55.4209965],[36.8664654,55.421167],[36.8660298,55.4210379],[36.8658282,55.421257]]},"properties":{"location":"overground","man_made":"pipeline","_source":"candidate","_class":"pipe_untagged","_osm_id":"way/1413423071","_district":"район Бекасово","_length_km":0.08}},{"type":"Feature","geometry":{"type":"LineString","coordinates":[[36.8658034,55.421284],[36.8655232,55.4215885],[36.8651176,55.421472],[36.8648993,55.4216999]]},"properties":{"location":"overground","man_made":"pipeline","_source":"candidate","_class":"pipe_untagged","_osm_id":"way/1413423072","_district":"район Бекасово","_length_km":0.096}},{"type":"Feature","geometry":{"type":"LineString","coordinates":[[37.7202191,55.7252521],[37.7202217,55.7252013],[37.7208736,55.7248714]]},"properties":{"layer":"-1","location":"underground","man_made":"pipeline","name":"Нищенка","tunnel":"culvert","waterway":"river","_source":"candidate","_class":"pipe_untagged","_osm_id":"way/141548081","_district":"Нижегородский район","_length_km":0.061}},{"type":"Feature","geometry":{"type":"LineString","coordinates":[[37.7384713,55.7319718],[37.7386234,55.7323728],[37.742703,55.7319489]]},"properties":{"location":"overhead","man_made":"pipeline","_source":"candidate","_class":"pipe_untagged","_osm_id":"way/1417416797","_district":"Нижегородский район","_length_km":0.306}},{"type":"Feature","geometry":{"type":"LineString","coordinates":[[37.71122,55.7323482],[37.7115418,55.7322681]]},"properties":{"location":"overhead","man_made":"pipeline","_source":"candidate","_class":"pipe_untagged","_osm_id":"way/1417554219","_district":"Нижегородский район","_length_km":0.022}},{"type":"Feature","geometry":{"type":"LineString","coordinates":[[37.6901288,55.7907537],[37.6903756,55.7905456]]},"properties":{"layer":"1","location":"overhead","man_made":"pipeline","_source":"candidate","_class":"pipe_untagged","_osm_id":"way/1419032115","_district":"район Сокольники","_length_km":0.028}},{"type":"Feature","geometry":{"type":"LineString","coordinates":[[37.4857539,55.7591516],[37.4856581,55.7589875],[37.4855125,55.7587381],[37.4862099,55.7575458],[37.4853309,55.7571866]]},"properties":{"location":"overhead","man_made":"pipeline","_source":"candidate","_class":"pipe_untagged","_osm_id":"way/1429724040","_district":"район Филёвский Парк","_length_km":0.256}},{"type":"Feature","geometry":{"type":"LineString","coordinates":[[37.4944126,55.7603633],[37.4944365,55.7600902],[37.4885863,55.7598972]]},"properties":{"location":"overhead","man_made":"pipeline","_source":"candidate","_class":"pipe_untagged","_osm_id":"way/1429724041","_district":"район Филёвский Парк","_length_km":0.398}},{"type":"Feature","geometry":{"type":"LineString","coordinates":[[37.5894521,55.8085864],[37.5894186,55.8085272]]},"properties":{"location":"overhead","man_made":"pipeline","_source":"candidate","_class":"pipe_untagged","_osm_id":"way/1431807191","_district":"Бутырский район","_length_km":0.007}},{"type":"Feature","geometry":{"type":"LineString","coordinates":[[37.5895289,55.8084892],[37.5897287,55.8084404]]},"properties":{"location":"overhead","man_made":"pipeline","_source":"candidate","_class":"pipe_untagged","_osm_id":"way/1431807192","_district":"Бутырский район","_length_km":0.014}},{"type":"Feature","geometry":{"type":"LineString","coordinates":[[37.5925843,55.8106449],[37.5924877,55.8109143]]},"properties":{"location":"overhead","man_made":"pipeline","_source":"candidate","_class":"pipe_untagged","_osm_id":"way/1431821848","_district":"Бутырский район","_length_km":0.031}},{"type":"Feature","geometry":{"type":"LineString","coordinates":[[37.5924562,55.8106347],[37.5923737,55.8109015]]},"properties":{"location":"overhead","man_made":"pipeline","_source":"candidate","_class":"pipe_untagged","_osm_id":"way/1431821849","_district":"Бутырский район","_length_km":0.03}},{"type":"Feature","geometry":{"type":"LineString","coordinates":[[37.4702377,55.7753477],[37.4704278,55.7753204]]},"properties":{"man_made":"pipeline","_source":"candidate","_class":"pipe_untagged","_osm_id":"way/144647434","_district":"район Хорошёво-Мнёвники","_length_km":0.012}},{"type":"Feature","geometry":{"type":"LineString","coordinates":[[37.5455705,55.4728783],[37.5453877,55.4728721],[37.5451378,55.4728626],[37.5450417,55.473674]]},"properties":{"location":"overground","man_made":"pipeline","_source":"candidate","_class":"pipe_untagged","_osm_id":"way/1463709132","_district":"район Щербинка","_length_km":0.118}},{"type":"Feature","geometry":{"type":"LineString","coordinates":[[37.5448298,55.4736679],[37.5441579,55.4736398]]},"properties":{"location":"overground","man_made":"pipeline","_source":"candidate","_class":"pipe_untagged","_osm_id":"way/1463709133","_district":"район Щербинка","_length_km":0.043}},{"type":"Feature","geometry":{"type":"LineString","coordinates":[[37.5450417,55.473674],[37.5448298,55.4736679]]},"properties":{"location":"overhead","man_made":"pipeline","_source":"candidate","_class":"pipe_untagged","_osm_id":"way/1463709134","_district":"район Щербинка","_length_km":0.013}},{"type":"Feature","geometry":{"type":"LineString","coordinates":[[37.5692764,55.8767333],[37.5683617,55.8766175]]},"properties":{"bridge":"yes","layer":"1","location":"overhead","man_made":"pipeline","_source":"candidate","_class":"pipe_untagged","_osm_id":"way/1466402024","_district":"Алтуфьевский район","_length_km":0.059}},{"type":"Feature","geometry":{"type":"LineString","coordinates":[[37.5683545,55.8766354],[37.5692691,55.8767513]]},"properties":{"bridge":"yes","layer":"1","location":"overhead","man_made":"pipeline","_source":"candidate","_class":"pipe_untagged","_osm_id":"way/1466402025","_district":"Алтуфьевский район","_length_km":0.059}},{"type":"Feature","geometry":{"type":"LineString","coordinates":[[37.5214315,55.554201],[37.5214919,55.5541524],[37.5214811,55.5539006],[37.5218325,55.5537314],[37.5219465,55.5538103],[37.5222818,55.5536639],[37.5221638,55.5535721],[37.5225487,55.5533878],[37.5229868,55.5535629],[37.5235173,55.5531299],[37.5236677,55.5531868],[37.5240838,55.5528573],[37.5238356,55.5527532]]},"properties":{"layer":"-1","location":"underground","man_made":"pipeline","_source":"candidate","_class":"pipe_untagged","_osm_id":"way/1469115857","_district":"район Коммунарка","_length_km":0.315}},{"type":"Feature","geometry":{"type":"LineString","coordinates":[[37.5696658,55.8041609],[37.5697535,55.8040415]]},"properties":{"layer":"1","location":"overground","man_made":"pipeline","_source":"candidate","_class":"pipe_untagged","_osm_id":"way/146913309","_district":"Савёловский район","_length_km":0.014}},{"type":"Feature","geometry":{"type":"LineString","coordinates":[[37.5697535,55.8040415],[37.5699483,55.8040843]]},"properties":{"layer":"2","location":"overhead","man_made":"pipeline","_source":"candidate","_class":"pipe_untagged","_osm_id":"way/146913310","_district":"Савёловский район","_length_km":0.013}},{"type":"Feature","geometry":{"type":"LineString","coordinates":[[37.5699483,55.8040843],[37.5701746,55.804136],[37.5702219,55.8040682],[37.5709566,55.8042185],[37.5709032,55.8043048],[37.5711112,55.804346],[37.570817,55.804772],[37.5715013,55.8048952]]},"properties":{"layer":"1","location":"overground","man_made":"pipeline","_source":"candidate","_class":"pipe_untagged","_osm_id":"way/146913311","_district":"Савёловский район","_length_km":0.192}},{"type":"Feature","geometry":{"type":"LineString","coordinates":[[37.7456031,55.8087833],[37.7465353,55.808799]]},"properties":{"layer":"1","location":"overhead","man_made":"pipeline","_source":"candidate","_class":"pipe_untagged","_osm_id":"way/148295421","_district":"район Преображенское","_length_km":0.058}},{"type":"Feature","geometry":{"type":"LineString","coordinates":[[37.5955154,55.7984631],[37.5953543,55.7986345]]},"properties":{"diameter":"30cm","layer":"1","location":"overhead","man_made":"pipeline","_source":"candidate","_class":"pipe_untagged","_osm_id":"way/1490322364","_district":"Бутырский район","_length_km":0.022}},{"type":"Feature","geometry":{"type":"LineString","coordinates":[[37.6882018,55.6382402],[37.6873757,55.6383522]]},"properties":{"layer":"1","location":"overhead","man_made":"pipeline","_source":"candidate","_class":"pipe_untagged","_osm_id":"way/149738005","_district":"район Москворечье-Сабурово","_length_km":0.053}},{"type":"Feature","geometry":{"type":"LineString","coordinates":[[37.4410962,55.5296352],[37.4408502,55.5296521],[37.4407607,55.5289706],[37.4405893,55.5289749],[37.4405296,55.5286415]]},"properties":{"man_made":"pipeline","_source":"candidate","_class":"pipe_untagged","_osm_id":"way/149789133","_district":"район Коммунарка","_length_km":0.14}},{"type":"Feature","geometry":{"type":"LineString","coordinates":[[37.8416645,55.7530268],[37.8416622,55.7529369],[37.841313,55.7529343],[37.8412947,55.752558],[37.8416394,55.7525464],[37.8415416,55.7506693],[37.8412812,55.7506456],[37.8412576,55.7493912],[37.8409735,55.7492992],[37.8411246,55.7489437]]},"properties":{"location":"overground","man_made":"pipeline","_source":"candidate","_class":"pipe_untagged","_osm_id":"way/149903925","_district":"район Ивановское","_length_km":0.522}},{"type":"Feature","geometry":{"type":"LineString","coordinates":[[37.8411246,55.7489437],[37.8413455,55.748424]]},"properties":{"layer":"1","location":"overhead","man_made":"pipeline","_source":"candidate","_class":"pipe_untagged","_osm_id":"way/149903943","_district":"район Вешняки","_length_km":0.06}},{"type":"Feature","geometry":{"type":"LineString","coordinates":[[37.8413455,55.748424],[37.8414794,55.7478105],[37.842841,55.7478021],[37.842829,55.7475108]]},"properties":{"layer":"-1","location":"underground","man_made":"pipeline","_source":"candidate","_class":"pipe_untagged","_osm_id":"way/149903979","_district":"район Вешняки","_length_km":0.187}},{"type":"Feature","geometry":{"type":"LineString","coordinates":[[37.7843423,55.7939022],[37.7843217,55.7938726],[37.7843199,55.79387],[37.7842978,55.7938384]]},"properties":{"man_made":"pipeline","_source":"candidate","_class":"pipe_untagged","_osm_id":"way/1518538737","_district":"район Измайлово","_length_km":0.008}},{"type":"Feature","geometry":{"type":"LineString","coordinates":[[37.3808886,55.6523734],[37.380444,55.6524163]]},"properties":{"location":"overhead","man_made":"pipeline","_source":"candidate","_class":"pipe_untagged","_osm_id":"way/1524383785","_district":"район Солнцево","_length_km":0.028}},{"type":"Feature","geometry":{"type":"LineString","coordinates":[[37.380441,55.6523992],[37.3808835,55.6523565]]},"properties":{"location":"overhead","man_made":"pipeline","_source":"candidate","_class":"pipe_untagged","_osm_id":"way/1524383789","_district":"район Солнцево","_length_km":0.028}},{"type":"Feature","geometry":{"type":"LineString","coordinates":[[37.5639463,55.7385528],[37.5639689,55.7385447],[37.5641456,55.7384814],[37.564243,55.7385676],[37.5644148,55.738506]]},"properties":{"location":"overground","man_made":"pipeline","_source":"candidate","_class":"pipe_untagged","_osm_id":"way/1530568742","_district":"район Дорогомилово","_length_km":0.039}},{"type":"Feature","geometry":{"type":"LineString","coordinates":[[37.6750141,55.7563706],[37.6748201,55.7563912],[37.6748,55.7563225],[37.6746418,55.7563285],[37.674226,55.7563716]]},"properties":{"man_made":"pipeline","_source":"candidate","_class":"pipe_untagged","_osm_id":"way/1536941181","_district":"район Лефортово","_length_km":0.057}},{"type":"Feature","geometry":{"type":"LineString","coordinates":[[37.6448759,55.6278338],[37.644259,55.6251779]]},"properties":{"location":"overground","man_made":"pipeline","_source":"candidate","_class":"pipe_untagged","_osm_id":"way/1540933536","_district":"район Царицыно","_length_km":0.298}},{"type":"Feature","geometry":{"type":"LineString","coordinates":[[37.6448947,55.6278322],[37.6442778,55.6251763]]},"properties":{"location":"overground","man_made":"pipeline","_source":"candidate","_class":"pipe_untagged","_osm_id":"way/1540933537","_district":"район Царицыно","_length_km":0.298}},{"type":"Feature","geometry":{"type":"LineString","coordinates":[[37.6288088,55.8809955],[37.6289699,55.8809863]]},"properties":{"location":"overhead","man_made":"pipeline","_source":"candidate","_class":"pipe_untagged","_osm_id":"way/1547556746","_district":"район Южное Медведково","_length_km":0.01}},{"type":"Feature","geometry":{"type":"LineString","coordinates":[[37.6341834,55.8851579],[37.6345147,55.8851554]]},"properties":{"location":"overhead","man_made":"pipeline","_source":"candidate","_class":"pipe_untagged","_osm_id":"way/1547556754","_district":"район Северное Медведково","_length_km":0.021}},{"type":"Feature","geometry":{"type":"LineString","coordinates":[[37.6796025,55.7818578],[37.6797172,55.7820098],[37.6805098,55.7821187],[37.680457,55.7822402]]},"properties":{"location":"overground","man_made":"pipeline","_source":"candidate","_class":"pipe_untagged","_osm_id":"way/1548077062","_district":"Красносельский район","_length_km":0.084}},{"type":"Feature","geometry":{"type":"LineString","coordinates":[[37.6795825,55.7818746],[37.679695,55.7820237],[37.6804675,55.7821338],[37.6804214,55.7822361]]},"properties":{"location":"overground","man_made":"pipeline","_source":"candidate","_class":"pipe_untagged","_osm_id":"way/1548077063","_district":"Красносельский район","_length_km":0.08}},{"type":"Feature","geometry":{"type":"LineString","coordinates":[[37.5237564,55.858703],[37.5240468,55.8589194]]},"properties":{"location":"overground","man_made":"pipeline","_source":"candidate","_class":"pipe_untagged","_osm_id":"way/1562314237","_district":"Головинский район","_length_km":0.03}},{"type":"Feature","geometry":{"type":"LineString","coordinates":[[37.5240468,55.8589194],[37.5244468,55.8587465],[37.5245564,55.8588293]]},"properties":{"layer":"1","location":"overhead","man_made":"pipeline","_source":"candidate","_class":"pipe_untagged","_osm_id":"way/1562314238","_district":"Головинский район","_length_km":0.043}},{"type":"Feature","geometry":{"type":"LineString","coordinates":[[37.6040678,55.7840971],[37.6041487,55.7839516],[37.6047025,55.7840187],[37.6047659,55.7839631],[37.6047105,55.783932],[37.6050041,55.7837648]]},"properties":{"layer":"1","location":"overground","man_made":"pipeline","_source":"candidate","_class":"pipe_untagged","_osm_id":"way/159153858","_district":"Тверской район","_length_km":0.091}},{"type":"Feature","geometry":{"type":"LineString","coordinates":[[37.5855127,55.7802742],[37.5846882,55.7804115]]},"properties":{"layer":"1","location":"overground","man_made":"pipeline","_source":"candidate","_class":"pipe_untagged","_osm_id":"way/160042641","_district":"район Беговой","_length_km":0.054}},{"type":"Feature","geometry":{"type":"LineString","coordinates":[[37.494768,55.8771992],[37.4940643,55.876609]]},"properties":{"man_made":"pipeline","_source":"candidate","_class":"pipe_untagged","_osm_id":"way/160415523","_district":"район Западное Дегунино","_length_km":0.079}},{"type":"Feature","geometry":{"type":"LineString","coordinates":[[37.565066,55.8525607],[37.5651686,55.8524378]]},"properties":{"location":"overground","man_made":"pipeline","_source":"candidate","_class":"pipe_untagged","_osm_id":"way/168449640","_district":"Бескудниковский район","_length_km":0.015}},{"type":"Feature","geometry":{"type":"LineString","coordinates":[[37.5650624,55.8524464],[37.5649786,55.852552]]},"properties":{"location":"overground","man_made":"pipeline","_source":"candidate","_class":"pipe_untagged","_osm_id":"way/168449642","_district":"Бескудниковский район","_length_km":0.013}},{"type":"Feature","geometry":{"type":"LineString","coordinates":[[37.5653294,55.8524048],[37.5651666,55.85259]]},"properties":{"location":"overground","man_made":"pipeline","_source":"candidate","_class":"pipe_untagged","_osm_id":"way/168449647","_district":"Бескудниковский район","_length_km":0.023}},{"type":"Feature","geometry":{"type":"LineString","coordinates":[[37.5570828,55.7394769],[37.55604,55.7408028]]},"properties":{"layer":"1","location":"overhead","man_made":"pipeline","_source":"candidate","_class":"pipe_untagged","_osm_id":"way/169913112","_district":"район Дорогомилово","_length_km":0.162}},{"type":"Feature","geometry":{"type":"LineString","coordinates":[[37.5064082,55.7721062],[37.50682,55.7718428],[37.5081097,55.7712901],[37.509018,55.7705083],[37.5091454,55.7704807],[37.509257,55.7704565],[37.5093526,55.7704855],[37.5095491,55.7704399],[37.5097718,55.7703883]]},"properties":{"barrier":"wall","man_made":"pipeline","_source":"candidate","_class":"pipe_untagged","_osm_id":"way/175108849","_district":"район Хорошёво-Мнёвники","_length_km":0.296}},{"type":"Feature","geometry":{"type":"LineString","coordinates":[[37.668491,55.7668062],[37.6684646,55.766881],[37.6684664,55.7669018],[37.6684868,55.7669209],[37.6685027,55.7669295],[37.6688713,55.767128],[37.6688176,55.7671596],[37.6690501,55.7672848]]},"properties":{"man_made":"pipeline","_source":"candidate","_class":"pipe_untagged","_osm_id":"way/178154890","_district":"Басманный район","_length_km":0.072}},{"type":"Feature","geometry":{"type":"LineString","coordinates":[[37.7449266,55.7799336],[37.744932,55.7798609],[37.7453397,55.7798699]]},"properties":{"man_made":"pipeline","_source":"candidate","_class":"pipe_untagged","_osm_id":"way/179746788","_district":"район Измайлово","_length_km":0.034}},{"type":"Feature","geometry":{"type":"LineString","coordinates":[[37.7449065,55.7802051],[37.7449266,55.7799336]]},"properties":{"layer":"1","location":"overhead","man_made":"pipeline","_source":"candidate","_class":"pipe_untagged","_osm_id":"way/179746789","_district":"район Измайлово","_length_km":0.03}},{"type":"Feature","geometry":{"type":"LineString","coordinates":[[37.7452593,55.7802953],[37.7448998,55.7802953],[37.7449065,55.7802051]]},"properties":{"man_made":"pipeline","_source":"candidate","_class":"pipe_untagged","_osm_id":"way/179746793","_district":"район Измайлово","_length_km":0.033}},{"type":"Feature","geometry":{"type":"LineString","coordinates":[[37.6064047,55.7476572],[37.6061156,55.747746]]},"properties":{"layer":"1","man_made":"pipeline","_source":"candidate","_class":"pipe_untagged","_osm_id":"way/181749925","_district":"район Хамовники","_length_km":0.021}},{"type":"Feature","geometry":{"type":"LineString","coordinates":[[37.6061156,55.747746],[37.6058612,55.74782]]},"properties":{"man_made":"pipeline","_source":"candidate","_class":"pipe_untagged","_osm_id":"way/181749929","_district":"район Хамовники","_length_km":0.018}},{"type":"Feature","geometry":{"type":"LineString","coordinates":[[37.2761209,55.614152],[37.2757947,55.6139827],[37.2756601,55.6138314],[37.2751684,55.6138659],[37.2749652,55.6137465],[37.2747442,55.6138815],[37.2741918,55.6136216],[37.2739262,55.6137806],[37.273418,55.6135309],[37.2734927,55.6134805],[37.2733655,55.6134237],[37.2732951,55.6134712],[37.2722831,55.61296],[37.2723032,55.6129409],[37.271591,55.6126559],[37.2711856,55.612748],[37.2705746,55.6123954],[37.2691919,55.6118072],[37.2690009,55.6119536],[37.2680423,55.6115581],[37.268113,55.6115038],[37.2679101,55.611423]]},"properties":{"location":"overground","man_made":"pipeline","_source":"candidate","_class":"pipe_untagged","_osm_id":"way/185954871","_district":"район Внуково","_length_km":0.706}},{"type":"Feature","geometry":{"type":"LineString","coordinates":[[37.2748024,55.6146097],[37.2749978,55.6145464],[37.2747593,55.6141763],[37.2755265,55.6138907],[37.2757191,55.6140676],[37.2758196,55.6140352],[37.2760955,55.6141699]]},"properties":{"location":"overground","man_made":"pipeline","_source":"candidate","_class":"pipe_untagged","_osm_id":"way/185954882","_district":"район Внуково","_length_km":0.169}},{"type":"Feature","geometry":{"type":"LineString","coordinates":[[37.5068559,55.7800881],[37.5055156,55.7799922]]},"properties":{"layer":"1","location":"overhead","man_made":"pipeline","_source":"candidate","_class":"pipe_untagged","_osm_id":"way/186257492","_district":"Хорошёвский район","_length_km":0.085}},{"type":"Feature","geometry":{"type":"LineString","coordinates":[[37.5068518,55.7801062],[37.5055112,55.7800118]]},"properties":{"layer":"1","location":"overhead","man_made":"pipeline","_source":"candidate","_class":"pipe_untagged","_osm_id":"way/186257493","_district":"район Хорошёво-Мнёвники","_length_km":0.085}},{"type":"Feature","geometry":{"type":"LineString","coordinates":[[37.511051,55.7793769],[37.510773,55.7792652],[37.5103213,55.7790151],[37.5099184,55.7792493],[37.5093378,55.7792717],[37.5086059,55.7791557],[37.5085043,55.7792509],[37.5084507,55.7794032],[37.5084464,55.779406],[37.508362,55.7793997],[37.5083261,55.7794163],[37.5082702,55.7795743],[37.5082604,55.7795816],[37.5069295,55.7795088],[37.506881,55.7795259],[37.506817,55.7798376],[37.5068858,55.7800083],[37.5068729,55.7800889],[37.5068559,55.7800881]]},"properties":{"location":"overhead","man_made":"pipeline","_source":"candidate","_class":"pipe_untagged","_osm_id":"way/186257495","_district":"Хорошёвский район","_length_km":0.391}},{"type":"Feature","geometry":{"type":"LineString","coordinates":[[37.511037,55.7793878],[37.5107576,55.7792756],[37.5103217,55.7790342],[37.5099291,55.7792625],[37.5093349,55.7792853],[37.5086169,55.7791717],[37.508527,55.7792559],[37.508473,55.7794093],[37.5084549,55.7794212],[37.5083678,55.7794145],[37.5083478,55.7794237],[37.5082925,55.7795799],[37.5082714,55.7795958],[37.5069352,55.7795227],[37.5069034,55.7795339],[37.5068411,55.7798376],[37.50691,55.7800075],[37.5068924,55.7801077],[37.5068518,55.7801062]]},"properties":{"location":"overhead","man_made":"pipeline","_source":"candidate","_class":"pipe_untagged","_osm_id":"way/186257496","_district":"Хорошёвский район","_length_km":0.39}},{"type":"Feature","geometry":{"type":"LineString","coordinates":[[37.5055112,55.7800118],[37.5054815,55.7800089],[37.5055075,55.7799069],[37.5055673,55.7797263]]},"properties":{"location":"overground","man_made":"pipeline","_source":"candidate","_class":"pipe_untagged","_osm_id":"way/186257499","_district":"район Хорошёво-Мнёвники","_length_km":0.034}},{"type":"Feature","geometry":{"type":"LineString","coordinates":[[37.5055156,55.7799922],[37.5055099,55.7799917],[37.5055298,55.779909],[37.5055909,55.7797288]]},"properties":{"location":"overground","man_made":"pipeline","_source":"candidate","_class":"pipe_untagged","_osm_id":"way/186257500","_district":"район Хорошёво-Мнёвники","_length_km":0.03}},{"type":"Feature","geometry":{"type":"LineString","coordinates":[[37.6672988,55.6182263],[37.6673671,55.6181928],[37.6669283,55.6179669],[37.66734,55.6177059],[37.6677287,55.6173452]]},"properties":{"location":"overground","man_made":"pipeline","_source":"candidate","_class":"pipe_untagged","_osm_id":"way/186523464","_district":"район Царицыно","_length_km":0.129}},{"type":"Feature","geometry":{"type":"LineString","coordinates":[[37.7318638,55.8003847],[37.7331314,55.8005931]]},"properties":{"location":"underwater","man_made":"pipeline","_source":"candidate","_class":"pipe_untagged","_osm_id":"way/188051403","_district":"район Преображенское","_length_km":0.083}},{"type":"Feature","geometry":{"type":"LineString","coordinates":[[37.6963986,55.8309259],[37.6963824,55.8307836],[37.6963627,55.8303885]]},"properties":{"layer":"1","location":"overhead","man_made":"pipeline","_source":"candidate","_class":"pipe_untagged","_osm_id":"way/189815626","_district":"район Богородское","_length_km":0.06}},{"type":"Feature","geometry":{"type":"LineString","coordinates":[[37.6982452,55.8296394],[37.6992378,55.8293225],[37.699334,55.8294161],[37.6995329,55.8293532],[37.6994463,55.829261],[37.7018051,55.8284435],[37.7019171,55.8284501],[37.7019452,55.8284725]]},"properties":{"diameter":"1.2","location":"overground","man_made":"pipeline","_source":"candidate","_class":"pipe_untagged","_osm_id":"way/189815627","_district":"район Богородское","_length_km":0.293}},{"type":"Feature","geometry":{"type":"LineString","coordinates":[[37.6954212,55.8314704],[37.6954373,55.8314847]]},"properties":{"layer":"1","location":"overhead","man_made":"pipeline","_source":"candidate","_class":"pipe_untagged","_osm_id":"way/190241016","_district":"район Богородское","_length_km":0.002}},{"type":"Feature","geometry":{"type":"LineString","coordinates":[[37.6796055,55.8425702],[37.6800606,55.8422233],[37.6797091,55.8421194],[37.679781,55.8420136]]},"properties":{"location":"overground","man_made":"pipeline","_source":"candidate","_class":"pipe_untagged","_osm_id":"way/190399022","_district":"район Метрогородок","_length_km":0.085}},{"type":"Feature","geometry":{"type":"LineString","coordinates":[[37.6786446,55.8435415],[37.6785925,55.8435279],[37.6785017,55.8436265],[37.678416,55.8437194],[37.6784975,55.8437431],[37.6780885,55.8441866],[37.6783547,55.8443457],[37.6780486,55.844782],[37.6781884,55.8455608],[37.6778776,55.8455795]]},"properties":{"location":"underground","man_made":"pipeline","_source":"candidate","_class":"pipe_untagged","_osm_id":"way/190399023","_district":"Ярославский район","_length_km":0.272}},{"type":"Feature","geometry":{"type":"LineString","coordinates":[[37.40029,55.8987],[37.40029,55.89872],[37.4003891,55.8987425],[37.4003523,55.8988226]]},"properties":{"location":"overground","man_made":"pipeline","_source":"candidate","_class":"pipe_untagged","_osm_id":"way/193635048","_district":"вне районов","_length_km":0.018}},{"type":"Feature","geometry":{"type":"LineString","coordinates":[[37.5926568,55.6984851],[37.5927167,55.6985043],[37.5930071,55.6982937],[37.5924294,55.6980207],[37.5917787,55.6984173],[37.5905419,55.6982859],[37.5901519,55.6985954],[37.5892251,55.6983313],[37.588894,55.6984828],[37.5879017,55.6981408],[37.5875157,55.6984899]]},"properties":{"man_made":"pipeline","_source":"candidate","_class":"pipe_untagged","_osm_id":"way/194309726","_district":"Академический район","_length_km":0.474}},{"type":"Feature","geometry":{"type":"LineString","coordinates":[[37.5821906,55.7025727],[37.5823137,55.7026462],[37.5826545,55.7024648],[37.582523,55.7024097],[37.5828859,55.7020938],[37.5831051,55.7018919],[37.5830864,55.7018858],[37.5835404,55.7014655],[37.5832546,55.7013714],[37.5835669,55.7010732],[37.5833409,55.7009969],[37.5837447,55.7005989],[37.5840382,55.700667],[37.5842264,55.7004916]]},"properties":{"location":"overground","man_made":"pipeline","_source":"candidate","_class":"pipe_untagged","_osm_id":"way/194309728","_district":"Академический район","_length_km":0.345}},{"type":"Feature","geometry":{"type":"LineString","coordinates":[[37.5920138,55.6988345],[37.5922661,55.6989418],[37.5924014,55.6989557]]},"properties":{"location":"overground","man_made":"pipeline","_source":"candidate","_class":"pipe_untagged","_osm_id":"way/194309744","_district":"Академический район","_length_km":0.029}},{"type":"Feature","geometry":{"type":"LineString","coordinates":[[37.5830201,55.6994971],[37.5828596,55.6994283],[37.5830384,55.6992904],[37.5827702,55.6991246]]},"properties":{"location":"overground","man_made":"pipeline","_source":"candidate","_class":"pipe_untagged","_osm_id":"way/194309763","_district":"Академический район","_length_km":0.057}},{"type":"Feature","geometry":{"type":"LineString","coordinates":[[37.5925951,55.6984304],[37.5920138,55.6988345],[37.5919757,55.6988608],[37.5921666,55.6990089],[37.5923238,55.699047]]},"properties":{"location":"overground","man_made":"pipeline","_source":"candidate","_class":"pipe_untagged","_osm_id":"way/194309768","_district":"Академический район","_length_km":0.093}},{"type":"Feature","geometry":{"type":"LineString","coordinates":[[37.5821743,55.6996027],[37.5825668,55.6997052],[37.5830201,55.6994971],[37.5833396,55.6996569],[37.584006,55.6993703],[37.5848559,55.6998705],[37.5851482,55.6997317]]},"properties":{"location":"overground","man_made":"pipeline","_source":"candidate","_class":"pipe_untagged","_osm_id":"way/194309777","_district":"Академический район","_length_km":0.245}},{"type":"Feature","geometry":{"type":"LineString","coordinates":[[37.5828452,55.6991105],[37.5832013,55.6993295],[37.5829967,55.6994704],[37.5833424,55.6996237],[37.5840763,55.6993025],[37.5849131,55.699794],[37.5852171,55.6996681]]},"properties":{"location":"overground","man_made":"pipeline","_source":"candidate","_class":"pipe_untagged","_osm_id":"way/194309778","_district":"Академический район","_length_km":0.239}},{"type":"Feature","geometry":{"type":"LineString","coordinates":[[37.8425294,55.7049946],[37.8409818,55.7055528],[37.8399152,55.7056762],[37.8399245,55.7059675],[37.8395985,55.7060987],[37.8395799,55.706243],[37.8390582,55.7064372]]},"properties":{"man_made":"pipeline","_source":"candidate","_class":"pipe_untagged","_osm_id":"way/195937020","_district":"район Выхино-Жулебино","_length_km":0.297}},{"type":"Feature","geometry":{"type":"LineString","coordinates":[[37.405005,55.8910775],[37.4049981,55.8910884],[37.4049721,55.8911046],[37.4047347,55.8914633],[37.4045744,55.8917143],[37.404464,55.8916931],[37.4044398,55.891733],[37.4045517,55.8917567],[37.4043566,55.8920628],[37.4041116,55.892441],[37.4039891,55.8924224],[37.403968,55.8924588],[37.4040829,55.8924902],[37.4039226,55.8927158],[37.4036292,55.8931465],[37.4033071,55.8935273],[37.4029215,55.8940072],[37.4028066,55.8941522],[37.402613,55.8943676],[37.4025622,55.89438]]},"properties":{"location":"overground","man_made":"pipeline","_source":"candidate","_class":"pipe_untagged","_osm_id":"way/211910535","_district":"вне районов","_length_km":0.429}},{"type":"Feature","geometry":{"type":"LineString","coordinates":[[37.7925967,55.8209521],[37.7925983,55.8208601],[37.7929764,55.8208622],[37.7929945,55.8205157],[37.7930542,55.8204873],[37.793345,55.8204844],[37.7933502,55.8202887],[37.7933741,55.8202784],[37.7942597,55.8202698],[37.7942748,55.8202613],[37.794282,55.8201436],[37.7941171,55.8201445],[37.7941155,55.8202233],[37.7940422,55.820222]]},"properties":{"location":"underground","man_made":"pipeline","_source":"candidate","_class":"pipe_untagged","_osm_id":"way/214375615","_district":"район Гольяново","_length_km":0.213}},{"type":"Feature","geometry":{"type":"LineString","coordinates":[[37.3658696,55.7068716],[37.3662145,55.7069782]]},"properties":{"height":"3.5","man_made":"pipeline","_source":"candidate","_class":"pipe_untagged","_osm_id":"way/226844043","_district":"Можайский район","_length_km":0.025}},{"type":"Feature","geometry":{"type":"LineString","coordinates":[[37.7627374,55.8119464],[37.7628686,55.8116516],[37.7619622,55.8111591],[37.7621922,55.8110254],[37.7626223,55.8104386],[37.7627566,55.8104769]]},"properties":{"layer":"1","location":"overhead","man_made":"pipeline","_source":"candidate","_class":"pipe_untagged","_osm_id":"way/234863216","_district":"район Гольяново","_length_km":0.214}},{"type":"Feature","geometry":{"type":"LineString","coordinates":[[37.6618367,55.7051833],[37.6610105,55.7056717]]},"properties":{"location":"overground","man_made":"pipeline","_source":"candidate","_class":"pipe_untagged","_osm_id":"way/234903704","_district":"Даниловский район","_length_km":0.075}},{"type":"Feature","geometry":{"type":"LineString","coordinates":[[37.6618528,55.705189],[37.6610266,55.7056774]]},"properties":{"location":"overground","man_made":"pipeline","_source":"candidate","_class":"pipe_untagged","_osm_id":"way/234903705","_district":"Даниловский район","_length_km":0.075}},{"type":"Feature","geometry":{"type":"LineString","coordinates":[[37.5013395,55.8073402],[37.5014677,55.8075934],[37.5018009,55.8081918]]},"properties":{"layer":"2","location":"overhead","man_made":"pipeline","_source":"candidate","_class":"pipe_untagged","_osm_id":"way/236374667","_district":"район Сокол","_length_km":0.099}},{"type":"Feature","geometry":{"type":"LineString","coordinates":[[37.8648465,55.6881437],[37.8644174,55.6884249],[37.8643168,55.6883806],[37.8642564,55.6884249],[37.8643428,55.6884627],[37.8632967,55.6891294],[37.8632104,55.6890902],[37.8631514,55.6891295],[37.8632318,55.6891658],[37.8627124,55.6894715],[37.8621821,55.6897606],[37.8621011,55.6897162],[37.8620386,55.6897525],[37.8621339,55.6898016],[37.861243,55.6903009],[37.861158,55.6902615],[37.8611035,55.6902959],[37.8611792,55.6903375],[37.8608795,55.6905064],[37.8607808,55.6905381]]},"properties":{"man_made":"pipeline","_source":"candidate","_class":"pipe_untagged","_osm_id":"way/247016876","_district":"район Выхино-Жулебино","_length_km":0.427}},{"type":"Feature","geometry":{"type":"LineString","coordinates":[[37.449262,55.5203178],[37.4492153,55.5204354]]},"properties":{"man_made":"pipeline","_source":"candidate","_class":"pipe_untagged","_osm_id":"way/252386604","_district":"район Коммунарка","_length_km":0.013}},{"type":"Feature","geometry":{"type":"LineString","coordinates":[[37.4490782,55.5204186],[37.448378,55.5203574],[37.4484121,55.5202317],[37.4475297,55.5201318]]},"properties":{"man_made":"pipeline","_source":"candidate","_class":"pipe_untagged","_osm_id":"way/252386605","_district":"район Коммунарка","_length_km":0.116}},{"type":"Feature","geometry":{"type":"LineString","coordinates":[[37.4500502,55.5202894],[37.4499435,55.5205249],[37.4492153,55.5204354],[37.4490782,55.5204186],[37.449027,55.5205185],[37.4482413,55.5203864]]},"properties":{"man_made":"pipeline","_source":"candidate","_class":"pipe_untagged","_osm_id":"way/252386606","_district":"район Коммунарка","_length_km":0.146}},{"type":"Feature","geometry":{"type":"LineString","coordinates":[[37.3799885,55.6536861],[37.3790877,55.653775],[37.3788628,55.6531745]]},"properties":{"man_made":"pipeline","_source":"candidate","_class":"pipe_untagged","_osm_id":"way/253100332","_district":"район Солнцево","_length_km":0.126}},{"type":"Feature","geometry":{"type":"LineString","coordinates":[[37.6144855,55.8119092],[37.6151655,55.8119741],[37.6154125,55.81198],[37.6158786,55.812035],[37.6158819,55.8120879],[37.6159057,55.8122408],[37.6159155,55.8122464],[37.6163354,55.8122713],[37.6173413,55.8122874],[37.6178201,55.8123279],[37.6178338,55.8123224],[37.6178437,55.8122477],[37.6178596,55.8122362],[37.6180357,55.8122388],[37.6180441,55.8122439],[37.618041,55.8123381]]},"properties":{"layer":"2","location":"overground","man_made":"pipeline","_source":"candidate","_class":"pipe_untagged","_osm_id":"way/257446759","_district":"Останкинский район","_length_km":0.266}},{"type":"Feature","geometry":{"type":"LineString","coordinates":[[37.611575,55.813085],[37.6114793,55.8128817],[37.6114769,55.8128698],[37.6114873,55.8128607],[37.6128407,55.8120636],[37.6128525,55.8120585],[37.6128694,55.812063],[37.6129293,55.8120945],[37.6129443,55.8120993],[37.6129591,55.8120942],[37.6130818,55.8120208],[37.6130865,55.8120156],[37.6130807,55.8120104],[37.613006,55.811971],[37.6130004,55.8119668],[37.6130047,55.8119626],[37.6138347,55.8114659],[37.6138432,55.8114627],[37.6138521,55.8114651],[37.6144853,55.8117428],[37.6144942,55.8117485],[37.6144938,55.8117557],[37.6144543,55.8119072],[37.6144597,55.8119177],[37.614477,55.811923],[37.6151635,55.8119896],[37.6154097,55.8119956],[37.6158496,55.8120474],[37.6158543,55.812088],[37.6158788,55.8122477],[37.6159027,55.8122611],[37.6163334,55.8122868],[37.6173389,55.8123029],[37.617827,55.8123442],[37.6178431,55.812345],[37.6178545,55.8123394],[37.6178604,55.8123307],[37.6178706,55.8122535],[37.6178728,55.8122519],[37.6180184,55.8122541],[37.6180134,55.8123379]]},"properties":{"layer":"2","location":"overground","man_made":"pipeline","_source":"candidate","_class":"pipe_untagged","_osm_id":"way/257446760","_district":"Останкинский район","_length_km":0.59}},{"type":"Feature","geometry":{"type":"LineString","coordinates":[[37.6162696,55.812155],[37.6163515,55.8122139],[37.6163454,55.8122619]]},"properties":{"location":"overground","man_made":"pipeline","_source":"candidate","_class":"pipe_untagged","_osm_id":"way/257446770","_district":"Останкинский район","_length_km":0.014}},{"type":"Feature","geometry":{"type":"LineString","coordinates":[[37.6162507,55.8121633],[37.6163269,55.8122181],[37.6163215,55.812261]]},"properties":{"location":"overground","man_made":"pipeline","_source":"candidate","_class":"pipe_untagged","_osm_id":"way/257446771","_district":"Останкинский район","_length_km":0.013}},{"type":"Feature","geometry":{"type":"LineString","coordinates":[[37.6160055,55.8116353],[37.6159711,55.8116696],[37.616013,55.811776],[37.6163064,55.8118798]]},"properties":{"layer":"2","location":"overground","man_made":"pipeline","_source":"candidate","_class":"pipe_untagged","_osm_id":"way/257446775","_district":"Останкинский район","_length_km":0.038}},{"type":"Feature","geometry":{"type":"LineString","coordinates":[[37.6159916,55.8116309],[37.6159542,55.8116682],[37.6159989,55.8117819],[37.6162983,55.8118875]]},"properties":{"layer":"2","location":"overground","man_made":"pipeline","_source":"candidate","_class":"pipe_untagged","_osm_id":"way/257446777","_district":"Останкинский район","_length_km":0.04}},{"type":"Feature","geometry":{"type":"LineString","coordinates":[[37.536272,55.6607204],[37.5369467,55.6611352]]},"properties":{"location":"overground","man_made":"pipeline","_source":"candidate","_class":"pipe_untagged","_osm_id":"way/260332753","_district":"Обручевский район","_length_km":0.063}},{"type":"Feature","geometry":{"type":"LineString","coordinates":[[37.2982279,55.6087812],[37.2988808,55.6084023],[37.2989542,55.6084031]]},"properties":{"man_made":"pipeline","_source":"candidate","_class":"pipe_untagged","_osm_id":"way/260531633","_district":"район Внуково","_length_km":0.064}},{"type":"Feature","geometry":{"type":"LineString","coordinates":[[37.5520702,55.6794228],[37.552131,55.6794752],[37.5523537,55.6793941],[37.5516889,55.6788087],[37.5512371,55.6789654],[37.5507252,55.6784982],[37.5504063,55.6785975],[37.5502956,55.6784991],[37.5501877,55.6784032],[37.5501543,55.6784141],[37.5497094,55.6780458],[37.5494532,55.6781337],[37.5482748,55.6771266]]},"properties":{"location":"underground","man_made":"pipeline","_source":"candidate","_class":"pipe_untagged","_osm_id":"way/271218666","_district":"Ломоносовский район","_length_km":0.449}},{"type":"Feature","geometry":{"type":"LineString","coordinates":[[37.7242849,55.7496039],[37.7243443,55.7497089],[37.7238695,55.7498871],[37.7242683,55.7501816],[37.7237811,55.7508532],[37.7243676,55.7509772],[37.7241566,55.7513015]]},"properties":{"man_made":"pipeline","_source":"candidate","_class":"pipe_untagged","_osm_id":"way/273487193","_district":"район Перово","_length_km":0.248}},{"type":"Feature","geometry":{"type":"LineString","coordinates":[[37.6897714,55.7302005],[37.6902971,55.7297625],[37.6906082,55.7298622],[37.6916115,55.7294137],[37.692086,55.7292906],[37.6922123,55.7289835],[37.6935095,55.7289783],[37.6935495,55.7286712],[37.693491,55.7283519],[37.6935166,55.7281023],[37.6935125,55.7279997],[37.6931736,55.7279841],[37.6930473,55.7275174]]},"properties":{"location":"overhead","man_made":"pipeline","_source":"candidate","_class":"pipe_untagged","_osm_id":"way/281797430","_district":"Нижегородский район","_length_km":0.494}},{"type":"Feature","geometry":{"type":"LineString","coordinates":[[37.6935166,55.7281023],[37.6937425,55.7281024],[37.6937827,55.7277905],[37.6935963,55.7274589],[37.6938162,55.7274189],[37.6937747,55.7273358],[37.6935574,55.7273759],[37.6934689,55.7272581],[37.6931953,55.7269779],[37.6929821,55.7266637],[37.6928667,55.7264832]]},"properties":{"layer":"1","location":"overhead","man_made":"pipeline","_source":"candidate","_class":"pipe_untagged","_osm_id":"way/281797431","_district":"Нижегородский район","_length_km":0.235}},{"type":"Feature","geometry":{"type":"LineString","coordinates":[[37.4952074,55.8775677],[37.494768,55.8771992]]},"properties":{"layer":"1","location":"overhead","man_made":"pipeline","_source":"candidate","_class":"pipe_untagged","_osm_id":"way/28573115","_district":"район Западное Дегунино","_length_km":0.049}},{"type":"Feature","geometry":{"type":"LineString","coordinates":[[37.5498558,55.7343956],[37.5498169,55.7343713],[37.5498001,55.7342989],[37.5502727,55.7339966],[37.5501692,55.733943],[37.5503957,55.7337777],[37.5501608,55.7336612],[37.5502755,55.7335746],[37.5493163,55.7331542],[37.5491877,55.733044],[37.5487246,55.7328443],[37.5483862,55.7330895],[37.5481904,55.7330004],[37.547949,55.7331695],[37.547045,55.7327723]]},"properties":{"layer":"1","location":"overhead","man_made":"pipeline","_source":"candidate","_class":"pipe_untagged","_osm_id":"way/285731445","_district":"район Дорогомилово","_length_km":0.395}},{"type":"Feature","geometry":{"type":"LineString","coordinates":[[37.8567014,55.7014105],[37.85671,55.701406]]},"properties":{"location":"overground","man_made":"pipeline","_source":"candidate","_class":"pipe_untagged","_osm_id":"way/286206653","_district":"район Выхино-Жулебино","_length_km":0.001}},{"type":"Feature","geometry":{"type":"LineString","coordinates":[[37.85652,55.7015065],[37.8565437,55.701495]]},"properties":{"location":"overground","man_made":"pipeline","_source":"candidate","_class":"pipe_untagged","_osm_id":"way/286206654","_district":"район Выхино-Жулебино","_length_km":0.002}},{"type":"Feature","geometry":{"type":"LineString","coordinates":[[37.8574458,55.7010534],[37.8578073,55.7012724]]},"properties":{"location":"overground","man_made":"pipeline","_source":"candidate","_class":"pipe_untagged","_osm_id":"way/286206655","_district":"район Выхино-Жулебино","_length_km":0.033}},{"type":"Feature","geometry":{"type":"LineString","coordinates":[[37.8574917,55.7010278],[37.8578595,55.701245]]},"properties":{"location":"overground","man_made":"pipeline","_source":"candidate","_class":"pipe_untagged","_osm_id":"way/286206656","_district":"район Выхино-Жулебино","_length_km":0.033}},{"type":"Feature","geometry":{"type":"LineString","coordinates":[[37.8566169,55.7014584],[37.8566322,55.7014494]]},"properties":{"location":"overground","man_made":"pipeline","_source":"candidate","_class":"pipe_untagged","_osm_id":"way/286206657","_district":"район Выхино-Жулебино","_length_km":0.001}},{"type":"Feature","geometry":{"type":"LineString","coordinates":[[37.8574204,55.7010676],[37.857785,55.7012841]]},"properties":{"location":"overground","man_made":"pipeline","_source":"candidate","_class":"pipe_untagged","_osm_id":"way/286206658","_district":"район Выхино-Жулебино","_length_km":0.033}},{"type":"Feature","geometry":{"type":"LineString","coordinates":[[37.8574681,55.7010409],[37.8578341,55.7012583]]},"properties":{"location":"overground","man_made":"pipeline","_source":"candidate","_class":"pipe_untagged","_osm_id":"way/286206659","_district":"район Выхино-Жулебино","_length_km":0.033}},{"type":"Feature","geometry":{"type":"LineString","coordinates":[[37.8553453,55.7021142],[37.8554957,55.7022046],[37.8555103,55.7022351]]},"properties":{"location":"overground","man_made":"pipeline","_source":"candidate","_class":"pipe_untagged","_osm_id":"way/286206660","_district":"район Выхино-Жулебино","_length_km":0.017}},{"type":"Feature","geometry":{"type":"LineString","coordinates":[[37.8558307,55.7018578],[37.8558623,55.7018815],[37.8558639,55.7019022]]},"properties":{"man_made":"pipeline","_source":"candidate","_class":"pipe_untagged","_osm_id":"way/286206661","_district":"район Выхино-Жулебино","_length_km":0.006}},{"type":"Feature","geometry":{"type":"LineString","coordinates":[[37.8537535,55.7026701],[37.8539255,55.7027744],[37.8540332,55.7027179]]},"properties":{"location":"overground","man_made":"pipeline","_source":"candidate","_class":"pipe_untagged","_osm_id":"way/286206662","_district":"район Выхино-Жулебино","_length_km":0.025}},{"type":"Feature","geometry":{"type":"LineString","coordinates":[[37.8551399,55.7022227],[37.8552852,55.7023076],[37.8553259,55.7023139]]},"properties":{"location":"overground","man_made":"pipeline","_source":"candidate","_class":"pipe_untagged","_osm_id":"way/286206663","_district":"район Выхино-Жулебино","_length_km":0.016}},{"type":"Feature","geometry":{"type":"LineString","coordinates":[[37.8578234,55.7013078],[37.8578826,55.7013427],[37.8565751,55.7020471],[37.8560538,55.7017399]]},"properties":{"location":"overground","man_made":"pipeline","_source":"candidate","_class":"pipe_untagged","_osm_id":"way/286206664","_district":"район Косино-Ухтомский","_length_km":0.166}},{"type":"Feature","geometry":{"type":"LineString","coordinates":[[37.8536617,55.7027182],[37.8537535,55.7026701],[37.8536318,55.7025964],[37.8537516,55.7025337]]},"properties":{"location":"overground","man_made":"pipeline","_source":"candidate","_class":"pipe_untagged","_osm_id":"way/286206665","_district":"район Выхино-Жулебино","_length_km":0.029}},{"type":"Feature","geometry":{"type":"LineString","coordinates":[[37.8578748,55.7012808],[37.8579541,55.7013275],[37.8565677,55.7020743],[37.8560257,55.7017548]]},"properties":{"location":"overground","man_made":"pipeline","_source":"candidate","_class":"pipe_untagged","_osm_id":"way/286206667","_district":"район Косино-Ухтомский","_length_km":0.177}},{"type":"Feature","geometry":{"type":"LineString","coordinates":[[37.8578449,55.7012966],[37.8579129,55.7013367],[37.8565717,55.7020592],[37.8560413,55.7017465]]},"properties":{"location":"overground","man_made":"pipeline","_source":"candidate","_class":"pipe_untagged","_osm_id":"way/286206668","_district":"район Косино-Ухтомский","_length_km":0.171}},{"type":"Feature","geometry":{"type":"LineString","coordinates":[[37.8566008,55.7013404],[37.85671,55.701406],[37.8569383,55.7015431],[37.8568749,55.7015766]]},"properties":{"location":"overground","man_made":"pipeline","_source":"candidate","_class":"pipe_untagged","_osm_id":"way/286206669","_district":"район Выхино-Жулебино","_length_km":0.036}},{"type":"Feature","geometry":{"type":"LineString","coordinates":[[37.8578958,55.7012698],[37.8579904,55.7013255],[37.856567,55.7020914],[37.8560099,55.7017631]]},"properties":{"location":"overground","man_made":"pipeline","_source":"candidate","_class":"pipe_untagged","_osm_id":"way/286206671","_district":"район Косино-Ухтомский","_length_km":0.183}},{"type":"Feature","geometry":{"type":"LineString","coordinates":[[37.8559063,55.7018178],[37.85594,55.7018412],[37.8559365,55.7018648],[37.8558639,55.7019022],[37.8556042,55.7020357]]},"properties":{"location":"overground","man_made":"pipeline","_source":"candidate","_class":"pipe_untagged","_osm_id":"way/286206672","_district":"район Выхино-Жулебино","_length_km":0.034}},{"type":"Feature","geometry":{"type":"LineString","coordinates":[[37.8549268,55.7023353],[37.8550273,55.7023949],[37.8551903,55.7024004],[37.8553437,55.7023283],[37.8553433,55.7023181]]},"properties":{"location":"overground","man_made":"pipeline","_source":"candidate","_class":"pipe_untagged","_osm_id":"way/286206673","_district":"район Выхино-Жулебино","_length_km":0.033}},{"type":"Feature","geometry":{"type":"LineString","coordinates":[[37.8555532,55.7020044],[37.8556042,55.7020357],[37.8556528,55.7020655],[37.8556503,55.7021574],[37.8555103,55.7022351],[37.8554562,55.7022652],[37.8554335,55.7022694]]},"properties":{"location":"overground","man_made":"pipeline","_source":"candidate","_class":"pipe_untagged","_osm_id":"way/286206675","_district":"район Выхино-Жулебино","_length_km":0.038}},{"type":"Feature","geometry":{"type":"LineString","coordinates":[[37.8559603,55.7017893],[37.856265,55.701974],[37.855036,55.7026178],[37.8549358,55.7025571],[37.8546237,55.7027206],[37.8545494,55.7026756],[37.8540355,55.7029447],[37.8536617,55.7027182],[37.8535941,55.7027536]]},"properties":{"location":"overground","man_made":"pipeline","_source":"candidate","_class":"pipe_untagged","_osm_id":"way/286206676","_district":"район Выхино-Жулебино","_length_km":0.261}},{"type":"Feature","geometry":{"type":"LineString","coordinates":[[37.369735,55.7072173],[37.3697095,55.7069118],[37.3696808,55.7067267],[37.3696776,55.706653],[37.3698339,55.7063421],[37.3701437,55.7057859],[37.3703414,55.7054804],[37.370536,55.7051282],[37.3698821,55.7050168]]},"properties":{"man_made":"pipeline","_source":"candidate","_class":"pipe_untagged","_osm_id":"way/290161543","_district":"Можайский район","_length_km":0.284}},{"type":"Feature","geometry":{"type":"LineString","coordinates":[[37.6091012,55.7998107],[37.6090296,55.8009162]]},"properties":{"layer":"1","location":"overground","man_made":"pipeline","_source":"candidate","_class":"pipe_untagged","_osm_id":"way/29071119","_district":"район Марьина Роща","_length_km":0.123}},{"type":"Feature","geometry":{"type":"LineString","coordinates":[[37.5052315,55.8351217],[37.5047887,55.8350288],[37.5051839,55.8343009],[37.5050783,55.8342786],[37.5050492,55.8343184],[37.5049591,55.834301]]},"properties":{"man_made":"pipeline","_source":"candidate","_class":"pipe_untagged","_osm_id":"way/293827375","_district":"Войковский район","_length_km":0.132}},{"type":"Feature","geometry":{"type":"LineString","coordinates":[[37.5049591,55.834301],[37.505142,55.8340531]]},"properties":{"layer":"1","man_made":"pipeline","_source":"candidate","_class":"pipe_untagged","_osm_id":"way/293827376","_district":"Войковский район","_length_km":0.03}},{"type":"Feature","geometry":{"type":"LineString","coordinates":[[37.505142,55.8340531],[37.5053152,55.8338206],[37.5050056,55.8335179],[37.5050914,55.8334915],[37.5050496,55.8334469],[37.5049688,55.8334732],[37.5046772,55.8331944],[37.5046529,55.8331023],[37.5042275,55.832963],[37.504145,55.8329669]]},"properties":{"man_made":"pipeline","_source":"candidate","_class":"pipe_untagged","_osm_id":"way/294143276","_district":"Войковский район","_length_km":0.167}},{"type":"Feature","geometry":{"type":"LineString","coordinates":[[37.5072352,55.8436993],[37.5072824,55.8434464]]},"properties":{"layer":"1","man_made":"pipeline","_source":"candidate","_class":"pipe_untagged","_osm_id":"way/296633114","_district":"Головинский район","_length_km":0.028}},{"type":"Feature","geometry":{"type":"LineString","coordinates":[[37.4784347,55.8455765],[37.4785219,55.8455771]]},"properties":{"man_made":"pipeline","_source":"candidate","_class":"pipe_untagged","_osm_id":"way/297411881","_district":"Головинский район","_length_km":0.005}},{"type":"Feature","geometry":{"type":"LineString","coordinates":[[37.6978604,55.8004611],[37.6982985,55.8005598],[37.6988219,55.8006776],[37.6991509,55.8007517]]},"properties":{"layer":"1","location":"overhead","man_made":"pipeline","_source":"candidate","_class":"pipe_untagged","_osm_id":"way/29854184","_district":"район Сокольники","_length_km":0.087}},{"type":"Feature","geometry":{"type":"LineString","coordinates":[[37.5205499,55.8473548],[37.5206089,55.8473583]]},"properties":{"layer":"1","man_made":"pipeline","_source":"candidate","_class":"pipe_untagged","_osm_id":"way/299301565","_district":"Головинский район","_length_km":0.004}},{"type":"Feature","geometry":{"type":"LineString","coordinates":[[37.7001423,55.7237734],[37.6996021,55.7231583],[37.6996618,55.7230957],[37.7002699,55.72293],[37.7001566,55.722788],[37.7000479,55.7223749],[37.7006268,55.7222924],[37.7029826,55.721335],[37.7041424,55.7209721],[37.7050958,55.7204354]]},"properties":{"layer":"2","location":"overhead","man_made":"pipeline","_source":"candidate","_class":"pipe_untagged","_osm_id":"way/30684739","_district":"Нижегородский район","_length_km":0.579}},{"type":"Feature","geometry":{"type":"LineString","coordinates":[[37.604477,55.7027139],[37.6049195,55.7029469],[37.6051798,55.7033976],[37.6051602,55.7036421]]},"properties":{"count":"2","location":"overhead","man_made":"pipeline","roof:colour":"grey","_source":"candidate","_class":"pipe_untagged","_osm_id":"way/307039410","_district":"Донской район","_length_km":0.118}},{"type":"Feature","geometry":{"type":"LineString","coordinates":[[37.6080341,55.8054238],[37.6077611,55.8055314],[37.6077188,55.8057866],[37.6077139,55.8057892],[37.6073157,55.8057832],[37.6072719,55.8057996],[37.6071913,55.8065068],[37.6071681,55.8065386]]},"properties":{"location":"overground","man_made":"pipeline","_source":"candidate","_class":"pipe_untagged","_osm_id":"way/308094538","_district":"район Марьина Роща","_length_km":0.161}},{"type":"Feature","geometry":{"type":"LineString","coordinates":[[37.6080717,55.8054254],[37.6077839,55.8055389],[37.6077418,55.8057928],[37.6077233,55.8058028],[37.6073227,55.8057968],[37.6072951,55.8058071],[37.6072149,55.8065099],[37.6071747,55.8065652]]},"properties":{"location":"overground","man_made":"pipeline","_source":"candidate","_class":"pipe_untagged","_osm_id":"way/308094539","_district":"район Марьина Роща","_length_km":0.164}},{"type":"Feature","geometry":{"type":"LineString","coordinates":[[37.6137867,55.8156957],[37.6139369,55.8156996],[37.6139328,55.8157286],[37.6144043,55.8157263],[37.615043,55.8160417]]},"properties":{"location":"overground","man_made":"pipeline","_source":"candidate","_class":"pipe_untagged","_osm_id":"way/312097807","_district":"Останкинский район","_length_km":0.095}},{"type":"Feature","geometry":{"type":"LineString","coordinates":[[37.6694081,55.6774674],[37.6695082,55.6776323],[37.6695697,55.6781682]]},"properties":{"man_made":"pipeline","source":"survey","_source":"candidate","_class":"pipe_untagged","_osm_id":"way/317584501","_district":"район Нагатинский Затон","_length_km":0.079}},{"type":"Feature","geometry":{"type":"LineString","coordinates":[[37.5129367,55.610934],[37.5126441,55.6108201],[37.5127376,55.6107448],[37.5124143,55.6106096],[37.512303,55.6106966],[37.5120637,55.6106053],[37.5102768,55.611947],[37.5103316,55.611972],[37.5101868,55.6120934],[37.5102493,55.6121166],[37.5101365,55.6122053],[37.5100084,55.6121597],[37.5097904,55.6123319],[37.5097599,55.6123224],[37.5089564,55.6129398],[37.5089976,55.6129579],[37.5088954,55.6130346],[37.5088466,55.6130173],[37.5079845,55.6136427],[37.5079037,55.6138814],[37.5073746,55.6138047],[37.5072962,55.6140211],[37.5069318,55.6141636],[37.5066615,55.6141604],[37.5056955,55.6132537],[37.5059101,55.6131691],[37.5052146,55.6124593],[37.5051902,55.6124661],[37.5049946,55.6123038],[37.5049385,55.6121792],[37.5044183,55.6116873],[37.5040188,55.6118164],[37.5040053,55.6119419],[37.5010168,55.6116665],[37.5009126,55.6115517],[37.4990511,55.612228]]},"properties":{"location":"overground","man_made":"pipeline","_source":"candidate","_class":"pipe_untagged","_osm_id":"way/324273268","_district":"район Ясенево","_length_km":1.384}},{"type":"Feature","geometry":{"type":"LineString","coordinates":[[37.6063717,55.7093141],[37.6069766,55.7082672],[37.6059026,55.7081011]]},"properties":{"count":"2","location":"overground","man_made":"pipeline","_source":"candidate","_class":"pipe_untagged","_osm_id":"way/325895361","_district":"Донской район","_length_km":0.193}},{"type":"Feature","geometry":{"type":"LineString","coordinates":[[37.7929762,55.6428976],[37.7929937,55.6430491],[37.7929339,55.6431042],[37.7929669,55.6433627],[37.7931175,55.6433604],[37.7934786,55.6434803]]},"properties":{"man_made":"pipeline","_source":"candidate","_class":"pipe_untagged","_osm_id":"way/328251250","_district":"район Капотня","_length_km":0.089}},{"type":"Feature","geometry":{"type":"LineString","coordinates":[[37.4504112,55.5235608],[37.4506314,55.5235764],[37.451065,55.5221351]]},"properties":{"man_made":"pipeline","_source":"candidate","_class":"pipe_untagged","_osm_id":"way/333331790","_district":"район Коммунарка","_length_km":0.177}},{"type":"Feature","geometry":{"type":"LineString","coordinates":[[37.4512276,55.5207455],[37.4514737,55.5207663],[37.4519243,55.5207142],[37.4531201,55.5208306],[37.4531408,55.5207658],[37.4530751,55.5207596]]},"properties":{"man_made":"pipeline","_source":"candidate","_class":"pipe_untagged","_osm_id":"way/333331792","_district":"район Коммунарка","_length_km":0.133}},{"type":"Feature","geometry":{"type":"LineString","coordinates":[[37.3555667,55.8585097],[37.3557603,55.8587788],[37.3558141,55.8587666],[37.3558355,55.8587962],[37.3557816,55.8588085],[37.3566319,55.8599474],[37.3568229,55.8609942]]},"properties":{"location":"overground","man_made":"pipeline","_source":"candidate","_class":"pipe_untagged","_osm_id":"way/341562859","_district":"район Митино","_length_km":0.298}},{"type":"Feature","geometry":{"type":"LineString","coordinates":[[37.3946267,55.8438585],[37.3940186,55.8438618]]},"properties":{"location":"overhead","man_made":"pipeline","_source":"candidate","_class":"pipe_untagged","_osm_id":"way/343953707","_district":"район Южное Тушино","_length_km":0.038}},{"type":"Feature","geometry":{"type":"LineString","coordinates":[[37.0032404,55.3095316],[37.0029776,55.3093141]]},"properties":{"man_made":"pipeline","tunnel":"yes","_source":"candidate","_class":"pipe_untagged","_osm_id":"way/352739482","_district":"район Вороново","_length_km":0.029}},{"type":"Feature","geometry":{"type":"LineString","coordinates":[[37.637041,55.5995827],[37.6369733,55.5991286],[37.6371176,55.5991176],[37.6366175,55.5964146],[37.6372002,55.5961424]]},"properties":{"layer":"0","man_made":"pipeline","_source":"candidate","_class":"pipe_untagged","_osm_id":"way/353698178","_district":"район Бирюлёво Западное","_length_km":0.41}},{"type":"Feature","geometry":{"type":"LineString","coordinates":[[37.6963627,55.8303885],[37.6963607,55.8303049],[37.6980641,55.8296997]]},"properties":{"diameter":"1.2","location":"overground","man_made":"pipeline","_source":"candidate","_class":"pipe_untagged","_osm_id":"way/354523878","_district":"район Богородское","_length_km":0.136}},{"type":"Feature","geometry":{"type":"LineString","coordinates":[[37.4715913,55.6395949],[37.4721193,55.6392529],[37.472202,55.6392936],[37.472265,55.6392528],[37.4721822,55.6392121],[37.4733765,55.6384109],[37.4734453,55.6384436],[37.4735093,55.6384006],[37.4734392,55.6383674],[37.4740416,55.6379566],[37.4742568,55.6376139],[37.474382,55.637639],[37.4744165,55.637584],[37.4742913,55.637559],[37.4748773,55.6366726],[37.4749736,55.6366929],[37.4750108,55.6366365],[37.4749145,55.6366163],[37.4751729,55.6362381],[37.475378,55.6360372],[37.4754545,55.6360621],[37.4755074,55.6360102],[37.4754309,55.6359853],[37.4759421,55.6354666],[37.4760478,55.6354998],[37.4760946,55.6354523],[37.4759363,55.6354026],[37.4759538,55.6352872]]},"properties":{"location":"overground","man_made":"pipeline","_source":"candidate","_class":"pipe_untagged","_osm_id":"way/355352908","_district":"район Тёплый Стан","_length_km":0.646}},{"type":"Feature","geometry":{"type":"LineString","coordinates":[[37.566367,55.7807558],[37.566305,55.7808335]]},"properties":{"layer":"-1","location":"underground","man_made":"pipeline","_source":"candidate","_class":"pipe_untagged","_osm_id":"way/365504426","_district":"район Беговой","_length_km":0.009}},{"type":"Feature","geometry":{"type":"LineString","coordinates":[[37.566305,55.7808335],[37.5661209,55.780919],[37.5662037,55.7809948],[37.5659068,55.7811372],[37.5658581,55.7811051],[37.5652059,55.7814177]]},"properties":{"barrier":"pipeline","location":"overground","man_made":"pipeline","_source":"candidate","_class":"pipe_untagged","_osm_id":"way/365504433","_district":"район Беговой","_length_km":0.108}},{"type":"Feature","geometry":{"type":"LineString","coordinates":[[37.5709525,55.7786885],[37.5706069,55.7789155],[37.5704056,55.7790305]]},"properties":{"barrier":"pipeline","location":"overground","man_made":"pipeline","_source":"candidate","_class":"pipe_untagged","_osm_id":"way/365504434","_district":"район Беговой","_length_km":0.051}},{"type":"Feature","geometry":{"type":"LineString","coordinates":[[37.5704056,55.7790305],[37.5701216,55.7791644]]},"properties":{"layer":"1","location":"overhead","man_made":"pipeline","_source":"candidate","_class":"pipe_untagged","_osm_id":"way/365506198","_district":"район Беговой","_length_km":0.023}},{"type":"Feature","geometry":{"type":"LineString","coordinates":[[37.5701216,55.7791644],[37.5699245,55.7791032],[37.5697427,55.7791967],[37.5684155,55.7797956],[37.5679439,55.7800247],[37.566367,55.7807558]]},"properties":{"barrier":"pipeline","location":"overground","man_made":"pipeline","_source":"candidate","_class":"pipe_untagged","_osm_id":"way/365506200","_district":"район Беговой","_length_km":0.303}},{"type":"Feature","geometry":{"type":"LineString","coordinates":[[37.7315487,55.7058044],[37.7286386,55.7045375],[37.7250981,55.7036549]]},"properties":{"layer":"-1","man_made":"pipeline","name":"Коломенка","tunnel":"culvert","waterway":"stream","_source":"candidate","_class":"pipe_untagged","_osm_id":"way/368348928","_district":"район Печатники","_length_km":0.474}},{"type":"Feature","geometry":{"type":"LineString","coordinates":[[37.6662927,55.8872272],[37.668676,55.8871746]]},"properties":{"man_made":"pipeline","_source":"candidate","_class":"pipe_untagged","_osm_id":"way/373396663","_district":"район Северное Медведково","_length_km":0.149}},{"type":"Feature","geometry":{"type":"LineString","coordinates":[[37.7044813,55.7581832],[37.704409,55.758083],[37.7037656,55.7575544]]},"properties":{"location":"overground","man_made":"pipeline","_source":"candidate","_class":"pipe_untagged","_osm_id":"way/373396664","_district":"район Лефортово","_length_km":0.083}},{"type":"Feature","geometry":{"type":"LineString","coordinates":[[37.6699725,55.8871706],[37.6723558,55.887118]]},"properties":{"layer":"1","man_made":"pipeline","_source":"candidate","_class":"pipe_untagged","_osm_id":"way/376499089","_district":"район Северное Медведково","_length_km":0.149}},{"type":"Feature","geometry":{"type":"LineString","coordinates":[[37.306233,55.4933852],[37.3065367,55.4939882]]},"properties":{"location":"overground","man_made":"pipeline","_source":"candidate","_class":"pipe_untagged","_osm_id":"way/376728324","_district":"район Троицк","_length_km":0.07}},{"type":"Feature","geometry":{"type":"LineString","coordinates":[[37.6420638,55.8869822],[37.6412553,55.8879015],[37.6406721,55.8879671],[37.6407116,55.8880864]]},"properties":{"man_made":"pipeline","_source":"candidate","_class":"pipe_untagged","_osm_id":"way/376951476","_district":"район Северное Медведково","_length_km":0.165}},{"type":"Feature","geometry":{"type":"LineString","coordinates":[[37.5076318,55.6878764],[37.5063866,55.6877089]]},"properties":{"location":"underground","man_made":"pipeline","pipeline":"sewage","_source":"candidate","_class":"pipe_untagged","_osm_id":"way/379012114","_district":"район Раменки","_length_km":0.081}},{"type":"Feature","geometry":{"type":"LineString","coordinates":[[37.5245889,55.7592382],[37.5229572,55.7587914]]},"properties":{"layer":"1","location":"overhead","man_made":"pipeline","_source":"candidate","_class":"pipe_untagged","_osm_id":"way/381721105","_district":"Пресненский район","_length_km":0.114}},{"type":"Feature","geometry":{"type":"LineString","coordinates":[[37.4093246,55.7424595],[37.4081432,55.7430676],[37.4068465,55.7436007]]},"properties":{"man_made":"pipeline","_source":"candidate","_class":"pipe_untagged","_osm_id":"way/396430093","_district":"район Кунцево","_length_km":0.201}},{"type":"Feature","geometry":{"type":"LineString","coordinates":[[37.7080851,55.7646057],[37.7092435,55.764463]]},"properties":{"man_made":"pipeline","_source":"candidate","_class":"pipe_untagged","_osm_id":"way/396861736","_district":"район Лефортово","_length_km":0.074}},{"type":"Feature","geometry":{"type":"LineString","coordinates":[[37.7267973,55.7542758],[37.7270278,55.7543248],[37.7274555,55.7543162],[37.7274785,55.7544517],[37.728171,55.7544112],[37.7281819,55.7545049],[37.7284517,55.7544968],[37.7284651,55.7545636],[37.7287784,55.7545504],[37.7288309,55.754796],[37.7296258,55.7547511],[37.7296312,55.7548265],[37.7301111,55.7548051],[37.7301473,55.7548989],[37.7312881,55.7548591]]},"properties":{"man_made":"pipeline","_source":"candidate","_class":"pipe_untagged","_osm_id":"way/396897840","_district":"район Соколиная Гора","_length_km":0.355}},{"type":"Feature","geometry":{"type":"LineString","coordinates":[[37.5886987,55.8752961],[37.5903471,55.8756402],[37.5912297,55.8758245]]},"properties":{"man_made":"pipeline","_source":"candidate","_class":"pipe_untagged","_osm_id":"way/399523512","_district":"район Отрадное","_length_km":0.169}},{"type":"Feature","geometry":{"type":"LineString","coordinates":[[37.7225744,55.6932807],[37.7215236,55.6906377],[37.7194268,55.6871956],[37.719822,55.6865244],[37.72333,55.683946],[37.7233398,55.6805209],[37.7230534,55.6789126],[37.7222904,55.6771091],[37.7197088,55.6748478],[37.7182677,55.6732307],[37.717622,55.6720198],[37.7176551,55.6719199]]},"properties":{"layer":"-1","location":"underground","man_made":"pipeline","name":"Нищенка","tunnel":"culvert","waterway":"river","_source":"candidate","_class":"pipe_untagged","_osm_id":"way/404425224","_district":"район Печатники","_length_km":2.569}},{"type":"Feature","geometry":{"type":"LineString","coordinates":[[37.7225744,55.6932807],[37.7216173,55.6906258],[37.719524,55.6871918],[37.7199205,55.6865171],[37.7234267,55.6839362],[37.723436,55.6805194],[37.7232519,55.6788844],[37.7224851,55.6770757],[37.7199054,55.6748195],[37.7184618,55.6731977],[37.7178162,55.6719869]]},"properties":{"layer":"-1","location":"underground","man_made":"pipeline","name":"Нищенка","tunnel":"culvert","waterway":"river","_source":"candidate","_class":"pipe_untagged","_osm_id":"way/404425226","_district":"район Печатники","_length_km":2.559}},{"type":"Feature","geometry":{"type":"LineString","coordinates":[[37.732045,55.80008],[37.7324661,55.8001566]]},"properties":{"location":"underwater","man_made":"pipeline","_source":"candidate","_class":"pipe_untagged","_osm_id":"way/404425558","_district":"район Преображенское","_length_km":0.028}},{"type":"Feature","geometry":{"type":"LineString","coordinates":[[37.6052848,55.7066517],[37.605424,55.7063074],[37.6052285,55.7062762],[37.6054596,55.7054585]]},"properties":{"count":"2","location":"overhead","man_made":"pipeline","_source":"candidate","_class":"pipe_untagged","_osm_id":"way/406406646","_district":"Донской район","_length_km":0.144}},{"type":"Feature","geometry":{"type":"LineString","coordinates":[[37.6054596,55.7054585],[37.6058116,55.7055113],[37.6058372,55.7049345]]},"properties":{"count":"2","location":"overground","man_made":"pipeline","_source":"candidate","_class":"pipe_untagged","_osm_id":"way/406414398","_district":"Донской район","_length_km":0.087}},{"type":"Feature","geometry":{"type":"LineString","coordinates":[[37.6058372,55.7049345],[37.6058534,55.7042755]]},"properties":{"count":"2","location":"overhead","man_made":"pipeline","_source":"candidate","_class":"pipe_untagged","_osm_id":"way/406414399","_district":"Донской район","_length_km":0.073}},{"type":"Feature","geometry":{"type":"LineString","coordinates":[[37.6058534,55.7042755],[37.6057936,55.7036397],[37.6051602,55.7036421]]},"properties":{"count":"2","location":"overground","man_made":"pipeline","_source":"candidate","_class":"pipe_untagged","_osm_id":"way/406581906","_district":"Донской район","_length_km":0.111}},{"type":"Feature","geometry":{"type":"LineString","coordinates":[[37.59444,55.7069918],[37.5941477,55.7073741],[37.5941343,55.7075147],[37.5940739,55.7078377]]},"properties":{"count":"2","layer":"1","location":"overhead","man_made":"pipeline","_source":"candidate","_class":"pipe_untagged","_osm_id":"way/406629531","_district":"Донской район","_length_km":0.098}},{"type":"Feature","geometry":{"type":"LineString","coordinates":[[37.4147504,55.6397481],[37.4146914,55.6397648],[37.4145425,55.6396179],[37.4134656,55.6399404]]},"properties":{"location":"overground","man_made":"pipeline","_source":"candidate","_class":"pipe_untagged","_osm_id":"way/407190707","_district":"район Солнцево","_length_km":0.1}},{"type":"Feature","geometry":{"type":"LineString","coordinates":[[37.5930817,55.7082367],[37.5927625,55.7082367],[37.5924299,55.7083183],[37.5921321,55.7084966],[37.5922636,55.7085526],[37.5921295,55.7086598],[37.5919833,55.7085994]]},"properties":{"count":"2","layer":"1","location":"overhead","man_made":"pipeline","_source":"candidate","_class":"pipe_untagged","_osm_id":"way/410588619","_district":"Донской район","_length_km":0.107}},{"type":"Feature","geometry":{"type":"LineString","coordinates":[[37.7584969,55.811664],[37.7584351,55.8117282],[37.757451,55.8113585],[37.7573214,55.8114848],[37.7569549,55.8113618],[37.7571262,55.8111987],[37.7554271,55.8105969],[37.7556032,55.8104632],[37.7554795,55.8104284],[37.7551748,55.8104124],[37.7536518,55.8098909]]},"properties":{"layer":"1","location":"overhead","man_made":"pipeline","_source":"candidate","_class":"pipe_untagged","_osm_id":"way/411026273","_district":"район Гольяново","_length_km":0.43}},{"type":"Feature","geometry":{"type":"LineString","coordinates":[[37.6028457,55.7013774],[37.602857,55.7013376],[37.602816,55.7013164],[37.6022748,55.7011178],[37.6015004,55.7008252],[37.6016043,55.7007244],[37.6006066,55.7003954],[37.6007168,55.7003124],[37.5999056,55.7000456],[37.599769,55.7001815],[37.5997044,55.7001648]]},"properties":{"location":"overground","man_made":"pipeline","_source":"candidate","_class":"pipe_untagged","_osm_id":"way/415714706","_district":"Донской район","_length_km":0.285}},{"type":"Feature","geometry":{"type":"LineString","coordinates":[[37.5998383,55.700476],[37.600069,55.7002276],[37.5997712,55.7001442]]},"properties":{"location":"outdoor","man_made":"pipeline","_source":"candidate","_class":"pipe_untagged","_osm_id":"way/415714708","_district":"Донской район","_length_km":0.052}},{"type":"Feature","geometry":{"type":"LineString","coordinates":[[37.5995547,55.7000466],[37.5996057,55.6999957],[37.5998957,55.7000803],[37.5999132,55.7001041],[37.6001406,55.7001797]]},"properties":{"location":"overground","man_made":"pipeline","_source":"candidate","_class":"pipe_untagged","_osm_id":"way/415714709","_district":"Донской район","_length_km":0.046}},{"type":"Feature","geometry":{"type":"LineString","coordinates":[[37.5996567,55.7000762],[37.5996961,55.7000359],[37.599887,55.700091],[37.5999234,55.7001213],[37.6001318,55.7001879]]},"properties":{"location":"overground","man_made":"pipeline","_source":"candidate","_class":"pipe_untagged","_osm_id":"way/415714710","_district":"Донской район","_length_km":0.038}},{"type":"Feature","geometry":{"type":"LineString","coordinates":[[37.5995067,55.7001024],[37.5986064,55.6998234],[37.5986665,55.6997418],[37.5981528,55.6995997],[37.5980247,55.6997404],[37.597619,55.6996196],[37.5970627,55.6993102]]},"properties":{"location":"overground","man_made":"pipeline","_source":"candidate","_class":"pipe_untagged","_osm_id":"way/415714711","_district":"Донской район","_length_km":0.206}},{"type":"Feature","geometry":{"type":"LineString","coordinates":[[37.5937573,55.700653],[37.5931989,55.7004881],[37.5933208,55.700308],[37.5935349,55.7000467],[37.593856,55.6996477],[37.5939824,55.6995053],[37.5940623,55.6994153],[37.5941369,55.6993312],[37.594321,55.6991312],[37.5944774,55.6989712],[37.5945881,55.6988661],[37.5949445,55.6989565]]},"properties":{"location":"overground","man_made":"pipeline","_source":"candidate","_class":"pipe_untagged","_osm_id":"way/415714714","_district":"Донской район","_length_km":0.265}},{"type":"Feature","geometry":{"type":"LineString","coordinates":[[37.5996783,55.7000798],[37.5996987,55.7000609],[37.5997317,55.7000705],[37.599878,55.7001127],[37.5998838,55.7001299],[37.6001884,55.700226]]},"properties":{"location":"overground","man_made":"pipeline","_source":"candidate","_class":"pipe_untagged","_osm_id":"way/415714717","_district":"Донской район","_length_km":0.039}},{"type":"Feature","geometry":{"type":"LineString","coordinates":[[37.5997672,55.7001135],[37.6000951,55.7002178]]},"properties":{"location":"overground","man_made":"pipeline","_source":"candidate","_class":"pipe_untagged","_osm_id":"way/415714718","_district":"Донской район","_length_km":0.024}},{"type":"Feature","geometry":{"type":"LineString","coordinates":[[37.5217314,55.6765784],[37.5219366,55.6764832]]},"properties":{"location":"overground","man_made":"pipeline","_source":"candidate","_class":"pipe_untagged","_osm_id":"way/421212523","_district":"Ломоносовский район","_length_km":0.017}},{"type":"Feature","geometry":{"type":"LineString","coordinates":[[37.5219366,55.6764832],[37.5219487,55.6764113]]},"properties":{"location":"overhead","man_made":"pipeline","_source":"candidate","_class":"pipe_untagged","_osm_id":"way/421212531","_district":"Ломоносовский район","_length_km":0.008}},{"type":"Feature","geometry":{"type":"LineString","coordinates":[[37.5219487,55.6764113],[37.5220586,55.6763138]]},"properties":{"location":"overground","man_made":"pipeline","_source":"candidate","_class":"pipe_untagged","_osm_id":"way/421212532","_district":"Ломоносовский район","_length_km":0.013}},{"type":"Feature","geometry":{"type":"LineString","coordinates":[[37.5137554,55.6761533],[37.5136952,55.676174]]},"properties":{"location":"overhead","man_made":"pipeline","_source":"candidate","_class":"pipe_untagged","_osm_id":"way/421248433","_district":"район Проспект Вернадского","_length_km":0.004}},{"type":"Feature","geometry":{"type":"LineString","coordinates":[[37.593836,55.7978181],[37.5939458,55.7977661],[37.5945036,55.7980299],[37.5950703,55.7982794]]},"properties":{"diameter":"30 cm","location":"overground","man_made":"pipeline","_source":"candidate","_class":"pipe_untagged","_osm_id":"way/422817386","_district":"Бутырский район","_length_km":0.1}},{"type":"Feature","geometry":{"type":"LineString","coordinates":[[37.7216468,55.881743],[37.7216807,55.8817619],[37.7223048,55.8821468],[37.7214711,55.882568],[37.7217858,55.8827786],[37.7218865,55.882846],[37.7207448,55.883817],[37.7205499,55.8837381],[37.7204153,55.8838486],[37.7206058,55.8839297],[37.7199285,55.8845009],[37.7193174,55.884808],[37.7195519,55.8849542]]},"properties":{"layer":"1","location":"overground","man_made":"pipeline","_source":"candidate","_class":"pipe_untagged","_osm_id":"way/42294226","_district":"Ярославский район","_length_km":0.496}},{"type":"Feature","geometry":{"type":"LineString","coordinates":[[37.7062517,55.8915402],[37.7062788,55.891565],[37.7059828,55.8916667]]},"properties":{"layer":"1","location":"underground","man_made":"pipeline","_source":"candidate","_class":"pipe_untagged","_osm_id":"way/42294227","_district":"Лосиноостровский район","_length_km":0.025}},{"type":"Feature","geometry":{"type":"LineString","coordinates":[[37.7033716,55.8926898],[37.7037502,55.8931206]]},"properties":{"layer":"1","location":"overhead","man_made":"pipeline","_source":"candidate","_class":"pipe_untagged","_osm_id":"way/42294228","_district":"Лосиноостровский район","_length_km":0.053}},{"type":"Feature","geometry":{"type":"LineString","coordinates":[[37.7195519,55.8849542],[37.7182602,55.885627]]},"properties":{"layer":"1","location":"overhead","man_made":"pipeline","_source":"candidate","_class":"pipe_untagged","_osm_id":"way/42294230","_district":"Лосиноостровский район","_length_km":0.11}},{"type":"Feature","geometry":{"type":"LineString","coordinates":[[37.7182602,55.885627],[37.7180651,55.8855091],[37.718042,55.8855079],[37.7164461,55.8863814],[37.7164172,55.8863823],[37.716262,55.8862923],[37.7162371,55.8862927],[37.7161017,55.8863704],[37.7161046,55.8863837],[37.7162466,55.8864627],[37.7162494,55.8864804],[37.7152461,55.8870625],[37.7142876,55.8875596],[37.714257,55.8875582],[37.7139889,55.8874021],[37.7139621,55.8874024],[37.7122837,55.8882609],[37.712251,55.8882595],[37.7121171,55.8881689],[37.7120895,55.8881675],[37.7119605,55.8882368],[37.711964,55.8882493],[37.7120975,55.8883337],[37.7120986,55.8883461],[37.7105475,55.8891474],[37.7101046,55.889153],[37.7100843,55.8891648],[37.7100972,55.8893022],[37.7100771,55.8893157],[37.7083698,55.8893821],[37.7083516,55.8893933],[37.7084913,55.8900306],[37.7071095,55.8903976],[37.7071021,55.8904096],[37.7072304,55.8905682],[37.7072189,55.8905833],[37.7063586,55.8908166],[37.7056636,55.8910457]]},"properties":{"layer":"1","location":"overground","man_made":"pipeline","_source":"candidate","_class":"pipe_untagged","_osm_id":"way/42294231","_district":"Лосиноостровский район","_length_km":1.177}},{"type":"Feature","geometry":{"type":"LineString","coordinates":[[37.6974015,55.7151283],[37.697815,55.7152565],[37.6977429,55.7153313],[37.6979615,55.7154114],[37.6971146,55.7163149],[37.6967365,55.716463],[37.6966159,55.716607],[37.6963885,55.7165446],[37.6961849,55.716783],[37.6961097,55.7169277],[37.6959142,55.7171426],[37.6957601,55.7170976]]},"properties":{"man_made":"pipeline","_source":"candidate","_class":"pipe_untagged","_osm_id":"way/423235191","_district":"район Печатники","_length_km":0.316}},{"type":"Feature","geometry":{"type":"LineString","coordinates":[[37.707242,55.8867219],[37.7072866,55.8867782]]},"properties":{"layer":"1","location":"overhead","man_made":"pipeline","_source":"candidate","_class":"pipe_untagged","_osm_id":"way/42336176","_district":"Лосиноостровский район","_length_km":0.007}},{"type":"Feature","geometry":{"type":"LineString","coordinates":[[37.7072866,55.8867782],[37.7073535,55.8869909]]},"properties":{"layer":"1","location":"overground","man_made":"pipeline","_source":"candidate","_class":"pipe_untagged","_osm_id":"way/42336177","_district":"Лосиноостровский район","_length_km":0.024}},{"type":"Feature","geometry":{"type":"LineString","coordinates":[[37.7073535,55.8869909],[37.7095134,55.8869462]]},"properties":{"layer":"1","location":"overground","man_made":"pipeline","_source":"candidate","_class":"pipe_untagged","_osm_id":"way/42336178","_district":"Лосиноостровский район","_length_km":0.135}},{"type":"Feature","geometry":{"type":"LineString","coordinates":[[37.7095134,55.8869462],[37.7098592,55.886933]]},"properties":{"layer":"1","location":"overhead","man_made":"pipeline","_source":"candidate","_class":"pipe_untagged","_osm_id":"way/42336179","_district":"Лосиноостровский район","_length_km":0.022}},{"type":"Feature","geometry":{"type":"LineString","coordinates":[[37.7098592,55.886933],[37.7099025,55.8891618],[37.7090994,55.889215]]},"properties":{"layer":"1","location":"overground","man_made":"pipeline","_source":"candidate","_class":"pipe_untagged","_osm_id":"way/42336180","_district":"Лосиноостровский район","_length_km":0.299}},{"type":"Feature","geometry":{"type":"LineString","coordinates":[[37.7037502,55.8931206],[37.7037161,55.8935723]]},"properties":{"layer":"1","location":"overground","man_made":"pipeline","_source":"candidate","_class":"pipe_untagged","_osm_id":"way/42336183","_district":"Лосиноостровский район","_length_km":0.05}},{"type":"Feature","geometry":{"type":"LineString","coordinates":[[37.7059828,55.8916667],[37.7046173,55.8921247]]},"properties":{"layer":"1","location":"overhead","man_made":"pipeline","_source":"candidate","_class":"pipe_untagged","_osm_id":"way/42336187","_district":"Лосиноостровский район","_length_km":0.099}},{"type":"Feature","geometry":{"type":"LineString","coordinates":[[37.7046173,55.8921247],[37.7032652,55.8925785],[37.7033716,55.8926898]]},"properties":{"layer":"1","location":"overground","man_made":"pipeline","_source":"candidate","_class":"pipe_untagged","_osm_id":"way/42336188","_district":"Лосиноостровский район","_length_km":0.113}},{"type":"Feature","geometry":{"type":"LineString","coordinates":[[37.6090384,55.7998097],[37.6089692,55.8009138]]},"properties":{"layer":"1","location":"overground","man_made":"pipeline","_source":"candidate","_class":"pipe_untagged","_osm_id":"way/428703137","_district":"район Марьина Роща","_length_km":0.123}},{"type":"Feature","geometry":{"type":"LineString","coordinates":[[37.677324,55.8703015],[37.6775763,55.8702659],[37.6777392,55.8702407],[37.6777849,55.8701723],[37.6779044,55.8700731]]},"properties":{"layer":"1","man_made":"pipeline","_source":"candidate","_class":"pipe_untagged","_osm_id":"way/43048741","_district":"Лосиноостровский район","_length_km":0.048}},{"type":"Feature","geometry":{"type":"LineString","coordinates":[[37.633333,55.858109],[37.6317549,55.8577237]]},"properties":{"man_made":"pipeline","_source":"candidate","_class":"pipe_untagged","_osm_id":"way/44077489","_district":"район Отрадное","_length_km":0.108}},{"type":"Feature","geometry":{"type":"LineString","coordinates":[[37.6616148,55.8817752],[37.6618139,55.8815708]]},"properties":{"layer":"1","location":"overhead","man_made":"pipeline","_source":"candidate","_class":"pipe_untagged","_osm_id":"way/44154028","_district":"Бабушкинский район","_length_km":0.026}},{"type":"Feature","geometry":{"type":"LineString","coordinates":[[37.6036385,55.7120193],[37.6048292,55.7121709]]},"properties":{"location":"overground","man_made":"pipeline","_source":"candidate","_class":"pipe_untagged","_osm_id":"way/442048868","_district":"Донской район","_length_km":0.077}},{"type":"Feature","geometry":{"type":"LineString","coordinates":[[37.6048292,55.7121709],[37.6050049,55.7121919]]},"properties":{"layer":"1","location":"overhead","man_made":"pipeline","_source":"candidate","_class":"pipe_untagged","_osm_id":"way/442188356","_district":"Донской район","_length_km":0.011}},{"type":"Feature","geometry":{"type":"LineString","coordinates":[[37.6963986,55.8309259],[37.6964923,55.83105],[37.6954212,55.8314704],[37.6950391,55.8316152],[37.6948648,55.8314796],[37.6947039,55.8315399]]},"properties":{"count":"2","diameter":"1.2","layer":"1","location":"overground","man_made":"pipeline","_source":"candidate","_class":"pipe_untagged","_osm_id":"way/442217579","_district":"район Богородское","_length_km":0.156}},{"type":"Feature","geometry":{"type":"LineString","coordinates":[[37.705706,55.8263482],[37.7060806,55.8263949],[37.7062667,55.826406],[37.706391,55.826334],[37.7064648,55.8263416],[37.7065351,55.8263493],[37.7065739,55.8264234],[37.7080115,55.8268544],[37.7080606,55.8269375],[37.7079046,55.8270658]]},"properties":{"count":"2","layer":"1","location":"overhead","man_made":"pipeline","_source":"candidate","_class":"pipe_untagged","_osm_id":"way/442217581","_district":"район Богородское","_length_km":0.194}},{"type":"Feature","geometry":{"type":"LineString","coordinates":[[37.7083704,55.7321267],[37.7090524,55.7319381]]},"properties":{"location":"aboveground","man_made":"pipeline","_source":"candidate","_class":"pipe_untagged","_osm_id":"way/443086817","_district":"Нижегородский район","_length_km":0.048}},{"type":"Feature","geometry":{"type":"LineString","coordinates":[[37.7090524,55.7319381],[37.7101617,55.7316477],[37.7104144,55.7315627],[37.7108313,55.7313576],[37.7107507,55.7312528],[37.7120472,55.7309084],[37.7120663,55.7309275],[37.7123445,55.7308464],[37.7125524,55.7307004]]},"properties":{"man_made":"pipeline","_source":"candidate","_class":"pipe_untagged","_osm_id":"way/443086818","_district":"Нижегородский район","_length_km":0.276}},{"type":"Feature","geometry":{"type":"LineString","coordinates":[[37.7064809,55.7321061],[37.7070466,55.7320975],[37.7077078,55.7319103],[37.7083704,55.7321267]]},"properties":{"man_made":"pipeline","_source":"candidate","_class":"pipe_untagged","_osm_id":"way/443086819","_district":"Нижегородский район","_length_km":0.13}},{"type":"Feature","geometry":{"type":"LineString","coordinates":[[37.7064732,55.7322869],[37.7064809,55.7321061]]},"properties":{"location":"aboveground","man_made":"pipeline","_source":"candidate","_class":"pipe_untagged","_osm_id":"way/443086820","_district":"Нижегородский район","_length_km":0.02}},{"type":"Feature","geometry":{"type":"LineString","coordinates":[[37.7019368,55.8796811],[37.7019806,55.879593],[37.7016948,55.8793962]]},"properties":{"level":"1","man_made":"pipeline","_source":"candidate","_class":"pipe_untagged","_osm_id":"way/446702821","_district":"Лосиноостровский район","_length_km":0.038}},{"type":"Feature","geometry":{"type":"LineString","coordinates":[[37.4322633,55.842166],[37.4302275,55.842032],[37.4299083,55.8420305]]},"properties":{"location":"overground","man_made":"pipeline","_source":"candidate","_class":"pipe_untagged","_osm_id":"way/449463172","_district":"район Южное Тушино","_length_km":0.148}},{"type":"Feature","geometry":{"type":"LineString","coordinates":[[37.4336755,55.8418302],[37.4336111,55.8418468],[37.4336017,55.8418776],[37.4331793,55.8418415],[37.4330438,55.8422044]]},"properties":{"location":"overground","man_made":"pipeline","_source":"candidate","_class":"pipe_untagged","_osm_id":"way/449463182","_district":"район Южное Тушино","_length_km":0.076}},{"type":"Feature","geometry":{"type":"LineString","coordinates":[[37.4380026,55.8425953],[37.4379181,55.8425667],[37.4372033,55.8425501],[37.4365113,55.8426149],[37.436463,55.842636],[37.4364683,55.8427158],[37.4363048,55.8427193],[37.4363016,55.8426721],[37.43551,55.8426985]]},"properties":{"location":"overground","man_made":"pipeline","_source":"candidate","_class":"pipe_untagged","_osm_id":"way/449578033","_district":"район Южное Тушино","_length_km":0.173}},{"type":"Feature","geometry":{"type":"LineString","coordinates":[[37.5617499,55.5762297],[37.562385,55.5760489]]},"properties":{"layer":"1","location":"overhead","man_made":"pipeline","_source":"candidate","_class":"pipe_untagged","_osm_id":"way/450096961","_district":"район Северное Бутово","_length_km":0.045}},{"type":"Feature","geometry":{"type":"LineString","coordinates":[[37.5744331,55.6940172],[37.5735504,55.6935459],[37.5734721,55.6934545],[37.5733811,55.6932601],[37.573037,55.6930684],[37.5728815,55.6930851],[37.57257,55.693145],[37.5717938,55.6929288],[37.5707599,55.6928382],[37.5705644,55.6928029],[37.5691867,55.6925962],[37.5685829,55.6924616]]},"properties":{"layer":"-1","location":"underground","man_made":"pipeline","_source":"candidate","_class":"pipe_untagged","_osm_id":"way/45026909","_district":"Академический район","_length_km":0.435}},{"type":"Feature","geometry":{"type":"LineString","coordinates":[[37.7135927,55.8805697],[37.7133191,55.8806721]]},"properties":{"location":"overground","man_made":"pipeline","_source":"candidate","_class":"pipe_untagged","_osm_id":"way/453984765","_district":"Ярославский район","_length_km":0.021}},{"type":"Feature","geometry":{"type":"LineString","coordinates":[[37.5612192,55.8447661],[37.5604897,55.8452269]]},"properties":{"layer":"1","location":"overhead","man_made":"pipeline","_source":"candidate","_class":"pipe_untagged","_osm_id":"way/454021230","_district":"Тимирязевский район","_length_km":0.069}},{"type":"Feature","geometry":{"type":"LineString","coordinates":[[37.5606318,55.8445288],[37.5612192,55.8447661]]},"properties":{"location":"overground","man_made":"pipeline","_source":"candidate","_class":"pipe_untagged","_osm_id":"way/454021231","_district":"Тимирязевский район","_length_km":0.045}},{"type":"Feature","geometry":{"type":"LineString","coordinates":[[37.5255352,55.8504223],[37.5259496,55.8502119]]},"properties":{"layer":"1","location":"overhead","man_made":"pipeline","_source":"candidate","_class":"pipe_untagged","_osm_id":"way/455503748","_district":"Головинский район","_length_km":0.035}},{"type":"Feature","geometry":{"type":"LineString","coordinates":[[37.5259496,55.8502119],[37.5260149,55.8501787],[37.5263096,55.8498805],[37.5263349,55.8497718]]},"properties":{"location":"overground","man_made":"pipeline","_source":"candidate","_class":"pipe_untagged","_osm_id":"way/455503749","_district":"Головинский район","_length_km":0.056}},{"type":"Feature","geometry":{"type":"LineString","coordinates":[[37.5263349,55.8497718],[37.5263923,55.849525],[37.5263954,55.8495116]]},"properties":{"layer":"1","location":"overhead","man_made":"pipeline","_source":"candidate","_class":"pipe_untagged","_osm_id":"way/455503750","_district":"Головинский район","_length_km":0.029}},{"type":"Feature","geometry":{"type":"LineString","coordinates":[[37.5263954,55.8495116],[37.5266102,55.8495273],[37.5268621,55.8477604],[37.5270197,55.8465633],[37.5271913,55.8454309]]},"properties":{"location":"overground","man_made":"pipeline","_source":"candidate","_class":"pipe_untagged","_osm_id":"way/455503751","_district":"Головинский район","_length_km":0.471}},{"type":"Feature","geometry":{"type":"LineString","coordinates":[[37.5232018,55.8523499],[37.5233452,55.8520781],[37.5235601,55.8521139],[37.5236274,55.8519863],[37.5233722,55.8519439],[37.5239305,55.8509902],[37.5245232,55.851073],[37.5255908,55.850531],[37.5254695,55.8504557],[37.5255352,55.8504223]]},"properties":{"location":"overground","man_made":"pipeline","_source":"candidate","_class":"pipe_untagged","_osm_id":"way/455503752","_district":"Головинский район","_length_km":0.334}},{"type":"Feature","geometry":{"type":"LineString","coordinates":[[37.5263923,55.849525],[37.526606,55.849541],[37.5265993,55.8495831],[37.5348323,55.8501575]]},"properties":{"location":"overground","man_made":"pipeline","_source":"candidate","_class":"pipe_untagged","_osm_id":"way/457165319","_district":"Головинский район","_length_km":0.538}},{"type":"Feature","geometry":{"type":"LineString","coordinates":[[37.5076851,55.8952156],[37.5078558,55.8951007],[37.5084969,55.8953666],[37.5085879,55.895373],[37.5089293,55.8955155],[37.5090393,55.8954921],[37.5091796,55.8953921]]},"properties":{"layer":"1","location":"overhead","man_made":"pipeline","_source":"candidate","_class":"pipe_untagged","_osm_id":"way/478761717","_district":"Дмитровский район","_length_km":0.12}},{"type":"Feature","geometry":{"type":"LineString","coordinates":[[37.5111181,55.896358],[37.5101901,55.895958],[37.5092727,55.895576],[37.5091751,55.8956435],[37.5089664,55.8955584]]},"properties":{"layer":"1","location":"overhead","man_made":"pipeline","_source":"candidate","_class":"pipe_untagged","_osm_id":"way/478761718","_district":"Дмитровский район","_length_km":0.17}},{"type":"Feature","geometry":{"type":"LineString","coordinates":[[37.5079102,55.894081],[37.5085378,55.8943668],[37.5084144,55.8944931],[37.5090313,55.8947638],[37.5090367,55.8948571],[37.5092245,55.8949323],[37.5093586,55.8949022],[37.5100238,55.895212],[37.5101096,55.895191],[37.510292,55.8952752],[37.510292,55.8953173],[37.5117082,55.8959459],[37.5117994,55.8960001],[37.5118906,55.8960482]]},"properties":{"layer":"1","location":"overhead","man_made":"pipeline","_source":"candidate","_class":"pipe_untagged","_osm_id":"way/478761721","_district":"Дмитровский район","_length_km":0.358}},{"type":"Feature","geometry":{"type":"LineString","coordinates":[[37.5081738,55.8938851],[37.5084091,55.8939878],[37.5085378,55.8939968],[37.508629,55.8940359]]},"properties":{"layer":"1","location":"overhead","man_made":"pipeline","_source":"candidate","_class":"pipe_untagged","_osm_id":"way/478761722","_district":"Дмитровский район","_length_km":0.034}},{"type":"Feature","geometry":{"type":"LineString","coordinates":[[37.5065852,55.8948481],[37.5067837,55.8947067],[37.507422,55.8949563],[37.5078673,55.8946315],[37.5074167,55.894433],[37.5079102,55.894081],[37.5081738,55.8938851],[37.5083715,55.8937381],[37.5069178,55.8931064],[37.5073576,55.8928056],[37.5067246,55.8925439],[37.5066335,55.8926131],[37.5061114,55.8923968],[37.5060076,55.8924755],[37.5059031,55.8924322],[37.5060069,55.8923534],[37.5053928,55.8920989],[37.505287,55.8920777],[37.5049705,55.8919183]]},"properties":{"layer":"1","location":"overhead","man_made":"pipeline","_source":"candidate","_class":"pipe_untagged","_osm_id":"way/478761723","_district":"Дмитровский район","_length_km":0.617}},{"type":"Feature","geometry":{"type":"LineString","coordinates":[[37.5117136,55.8944269],[37.5120488,55.8941668],[37.5119871,55.8941397]]},"properties":{"layer":"1","location":"overhead","man_made":"pipeline","_source":"candidate","_class":"pipe_untagged","_osm_id":"way/478761725","_district":"Дмитровский район","_length_km":0.041}},{"type":"Feature","geometry":{"type":"LineString","coordinates":[[37.510305,55.8937513],[37.5104032,55.8937921],[37.5107684,55.8935163],[37.5106628,55.8934724]]},"properties":{"layer":"1","location":"overhead","man_made":"pipeline","_source":"candidate","_class":"pipe_untagged","_osm_id":"way/478761726","_district":"Дмитровский район","_length_km":0.054}},{"type":"Feature","geometry":{"type":"LineString","coordinates":[[37.5130107,55.8950154],[37.5132365,55.8948226],[37.5132947,55.8947729],[37.5132159,55.8947439],[37.5132871,55.8946831]]},"properties":{"layer":"1","location":"overhead","man_made":"pipeline","_source":"candidate","_class":"pipe_untagged","_osm_id":"way/478761727","_district":"Дмитровский район","_length_km":0.046}},{"type":"Feature","geometry":{"type":"LineString","coordinates":[[37.5126457,55.8948435],[37.5128579,55.8946651],[37.5129321,55.8946026],[37.5128512,55.8945724],[37.5129103,55.8945227]]},"properties":{"layer":"1","location":"overhead","man_made":"pipeline","_source":"candidate","_class":"pipe_untagged","_osm_id":"way/478761728","_district":"Дмитровский район","_length_km":0.045}},{"type":"Feature","geometry":{"type":"LineString","coordinates":[[37.51278,55.8949033],[37.5129979,55.8947156],[37.5129019,55.8946806],[37.5129579,55.8946324],[37.5130141,55.8946529],[37.513068,55.8946064]]},"properties":{"layer":"1","location":"overhead","man_made":"pipeline","_source":"candidate","_class":"pipe_untagged","_osm_id":"way/478761729","_district":"Дмитровский район","_length_km":0.049}},{"type":"Feature","geometry":{"type":"LineString","coordinates":[[37.5109784,55.8968375],[37.5112155,55.8970214]]},"properties":{"layer":"1","location":"overhead","man_made":"pipeline","_source":"candidate","_class":"pipe_untagged","_osm_id":"way/478761730","_district":"Дмитровский район","_length_km":0.025}},{"type":"Feature","geometry":{"type":"LineString","coordinates":[[37.5076309,55.8955071],[37.5078888,55.8956167],[37.5084331,55.8958421],[37.5086873,55.8958283],[37.5109784,55.8968375]]},"properties":{"location":"overground","man_made":"pipeline","_source":"candidate","_class":"pipe_untagged","_osm_id":"way/478761731","_district":"Дмитровский район","_length_km":0.261}},{"type":"Feature","geometry":{"type":"LineString","coordinates":[[37.5052,55.8925492],[37.5058062,55.8928169],[37.5058912,55.8927564],[37.5060306,55.892818],[37.5059456,55.8928785],[37.5069904,55.8933399],[37.507095,55.8932654],[37.5072716,55.8933434],[37.5071849,55.8934051],[37.5079446,55.8937406],[37.5077945,55.8938474]]},"properties":{"location":"overground","man_made":"pipeline","_source":"candidate","_class":"pipe_untagged","_osm_id":"way/478761732","_district":"Дмитровский район","_length_km":0.269}},{"type":"Feature","geometry":{"type":"LineString","coordinates":[[37.5046984,55.8923191],[37.5052,55.8925492]]},"properties":{"layer":"1","location":"overhead","man_made":"pipeline","_source":"candidate","_class":"pipe_untagged","_osm_id":"way/478761733","_district":"Дмитровский район","_length_km":0.041}},{"type":"Feature","geometry":{"type":"LineString","coordinates":[[37.5039045,55.8919235],[37.5045831,55.8922304],[37.5044651,55.8923266],[37.5045911,55.8923853],[37.5046984,55.8923191]]},"properties":{"location":"overground","man_made":"pipeline","_source":"candidate","_class":"pipe_untagged","_osm_id":"way/478761734","_district":"Дмитровский район","_length_km":0.088}},{"type":"Feature","geometry":{"type":"LineString","coordinates":[[37.4995647,55.8919386],[37.4997497,55.8918032],[37.4999107,55.8916408],[37.5002138,55.8913144],[37.5018553,55.8910466],[37.5019813,55.8911369],[37.5024454,55.8911083],[37.503191,55.8905623]]},"properties":{"layer":"1","location":"overhead","man_made":"pipeline","_source":"candidate","_class":"pipe_untagged","_osm_id":"way/478761735","_district":"Дмитровский район","_length_km":0.306}},{"type":"Feature","geometry":{"type":"LineString","coordinates":[[37.5020404,55.893038],[37.4995647,55.8919386]]},"properties":{"location":"overground","man_made":"pipeline","_source":"candidate","_class":"pipe_untagged","_osm_id":"way/478761736","_district":"Дмитровский район","_length_km":0.197}},{"type":"Feature","geometry":{"type":"LineString","coordinates":[[37.5021637,55.8930952],[37.5020404,55.893038]]},"properties":{"layer":"1","location":"overhead","man_made":"pipeline","_source":"candidate","_class":"pipe_untagged","_osm_id":"way/478761737","_district":"Дмитровский район","_length_km":0.01}},{"type":"Feature","geometry":{"type":"LineString","coordinates":[[37.5051973,55.8944292],[37.5021637,55.8930952]]},"properties":{"location":"overground","man_made":"pipeline","_source":"candidate","_class":"pipe_untagged","_osm_id":"way/478761738","_district":"Дмитровский район","_length_km":0.241}},{"type":"Feature","geometry":{"type":"LineString","coordinates":[[37.5053234,55.8944819],[37.5051973,55.8944292]]},"properties":{"layer":"1","location":"overhead","man_made":"pipeline","_source":"candidate","_class":"pipe_untagged","_osm_id":"way/478761739","_district":"Дмитровский район","_length_km":0.01}},{"type":"Feature","geometry":{"type":"LineString","coordinates":[[37.507048,55.8952398],[37.5053234,55.8944819]]},"properties":{"location":"overground","man_made":"pipeline","_source":"candidate","_class":"pipe_untagged","_osm_id":"way/478761740","_district":"Дмитровский район","_length_km":0.137}},{"type":"Feature","geometry":{"type":"LineString","coordinates":[[37.5029791,55.8905232],[37.5042666,55.8910963],[37.5042317,55.8912452],[37.5039876,55.8914076],[37.5041243,55.8914882]]},"properties":{"layer":"1","location":"overhead","man_made":"pipeline","_source":"candidate","_class":"pipe_untagged","_osm_id":"way/478761743","_district":"Дмитровский район","_length_km":0.156}},{"type":"Feature","geometry":{"type":"LineString","coordinates":[[37.5027699,55.8899005],[37.5026439,55.8899698]]},"properties":{"layer":"1","location":"overhead","man_made":"pipeline","_source":"candidate","_class":"pipe_untagged","_osm_id":"way/478761744","_district":"Дмитровский район","_length_km":0.011}},{"type":"Feature","geometry":{"type":"LineString","coordinates":[[37.5029173,55.889819],[37.5027699,55.8899005]]},"properties":{"location":"overground","man_made":"pipeline","_source":"candidate","_class":"pipe_untagged","_osm_id":"way/478761745","_district":"Дмитровский район","_length_km":0.013}},{"type":"Feature","geometry":{"type":"LineString","coordinates":[[37.5030299,55.8896941],[37.5031213,55.8896749],[37.5040627,55.8889529]]},"properties":{"location":"overground","man_made":"pipeline","_source":"candidate","_class":"pipe_untagged","_osm_id":"way/478761746","_district":"Дмитровский район","_length_km":0.106}},{"type":"Feature","geometry":{"type":"LineString","coordinates":[[37.5042398,55.888986],[37.5056265,55.8895801]]},"properties":{"location":"overground","man_made":"pipeline","_source":"candidate","_class":"pipe_untagged","_osm_id":"way/478761747","_district":"Дмитровский район","_length_km":0.109}},{"type":"Feature","geometry":{"type":"LineString","coordinates":[[37.5038723,55.8888446],[37.5042398,55.888986]]},"properties":{"layer":"1","location":"overhead","man_made":"pipeline","_source":"candidate","_class":"pipe_untagged","_osm_id":"way/478761748","_district":"Дмитровский район","_length_km":0.028}},{"type":"Feature","geometry":{"type":"LineString","coordinates":[[37.5052736,55.8881713],[37.5053682,55.8882114]]},"properties":{"layer":"1","location":"overhead","man_made":"pipeline","_source":"candidate","_class":"pipe_untagged","_osm_id":"way/478761749","_district":"Дмитровский район","_length_km":0.007}},{"type":"Feature","geometry":{"type":"LineString","coordinates":[[37.5053682,55.8882114],[37.5057324,55.8883658]]},"properties":{"location":"overground","man_made":"pipeline","_source":"candidate","_class":"pipe_untagged","_osm_id":"way/478761750","_district":"Дмитровский район","_length_km":0.029}},{"type":"Feature","geometry":{"type":"LineString","coordinates":[[37.5058445,55.8884133],[37.5064928,55.8886881]]},"properties":{"location":"overground","man_made":"pipeline","_source":"candidate","_class":"pipe_untagged","_osm_id":"way/478761751","_district":"Дмитровский район","_length_km":0.051}},{"type":"Feature","geometry":{"type":"LineString","coordinates":[[37.5057324,55.8883658],[37.5058445,55.8884133]]},"properties":{"layer":"1","location":"overhead","man_made":"pipeline","_source":"candidate","_class":"pipe_untagged","_osm_id":"way/478761752","_district":"Дмитровский район","_length_km":0.009}},{"type":"Feature","geometry":{"type":"LineString","coordinates":[[37.5052402,55.8881572],[37.5052736,55.8881713]]},"properties":{"location":"overground","man_made":"pipeline","_source":"candidate","_class":"pipe_untagged","_osm_id":"way/478761753","_district":"Дмитровский район","_length_km":0.003}},{"type":"Feature","geometry":{"type":"LineString","coordinates":[[37.5162775,55.8949555],[37.5170054,55.8948277]]},"properties":{"layer":"1","location":"overhead","man_made":"pipeline","_source":"candidate","_class":"pipe_untagged","_osm_id":"way/478761754","_district":"Дмитровский район","_length_km":0.048}},{"type":"Feature","geometry":{"type":"LineString","coordinates":[[37.5146957,55.894745],[37.5146689,55.8946204],[37.5154468,55.8944047],[37.5160158,55.8946429],[37.5162775,55.8949555]]},"properties":{"location":"overground","man_made":"pipeline","_source":"candidate","_class":"pipe_untagged","_osm_id":"way/478761755","_district":"Дмитровский район","_length_km":0.151}},{"type":"Feature","geometry":{"type":"LineString","coordinates":[[37.5131821,55.8950542],[37.5133036,55.8951087],[37.5136412,55.8948662],[37.514195,55.8950959],[37.5146957,55.894745]]},"properties":{"layer":"1","location":"overhead","man_made":"pipeline","_source":"candidate","_class":"pipe_untagged","_osm_id":"way/478761756","_district":"Дмитровский район","_length_km":0.137}},{"type":"Feature","geometry":{"type":"LineString","coordinates":[[37.5057513,55.8894465],[37.5063431,55.8890359]]},"properties":{"location":"overground","man_made":"pipeline","_source":"candidate","_class":"pipe_untagged","_osm_id":"way/478761757","_district":"Дмитровский район","_length_km":0.059}},{"type":"Feature","geometry":{"type":"LineString","coordinates":[[37.5056604,55.8896343],[37.5057513,55.8894465]]},"properties":{"layer":"1","location":"overhead","man_made":"pipeline","_source":"candidate","_class":"pipe_untagged","_osm_id":"way/478761758","_district":"Дмитровский район","_length_km":0.022}},{"type":"Feature","geometry":{"type":"LineString","coordinates":[[37.5050952,55.8900725],[37.5056604,55.8896343],[37.5061611,55.8897407],[37.5069197,55.890081],[37.5070145,55.8900236]]},"properties":{"layer":"1","location":"overhead","man_made":"pipeline","_source":"candidate","_class":"pipe_untagged","_osm_id":"way/478761759","_district":"Дмитровский район","_length_km":0.163}},{"type":"Feature","geometry":{"type":"LineString","coordinates":[[37.5126809,55.891484],[37.5127719,55.8911522]]},"properties":{"layer":"1","location":"overhead","man_made":"pipeline","_source":"candidate","_class":"pipe_untagged","_osm_id":"way/478761763","_district":"Дмитровский район","_length_km":0.037}},{"type":"Feature","geometry":{"type":"LineString","coordinates":[[37.5127719,55.8911522],[37.5129165,55.8905374],[37.512946,55.8903088]]},"properties":{"location":"overground","man_made":"pipeline","_source":"candidate","_class":"pipe_untagged","_osm_id":"way/478761764","_district":"Дмитровский район","_length_km":0.095}},{"type":"Feature","geometry":{"type":"LineString","coordinates":[[37.5137582,55.8930708],[37.5125064,55.8918754],[37.5126809,55.891484]]},"properties":{"location":"overground","man_made":"pipeline","_source":"candidate","_class":"pipe_untagged","_osm_id":"way/478761765","_district":"Дмитровский район","_length_km":0.199}},{"type":"Feature","geometry":{"type":"LineString","coordinates":[[37.4983711,55.8425387],[37.4997233,55.8428806]]},"properties":{"location":"overground","man_made":"pipeline","_source":"candidate","_class":"pipe_untagged","_osm_id":"way/479718591","_district":"Головинский район","_length_km":0.093}},{"type":"Feature","geometry":{"type":"LineString","coordinates":[[37.6799846,55.7624247],[37.6797267,55.7624491]]},"properties":{"layer":"1","location":"overhead","man_made":"pipeline","_source":"candidate","_class":"pipe_untagged","_osm_id":"way/481075438","_district":"Басманный район","_length_km":0.016}},{"type":"Feature","geometry":{"type":"LineString","coordinates":[[37.6578384,55.7651034],[37.6583976,55.7652164]]},"properties":{"layer":"1","location":"overhead","man_made":"pipeline","_source":"candidate","_class":"pipe_untagged","_osm_id":"way/481888832","_district":"Басманный район","_length_km":0.037}},{"type":"Feature","geometry":{"type":"LineString","coordinates":[[37.2636435,55.6138353],[37.2627002,55.6143157]]},"properties":{"layer":"1","location":"overhead","man_made":"pipeline","_source":"candidate","_class":"pipe_untagged","_osm_id":"way/486025688","_district":"район Внуково","_length_km":0.08}},{"type":"Feature","geometry":{"type":"LineString","coordinates":[[37.2636165,55.6138184],[37.2626732,55.6142988]]},"properties":{"layer":"1","location":"overhead","man_made":"pipeline","_source":"candidate","_class":"pipe_untagged","_osm_id":"way/486087245","_district":"район Внуково","_length_km":0.08}},{"type":"Feature","geometry":{"type":"LineString","coordinates":[[37.4717915,55.7953512],[37.4718336,55.7942179],[37.4717054,55.7942204],[37.4717059,55.7941536],[37.4717082,55.7938375],[37.47171,55.7935807],[37.4724409,55.7935742]]},"properties":{"man_made":"pipeline","_source":"candidate","_class":"pipe_untagged","_osm_id":"way/48672948","_district":"район Щукино","_length_km":0.251}},{"type":"Feature","geometry":{"type":"LineString","coordinates":[[37.4726376,55.7936854],[37.4727264,55.7937468],[37.4735892,55.7937343],[37.4739064,55.793787],[37.4739303,55.7939527],[37.4743326,55.7940842],[37.4747272,55.7941539]]},"properties":{"layer":"1","location":"overhead","man_made":"pipeline","_source":"candidate","_class":"pipe_untagged","_osm_id":"way/48672955","_district":"район Щукино","_length_km":0.157}},{"type":"Feature","geometry":{"type":"LineString","coordinates":[[37.4737743,55.7959451],[37.4740024,55.795936],[37.4751217,55.7959301]]},"properties":{"man_made":"pipeline","_source":"candidate","_class":"pipe_untagged","_osm_id":"way/48672960","_district":"район Щукино","_length_km":0.085}},{"type":"Feature","geometry":{"type":"LineString","coordinates":[[37.4716644,55.7959529],[37.4726973,55.7959572]]},"properties":{"man_made":"pipeline","_source":"candidate","_class":"pipe_untagged","_osm_id":"way/48673127","_district":"район Щукино","_length_km":0.065}},{"type":"Feature","geometry":{"type":"LineString","coordinates":[[37.4713551,55.7959543],[37.4716644,55.7959529]]},"properties":{"layer":"1","location":"overhead","man_made":"pipeline","_source":"candidate","_class":"pipe_untagged","_osm_id":"way/48673136","_district":"район Щукино","_length_km":0.019}},{"type":"Feature","geometry":{"type":"LineString","coordinates":[[37.4687609,55.7959617],[37.4701476,55.7959598]]},"properties":{"man_made":"pipeline","_source":"candidate","_class":"pipe_untagged","_osm_id":"way/48673137","_district":"район Щукино","_length_km":0.087}},{"type":"Feature","geometry":{"type":"LineString","coordinates":[[37.4703726,55.79596],[37.4713551,55.7959543]]},"properties":{"man_made":"pipeline","_source":"candidate","_class":"pipe_untagged","_osm_id":"way/48673138","_district":"район Щукино","_length_km":0.062}},{"type":"Feature","geometry":{"type":"LineString","coordinates":[[37.4701476,55.7959598],[37.4703726,55.79596]]},"properties":{"layer":"1","location":"overhead","man_made":"pipeline","_source":"candidate","_class":"pipe_untagged","_osm_id":"way/48673139","_district":"район Щукино","_length_km":0.014}},{"type":"Feature","geometry":{"type":"LineString","coordinates":[[37.4735951,55.7959504],[37.4737743,55.7959451]]},"properties":{"layer":"1","location":"overhead","man_made":"pipeline","_source":"candidate","_class":"pipe_untagged","_osm_id":"way/48673145","_district":"район Щукино","_length_km":0.011}},{"type":"Feature","geometry":{"type":"LineString","coordinates":[[37.47293,55.7959571],[37.4735951,55.7959504]]},"properties":{"man_made":"pipeline","_source":"candidate","_class":"pipe_untagged","_osm_id":"way/48673169","_district":"район Щукино","_length_km":0.042}},{"type":"Feature","geometry":{"type":"LineString","coordinates":[[37.4726973,55.7959572],[37.47293,55.7959571]]},"properties":{"layer":"1","location":"overhead","man_made":"pipeline","_source":"candidate","_class":"pipe_untagged","_osm_id":"way/48673172","_district":"район Щукино","_length_km":0.015}},{"type":"Feature","geometry":{"type":"LineString","coordinates":[[37.4791971,55.7965448],[37.4800803,55.7965497]]},"properties":{"layer":"1","location":"overhead","man_made":"pipeline","_source":"candidate","_class":"pipe_untagged","_osm_id":"way/48673431","_district":"район Щукино","_length_km":0.055}},{"type":"Feature","geometry":{"type":"LineString","coordinates":[[37.4783202,55.7956598],[37.4783297,55.7955566]]},"properties":{"man_made":"pipeline","_source":"candidate","_class":"pipe_untagged","_osm_id":"way/48673476","_district":"район Щукино","_length_km":0.012}},{"type":"Feature","geometry":{"type":"LineString","coordinates":[[37.4783487,55.7958567],[37.4783202,55.7956598]]},"properties":{"layer":"1","location":"overhead","man_made":"pipeline","_source":"candidate","_class":"pipe_untagged","_osm_id":"way/48673480","_district":"район Щукино","_length_km":0.022}},{"type":"Feature","geometry":{"type":"LineString","coordinates":[[37.476526,55.7959026],[37.4767332,55.7959018],[37.4768526,55.7960497],[37.4771164,55.7960565]]},"properties":{"layer":"1","location":"overhead","man_made":"pipeline","_source":"candidate","_class":"pipe_untagged","_osm_id":"way/48673488","_district":"район Щукино","_length_km":0.048}},{"type":"Feature","geometry":{"type":"LineString","coordinates":[[37.4751217,55.7959301],[37.4753992,55.7959302]]},"properties":{"layer":"1","location":"overhead","man_made":"pipeline","_source":"candidate","_class":"pipe_untagged","_osm_id":"way/48673490","_district":"район Щукино","_length_km":0.017}},{"type":"Feature","geometry":{"type":"LineString","coordinates":[[37.4753992,55.7959302],[37.476526,55.7959026]]},"properties":{"man_made":"pipeline","_source":"candidate","_class":"pipe_untagged","_osm_id":"way/48673491","_district":"район Щукино","_length_km":0.071}},{"type":"Feature","geometry":{"type":"LineString","coordinates":[[37.4771164,55.7960565],[37.4781416,55.7960449],[37.4783615,55.7959177],[37.4783487,55.7958567]]},"properties":{"man_made":"pipeline","_source":"candidate","_class":"pipe_untagged","_osm_id":"way/48673494","_district":"район Щукино","_length_km":0.091}},{"type":"Feature","geometry":{"type":"LineString","coordinates":[[37.7919859,55.6516969],[37.7920125,55.6512366],[37.7934624,55.6512341],[37.7934463,55.6505245]]},"properties":{"layer":"1","location":"overhead","man_made":"pipeline","_source":"candidate","_class":"pipe_untagged","_osm_id":"way/48684191","_district":"район Капотня","_length_km":0.222}},{"type":"Feature","geometry":{"type":"LineString","coordinates":[[37.7899702,55.6501922],[37.7900013,55.6505395],[37.7934463,55.6505245],[37.7956188,55.6505073],[37.7956162,55.6505419],[37.7972126,55.650537]]},"properties":{"layer":"1","location":"overhead","man_made":"pipeline","_source":"candidate","_class":"pipe_untagged","_osm_id":"way/48684192","_district":"район Капотня","_length_km":0.497}},{"type":"Feature","geometry":{"type":"LineString","coordinates":[[37.7991879,55.6568444],[37.797538,55.6567234],[37.7973095,55.6567066],[37.7973388,55.6557138],[37.7974581,55.6557139],[37.7974575,55.6556389],[37.7973383,55.6556388],[37.7973105,55.6551015],[37.7974718,55.6550993],[37.797468,55.6550092],[37.7973067,55.6550114],[37.7973011,55.6547966],[37.7972868,55.6546268],[37.7972126,55.650537],[37.7972122,55.6504945]]},"properties":{"layer":"1","location":"overhead","man_made":"pipeline","_source":"candidate","_class":"pipe_untagged","_osm_id":"way/48684235","_district":"район Капотня","_length_km":0.846}},{"type":"Feature","geometry":{"type":"LineString","coordinates":[[37.8141841,55.6568392],[37.814334,55.6568372],[37.8146744,55.6563331]]},"properties":{"layer":"1","location":"overhead","man_made":"pipeline","_source":"candidate","_class":"pipe_untagged","_osm_id":"way/48684237","_district":"район Капотня","_length_km":0.07}},{"type":"Feature","geometry":{"type":"LineString","coordinates":[[37.8158884,55.6519311],[37.8158898,55.6512875],[37.8158914,55.650472],[37.8156299,55.6504645],[37.8156121,55.6495639],[37.8144682,55.6495539],[37.8144976,55.6487963]]},"properties":{"layer":"2","location":"overhead","man_made":"pipeline","_source":"candidate","_class":"pipe_untagged","_osm_id":"way/48684244","_district":"район Капотня","_length_km":0.436}},{"type":"Feature","geometry":{"type":"LineString","coordinates":[[37.8142731,55.6514201],[37.814783,55.6514151],[37.8149338,55.6515052],[37.8151965,55.6515051]]},"properties":{"layer":"1","location":"overhead","man_made":"pipeline","_source":"candidate","_class":"pipe_untagged","_osm_id":"way/48684245","_district":"район Капотня","_length_km":0.062}},{"type":"Feature","geometry":{"type":"LineString","coordinates":[[37.8158898,55.6512875],[37.8142731,55.65128],[37.8142731,55.6514201],[37.8141002,55.6514226],[37.8141002,55.6514902]]},"properties":{"layer":"1","location":"overhead","man_made":"pipeline","_source":"candidate","_class":"pipe_untagged","_osm_id":"way/48684246","_district":"район Капотня","_length_km":0.136}},{"type":"Feature","geometry":{"type":"LineString","coordinates":[[37.8213359,55.6452984],[37.8220917,55.6452906],[37.8230983,55.645951]]},"properties":{"man_made":"pipeline","_source":"candidate","_class":"pipe_untagged","_osm_id":"way/48684263","_district":"район Капотня","_length_km":0.145}},{"type":"Feature","geometry":{"type":"LineString","coordinates":[[37.8175873,55.6455203],[37.8184411,55.6455202],[37.8184433,55.6458708],[37.8184451,55.646139],[37.8184481,55.6465995],[37.8194249,55.6465956]]},"properties":{"layer":"1","location":"overhead","man_made":"pipeline","_source":"candidate","_class":"pipe_untagged","_osm_id":"way/48684264","_district":"район Капотня","_length_km":0.235}},{"type":"Feature","geometry":{"type":"LineString","coordinates":[[37.8152538,55.6485657],[37.815144,55.6485661],[37.8151121,55.6472451],[37.8150534,55.6453406],[37.8150525,55.6453098],[37.8150518,55.6450832]]},"properties":{"layer":"1","location":"overhead","man_made":"pipeline","_source":"candidate","_class":"pipe_untagged","_osm_id":"way/48684266","_district":"район Капотня","_length_km":0.395}},{"type":"Feature","geometry":{"type":"LineString","coordinates":[[37.8105467,55.6453132],[37.8105456,55.6455573],[37.8106261,55.6455561],[37.8106257,55.6456302],[37.8105452,55.6456313],[37.81054,55.6467388],[37.8106056,55.6467394],[37.8106054,55.6467934],[37.8105398,55.6467928],[37.8105345,55.6479296],[37.8106329,55.6479303],[37.8106326,55.6480008],[37.8105341,55.6480001],[37.8105302,55.6488383],[37.8105301,55.6488593],[37.8111231,55.6492002],[37.8110654,55.6492335],[37.8100098,55.6492463],[37.8100302,55.6497112]]},"properties":{"layer":"1","location":"overhead","man_made":"pipeline","_source":"candidate","_class":"pipe_untagged","_osm_id":"way/48684268","_district":"район Капотня","_length_km":0.602}},{"type":"Feature","geometry":{"type":"LineString","coordinates":[[37.8117247,55.6472752],[37.8151121,55.6472451]]},"properties":{"layer":"1","location":"overhead","man_made":"pipeline","_source":"candidate","_class":"pipe_untagged","_osm_id":"way/48684269","_district":"район Капотня","_length_km":0.213}},{"type":"Feature","geometry":{"type":"LineString","coordinates":[[37.8067558,55.6453066],[37.8067559,55.64612]]},"properties":{"layer":"1","location":"overhead","man_made":"pipeline","_source":"candidate","_class":"pipe_untagged","_osm_id":"way/48684271","_district":"район Капотня","_length_km":0.091}},{"type":"Feature","geometry":{"type":"LineString","coordinates":[[37.8149844,55.6450834],[37.8149808,55.6449794],[37.8149134,55.6449814],[37.8149144,55.6446891],[37.8149803,55.6446889],[37.8149806,55.6445988],[37.8149147,55.644599],[37.8149158,55.6442448],[37.8149803,55.6442456],[37.8149806,55.6441595],[37.8149161,55.6441587],[37.814917,55.6438925],[37.8152468,55.6438925],[37.8152504,55.6437418]]},"properties":{"layer":"1","location":"overhead","man_made":"pipeline","_source":"candidate","_class":"pipe_untagged","_osm_id":"way/48684274","_district":"район Капотня","_length_km":0.191}},{"type":"Feature","geometry":{"type":"LineString","coordinates":[[37.8150525,55.6453098],[37.8115409,55.6453124],[37.8105467,55.6453132],[37.810155,55.6453135],[37.810155,55.6452866],[37.8081459,55.6453024],[37.8067558,55.6453066],[37.8053634,55.6453108]]},"properties":{"layer":"1","location":"overhead","man_made":"pipeline","_source":"candidate","_class":"pipe_untagged","_osm_id":"way/48684276","_district":"район Капотня","_length_km":0.613}},{"type":"Feature","geometry":{"type":"LineString","coordinates":[[37.8149524,55.6558357],[37.815102,55.6556141],[37.8153176,55.6556589],[37.8161263,55.6545287],[37.8159022,55.6544663],[37.8160582,55.6542694],[37.8162881,55.654319],[37.8169776,55.6533568],[37.8167478,55.6532992],[37.8169095,55.6531007],[37.8171081,55.6531503],[37.8174685,55.6526492],[37.8175281,55.6517799],[37.8171791,55.6517895],[37.8171422,55.65072],[37.8174231,55.6507184],[37.8174231,55.6496136],[37.8194605,55.6496296],[37.8194775,55.6486706],[37.8199798,55.648701],[37.8202578,55.6481774],[37.820255,55.6474633],[37.8199003,55.6474617],[37.8199481,55.6465823],[37.8201849,55.6465852],[37.8201906,55.6463675],[37.8199538,55.6463645],[37.8199592,55.6453126],[37.8199599,55.6451687],[37.820218,55.645174],[37.8202109,55.6449598],[37.8199697,55.6449538],[37.8199839,55.6442773],[37.8204308,55.6442893],[37.8204166,55.6437548],[37.8202745,55.6431941]]},"properties":{"layer":"1","location":"overhead","man_made":"pipeline","_source":"candidate","_class":"pipe_untagged","_osm_id":"way/48684277","_district":"район Капотня","_length_km":1.836}},{"type":"Feature","geometry":{"type":"LineString","coordinates":[[37.8098152,55.6451008],[37.8098141,55.6456919],[37.8097108,55.645691],[37.8097106,55.6458036],[37.8098138,55.6458045],[37.8098125,55.6465019],[37.8096938,55.6465004],[37.8096936,55.6466099],[37.8098123,55.6466113],[37.809811,55.6472812],[37.8098104,55.6475527],[37.8098103,55.6476058],[37.8097006,55.6476066],[37.8097003,55.6477567],[37.80981,55.647756],[37.8098086,55.6484875],[37.810668,55.6484875],[37.8106671,55.6485354],[37.8109225,55.6485354],[37.8109234,55.6484875],[37.811686,55.6484875],[37.811686,55.6485696],[37.8129168,55.6485954],[37.812921,55.6485508],[37.8130772,55.6485541],[37.8130729,55.6485987],[37.8145045,55.6486282],[37.8144976,55.6487963],[37.815233,55.648808],[37.8152538,55.6485657],[37.8164992,55.6485512],[37.8165035,55.6486241],[37.8166524,55.6486223],[37.8166481,55.6485495],[37.8176092,55.6485383],[37.8176049,55.6481809],[37.8176292,55.647548],[37.8174904,55.6475488],[37.8174892,55.6474447],[37.817628,55.6474439],[37.8176019,55.6464552],[37.8176988,55.6464542],[37.8176976,55.6463601],[37.8176008,55.6463611],[37.8175873,55.6455203],[37.8175865,55.6453426],[37.8175854,55.6450727]]},"properties":{"layer":"2","location":"overhead","man_made":"pipeline","_source":"candidate","_class":"pipe_untagged","_osm_id":"way/48684278","_district":"район Капотня","_length_km":1.417}},{"type":"Feature","geometry":{"type":"LineString","coordinates":[[37.8202743,55.6450749],[37.8202771,55.6454525],[37.8202225,55.6454521],[37.8202231,55.6455271],[37.8202777,55.6455275],[37.8202812,55.6460099],[37.8202817,55.6460754],[37.8202225,55.6460765],[37.820223,55.646144],[37.8202822,55.646143],[37.8202903,55.6472218],[37.8200547,55.6472314],[37.8200563,55.647336],[37.8200689,55.6481889],[37.8187097,55.6481845],[37.8187096,55.6482194],[37.8185989,55.648219],[37.818599,55.6481841],[37.8176049,55.6481809]]},"properties":{"layer":"2","location":"overhead","man_made":"pipeline","_source":"candidate","_class":"pipe_untagged","_osm_id":"way/48684279","_district":"район Капотня","_length_km":0.538}},{"type":"Feature","geometry":{"type":"LineString","coordinates":[[37.8202743,55.6450749],[37.8185846,55.6450748],[37.8185833,55.6450049],[37.8184627,55.6450049],[37.818464,55.6450748],[37.8175854,55.6450727],[37.8166019,55.645078],[37.8166025,55.6450127],[37.8163825,55.6450134],[37.8163819,55.6450787],[37.8150518,55.6450832],[37.8149844,55.6450834],[37.8141509,55.6450862],[37.8141505,55.6450319],[37.8139092,55.6450327],[37.8139096,55.645087],[37.8121894,55.6450928],[37.8121902,55.6450319],[37.8119206,55.6450328],[37.8119198,55.6450937],[37.810537,55.6450983],[37.8098152,55.6451008],[37.809703,55.6451014],[37.8097006,55.6450473],[37.8095091,55.6450484],[37.8095115,55.6451025],[37.8074366,55.6451141],[37.8074364,55.6450628],[37.807259,55.6450638],[37.8072591,55.645115],[37.8052054,55.6451265],[37.8052029,55.6450782],[37.8050363,55.6450791],[37.8050388,55.6451274],[37.8034082,55.6451366],[37.8031234,55.6451381],[37.8031231,55.6450782],[37.8029671,55.6450791],[37.8029674,55.645139],[37.8027222,55.6451404],[37.8026824,55.6451406],[37.8026861,55.645604],[37.8025152,55.6456062],[37.8025161,55.6457163],[37.8026869,55.6457141],[37.8026903,55.6461344],[37.8026931,55.6464967],[37.8025152,55.6464966],[37.8025163,55.6466327],[37.8026942,55.6466328],[37.802703,55.6477436],[37.8025392,55.6477453],[37.80254,55.6478554],[37.8027039,55.6478537],[37.8027071,55.6482655],[37.802713,55.6490025],[37.8025562,55.6490018],[37.8025572,55.6491298],[37.802714,55.6491306],[37.8027203,55.6499292],[37.8025528,55.6499306],[37.8025539,55.6500647],[37.8027213,55.6500633],[37.8027247,55.650487],[37.8027269,55.6507697],[37.8025631,55.6507707],[37.8025648,55.6509048],[37.8027287,55.6509038],[37.8027651,55.6515243],[37.8025801,55.6515261],[37.8025815,55.6516341],[37.8027665,55.6516323],[37.8027766,55.6524145],[37.8044947,55.652402],[37.8045168,55.6534183],[37.8057446,55.653413],[37.8057459,55.6534683],[37.8059269,55.6534675],[37.8059255,55.6534122],[37.8072131,55.6534066],[37.8072144,55.6534606],[37.8073917,55.6534598],[37.8073903,55.6534059],[37.8086401,55.6534004],[37.8086419,55.6534567],[37.8088526,55.6534558],[37.8088508,55.6533995],[37.8099728,55.6533947],[37.8099738,55.6534503],[37.8101289,55.6534495],[37.8101279,55.6533939],[37.8112848,55.6533889],[37.8114188,55.6533884],[37.8114184,55.6533334],[37.8115615,55.6533328],[37.8115619,55.6533877],[37.8119809,55.6533859],[37.812636,55.6533832],[37.8126376,55.6534413],[37.8128371,55.6534405],[37.8128355,55.6533823],[37.8146368,55.6533745],[37.8146101,55.6519187],[37.8158884,55.6519311]]},"properties":{"layer":"2","location":"overhead","man_made":"pipeline","_source":"candidate","_class":"pipe_untagged","_osm_id":"way/48684280","_district":"район Капотня","_length_km":3.346}},{"type":"Feature","geometry":{"type":"LineString","coordinates":[[37.8002798,55.6460433],[37.8002891,55.6457169]]},"properties":{"layer":"1","location":"overhead","man_made":"pipeline","_source":"candidate","_class":"pipe_untagged","_osm_id":"way/48684281","_district":"район Капотня","_length_km":0.036}},{"type":"Feature","geometry":{"type":"LineString","coordinates":[[37.8146744,55.6563331],[37.8149524,55.6558357]]},"properties":{"location":"overground","man_made":"pipeline","_source":"candidate","_class":"pipe_untagged","_osm_id":"way/48684282","_district":"район Капотня","_length_km":0.058}},{"type":"Feature","geometry":{"type":"LineString","coordinates":[[37.8010397,55.6460451],[37.8010398,55.6457377]]},"properties":{"layer":"1","location":"overhead","man_made":"pipeline","_source":"candidate","_class":"pipe_untagged","_osm_id":"way/48684284","_district":"район Капотня","_length_km":0.034}},{"type":"Feature","geometry":{"type":"LineString","coordinates":[[37.8167632,55.6410106],[37.8167478,55.6405005]]},"properties":{"layer":"-1","location":"underground","man_made":"pipeline","_source":"candidate","_class":"pipe_untagged","_osm_id":"way/48684288","_district":"район Капотня","_length_km":0.057}},{"type":"Feature","geometry":{"type":"LineString","coordinates":[[37.8027222,55.6451404],[37.8027164,55.644675],[37.8024743,55.6446773],[37.8024724,55.6445318],[37.8027145,55.6445295],[37.8027126,55.6443735],[37.8027084,55.6440436],[37.8026945,55.6429286],[37.8030491,55.6429234],[37.8030399,55.6426063],[37.8029293,55.6426089],[37.8029109,55.6420138],[37.8031596,55.642006],[37.8031504,55.641546]]},"properties":{"layer":"1","location":"overhead","man_made":"pipeline","_source":"candidate","_class":"pipe_untagged","_osm_id":"way/48684294","_district":"район Капотня","_length_km":0.475}},{"type":"Feature","geometry":{"type":"LineString","coordinates":[[37.8027084,55.6440436],[37.803376,55.6440461],[37.8034082,55.6451366]]},"properties":{"layer":"1","location":"overhead","man_made":"pipeline","_source":"candidate","_class":"pipe_untagged","_osm_id":"way/48684327","_district":"район Капотня","_length_km":0.163}},{"type":"Feature","geometry":{"type":"LineString","coordinates":[[37.8027126,55.6443735],[37.8003458,55.644384],[37.8003198,55.6437652],[37.8003136,55.6436173]]},"properties":{"layer":"1","location":"overhead","man_made":"pipeline","_source":"candidate","_class":"pipe_untagged","_osm_id":"way/48684328","_district":"район Капотня","_length_km":0.234}},{"type":"Feature","geometry":{"type":"LineString","coordinates":[[37.8003198,55.6437652],[37.799563,55.6437472]]},"properties":{"layer":"1","location":"overhead","man_made":"pipeline","_source":"candidate","_class":"pipe_untagged","_osm_id":"way/48684331","_district":"район Капотня","_length_km":0.048}},{"type":"Feature","geometry":{"type":"LineString","coordinates":[[37.810537,55.6450983],[37.8105242,55.6440903],[37.8106295,55.6440914],[37.8106287,55.6440265],[37.8105234,55.6440254],[37.8105197,55.6437342],[37.8105135,55.6432431],[37.8106329,55.6432434],[37.8106322,55.6431862],[37.8105127,55.6431859],[37.8105048,55.6425596],[37.8105324,55.6414082]]},"properties":{"layer":"1","location":"overhead","man_made":"pipeline","_source":"candidate","_class":"pipe_untagged","_osm_id":"way/48684347","_district":"район Капотня","_length_km":0.439}},{"type":"Feature","geometry":{"type":"LineString","coordinates":[[37.8105197,55.6437342],[37.8125817,55.6437291],[37.812579,55.6434717],[37.8125635,55.6419748],[37.8125587,55.641507]]},"properties":{"layer":"1","location":"overhead","man_made":"pipeline","_source":"candidate","_class":"pipe_untagged","_osm_id":"way/48684348","_district":"район Капотня","_length_km":0.377}},{"type":"Feature","geometry":{"type":"LineString","coordinates":[[37.8081459,55.6453024],[37.8081205,55.6447253],[37.8081113,55.6445244],[37.807945,55.6445244]]},"properties":{"layer":"1","location":"overhead","man_made":"pipeline","_source":"candidate","_class":"pipe_untagged","_osm_id":"way/48684367","_district":"район Капотня","_length_km":0.097}},{"type":"Feature","geometry":{"type":"LineString","coordinates":[[37.8079312,55.6447238],[37.8081205,55.6447253]]},"properties":{"layer":"1","location":"overhead","man_made":"pipeline","_source":"candidate","_class":"pipe_untagged","_osm_id":"way/48684371","_district":"район Капотня","_length_km":0.012}},{"type":"Feature","geometry":{"type":"LineString","coordinates":[[37.8125635,55.6419748],[37.8141843,55.6419644]]},"properties":{"layer":"1","location":"overhead","man_made":"pipeline","_source":"candidate","_class":"pipe_untagged","_osm_id":"way/48684378","_district":"район Капотня","_length_km":0.102}},{"type":"Feature","geometry":{"type":"LineString","coordinates":[[37.812579,55.6434717],[37.8138067,55.6434666]]},"properties":{"layer":"1","location":"overhead","man_made":"pipeline","_source":"candidate","_class":"pipe_untagged","_osm_id":"way/48684389","_district":"район Капотня","_length_km":0.077}},{"type":"Feature","geometry":{"type":"LineString","coordinates":[[37.8115409,55.6453124],[37.8115225,55.6445685],[37.8140461,55.6445555],[37.8140369,55.6442072]]},"properties":{"layer":"1","location":"overhead","man_made":"pipeline","_source":"candidate","_class":"pipe_untagged","_osm_id":"way/48684391","_district":"район Капотня","_length_km":0.281}},{"type":"Feature","geometry":{"type":"LineString","coordinates":[[37.7956162,55.6505419],[37.7956083,55.6520071],[37.7939678,55.6519996],[37.7934978,55.6520046]]},"properties":{"layer":"1","location":"overhead","man_made":"pipeline","_source":"candidate","_class":"pipe_untagged","_osm_id":"way/48684405","_district":"район Капотня","_length_km":0.296}},{"type":"Feature","geometry":{"type":"LineString","coordinates":[[37.8105444,55.6515088],[37.81054,55.6509148],[37.8137588,55.6508998],[37.813883,55.6508322],[37.8140781,55.6508272]]},"properties":{"layer":"1","location":"overhead","man_made":"pipeline","_source":"candidate","_class":"pipe_untagged","_osm_id":"way/48684406","_district":"район Капотня","_length_km":0.292}},{"type":"Feature","geometry":{"type":"LineString","coordinates":[[37.8027071,55.6482655],[37.8020583,55.6482664],[37.8020591,55.6483193],[37.8018595,55.6483196],[37.8018588,55.6482667],[37.8010563,55.6482679],[37.8010564,55.648327],[37.8008658,55.6483273],[37.8008656,55.6482682],[37.7998281,55.6482697],[37.799829,55.648327],[37.7996295,55.6483273],[37.7996286,55.64827],[37.7993295,55.6482705],[37.7993367,55.6484506],[37.7994378,55.6484487],[37.7994382,55.6485663],[37.7993372,55.6485682],[37.7993391,55.6490635],[37.7994344,55.6490622],[37.7994348,55.6491598],[37.7993395,55.6491611],[37.799343,55.6500167],[37.7994583,55.6500172],[37.7994587,55.6501348],[37.7993434,55.6501343],[37.7993446,55.650432],[37.7973025,55.6504338],[37.7972984,55.6503819],[37.7969595,55.6503819],[37.7968487,55.6505646],[37.7969152,55.6516178],[37.7969064,55.6546295],[37.7972868,55.6546268],[37.8047318,55.6546321]]},"properties":{"layer":"1","location":"overhead","man_made":"pipeline","_source":"candidate","_class":"pipe_untagged","_osm_id":"way/48684407","_district":"район Капотня","_length_km":1.653}},{"type":"Feature","geometry":{"type":"LineString","coordinates":[[37.8112848,55.6533889],[37.8112671,55.6528885],[37.8110676,55.6528911],[37.8110454,55.651988],[37.8102872,55.6519855],[37.8102749,55.6515102],[37.810257,55.6508197],[37.8102473,55.6504445],[37.8115154,55.6504445],[37.8115154,55.6499216]]},"properties":{"layer":"1","location":"overhead","man_made":"pipeline","_source":"candidate","_class":"pipe_untagged","_osm_id":"way/48684411","_district":"район Капотня","_length_km":0.526}},{"type":"Feature","geometry":{"type":"LineString","coordinates":[[37.8113982,55.6547533],[37.8111522,55.6547544],[37.8103357,55.6547575],[37.8103365,55.6548013],[37.810137,55.6548021],[37.8101362,55.6547583],[37.8068251,55.6547841],[37.8068256,55.6548445],[37.8066127,55.6548453],[37.8066122,55.654785],[37.8051809,55.654778],[37.8051817,55.6548356],[37.8049911,55.6548363],[37.8049903,55.6547812],[37.8035437,55.6547638],[37.8035454,55.6548204],[37.8033768,55.6548209],[37.8033752,55.6547643],[37.8018528,55.6547646],[37.8018518,55.6548163],[37.8016789,55.6548168],[37.8016799,55.6547651],[37.8000983,55.6547681],[37.800098,55.6548149],[37.7998763,55.6548155],[37.7998766,55.6547687],[37.7973011,55.6547966]]},"properties":{"layer":"1","location":"overhead","man_made":"pipeline","_source":"candidate","_class":"pipe_untagged","_osm_id":"way/48684412","_district":"район Капотня","_length_km":0.958}},{"type":"Feature","geometry":{"type":"LineString","coordinates":[[37.7981194,55.649197],[37.7981149,55.6481843],[37.798979,55.6481831]]},"properties":{"man_made":"pipeline","_source":"candidate","_class":"pipe_untagged","_osm_id":"way/48684415","_district":"район Капотня","_length_km":0.167}},{"type":"Feature","geometry":{"type":"LineString","coordinates":[[37.8027247,55.650487],[37.7972122,55.6504945]]},"properties":{"layer":"1","location":"overhead","man_made":"pipeline","_source":"candidate","_class":"pipe_untagged","_osm_id":"way/48684418","_district":"район Капотня","_length_km":0.347}},{"type":"Feature","geometry":{"type":"LineString","coordinates":[[37.8023074,55.6461682],[37.8014631,55.6461604],[37.8014677,55.646046],[37.8010397,55.6460451],[37.8002798,55.6460433],[37.7997617,55.6460421],[37.7997592,55.6461292]]},"properties":{"layer":"1","location":"overhead","man_made":"pipeline","_source":"candidate","_class":"pipe_untagged","_osm_id":"way/48684442","_district":"район Капотня","_length_km":0.183}},{"type":"Feature","geometry":{"type":"LineString","coordinates":[[37.7992618,55.6463085],[37.7992664,55.646124],[37.7997592,55.6461292],[37.7997592,55.6462747],[37.8005605,55.6462799],[37.8005743,55.6465294],[37.8023242,55.646519],[37.8023074,55.6461682],[37.8023058,55.6461344],[37.8026903,55.6461344]]},"properties":{"layer":"1","location":"overhead","man_made":"pipeline","_source":"candidate","_class":"pipe_untagged","_osm_id":"way/48684443","_district":"район Капотня","_length_km":0.323}},{"type":"Feature","geometry":{"type":"LineString","coordinates":[[37.7992948,55.6472267],[37.799288,55.647039]]},"properties":{"layer":"1","location":"overhead","man_made":"pipeline","_source":"candidate","_class":"pipe_untagged","_osm_id":"way/48684445","_district":"район Капотня","_length_km":0.021}},{"type":"Feature","geometry":{"type":"LineString","coordinates":[[37.799288,55.647039],[37.7992618,55.6463085]]},"properties":{"man_made":"pipeline","_source":"candidate","_class":"pipe_untagged","_osm_id":"way/48684449","_district":"район Капотня","_length_km":0.081}},{"type":"Feature","geometry":{"type":"LineString","coordinates":[[37.798979,55.6481831],[37.7993291,55.6481826]]},"properties":{"layer":"1","location":"overhead","man_made":"pipeline","_source":"candidate","_class":"pipe_untagged","_osm_id":"way/48684452","_district":"район Капотня","_length_km":0.022}},{"type":"Feature","geometry":{"type":"LineString","coordinates":[[37.7993291,55.6481826],[37.7993295,55.6482705]]},"properties":{"man_made":"pipeline","_source":"candidate","_class":"pipe_untagged","_osm_id":"way/48684453","_district":"район Капотня","_length_km":0.01}},{"type":"Feature","geometry":{"type":"LineString","coordinates":[[37.7993291,55.6481826],[37.7992948,55.6472267]]},"properties":{"man_made":"pipeline","_source":"candidate","_class":"pipe_untagged","_osm_id":"way/48684456","_district":"район Капотня","_length_km":0.106}},{"type":"Feature","geometry":{"type":"LineString","coordinates":[[37.7939678,55.6519996],[37.7939678,55.6521797],[37.794123,55.6522498],[37.7941363,55.65267]]},"properties":{"layer":"1","location":"overhead","man_made":"pipeline","_source":"candidate","_class":"pipe_untagged","_osm_id":"way/48684496","_district":"район Капотня","_length_km":0.079}},{"type":"Feature","geometry":{"type":"LineString","coordinates":[[37.7963997,55.6520171],[37.7956083,55.6520071]]},"properties":{"layer":"1","location":"overhead","man_made":"pipeline","_source":"candidate","_class":"pipe_untagged","_osm_id":"way/48684497","_district":"район Капотня","_length_km":0.05}},{"type":"Feature","geometry":{"type":"LineString","coordinates":[[37.7956083,55.6520071],[37.795626,55.6523748],[37.795094,55.6523874],[37.7951028,55.6526475]]},"properties":{"layer":"1","location":"overhead","man_made":"pipeline","_source":"candidate","_class":"pipe_untagged","_osm_id":"way/48684498","_district":"район Капотня","_length_km":0.103}},{"type":"Feature","geometry":{"type":"LineString","coordinates":[[37.8098104,55.6475527],[37.8085849,55.6475598],[37.8085873,55.6476259],[37.8084266,55.6476268],[37.8084242,55.6475607],[37.8060188,55.6475746],[37.8059357,55.6481906],[37.8047552,55.6481906]]},"properties":{"layer":"1","location":"overhead","man_made":"pipeline","_source":"candidate","_class":"pipe_untagged","_osm_id":"way/48684576","_district":"район Капотня","_length_km":0.397}},{"type":"Feature","geometry":{"type":"LineString","coordinates":[[37.8105302,55.6488383],[37.8088569,55.6488239],[37.8088515,55.6489059],[37.8087577,55.6489038]]},"properties":{"layer":"1","location":"overhead","man_made":"pipeline","_source":"candidate","_class":"pipe_untagged","_osm_id":"way/48684579","_district":"район Капотня","_length_km":0.12}},{"type":"Feature","geometry":{"type":"LineString","coordinates":[[37.809811,55.6472812],[37.8117247,55.6472752],[37.8117141,55.6478055],[37.8120049,55.6478055]]},"properties":{"layer":"1","location":"overhead","man_made":"pipeline","_source":"candidate","_class":"pipe_untagged","_osm_id":"way/48684617","_district":"район Капотня","_length_km":0.198}},{"type":"Feature","geometry":{"type":"LineString","coordinates":[[37.810257,55.6508197],[37.8096518,55.6508249]]},"properties":{"layer":"1","location":"overhead","man_made":"pipeline","_source":"candidate","_class":"pipe_untagged","_osm_id":"way/48684624","_district":"район Капотня","_length_km":0.038}},{"type":"Feature","geometry":{"type":"LineString","coordinates":[[37.8102749,55.6515102],[37.8105444,55.6515088],[37.8141002,55.6514902]]},"properties":{"layer":"1","location":"overhead","man_made":"pipeline","_source":"candidate","_class":"pipe_untagged","_osm_id":"way/48684660","_district":"район Капотня","_length_km":0.241}},{"type":"Feature","geometry":{"type":"LineString","coordinates":[[37.8199592,55.6453126],[37.8210964,55.6453008]]},"properties":{"man_made":"pipeline","_source":"candidate","_class":"pipe_untagged","_osm_id":"way/48684683","_district":"район Капотня","_length_km":0.072}},{"type":"Feature","geometry":{"type":"LineString","coordinates":[[37.8185795,55.6412717],[37.8179885,55.6412776]]},"properties":{"layer":"-1","location":"underground","man_made":"pipeline","_source":"candidate","_class":"pipe_untagged","_osm_id":"way/48684687","_district":"район Капотня","_length_km":0.037}},{"type":"Feature","geometry":{"type":"LineString","coordinates":[[37.8193642,55.6435161],[37.8202172,55.6435482],[37.8202243,55.6443609],[37.8202703,55.6443613],[37.8202716,55.6445616],[37.8201826,55.6445619],[37.8201796,55.644932],[37.8202732,55.6449336],[37.8202743,55.6450749]]},"properties":{"layer":"2","location":"overhead","man_made":"pipeline","_source":"candidate","_class":"pipe_untagged","_osm_id":"way/48684704","_district":"район Капотня","_length_km":0.238}},{"type":"Feature","geometry":{"type":"LineString","coordinates":[[37.8150534,55.6453406],[37.8175865,55.6453426],[37.8199592,55.6453126]]},"properties":{"layer":"1","location":"overhead","man_made":"pipeline","_source":"candidate","_class":"pipe_untagged","_osm_id":"way/48684708","_district":"район Капотня","_length_km":0.309}},{"type":"Feature","geometry":{"type":"LineString","coordinates":[[37.8210964,55.6453008],[37.8213359,55.6452984]]},"properties":{"layer":"1","location":"overhead","man_made":"pipeline","_source":"candidate","_class":"pipe_untagged","_osm_id":"way/48684711","_district":"район Капотня","_length_km":0.015}},{"type":"Feature","geometry":{"type":"LineString","coordinates":[[37.8238942,55.6438444],[37.8249312,55.6433385]]},"properties":{"layer":"1","location":"overground","man_made":"pipeline","_source":"candidate","_class":"pipe_untagged","_osm_id":"way/48684712","_district":"район Капотня","_length_km":0.086}},{"type":"Feature","geometry":{"type":"LineString","coordinates":[[37.8292919,55.6478443],[37.826536,55.646057]]},"properties":{"layer":"-1","location":"underground","man_made":"pipeline","tunnel":"yes","_source":"candidate","_class":"pipe_untagged","_osm_id":"way/48684713","_district":"район Капотня","_length_km":0.264}},{"type":"Feature","geometry":{"type":"LineString","coordinates":[[37.8242808,55.6448427],[37.8245205,55.6447295],[37.8234913,55.6440458],[37.8238942,55.6438444]]},"properties":{"man_made":"pipeline","_source":"candidate","_class":"pipe_untagged","_osm_id":"way/48684714","_district":"район Капотня","_length_km":0.153}},{"type":"Feature","geometry":{"type":"LineString","coordinates":[[37.8258139,55.6485771],[37.8267537,55.6485771]]},"properties":{"layer":"1","location":"overhead","man_made":"pipeline","_source":"candidate","_class":"pipe_untagged","_osm_id":"way/48684715","_district":"район Капотня","_length_km":0.059}},{"type":"Feature","geometry":{"type":"LineString","coordinates":[[37.8257873,55.6477074],[37.825805,55.6477376],[37.825814,55.6479746],[37.8258139,55.6485771],[37.8258138,55.6490054],[37.8258138,55.6490454],[37.8274134,55.6490574]]},"properties":{"layer":"1","location":"overhead","man_made":"pipeline","_source":"candidate","_class":"pipe_untagged","_osm_id":"way/48684718","_district":"район Капотня","_length_km":0.25}},{"type":"Feature","geometry":{"type":"LineString","coordinates":[[37.8249892,55.648019],[37.8242044,55.6480515],[37.8242275,55.6475642],[37.8240076,55.6474861],[37.8213491,55.6474461],[37.8213491,55.6473335],[37.8200563,55.647336]]},"properties":{"layer":"1","location":"overhead","man_made":"pipeline","_source":"candidate","_class":"pipe_untagged","_osm_id":"way/48684723","_district":"район Капотня","_length_km":0.382}},{"type":"Feature","geometry":{"type":"LineString","coordinates":[[37.8248288,55.6485664],[37.8249991,55.6485676],[37.8249892,55.648019],[37.825814,55.6479746]]},"properties":{"layer":"1","location":"overhead","man_made":"pipeline","_source":"candidate","_class":"pipe_untagged","_osm_id":"way/48684724","_district":"район Капотня","_length_km":0.124}},{"type":"Feature","geometry":{"type":"LineString","coordinates":[[37.8202812,55.6460099],[37.8209503,55.6460067]]},"properties":{"layer":"1","location":"overhead","man_made":"pipeline","_source":"candidate","_class":"pipe_untagged","_osm_id":"way/48684726","_district":"район Капотня","_length_km":0.042}},{"type":"Feature","geometry":{"type":"LineString","coordinates":[[37.8184451,55.646139],[37.8191738,55.646137]]},"properties":{"layer":"1","location":"overhead","man_made":"pipeline","_source":"candidate","_class":"pipe_untagged","_osm_id":"way/48684754","_district":"район Капотня","_length_km":0.046}},{"type":"Feature","geometry":{"type":"LineString","coordinates":[[37.8184433,55.6458708],[37.819141,55.6458685]]},"properties":{"layer":"1","location":"overhead","man_made":"pipeline","_source":"candidate","_class":"pipe_untagged","_osm_id":"way/48684755","_district":"район Капотня","_length_km":0.044}},{"type":"Feature","geometry":{"type":"LineString","coordinates":[[37.8230983,55.645951],[37.8232215,55.6460318]]},"properties":{"layer":"1","location":"overhead","man_made":"pipeline","_source":"candidate","_class":"pipe_untagged","_osm_id":"way/48684773","_district":"район Капотня","_length_km":0.012}},{"type":"Feature","geometry":{"type":"LineString","coordinates":[[37.8243448,55.6467688],[37.8257873,55.6477074]]},"properties":{"man_made":"pipeline","_source":"candidate","_class":"pipe_untagged","_osm_id":"way/48684774","_district":"район Капотня","_length_km":0.138}},{"type":"Feature","geometry":{"type":"LineString","coordinates":[[37.8241949,55.6466704],[37.8242828,55.6467281],[37.8243448,55.6467688]]},"properties":{"layer":"1","location":"overhead","man_made":"pipeline","_source":"candidate","_class":"pipe_untagged","_osm_id":"way/48684780","_district":"район Капотня","_length_km":0.014}},{"type":"Feature","geometry":{"type":"LineString","coordinates":[[37.8232215,55.6460318],[37.8241949,55.6466704]]},"properties":{"man_made":"pipeline","_source":"candidate","_class":"pipe_untagged","_osm_id":"way/48684781","_district":"район Капотня","_length_km":0.094}},{"type":"Feature","geometry":{"type":"LineString","coordinates":[[37.8251264,55.6477376],[37.825805,55.6477376]]},"properties":{"layer":"1","location":"overhead","man_made":"pipeline","_source":"candidate","_class":"pipe_untagged","_osm_id":"way/48684786","_district":"район Капотня","_length_km":0.043}},{"type":"Feature","geometry":{"type":"LineString","coordinates":[[37.8258138,55.6490054],[37.8248088,55.6490154]]},"properties":{"layer":"1","location":"overhead","man_made":"pipeline","_source":"candidate","_class":"pipe_untagged","_osm_id":"way/48684793","_district":"район Капотня","_length_km":0.063}},{"type":"Feature","geometry":{"type":"LineString","coordinates":[[37.8158884,55.6519311],[37.8161921,55.6519321],[37.8161901,55.6519727],[37.8162952,55.6519731],[37.8162971,55.6519325],[37.8173299,55.6519359],[37.8173327,55.6521809],[37.8175938,55.6521841],[37.8175853,55.6524979],[37.8181314,55.6525904]]},"properties":{"layer":"2","location":"overhead","man_made":"pipeline","_source":"candidate","_class":"pipe_untagged","_osm_id":"way/48684812","_district":"район Капотня","_length_km":0.214}},{"type":"Feature","geometry":{"type":"LineString","coordinates":[[37.8126428,55.6575303],[37.8127617,55.6572824]]},"properties":{"layer":"1","location":"overhead","man_made":"pipeline","_source":"candidate","_class":"pipe_untagged","_osm_id":"way/48684832","_district":"район Люблино","_length_km":0.029}},{"type":"Feature","geometry":{"type":"LineString","coordinates":[[37.8127617,55.6572824],[37.8130248,55.6568551],[37.8138912,55.6568496]]},"properties":{"location":"overground","man_made":"pipeline","_source":"candidate","_class":"pipe_untagged","_osm_id":"way/48684833","_district":"район Капотня","_length_km":0.105}},{"type":"Feature","geometry":{"type":"LineString","coordinates":[[37.8125103,55.6578449],[37.8126428,55.6575303]]},"properties":{"location":"overground","man_made":"pipeline","_source":"candidate","_class":"pipe_untagged","_osm_id":"way/48684834","_district":"район Люблино","_length_km":0.036}},{"type":"Feature","geometry":{"type":"LineString","coordinates":[[37.8114524,55.66023],[37.8114188,55.6601628],[37.811643,55.6597741],[37.81141,55.6597336],[37.8117616,55.6590488],[37.8119728,55.6586375],[37.8121433,55.6586574],[37.8124411,55.6580098]]},"properties":{"location":"overground","man_made":"pipeline","_source":"candidate","_class":"pipe_untagged","_osm_id":"way/48684835","_district":"район Люблино","_length_km":0.281}},{"type":"Feature","geometry":{"type":"LineString","coordinates":[[37.8140935,55.6568424],[37.8141841,55.6568392]]},"properties":{"man_made":"pipeline","_source":"candidate","_class":"pipe_untagged","_osm_id":"way/48684839","_district":"район Капотня","_length_km":0.006}},{"type":"Feature","geometry":{"type":"LineString","coordinates":[[37.8124411,55.6580098],[37.8125103,55.6578449]]},"properties":{"layer":"1","location":"overhead","man_made":"pipeline","_source":"candidate","_class":"pipe_untagged","_osm_id":"way/48684840","_district":"район Люблино","_length_km":0.019}},{"type":"Feature","geometry":{"type":"LineString","coordinates":[[37.7715446,55.7342981],[37.7719995,55.734264],[37.7725002,55.7342224],[37.7725409,55.7338268],[37.772394,55.7337461]]},"properties":{"man_made":"pipeline","pipeline":"water","_source":"candidate","_class":"pipe_untagged","_osm_id":"way/488029488","_district":"район Вешняки","_length_km":0.118}},{"type":"Feature","geometry":{"type":"LineString","coordinates":[[37.7715428,55.7342772],[37.7724613,55.7341995],[37.772509,55.7338378],[37.7723781,55.7337641]]},"properties":{"man_made":"pipeline","pipeline":"water","_source":"candidate","_class":"pipe_untagged","_osm_id":"way/488029489","_district":"район Вешняки","_length_km":0.11}},{"type":"Feature","geometry":{"type":"LineString","coordinates":[[37.7715322,55.7342543],[37.7724117,55.7341786],[37.772456,55.7338518],[37.7723551,55.733792]]},"properties":{"man_made":"pipeline","pipeline":"water","_source":"candidate","_class":"pipe_untagged","_osm_id":"way/488029490","_district":"район Вешняки","_length_km":0.102}},{"type":"Feature","geometry":{"type":"LineString","coordinates":[[37.7721977,55.7339515],[37.7722024,55.7339985],[37.772259,55.7339967],[37.7722542,55.7339497],[37.7721977,55.7339515]]},"properties":{"area":"yes","man_made":"pipeline","pipeline":"valve_group","_source":"candidate","_class":"pipe_untagged","_osm_id":"way/488029491","_district":"район Вешняки","_length_km":0.018}},{"type":"Feature","geometry":{"type":"LineString","coordinates":[[37.7830123,55.7209349],[37.7805447,55.7190979],[37.7783882,55.7165778],[37.7751589,55.7146983],[37.7713609,55.7131511],[37.7660823,55.7113499],[37.7630138,55.7112411],[37.7596879,55.7113016],[37.7568555,55.7111565],[37.752564,55.7105401],[37.7477681,55.7101592],[37.746352,55.7096998],[37.74522,55.70918],[37.744174,55.7082189],[37.7426076,55.7075419],[37.735784,55.7061939],[37.7338099,55.7058433],[37.7315487,55.7058044]]},"properties":{"layer":"-4","man_made":"pipeline","name":"Коломенка","tunnel":"culvert","waterway":"stream","_source":"candidate","_class":"pipe_untagged","_osm_id":"way/488115630","_district":"район Кузьминки","_length_km":3.877}},{"type":"Feature","geometry":{"type":"LineString","coordinates":[[37.8246132,55.6573489],[37.8245802,55.6562732],[37.8246939,55.6562755],[37.8247054,55.6556332],[37.824989,55.6556157],[37.8249766,55.6551769]]},"properties":{"layer":"1","location":"overhead","man_made":"pipeline","_source":"candidate","_class":"pipe_untagged","_osm_id":"way/48829386","_district":"район Капотня","_length_km":0.265}},{"type":"Feature","geometry":{"type":"LineString","coordinates":[[37.8111522,55.6547544],[37.8111517,55.6545622],[37.8113386,55.6544797],[37.8113249,55.6536462],[37.8119718,55.6536384],[37.8119809,55.6533859]]},"properties":{"layer":"1","location":"overhead","man_made":"pipeline","_source":"candidate","_class":"pipe_untagged","_osm_id":"way/48829392","_district":"район Капотня","_length_km":0.198}},{"type":"Feature","geometry":{"type":"LineString","coordinates":[[37.8195339,55.6419698],[37.8204141,55.6425982],[37.8202169,55.6426667],[37.8202737,55.6431265]]},"properties":{"layer":"1","location":"overground","man_made":"pipeline","_source":"candidate","_class":"pipe_untagged","_osm_id":"way/48829393","_district":"район Капотня","_length_km":0.155}},{"type":"Feature","geometry":{"type":"LineString","coordinates":[[37.8185795,55.6412717],[37.8191191,55.6416653]]},"properties":{"layer":"1","location":"overground","man_made":"pipeline","_source":"candidate","_class":"pipe_untagged","_osm_id":"way/48829394","_district":"район Капотня","_length_km":0.055}},{"type":"Feature","geometry":{"type":"LineString","coordinates":[[37.8179885,55.6412776],[37.8167705,55.6412909],[37.8167699,55.6412681]]},"properties":{"layer":"1","location":"overground","man_made":"pipeline","_source":"candidate","_class":"pipe_untagged","_osm_id":"way/48829395","_district":"район Капотня","_length_km":0.079}},{"type":"Feature","geometry":{"type":"LineString","coordinates":[[37.8167699,55.6412681],[37.8167632,55.6410106]]},"properties":{"layer":"1","location":"overhead","man_made":"pipeline","_source":"candidate","_class":"pipe_untagged","_osm_id":"way/48829396","_district":"район Капотня","_length_km":0.029}},{"type":"Feature","geometry":{"type":"LineString","coordinates":[[37.8191191,55.6416653],[37.8195339,55.6419698]]},"properties":{"layer":"-1","location":"underground","man_made":"pipeline","_source":"candidate","_class":"pipe_untagged","_osm_id":"way/48829398","_district":"район Капотня","_length_km":0.043}},{"type":"Feature","geometry":{"type":"LineString","coordinates":[[37.8249675,55.6548561],[37.8249661,55.6544448],[37.8247322,55.6544467],[37.8247249,55.6541683],[37.8248991,55.6541707],[37.8249361,55.6533007],[37.8254562,55.653305],[37.826167,55.652594],[37.8257863,55.6524399],[37.8261598,55.6521038],[37.8264957,55.6522077],[37.8270168,55.6516755],[37.8269286,55.6516378]]},"properties":{"layer":"1","location":"overhead","man_made":"pipeline","_source":"candidate","_class":"pipe_untagged","_osm_id":"way/48829415","_district":"район Капотня","_length_km":0.496}},{"type":"Feature","geometry":{"type":"LineString","coordinates":[[37.8263368,55.6513403],[37.8256681,55.6510093],[37.8266719,55.6503533],[37.8273832,55.6502077],[37.8274947,55.6503196],[37.8279521,55.6502173],[37.8278573,55.6500877],[37.8290792,55.6498068],[37.8315136,55.6493057],[37.831471,55.6492369]]},"properties":{"man_made":"pipeline","_source":"candidate","_class":"pipe_untagged","_osm_id":"way/48829416","_district":"район Капотня","_length_km":0.515}},{"type":"Feature","geometry":{"type":"LineString","coordinates":[[37.8333805,55.6487233],[37.8317464,55.6490837],[37.8319147,55.6493062],[37.8292688,55.6499329],[37.8294567,55.6501956],[37.8289237,55.6503141],[37.8283616,55.6506646],[37.8285701,55.6507842],[37.8283593,55.6509146]]},"properties":{"man_made":"pipeline","_source":"candidate","_class":"pipe_untagged","_osm_id":"way/48829417","_district":"район Капотня","_length_km":0.477}},{"type":"Feature","geometry":{"type":"LineString","coordinates":[[37.8259364,55.6521965],[37.825638,55.6524863],[37.8259928,55.6526256],[37.8253732,55.6532119]]},"properties":{"layer":"1","location":"overhead","man_made":"pipeline","_source":"candidate","_class":"pipe_untagged","_osm_id":"way/48829418","_district":"район Капотня","_length_km":0.141}},{"type":"Feature","geometry":{"type":"LineString","coordinates":[[37.831471,55.6492369],[37.8312235,55.6489301]]},"properties":{"layer":"1","location":"overhead","man_made":"pipeline","_source":"candidate","_class":"pipe_untagged","_osm_id":"way/48829489","_district":"район Капотня","_length_km":0.038}},{"type":"Feature","geometry":{"type":"LineString","coordinates":[[37.8312235,55.6489301],[37.8311913,55.6488675],[37.8304329,55.648419],[37.8300137,55.648606]]},"properties":{"location":"overground","man_made":"pipeline","_source":"candidate","_class":"pipe_untagged","_osm_id":"way/48829490","_district":"район Капотня","_length_km":0.11}},{"type":"Feature","geometry":{"type":"LineString","coordinates":[[37.8292919,55.6478443],[37.8298175,55.6481907],[37.8295746,55.6483219],[37.8298635,55.6485097],[37.8300137,55.648606]]},"properties":{"location":"overground","man_made":"pipeline","_source":"candidate","_class":"pipe_untagged","_osm_id":"way/48829502","_district":"район Капотня","_length_km":0.114}},{"type":"Feature","geometry":{"type":"LineString","coordinates":[[37.8263368,55.6513403],[37.8264012,55.6513093],[37.8267805,55.6514869],[37.8263481,55.6518015],[37.8263234,55.6518923],[37.826171,55.6519991],[37.8260257,55.6519513],[37.8258122,55.6521542],[37.8259364,55.6521965]]},"properties":{"layer":"1","location":"overhead","man_made":"pipeline","_source":"candidate","_class":"pipe_untagged","_osm_id":"way/48829510","_district":"район Капотня","_length_km":0.152}},{"type":"Feature","geometry":{"type":"LineString","coordinates":[[37.8150574,55.6580807],[37.8161979,55.6578342],[37.8163238,55.6580079],[37.8166178,55.6579449],[37.8165133,55.6577825],[37.8179039,55.65748],[37.8187145,55.6574689],[37.8187247,55.6576344],[37.8190398,55.6576326],[37.819036,55.6574456],[37.8212574,55.6574196],[37.8212633,55.6576136],[37.8215807,55.6576129],[37.8215842,55.6574346],[37.8239568,55.6574096],[37.8246132,55.6573489]]},"properties":{"location":"overground","man_made":"pipeline","_source":"candidate","_class":"pipe_untagged","_osm_id":"way/48829516","_district":"район Люблино","_length_km":0.733}},{"type":"Feature","geometry":{"type":"LineString","coordinates":[[37.7928923,55.6614967],[37.7927813,55.6620029],[37.792992,55.6620082],[37.7929704,55.662154],[37.7927409,55.6621513],[37.7925635,55.6628898],[37.7931679,55.6629185],[37.7933261,55.6639668],[37.7936268,55.6643855],[37.7938508,55.6643279],[37.7939554,55.6644874],[37.7937328,55.6645419],[37.7943146,55.6653947],[37.7945662,55.6653369],[37.7946287,55.6654559],[37.7943974,55.6655072],[37.7951955,55.6665668],[37.7954257,55.6665276],[37.795496,55.6666517],[37.7952719,55.6666994],[37.7959578,55.6676427],[37.7961539,55.6676073],[37.7962361,55.667719],[37.7960309,55.6677716],[37.7968599,55.6689623],[37.7971448,55.6688996],[37.7972474,55.6690642],[37.7969648,55.6691309],[37.7978163,55.6703572],[37.7981834,55.6702868],[37.7983596,55.6705917],[37.7980197,55.6706516],[37.7988545,55.6718669],[37.7992948,55.6718202],[37.7997181,55.6724002],[37.8004412,55.6723561],[37.8004337,55.6722406],[37.8014546,55.6722151],[37.8015323,55.6723562]]},"properties":{"location":"overground","man_made":"pipeline","_source":"candidate","_class":"pipe_untagged","_osm_id":"way/48837868","_district":"район Люблино","_length_km":1.727}},{"type":"Feature","geometry":{"type":"LineString","coordinates":[[37.8026089,55.6726494],[37.8029825,55.6725986],[37.8029283,55.67241],[37.8045327,55.6722954]]},"properties":{"man_made":"pipeline","_source":"candidate","_class":"pipe_untagged","_osm_id":"way/48838570","_district":"район Люблино","_length_km":0.147}},{"type":"Feature","geometry":{"type":"LineString","coordinates":[[37.801089,55.6729452],[37.8011341,55.6730344],[37.801794,55.6729274],[37.801794,55.6727617],[37.8024496,55.672667]]},"properties":{"man_made":"pipeline","_source":"candidate","_class":"pipe_untagged","_osm_id":"way/48838572","_district":"район Люблино","_length_km":0.115}},{"type":"Feature","geometry":{"type":"LineString","coordinates":[[37.6532169,55.6966874],[37.6535517,55.6966168],[37.6541508,55.6969583],[37.6555108,55.6962663],[37.6549686,55.6959248],[37.6548547,55.6959749],[37.654734,55.6958991],[37.6546246,55.6959517],[37.6544814,55.6958629]]},"properties":{"layer":"1","location":"overground","man_made":"pipeline","_source":"candidate","_class":"pipe_untagged","_osm_id":"way/48845063","_district":"Даниловский район","_length_km":0.285}},{"type":"Feature","geometry":{"type":"LineString","coordinates":[[37.6046179,55.7892773],[37.60516,55.7892645]]},"properties":{"location":"overhead","man_made":"pipeline","_source":"candidate","_class":"pipe_untagged","_osm_id":"way/489442607","_district":"район Марьина Роща","_length_km":0.034}},{"type":"Feature","geometry":{"type":"LineString","coordinates":[[37.7219499,55.822494],[37.7222516,55.8227758]]},"properties":{"layer":"1","location":"overhead","man_made":"pipeline","_source":"candidate","_class":"pipe_untagged","_osm_id":"way/48946711","_district":"район Богородское","_length_km":0.037}},{"type":"Feature","geometry":{"type":"LineString","coordinates":[[37.5810984,55.909385],[37.5811627,55.909382]]},"properties":{"layer":"1","location":"overground","man_made":"pipeline","_source":"candidate","_class":"pipe_untagged","_osm_id":"way/492882847","_district":"район Лианозово","_length_km":0.004}},{"type":"Feature","geometry":{"type":"LineString","coordinates":[[37.5788936,55.9082184],[37.578958,55.9082154]]},"properties":{"layer":"1","location":"overground","man_made":"pipeline","_source":"candidate","_class":"pipe_untagged","_osm_id":"way/492882848","_district":"район Лианозово","_length_km":0.004}},{"type":"Feature","geometry":{"type":"LineString","coordinates":[[37.5771609,55.9081056],[37.5786442,55.9080861],[37.5786442,55.9082289],[37.5788936,55.9082184]]},"properties":{"location":"overground","man_made":"pipeline","_source":"candidate","_class":"pipe_untagged","_osm_id":"way/492882849","_district":"район Лианозово","_length_km":0.124}},{"type":"Feature","geometry":{"type":"LineString","coordinates":[[37.57678,55.9079433],[37.5771609,55.9081056]]},"properties":{"layer":"1","location":"overground","man_made":"pipeline","_source":"candidate","_class":"pipe_untagged","_osm_id":"way/492882850","_district":"район Лианозово","_length_km":0.03}},{"type":"Feature","geometry":{"type":"LineString","coordinates":[[37.5811627,55.909382],[37.5816402,55.9093655],[37.5816563,55.9094136],[37.5818306,55.9094031],[37.5818226,55.909352],[37.5819755,55.9093414]]},"properties":{"location":"overground","man_made":"pipeline","_source":"candidate","_class":"pipe_untagged","_osm_id":"way/492882851","_district":"район Лианозово","_length_km":0.062}},{"type":"Feature","geometry":{"type":"LineString","coordinates":[[37.578958,55.9082154],[37.579186,55.9082079],[37.5793871,55.9088423],[37.5795266,55.9088619],[37.5796097,55.9089085],[37.5795507,55.9089536],[37.5803661,55.9094076],[37.5810984,55.909385]]},"properties":{"location":"overground","man_made":"pipeline","_source":"candidate","_class":"pipe_untagged","_osm_id":"way/492882852","_district":"район Лианозово","_length_km":0.226}},{"type":"Feature","geometry":{"type":"LineString","coordinates":[[37.5768095,55.9077884],[37.5767988,55.9078726],[37.57678,55.9079433]]},"properties":{"location":"overground","man_made":"pipeline","_source":"candidate","_class":"pipe_untagged","_osm_id":"way/492882853","_district":"район Лианозово","_length_km":0.017}},{"type":"Feature","geometry":{"type":"LineString","coordinates":[[37.4556193,55.7336649],[37.4558137,55.7334414]]},"properties":{"location":"overground","man_made":"pipeline","_source":"candidate","_class":"pipe_untagged","_osm_id":"way/493126428","_district":"район Фили-Давыдково","_length_km":0.028}},{"type":"Feature","geometry":{"type":"LineString","coordinates":[[37.4959441,55.7197453],[37.4961152,55.7199772]]},"properties":{"location":"overground","man_made":"pipeline","_source":"candidate","_class":"pipe_untagged","_osm_id":"way/497801292","_district":"район Раменки","_length_km":0.028}},{"type":"Feature","geometry":{"type":"LineString","coordinates":[[37.4554449,55.7098857],[37.4553886,55.7100716]]},"properties":{"location":"overhead","man_made":"pipeline","_source":"candidate","_class":"pipe_untagged","_osm_id":"way/498596047","_district":"район Очаково-Матвеевское","_length_km":0.021}},{"type":"Feature","geometry":{"type":"LineString","coordinates":[[37.7149178,55.7837296],[37.7148642,55.784029]]},"properties":{"layer":"1","location":"overhead","man_made":"pipeline","_source":"candidate","_class":"pipe_untagged","_osm_id":"way/499736463","_district":"район Соколиная Гора","_length_km":0.034}},{"type":"Feature","geometry":{"type":"LineString","coordinates":[[37.450169,55.7320988],[37.4529076,55.7330261]]},"properties":{"location":"overground","man_made":"pipeline","_source":"candidate","_class":"pipe_untagged","_osm_id":"way/501643838","_district":"район Фили-Давыдково","_length_km":0.201}},{"type":"Feature","geometry":{"type":"LineString","coordinates":[[37.8079148,55.6345313],[37.8084898,55.6348872],[37.8092034,55.6345509],[37.8099516,55.635028],[37.8102677,55.6348694]]},"properties":{"man_made":"pipeline","_source":"candidate","_class":"pipe_untagged","_osm_id":"way/50259431","_district":"район Капотня","_length_km":0.21}},{"type":"Feature","geometry":{"type":"LineString","coordinates":[[37.8102677,55.6348694],[37.8111707,55.6344397]]},"properties":{"layer":"1","location":"overground","man_made":"pipeline","_source":"candidate","_class":"pipe_untagged","_osm_id":"way/50259432","_district":"район Капотня","_length_km":0.074}},{"type":"Feature","geometry":{"type":"LineString","coordinates":[[37.8105126,55.6350624],[37.8114178,55.6346172]]},"properties":{"layer":"1","location":"overground","man_made":"pipeline","_source":"candidate","_class":"pipe_untagged","_osm_id":"way/50259433","_district":"район Капотня","_length_km":0.076}},{"type":"Feature","geometry":{"type":"LineString","coordinates":[[37.8091094,55.6348302],[37.8092604,55.6348454],[37.809982,55.6353203],[37.8105126,55.6350624]]},"properties":{"man_made":"pipeline","_source":"candidate","_class":"pipe_untagged","_osm_id":"way/50259474","_district":"район Капотня","_length_km":0.123}},{"type":"Feature","geometry":{"type":"LineString","coordinates":[[37.530241,55.7296687],[37.5289777,55.7297895]]},"properties":{"layer":"1","location":"overground","man_made":"pipeline","_source":"candidate","_class":"pipe_untagged","_osm_id":"way/503116225","_district":"район Раменки","_length_km":0.081}},{"type":"Feature","geometry":{"type":"LineString","coordinates":[[37.5222078,55.7288546],[37.5220951,55.7290117],[37.5231412,55.7292836],[37.5232485,55.7291416],[37.5234872,55.7292035],[37.5234067,55.7293107],[37.5267595,55.7300538],[37.5268641,55.7299088]]},"properties":{"location":"overground","man_made":"pipeline","_source":"candidate","_class":"pipe_untagged","_osm_id":"way/503116226","_district":"район Раменки","_length_km":0.382}},{"type":"Feature","geometry":{"type":"LineString","coordinates":[[37.4900348,55.7317718],[37.4907226,55.7318969]]},"properties":{"location":"overhead","man_made":"pipeline","_source":"candidate","_class":"pipe_untagged","_osm_id":"way/503287370","_district":"район Фили-Давыдково","_length_km":0.045}},{"type":"Feature","geometry":{"type":"LineString","coordinates":[[37.4900246,55.7317892],[37.4907124,55.7319143]]},"properties":{"location":"overhead","man_made":"pipeline","_source":"candidate","_class":"pipe_untagged","_osm_id":"way/503287373","_district":"район Дорогомилово","_length_km":0.045}},{"type":"Feature","geometry":{"type":"LineString","coordinates":[[37.714737,55.7061716],[37.7149518,55.7075512]]},"properties":{"layer":"1","location":"overhead","man_made":"pipeline","power":"minor_line","voltage":"10000","_source":"candidate","_class":"pipe_untagged","_osm_id":"way/50340920","_district":"район Печатники","_length_km":0.154}},{"type":"Feature","geometry":{"type":"LineString","coordinates":[[37.6266601,55.8701051],[37.6256239,55.8699769]]},"properties":{"man_made":"pipeline","_source":"candidate","_class":"pipe_untagged","_osm_id":"way/503623194","_district":"район Южное Медведково","_length_km":0.066}},{"type":"Feature","geometry":{"type":"LineString","coordinates":[[37.8283593,55.6509146],[37.8281334,55.6508005],[37.8272543,55.6512972],[37.8276066,55.6514834],[37.8271939,55.6516979],[37.8269861,55.6515969],[37.8269286,55.6516378]]},"properties":{"man_made":"pipeline","_source":"candidate","_class":"pipe_untagged","_osm_id":"way/504647473","_district":"район Капотня","_length_km":0.186}},{"type":"Feature","geometry":{"type":"LineString","coordinates":[[37.8248764,55.6548641],[37.8247436,55.654864],[37.8247436,55.6544917],[37.8245842,55.6544917],[37.8245843,55.6544104],[37.8244834,55.6543118],[37.8244834,55.6541107],[37.824827,55.6541108],[37.824827,55.6539952],[37.8247663,55.6539952],[37.8247322,55.6531991],[37.8253732,55.6532119]]},"properties":{"layer":"1","location":"overhead","man_made":"pipeline","_source":"candidate","_class":"pipe_untagged","_osm_id":"way/504647474","_district":"район Капотня","_length_km":0.271}},{"type":"Feature","geometry":{"type":"LineString","coordinates":[[37.8248763,55.6551722],[37.8248763,55.6550481],[37.8248764,55.6548641]]},"properties":{"location":"overground","man_made":"pipeline","_source":"candidate","_class":"pipe_untagged","_osm_id":"way/504647475","_district":"район Капотня","_length_km":0.034}},{"type":"Feature","geometry":{"type":"LineString","coordinates":[[37.8244932,55.6559906],[37.8244932,55.6555382],[37.8246943,55.6555382],[37.8246943,55.6551722],[37.8248763,55.6551722]]},"properties":{"layer":"1","location":"overhead","man_made":"pipeline","_source":"candidate","_class":"pipe_untagged","_osm_id":"way/504647476","_district":"район Капотня","_length_km":0.115}},{"type":"Feature","geometry":{"type":"LineString","coordinates":[[37.8244287,55.6560732],[37.8244325,55.6559897],[37.8244932,55.6559906]]},"properties":{"location":"overground","man_made":"pipeline","_source":"candidate","_class":"pipe_untagged","_osm_id":"way/504647477","_district":"район Капотня","_length_km":0.013}},{"type":"Feature","geometry":{"type":"LineString","coordinates":[[37.8249766,55.6551769],[37.8249729,55.6550437],[37.8249675,55.6548561]]},"properties":{"location":"overground","man_made":"pipeline","_source":"candidate","_class":"pipe_untagged","_osm_id":"way/504647479","_district":"район Капотня","_length_km":0.036}},{"type":"Feature","geometry":{"type":"LineString","coordinates":[[37.583495,55.9110019],[37.5831933,55.9102386]]},"properties":{"layer":"1","location":"overhead","man_made":"pipeline","note":"Это не пешеходный переход, это надземные коммуникации (наверное труба)","_source":"candidate","_class":"pipe_untagged","_osm_id":"way/50612072","_district":"вне районов","_length_km":0.087}},{"type":"Feature","geometry":{"type":"LineString","coordinates":[[37.6276873,55.5745074],[37.6275917,55.5739451]]},"properties":{"layer":"1","location":"overhead","man_made":"pipeline","_source":"candidate","_class":"pipe_untagged","_osm_id":"way/51100073","_district":"район Бирюлёво Западное","_length_km":0.063}},{"type":"Feature","geometry":{"type":"LineString","coordinates":[[37.5378612,55.8545282],[37.5378651,55.8546571]]},"properties":{"location":"overground","man_made":"pipeline","_source":"candidate","_class":"pipe_untagged","_osm_id":"way/511262607","_district":"Головинский район","_length_km":0.014}},{"type":"Feature","geometry":{"type":"LineString","coordinates":[[37.5604897,55.8452269],[37.5605938,55.8452789],[37.5602668,55.8454854],[37.560117,55.8455801],[37.5598509,55.8457481],[37.5599462,55.8457957]]},"properties":{"location":"overground","man_made":"pipeline","_source":"candidate","_class":"pipe_untagged","_osm_id":"way/514443203","_district":"Тимирязевский район","_length_km":0.087}},{"type":"Feature","geometry":{"type":"LineString","coordinates":[[37.5084588,55.8143627],[37.5085446,55.8149301]]},"properties":{"layer":"1","location":"overhead","man_made":"pipeline","_source":"candidate","_class":"pipe_untagged","_osm_id":"way/515697457","_district":"район Сокол","_length_km":0.063}},{"type":"Feature","geometry":{"type":"LineString","coordinates":[[37.5085165,55.81436],[37.5086023,55.8149274]]},"properties":{"layer":"1","location":"overhead","man_made":"pipeline","_source":"candidate","_class":"pipe_untagged","_osm_id":"way/515697458","_district":"Войковский район","_length_km":0.063}},{"type":"Feature","geometry":{"type":"LineString","coordinates":[[37.5267406,55.8143183],[37.5267405,55.8143312],[37.52693,55.8143317],[37.5269297,55.814359]]},"properties":{"location":"overhead","man_made":"pipeline","_source":"candidate","_class":"pipe_untagged","_osm_id":"way/515847445","_district":"район Аэропорт","_length_km":0.016}},{"type":"Feature","geometry":{"type":"LineString","coordinates":[[37.526906,55.8143589],[37.5269061,55.8143434],[37.5267169,55.8143431],[37.5267171,55.8143182]]},"properties":{"location":"overhead","man_made":"pipeline","_source":"candidate","_class":"pipe_untagged","_osm_id":"way/515847452","_district":"район Аэропорт","_length_km":0.016}},{"type":"Feature","geometry":{"type":"LineString","coordinates":[[37.509902,55.8141628],[37.5101298,55.814137],[37.5103578,55.81414],[37.5111893,55.8140782],[37.5119725,55.814039],[37.5125009,55.8140164],[37.5124875,55.8139576],[37.5127557,55.8139441],[37.5130722,55.8139049],[37.5156417,55.8138039],[37.5157893,55.8136999],[37.5175139,55.8136969],[37.5175139,55.8137391],[37.5184943,55.8137187],[37.5187249,55.8137029],[37.5193244,55.8136811],[37.5193419,55.813828],[37.5201707,55.8137933],[37.5203343,55.8137722],[37.5203276,55.8137195]]},"properties":{"location":"overhead","man_made":"pipeline","_source":"candidate","_class":"pipe_untagged","_osm_id":"way/515847481","_district":"район Сокол","_length_km":0.696}},{"type":"Feature","geometry":{"type":"LineString","coordinates":[[37.5371242,55.8126369],[37.537372,55.8126075]]},"properties":{"location":"overhead","man_made":"pipeline","_source":"candidate","_class":"pipe_untagged","_osm_id":"way/515934036","_district":"район Аэропорт","_length_km":0.016}},{"type":"Feature","geometry":{"type":"LineString","coordinates":[[37.5370254,55.8123679],[37.5371242,55.8126369],[37.5374595,55.8135504],[37.5372902,55.8136444],[37.5364982,55.8137416],[37.5364745,55.8136806],[37.5359221,55.8137461],[37.5359407,55.8137957],[37.5352398,55.8138788],[37.5348022,55.8139038],[37.5347834,55.8138623],[37.5347337,55.8138676],[37.5341127,55.8139336],[37.5338066,55.8139551],[37.5334707,55.8139874],[37.5333726,55.8137276],[37.532567,55.8136944]]},"properties":{"location":"overhead","man_made":"pipeline","_source":"candidate","_class":"pipe_untagged","_osm_id":"way/515934038","_district":"район Аэропорт","_length_km":0.489}},{"type":"Feature","geometry":{"type":"LineString","coordinates":[[37.0046858,55.407084],[37.0046158,55.4070378]]},"properties":{"intermittent":"yes","layer":"-1","man_made":"pipeline","tunnel":"culvert","waterway":"ditch","_source":"candidate","_class":"pipe_untagged","_osm_id":"way/516112753","_district":"район Бекасово","_length_km":0.007}},{"type":"Feature","geometry":{"type":"LineString","coordinates":[[37.004845,55.407189],[37.0047858,55.4071499]]},"properties":{"intermittent":"yes","layer":"-1","man_made":"pipeline","tunnel":"culvert","waterway":"ditch","_source":"candidate","_class":"pipe_untagged","_osm_id":"way/516112756","_district":"район Бекасово","_length_km":0.006}},{"type":"Feature","geometry":{"type":"LineString","coordinates":[[37.0050656,55.4073376],[37.0050191,55.4073055]]},"properties":{"intermittent":"yes","layer":"-1","man_made":"pipeline","tunnel":"culvert","waterway":"ditch","_source":"candidate","_class":"pipe_untagged","_osm_id":"way/516112759","_district":"район Бекасово","_length_km":0.005}},{"type":"Feature","geometry":{"type":"LineString","coordinates":[[37.0056136,55.4077155],[37.0055713,55.4076863]]},"properties":{"intermittent":"yes","layer":"-1","man_made":"pipeline","tunnel":"culvert","waterway":"ditch","_source":"candidate","_class":"pipe_untagged","_osm_id":"way/516112761","_district":"район Бекасово","_length_km":0.004}},{"type":"Feature","geometry":{"type":"LineString","coordinates":[[37.5347337,55.8138676],[37.5347041,55.8137861]]},"properties":{"location":"overhead","man_made":"pipeline","_source":"candidate","_class":"pipe_untagged","_osm_id":"way/516134324","_district":"район Аэропорт","_length_km":0.009}},{"type":"Feature","geometry":{"type":"LineString","coordinates":[[37.5347041,55.8137861],[37.534688,55.8137421],[37.5346655,55.8137447]]},"properties":{"location":"overground","man_made":"pipeline","_source":"candidate","_class":"pipe_untagged","_osm_id":"way/516134326","_district":"район Аэропорт","_length_km":0.006}},{"type":"Feature","geometry":{"type":"LineString","coordinates":[[37.7681207,55.8183807],[37.7686878,55.8185316],[37.7687736,55.81853],[37.7694522,55.8186807],[37.7693556,55.8188435]]},"properties":{"location":"overground","man_made":"pipeline","_source":"candidate","_class":"pipe_untagged","_osm_id":"way/519173260","_district":"район Метрогородок","_length_km":0.11}},{"type":"Feature","geometry":{"type":"LineString","coordinates":[[37.7114484,55.8891983],[37.7112338,55.889099]]},"properties":{"location":"overground","man_made":"pipeline","_source":"candidate","_class":"pipe_untagged","_osm_id":"way/520709062","_district":"Лосиноостровский район","_length_km":0.017}},{"type":"Feature","geometry":{"type":"LineString","coordinates":[[37.711435,55.8892118],[37.7112204,55.8891126]]},"properties":{"location":"overground","man_made":"pipeline","_source":"candidate","_class":"pipe_untagged","_osm_id":"way/520709063","_district":"Лосиноостровский район","_length_km":0.017}},{"type":"Feature","geometry":{"type":"LineString","coordinates":[[37.7102843,55.8896736],[37.7099839,55.8894721]]},"properties":{"location":"overground","man_made":"pipeline","_source":"candidate","_class":"pipe_untagged","_osm_id":"way/520709064","_district":"Лосиноостровский район","_length_km":0.029}},{"type":"Feature","geometry":{"type":"LineString","coordinates":[[37.7095225,55.8898947],[37.7093562,55.889272]]},"properties":{"location":"overground","man_made":"pipeline","_source":"candidate","_class":"pipe_untagged","_osm_id":"way/520709065","_district":"Лосиноостровский район","_length_km":0.07}},{"type":"Feature","geometry":{"type":"LineString","coordinates":[[37.7094984,55.8898932],[37.7093321,55.8892705]]},"properties":{"location":"overground","man_made":"pipeline","_source":"candidate","_class":"pipe_untagged","_osm_id":"way/520709066","_district":"Лосиноостровский район","_length_km":0.07}},{"type":"Feature","geometry":{"type":"LineString","coordinates":[[37.709485,55.8898962],[37.7093187,55.8892735]]},"properties":{"location":"overground","man_made":"pipeline","_source":"candidate","_class":"pipe_untagged","_osm_id":"way/520709067","_district":"Лосиноостровский район","_length_km":0.07}},{"type":"Feature","geometry":{"type":"LineString","coordinates":[[37.7438938,55.8081641],[37.7441003,55.8079712]]},"properties":{"location":"overhead","man_made":"pipeline","_source":"candidate","_class":"pipe_untagged","_osm_id":"way/528200506","_district":"район Преображенское","_length_km":0.025}},{"type":"Feature","geometry":{"type":"LineString","coordinates":[[37.7494969,55.811664],[37.7498027,55.8113972]]},"properties":{"location":"overhead","man_made":"pipeline","_source":"candidate","_class":"pipe_untagged","_osm_id":"way/528200509","_district":"район Гольяново","_length_km":0.035}},{"type":"Feature","geometry":{"type":"LineString","coordinates":[[37.3195095,55.5499982],[37.3179431,55.5496399]]},"properties":{"location":"overground","man_made":"pipeline","_source":"candidate","_class":"pipe_untagged","_osm_id":"way/529794114","_district":"Филимонковский район","_length_km":0.107}},{"type":"Feature","geometry":{"type":"LineString","coordinates":[[37.3179431,55.5496399],[37.3179758,55.5495966],[37.317944,55.5495876],[37.3179096,55.5496315],[37.3171563,55.5494493],[37.3162736,55.5492829],[37.3162936,55.5492419],[37.3162566,55.5492358],[37.3162381,55.5492759]]},"properties":{"location":"overground","man_made":"pipeline","_source":"candidate","_class":"pipe_untagged","_osm_id":"way/529794115","_district":"Филимонковский район","_length_km":0.135}},{"type":"Feature","geometry":{"type":"LineString","coordinates":[[37.3162381,55.5492759],[37.3153446,55.5491077],[37.3146447,55.5489848],[37.3146637,55.5489384],[37.3146344,55.5489343],[37.3146134,55.5489784],[37.3135515,55.5487975],[37.3127725,55.548667],[37.3127966,55.5486214],[37.3127612,55.5486144],[37.3127381,55.5486624],[37.3121403,55.5485561],[37.3119632,55.5485134],[37.310358,55.54819],[37.3097433,55.5479948],[37.3097777,55.5479573],[37.3097494,55.5479463],[37.3097109,55.5479852],[37.3084801,55.5475983],[37.3085216,55.5475599],[37.3084924,55.5475477],[37.3084539,55.5475861],[37.3078777,55.5474022],[37.3072584,55.5472087],[37.3072923,55.5471695],[37.3072651,55.5471593],[37.3072291,55.5471974],[37.3069257,55.5471015],[37.3068471,55.5470771],[37.3064789,55.5469586],[37.30614,55.5468514],[37.3059413,55.5467886],[37.3059803,55.5467494],[37.3059567,55.5467407],[37.3059166,55.5467791],[37.3052819,55.5465743],[37.3048436,55.5466544],[37.3045494,55.5467089],[37.3045248,55.5466692],[37.3044893,55.5466758],[37.3045147,55.5467172],[37.3040264,55.5468004],[37.3033998,55.5469097],[37.3033652,55.5468493],[37.3033398,55.5468522]]},"properties":{"location":"overground","man_made":"pipeline","_source":"candidate","_class":"pipe_untagged","_osm_id":"way/529794116","_district":"Филимонковский район","_length_km":0.961}},{"type":"Feature","geometry":{"type":"LineString","coordinates":[[37.3033398,55.5468522],[37.3032666,55.5467251],[37.303287,55.5467205],[37.3031548,55.5464945],[37.3029851,55.5462277],[37.3015093,55.546506],[37.3014402,55.5465204],[37.3014251,55.5464873]]},"properties":{"location":"overground","man_made":"pipeline","_source":"candidate","_class":"pipe_untagged","_osm_id":"way/529794117","_district":"Филимонковский район","_length_km":0.181}},{"type":"Feature","geometry":{"type":"LineString","coordinates":[[37.2965457,55.5462795],[37.2964256,55.5462653],[37.2961403,55.5462328],[37.2955821,55.5461677]]},"properties":{"location":"overground","man_made":"pipeline","_source":"candidate","_class":"pipe_untagged","_osm_id":"way/529813524","_district":"Филимонковский район","_length_km":0.062}},{"type":"Feature","geometry":{"type":"LineString","coordinates":[[37.299646,55.546896],[37.2996566,55.5465853],[37.2990084,55.5465315],[37.298989,55.5465676],[37.2989439,55.5465648],[37.2989527,55.546528],[37.2977614,55.5464225],[37.2974711,55.5463963],[37.296933,55.5463411],[37.2966377,55.5462951],[37.2965457,55.5462795]]},"properties":{"location":"overground","man_made":"pipeline","_source":"candidate","_class":"pipe_untagged","_osm_id":"way/529813525","_district":"Филимонковский район","_length_km":0.242}},{"type":"Feature","geometry":{"type":"LineString","coordinates":[[37.3078402,55.5457951],[37.3073141,55.5455447],[37.3072308,55.545504],[37.3070784,55.5454276]]},"properties":{"location":"overground","man_made":"pipeline","_source":"candidate","_class":"pipe_untagged","_osm_id":"way/529813526","_district":"Филимонковский район","_length_km":0.063}},{"type":"Feature","geometry":{"type":"LineString","coordinates":[[37.3070784,55.5454276],[37.3065005,55.5455235]]},"properties":{"location":"overground","man_made":"pipeline","_source":"candidate","_class":"pipe_untagged","_osm_id":"way/529813527","_district":"Филимонковский район","_length_km":0.038}},{"type":"Feature","geometry":{"type":"LineString","coordinates":[[37.3070784,55.5454276],[37.3071934,55.545408],[37.3074176,55.5453056],[37.3077396,55.5451624],[37.3081202,55.5449912],[37.3080752,55.5449627],[37.3081239,55.5449386],[37.3081638,55.5449686],[37.3086911,55.5447358],[37.3088618,55.5446607],[37.3092639,55.5444868]]},"properties":{"location":"overground","man_made":"pipeline","_source":"candidate","_class":"pipe_untagged","_osm_id":"way/529813528","_district":"Филимонковский район","_length_km":0.183}},{"type":"Feature","geometry":{"type":"LineString","coordinates":[[37.312103,55.5433644],[37.3121245,55.5433298],[37.312278,55.5432056],[37.3123144,55.5432215],[37.312349,55.5431972],[37.3123105,55.5431793],[37.3125719,55.5429477],[37.3133348,55.5425367],[37.3133639,55.5425526],[37.3134008,55.5425311],[37.3133718,55.5425148],[37.3139507,55.5421919],[37.3139936,55.5421686],[37.3144692,55.5419892],[37.3146756,55.541936],[37.3163499,55.5414912],[37.3169048,55.5414781],[37.3173775,55.5414669]]},"properties":{"layer":"-1","location":"underground","man_made":"pipeline","_source":"candidate","_class":"pipe_untagged","_osm_id":"way/529813529","_district":"Филимонковский район","_length_km":0.423}},{"type":"Feature","geometry":{"type":"LineString","coordinates":[[37.3173557,55.5413103],[37.3173359,55.5411198],[37.3174548,55.5411123]]},"properties":{"location":"overground","man_made":"pipeline","_source":"candidate","_class":"pipe_untagged","_osm_id":"way/529813530","_district":"Филимонковский район","_length_km":0.029}},{"type":"Feature","geometry":{"type":"LineString","coordinates":[[37.3958932,55.8427963],[37.3954761,55.842794]]},"properties":{"description":"Труба диаметром ~1м. От уровня воды до верхней точки трубы ~2м.","location":"overhead","man_made":"pipeline","_source":"candidate","_class":"pipe_untagged","_osm_id":"way/529963073","_district":"район Южное Тушино","_length_km":0.026}},{"type":"Feature","geometry":{"type":"LineString","coordinates":[[37.719116,55.7881322],[37.7196525,55.7879391]]},"properties":{"location":"overground","man_made":"pipeline","_source":"candidate","_class":"pipe_untagged","_osm_id":"way/530918984","_district":"район Преображенское","_length_km":0.04}},{"type":"Feature","geometry":{"type":"LineString","coordinates":[[37.7196525,55.7879391],[37.7194835,55.7877627]]},"properties":{"location":"overhead","man_made":"pipeline","_source":"candidate","_class":"pipe_untagged","_osm_id":"way/530918985","_district":"район Преображенское","_length_km":0.022}},{"type":"Feature","geometry":{"type":"LineString","coordinates":[[37.6335201,55.7605623],[37.6335421,55.760549],[37.6337382,55.76059],[37.6338457,55.7603686]]},"properties":{"location":"overground","man_made":"pipeline","_source":"candidate","_class":"pipe_untagged","_osm_id":"way/539112186","_district":"Басманный район","_length_km":0.041}},{"type":"Feature","geometry":{"type":"LineString","coordinates":[[37.4889756,55.7057618],[37.4894119,55.7057554]]},"properties":{"layer":"1","location":"overground","man_made":"pipeline","_source":"candidate","_class":"pipe_untagged","_osm_id":"way/539934741","_district":"район Раменки","_length_km":0.027}},{"type":"Feature","geometry":{"type":"LineString","coordinates":[[37.5794139,55.7813518],[37.579477,55.7814076],[37.5796393,55.7813314],[37.5801355,55.7817175],[37.5802758,55.7816609]]},"properties":{"location":"overground","man_made":"pipeline","_source":"candidate","_class":"pipe_untagged","_osm_id":"way/541723007","_district":"район Беговой","_length_km":0.085}},{"type":"Feature","geometry":{"type":"LineString","coordinates":[[37.5781238,55.7816806],[37.5787702,55.7815388]]},"properties":{"location":"overground","man_made":"pipeline","_source":"candidate","_class":"pipe_untagged","_osm_id":"way/541723008","_district":"район Беговой","_length_km":0.044}},{"type":"Feature","geometry":{"type":"LineString","coordinates":[[37.2611833,55.9726575],[37.260848,55.9723258]]},"properties":{"man_made":"pipeline","_source":"candidate","_class":"pipe_untagged","_osm_id":"way/546093617","_district":"район Савёлки","_length_km":0.042}},{"type":"Feature","geometry":{"type":"LineString","coordinates":[[37.7107485,55.8502223],[37.7102024,55.8504401],[37.7094295,55.8507422],[37.7086732,55.8510551],[37.7080241,55.8505763],[37.7069299,55.8509918]]},"properties":{"man_made":"pipeline","_source":"candidate","_class":"pipe_untagged","_osm_id":"way/546581291","_district":"Ярославский район","_length_km":0.309}},{"type":"Feature","geometry":{"type":"LineString","coordinates":[[37.7086732,55.8510551],[37.7092593,55.8514958],[37.7095535,55.8517055],[37.709703,55.8516466],[37.7101303,55.8519546],[37.7103498,55.8520909],[37.7103264,55.8521224],[37.7103988,55.8521656],[37.7104619,55.8521551],[37.7107864,55.8523701],[37.7111437,55.8526204],[37.7110806,55.8526624],[37.7111286,55.8526906]]},"properties":{"man_made":"pipeline","_source":"candidate","_class":"pipe_untagged","_osm_id":"way/546581294","_district":"Ярославский район","_length_km":0.259}},{"type":"Feature","geometry":{"type":"LineString","coordinates":[[37.5827962,55.8770982],[37.5829179,55.877375],[37.5828078,55.8773902],[37.5826861,55.8771134],[37.5827962,55.8770982]]},"properties":{"area":"yes","man_made":"pipeline","_source":"candidate","_class":"pipe_untagged","_osm_id":"way/546586650","_district":"Алтуфьевский район","_length_km":0.078}},{"type":"Feature","geometry":{"type":"LineString","coordinates":[[37.7008831,55.7180086],[37.7004701,55.7184905],[37.6991397,55.7181264],[37.6990673,55.7182141],[37.6985335,55.718063]]},"properties":{"man_made":"pipeline","_source":"candidate","_class":"pipe_untagged","_osm_id":"way/546732566","_district":"район Печатники","_length_km":0.201}},{"type":"Feature","geometry":{"type":"LineString","coordinates":[[37.7013552,55.7180705],[37.7013123,55.7181174],[37.7008831,55.7180086],[37.7003682,55.717856],[37.7003226,55.7177653],[37.7003655,55.7176354],[37.7001321,55.7174692],[37.700395,55.717158],[37.7002877,55.7170462]]},"properties":{"man_made":"pipeline","_source":"candidate","_class":"pipe_untagged","_osm_id":"way/546732567","_district":"район Печатники","_length_km":0.173}},{"type":"Feature","geometry":{"type":"LineString","coordinates":[[37.6912149,55.8707741],[37.6916825,55.8705608],[37.6921276,55.8703578],[37.6923838,55.8705221],[37.6927639,55.8707707],[37.6927924,55.870757],[37.6928798,55.8708129],[37.6928513,55.8708288],[37.693142,55.8710159],[37.6931725,55.8710016],[37.693205,55.8710239],[37.6931582,55.8710455]]},"properties":{"location":"overground","man_made":"pipeline","_source":"candidate","_class":"pipe_untagged","_osm_id":"way/547279589","_district":"Лосиноостровский район","_length_km":0.185}},{"type":"Feature","geometry":{"type":"LineString","coordinates":[[37.6746149,55.7565422],[37.6745091,55.7567377],[37.6744453,55.7567429],[37.6744583,55.7567993],[37.6743132,55.7568139],[37.6743531,55.7569471],[37.6743779,55.757002],[37.6744471,55.7569944],[37.6745235,55.7572583]]},"properties":{"man_made":"pipeline","_source":"candidate","_class":"pipe_untagged","_osm_id":"way/549223760","_district":"район Лефортово","_length_km":0.098}},{"type":"Feature","geometry":{"type":"LineString","coordinates":[[37.6750891,55.7566461],[37.6750141,55.7563706],[37.6754887,55.7563452]]},"properties":{"man_made":"pipeline","_source":"candidate","_class":"pipe_untagged","_osm_id":"way/549223768","_district":"район Лефортово","_length_km":0.061}},{"type":"Feature","geometry":{"type":"LineString","coordinates":[[37.6610211,55.8362031],[37.6615875,55.8366111],[37.6609381,55.8369136],[37.6604799,55.8371387],[37.6604258,55.8371653],[37.6606433,55.8373194]]},"properties":{"man_made":"pipeline","_source":"candidate","_class":"pipe_untagged","_osm_id":"way/549557884","_district":"район Ростокино","_length_km":0.175}},{"type":"Feature","geometry":{"type":"LineString","coordinates":[[37.672674,55.8401469],[37.6725828,55.8396305]]},"properties":{"location":"overground","man_made":"pipeline","_source":"candidate","_class":"pipe_untagged","_osm_id":"way/549816151","_district":"Ярославский район","_length_km":0.058}},{"type":"Feature","geometry":{"type":"LineString","coordinates":[[37.5452087,55.8083508],[37.5455105,55.8085135]]},"properties":{"level":"1","location":"overground","man_made":"pipeline","_source":"candidate","_class":"pipe_untagged","_osm_id":"way/550664585","_district":"район Аэропорт","_length_km":0.026}},{"type":"Feature","geometry":{"type":"LineString","coordinates":[[37.679781,55.8420136],[37.6798668,55.8418839]]},"properties":{"location":"overhead","man_made":"pipeline","_source":"candidate","_class":"pipe_untagged","_osm_id":"way/551307586","_district":"район Метрогородок","_length_km":0.015}},{"type":"Feature","geometry":{"type":"LineString","coordinates":[[37.6798668,55.8418839],[37.6799718,55.8417329],[37.6797003,55.8410343]]},"properties":{"location":"overground","man_made":"pipeline","_source":"candidate","_class":"pipe_untagged","_osm_id":"way/551307587","_district":"район Метрогородок","_length_km":0.098}},{"type":"Feature","geometry":{"type":"LineString","coordinates":[[37.7064648,55.8263416],[37.7066442,55.826087],[37.7066817,55.8259001]]},"properties":{"location":"overhead","man_made":"pipeline","_source":"candidate","_class":"pipe_untagged","_osm_id":"way/551521587","_district":"район Богородское","_length_km":0.051}},{"type":"Feature","geometry":{"type":"LineString","coordinates":[[37.7066817,55.8259001],[37.7064779,55.8252297],[37.7069419,55.8251619],[37.706958,55.8249253],[37.7074596,55.8249374],[37.7075025,55.8249645]]},"properties":{"location":"overground","man_made":"pipeline","_source":"candidate","_class":"pipe_untagged","_osm_id":"way/551521588","_district":"район Богородское","_length_km":0.168}},{"type":"Feature","geometry":{"type":"LineString","coordinates":[[37.6740776,55.8438163],[37.6741291,55.8437871],[37.6742355,55.8437268]]},"properties":{"man_made":"pipeline","_source":"candidate","_class":"pipe_untagged","_osm_id":"way/552108833","_district":"Ярославский район","_length_km":0.014}},{"type":"Feature","geometry":{"type":"LineString","coordinates":[[37.676054,55.8407119],[37.6756827,55.8407526],[37.6756519,55.840795],[37.6752082,55.8407941],[37.6748075,55.8415488],[37.6744778,55.841509],[37.6744562,55.8415592],[37.6740834,55.8415055],[37.6740557,55.8415505],[37.6736552,55.8414831],[37.6736336,55.8415211],[37.6729926,55.8415342],[37.6728695,55.8415367]]},"properties":{"man_made":"pipeline","_source":"candidate","_class":"pipe_untagged","_osm_id":"way/552108840","_district":"Ярославский район","_length_km":0.279}},{"type":"Feature","geometry":{"type":"LineString","coordinates":[[37.6729926,55.8415342],[37.6729965,55.8414922]]},"properties":{"man_made":"pipeline","_source":"candidate","_class":"pipe_untagged","_osm_id":"way/552108841","_district":"Ярославский район","_length_km":0.005}},{"type":"Feature","geometry":{"type":"LineString","coordinates":[[37.6712828,55.8417258],[37.6714563,55.8417222],[37.6722141,55.8416612]]},"properties":{"man_made":"pipeline","_source":"candidate","_class":"pipe_untagged","_osm_id":"way/552108848","_district":"Ярославский район","_length_km":0.059}},{"type":"Feature","geometry":{"type":"LineString","coordinates":[[37.6723671,55.843529],[37.6726768,55.8435509],[37.6726644,55.8436055],[37.6731121,55.8436622],[37.6731033,55.843686],[37.6734413,55.8437436],[37.6741291,55.8437871]]},"properties":{"man_made":"pipeline","_source":"candidate","_class":"pipe_untagged","_osm_id":"way/552108863","_district":"Ярославский район","_length_km":0.123}},{"type":"Feature","geometry":{"type":"LineString","coordinates":[[37.658552,55.8395181],[37.6590924,55.8399175],[37.6580684,55.8403829]]},"properties":{"location":"overhead","man_made":"pipeline","_source":"candidate","_class":"pipe_untagged","_osm_id":"way/552116879","_district":"район Ростокино","_length_km":0.138}},{"type":"Feature","geometry":{"type":"LineString","coordinates":[[37.678284,55.7497719],[37.6782545,55.7496858],[37.6778763,55.7497311],[37.6777797,55.7497145],[37.6777207,55.7496587],[37.6775839,55.749479]]},"properties":{"man_made":"pipeline","_source":"candidate","_class":"pipe_untagged","_osm_id":"way/552129594","_district":"район Лефортово","_length_km":0.069}},{"type":"Feature","geometry":{"type":"LineString","coordinates":[[37.6941742,55.8318549],[37.6936698,55.8320187]]},"properties":{"count":"2","diameter":"1.2","layer":"1","location":"overhead","man_made":"pipeline","_source":"candidate","_class":"pipe_untagged","_osm_id":"way/552771580","_district":"район Богородское","_length_km":0.036}},{"type":"Feature","geometry":{"type":"LineString","coordinates":[[37.6942466,55.8317146],[37.6941742,55.8318549]]},"properties":{"count":"2","diameter":"1.2","layer":"1","location":"overground","man_made":"pipeline","_source":"candidate","_class":"pipe_untagged","_osm_id":"way/552771581","_district":"район Богородское","_length_km":0.016}},{"type":"Feature","geometry":{"type":"LineString","coordinates":[[37.6947039,55.8315399],[37.6942466,55.8317146]]},"properties":{"count":"2","diameter":"1.2","layer":"1","location":"overhead","man_made":"pipeline","_source":"candidate","_class":"pipe_untagged","_osm_id":"way/552771582","_district":"район Богородское","_length_km":0.035}},{"type":"Feature","geometry":{"type":"LineString","coordinates":[[37.7195739,55.8220665],[37.7196785,55.8220167],[37.7198448,55.8221132]]},"properties":{"location":"overground","man_made":"pipeline","_source":"candidate","_class":"pipe_untagged","_osm_id":"way/553355978","_district":"район Богородское","_length_km":0.024}},{"type":"Feature","geometry":{"type":"LineString","coordinates":[[37.7197107,55.8215798],[37.719531,55.8214773]]},"properties":{"location":"overhead","man_made":"pipeline","_source":"candidate","_class":"pipe_untagged","_osm_id":"way/553355979","_district":"район Богородское","_length_km":0.016}},{"type":"Feature","geometry":{"type":"LineString","coordinates":[[37.7198448,55.8221132],[37.7201318,55.821964],[37.7199855,55.8218834]]},"properties":{"location":"overhead","man_made":"pipeline","_source":"candidate","_class":"pipe_untagged","_osm_id":"way/553355980","_district":"район Богородское","_length_km":0.037}},{"type":"Feature","geometry":{"type":"LineString","coordinates":[[37.7199855,55.8218834],[37.7195793,55.8216596],[37.7197107,55.8215798]]},"properties":{"location":"overground","man_made":"pipeline","_source":"candidate","_class":"pipe_untagged","_osm_id":"way/553355981","_district":"район Богородское","_length_km":0.048}},{"type":"Feature","geometry":{"type":"LineString","coordinates":[[37.7910914,55.7502746],[37.7913006,55.7500184]]},"properties":{"man_made":"pipeline","_source":"candidate","_class":"pipe_untagged","_osm_id":"way/553716439","_district":"район Новогиреево","_length_km":0.031}},{"type":"Feature","geometry":{"type":"LineString","coordinates":[[37.6616806,55.8233854],[37.6620457,55.8233014],[37.6623846,55.8237203]]},"properties":{"location":"underground","man_made":"pipeline","_source":"candidate","_class":"pipe_untagged","_osm_id":"way/555999628","_district":"Алексеевский район","_length_km":0.076}},{"type":"Feature","geometry":{"type":"LineString","coordinates":[[37.6414875,55.7871047],[37.6422364,55.7871899],[37.6430491,55.7872736],[37.6431996,55.787258]]},"properties":{"location":"overhead","man_made":"pipeline","_source":"candidate","_class":"pipe_untagged","_osm_id":"way/557362020","_district":"Красносельский район","_length_km":0.109}},{"type":"Feature","geometry":{"type":"LineString","coordinates":[[37.6998972,55.7355236],[37.7008306,55.7358287]]},"properties":{"layer":"1","location":"overhead","man_made":"pipeline","_source":"candidate","_class":"pipe_untagged","_osm_id":"way/566058361","_district":"Нижегородский район","_length_km":0.068}},{"type":"Feature","geometry":{"type":"LineString","coordinates":[[37.7116081,55.821815],[37.7123819,55.8217268]]},"properties":{"location":"overground","man_made":"pipeline","_source":"candidate","_class":"pipe_untagged","_osm_id":"way/577892127","_district":"район Богородское","_length_km":0.049}},{"type":"Feature","geometry":{"type":"LineString","coordinates":[[37.7134145,55.8218195],[37.7135352,55.821827]]},"properties":{"location":"overhead","man_made":"pipeline","_source":"candidate","_class":"pipe_untagged","_osm_id":"way/577892128","_district":"район Богородское","_length_km":0.008}},{"type":"Feature","geometry":{"type":"LineString","coordinates":[[37.7135352,55.821827],[37.7138625,55.8218527]]},"properties":{"location":"overground","man_made":"pipeline","_source":"candidate","_class":"pipe_untagged","_osm_id":"way/577892129","_district":"район Богородское","_length_km":0.021}},{"type":"Feature","geometry":{"type":"LineString","coordinates":[[37.7123819,55.8217268],[37.7125374,55.8216937]]},"properties":{"location":"overhead","man_made":"pipeline","_source":"candidate","_class":"pipe_untagged","_osm_id":"way/577892130","_district":"район Богородское","_length_km":0.01}},{"type":"Feature","geometry":{"type":"LineString","coordinates":[[37.7125374,55.8216937],[37.7129344,55.8216086],[37.7133153,55.8218105],[37.7134145,55.8218195]]},"properties":{"location":"overground","man_made":"pipeline","_source":"candidate","_class":"pipe_untagged","_osm_id":"way/577892131","_district":"район Богородское","_length_km":0.066}},{"type":"Feature","geometry":{"type":"LineString","coordinates":[[37.5245738,55.8409243],[37.5247171,55.8409875],[37.5252665,55.841246],[37.5259843,55.8410371],[37.5259973,55.8410512]]},"properties":{"location":"overhead","man_made":"pipeline","_source":"candidate","_class":"pipe_untagged","_osm_id":"way/588421171","_district":"район Коптево","_length_km":0.109}},{"type":"Feature","geometry":{"type":"LineString","coordinates":[[37.5285539,55.7425891],[37.5285244,55.742645]]},"properties":{"location":"overground","man_made":"pipeline","_source":"candidate","_class":"pipe_untagged","_osm_id":"way/588424433","_district":"район Дорогомилово","_length_km":0.006}},{"type":"Feature","geometry":{"type":"LineString","coordinates":[[37.529115,55.7424911],[37.5285539,55.7425891]]},"properties":{"location":"overhead","man_made":"pipeline","_source":"candidate","_class":"pipe_untagged","_osm_id":"way/588424434","_district":"район Дорогомилово","_length_km":0.037}},{"type":"Feature","geometry":{"type":"LineString","coordinates":[[37.5294793,55.7424275],[37.529182,55.7424794],[37.529115,55.7424911]]},"properties":{"location":"overground","man_made":"pipeline","_source":"candidate","_class":"pipe_untagged","_osm_id":"way/588424437","_district":"район Дорогомилово","_length_km":0.024}},{"type":"Feature","geometry":{"type":"LineString","coordinates":[[37.555266,55.7609868],[37.5562665,55.7609762]]},"properties":{"location":"overground","man_made":"pipeline","_source":"candidate","_class":"pipe_untagged","_osm_id":"way/591395706","_district":"Пресненский район","_length_km":0.063}},{"type":"Feature","geometry":{"type":"LineString","coordinates":[[37.5411046,55.9063053],[37.5407998,55.9063862],[37.5407739,55.9065682]]},"properties":{"man_made":"pipeline","_source":"candidate","_class":"pipe_untagged","_osm_id":"way/591546561","_district":"район Лианозово","_length_km":0.041}},{"type":"Feature","geometry":{"type":"LineString","coordinates":[[37.4597992,55.835613],[37.4602697,55.8348929]]},"properties":{"bridge":"yes","layer":"1","location":"overhead","man_made":"pipeline","_source":"candidate","_class":"pipe_untagged","_osm_id":"way/59461534","_district":"район Южное Тушино","_length_km":0.085}},{"type":"Feature","geometry":{"type":"LineString","coordinates":[[37.6960759,55.7252743],[37.6961242,55.7252657],[37.696111,55.7252007],[37.6972792,55.7251251],[37.6973024,55.7252386],[37.6979327,55.7251978],[37.698555,55.7247718],[37.6982814,55.724438]]},"properties":{"location":"overground","man_made":"pipeline","_source":"candidate","_class":"pipe_untagged","_osm_id":"way/595114305","_district":"Нижегородский район","_length_km":0.239}},{"type":"Feature","geometry":{"type":"LineString","coordinates":[[37.7371905,55.7268855],[37.7367067,55.7268022],[37.7358964,55.7266773],[37.7355668,55.7266113],[37.7352448,55.7265532],[37.7343189,55.7263936]]},"properties":{"man_made":"pipeline","_source":"candidate","_class":"pipe_untagged","_osm_id":"way/595144758","_district":"Нижегородский район","_length_km":0.189}},{"type":"Feature","geometry":{"type":"LineString","coordinates":[[37.7448123,55.729215],[37.7453123,55.7291333],[37.7454539,55.7291144],[37.7461635,55.7289669],[37.7461352,55.7289181],[37.7462378,55.7288981],[37.7457966,55.7280452],[37.7456222,55.7277204],[37.745574,55.7274938]]},"properties":{"location":"overground","man_made":"pipeline","_source":"candidate","_class":"pipe_untagged","_osm_id":"way/595144779","_district":"Нижегородский район","_length_km":0.264}},{"type":"Feature","geometry":{"type":"LineString","coordinates":[[37.5033942,55.7797407],[37.5033841,55.7798087],[37.5030032,55.7797936],[37.5028852,55.7805931],[37.5027222,55.7805854],[37.502706,55.780695],[37.5028507,55.7807018],[37.5028306,55.7808377]]},"properties":{"layer":"1","location":"overground","man_made":"pipeline","_source":"candidate","_class":"pipe_untagged","_osm_id":"way/595740829","_district":"район Хорошёво-Мнёвники","_length_km":0.168}},{"type":"Feature","geometry":{"type":"LineString","coordinates":[[37.5030145,55.7819958],[37.5028422,55.7819958],[37.5029147,55.7815131],[37.5027056,55.7815032],[37.5028054,55.7808368]]},"properties":{"layer":"1","location":"overground","man_made":"pipeline","_source":"candidate","_class":"pipe_untagged","_osm_id":"way/595740830","_district":"район Хорошёво-Мнёвники","_length_km":0.152}},{"type":"Feature","geometry":{"type":"LineString","coordinates":[[37.5054233,55.7792197],[37.5054163,55.77932],[37.5055191,55.7793456],[37.5051381,55.779829],[37.5050819,55.7801043],[37.5052669,55.7802058],[37.5051784,55.7807514],[37.5051174,55.7808411],[37.5049263,55.7808313],[37.5049223,55.7808559],[37.504486,55.7808335],[37.5044717,55.7809218],[37.503904,55.7808927],[37.5037611,55.7808854],[37.5034255,55.7808682],[37.5034316,55.7808307],[37.5032117,55.7808194],[37.5032056,55.7808569],[37.5028306,55.7808377],[37.5028054,55.7808368],[37.5026133,55.7808301]]},"properties":{"layer":"1","location":"overhead","man_made":"pipeline","_source":"candidate","_class":"pipe_untagged","_osm_id":"way/595740831","_district":"район Хорошёво-Мнёвники","_length_km":0.373}},{"type":"Feature","geometry":{"type":"LineString","coordinates":[[37.585117,55.8067672],[37.5854479,55.8067703]]},"properties":{"layer":"1","location":"overhead","man_made":"pipeline","_source":"candidate","_class":"pipe_untagged","_osm_id":"way/606766144","_district":"Бутырский район","_length_km":0.021}},{"type":"Feature","geometry":{"type":"LineString","coordinates":[[37.7321982,55.6971612],[37.7317521,55.6981983]]},"properties":{"man_made":"pipeline","_source":"candidate","_class":"pipe_untagged","_osm_id":"way/607103151","_district":"район Текстильщики","_length_km":0.119}},{"type":"Feature","geometry":{"type":"LineString","coordinates":[[37.799835,55.7495808],[37.799705,55.7496037],[37.7996724,55.74967],[37.7989386,55.7495179],[37.798963,55.7494744],[37.7989284,55.7494675],[37.7989549,55.7494115],[37.7984995,55.7493279],[37.7985748,55.7491918]]},"properties":{"man_made":"pipeline","_source":"candidate","_class":"pipe_untagged","_osm_id":"way/609348204","_district":"район Новогиреево","_length_km":0.125}},{"type":"Feature","geometry":{"type":"LineString","coordinates":[[37.4898067,55.8090502],[37.4910298,55.8093833]]},"properties":{"layer":"1","location":"overhead","man_made":"pipeline","_source":"candidate","_class":"pipe_untagged","_osm_id":"way/624790892","_district":"район Сокол","_length_km":0.085}},{"type":"Feature","geometry":{"type":"LineString","coordinates":[[37.6115543,55.8130881],[37.611454,55.8128844],[37.6114505,55.8128663],[37.6114671,55.8128518],[37.6128424,55.8120421],[37.612855,55.81204],[37.612869,55.8120427],[37.6129428,55.8120829],[37.6130543,55.8120162],[37.6129868,55.8119806],[37.6129698,55.8119678],[37.612984,55.811954],[37.6138181,55.8114548],[37.6138412,55.8114461],[37.6138657,55.8114529],[37.614503,55.8117323],[37.6145202,55.8117434],[37.6145193,55.811757],[37.6144805,55.8119062],[37.6144814,55.811908],[37.6144855,55.8119092]]},"properties":{"layer":"2","location":"overground","man_made":"pipeline","_source":"candidate","_class":"pipe_untagged","_osm_id":"way/627831035","_district":"Останкинский район","_length_km":0.331}},{"type":"Feature","geometry":{"type":"LineString","coordinates":[[37.6263905,55.798685],[37.627935,55.7991426],[37.6287741,55.7994111],[37.629059,55.799508]]},"properties":{"layer":"1","location":"overground","man_made":"pipeline","_source":"candidate","_class":"pipe_untagged","_osm_id":"way/627980246","_district":"район Марьина Роща","_length_km":0.191}},{"type":"Feature","geometry":{"type":"LineString","coordinates":[[37.6263821,55.7986939],[37.6279264,55.7991515],[37.6286073,55.7993693],[37.6287653,55.7994198],[37.6290496,55.7995171]]},"properties":{"layer":"1","location":"overground","man_made":"pipeline","_source":"candidate","_class":"pipe_untagged","_osm_id":"way/627980247","_district":"район Марьина Роща","_length_km":0.191}},{"type":"Feature","geometry":{"type":"LineString","coordinates":[[37.452257,55.7024051],[37.4529493,55.7024566]]},"properties":{"man_made":"pipeline","_source":"candidate","_class":"pipe_untagged","_osm_id":"way/629184243","_district":"район Очаково-Матвеевское","_length_km":0.044}},{"type":"Feature","geometry":{"type":"LineString","coordinates":[[37.4535388,55.7054711],[37.4536355,55.704647]]},"properties":{"man_made":"pipeline","_source":"candidate","_class":"pipe_untagged","_osm_id":"way/629185701","_district":"район Очаково-Матвеевское","_length_km":0.092}},{"type":"Feature","geometry":{"type":"LineString","coordinates":[[37.4536355,55.704647],[37.4537112,55.7045822],[37.4537268,55.704444],[37.4536459,55.7042997],[37.4536067,55.7042026],[37.4535545,55.703923],[37.4535075,55.7036331],[37.4534814,55.7035345],[37.45339,55.7034609],[37.4532985,55.7032092],[37.4532411,55.7030591],[37.453168,55.7028472],[37.4532019,55.7026662],[37.4531967,55.7025602],[37.4529493,55.7024566]]},"properties":{"man_made":"pipeline","_source":"candidate","_class":"pipe_untagged","_osm_id":"way/629185702","_district":"район Очаково-Матвеевское","_length_km":0.258}},{"type":"Feature","geometry":{"type":"LineString","coordinates":[[37.4532672,55.7065689],[37.4533299,55.7064453],[37.4533429,55.7062893],[37.4534344,55.7059862],[37.4534996,55.7059582],[37.4535388,55.7054711]]},"properties":{"man_made":"pipeline","_source":"candidate","_class":"pipe_untagged","_osm_id":"way/629185829","_district":"район Очаково-Матвеевское","_length_km":0.125}},{"type":"Feature","geometry":{"type":"LineString","coordinates":[[37.4514573,55.7069971],[37.452946,55.7070486],[37.4531392,55.7069927],[37.4532672,55.7065689]]},"properties":{"man_made":"pipeline","_source":"candidate","_class":"pipe_untagged","_osm_id":"way/629185830","_district":"район Очаково-Матвеевское","_length_km":0.155}},{"type":"Feature","geometry":{"type":"LineString","coordinates":[[37.5286353,55.7419094],[37.5284959,55.74187]]},"properties":{"location":"overhead","man_made":"pipeline","_source":"candidate","_class":"pipe_untagged","_osm_id":"way/629908188","_district":"район Дорогомилово","_length_km":0.01}},{"type":"Feature","geometry":{"type":"LineString","coordinates":[[37.5284959,55.74187],[37.5282446,55.7417989]]},"properties":{"location":"overground","man_made":"pipeline","_source":"candidate","_class":"pipe_untagged","_osm_id":"way/629908190","_district":"район Дорогомилово","_length_km":0.018}},{"type":"Feature","geometry":{"type":"LineString","coordinates":[[37.5291708,55.7420002],[37.5286353,55.7419094]]},"properties":{"location":"overground","man_made":"pipeline","_source":"candidate","_class":"pipe_untagged","_osm_id":"way/629908192","_district":"район Дорогомилово","_length_km":0.035}},{"type":"Feature","geometry":{"type":"LineString","coordinates":[[37.6551984,55.754009],[37.6553198,55.7539384],[37.6553285,55.753739],[37.6552534,55.7537379],[37.6551756,55.753535],[37.6551735,55.7535294],[37.6546292,55.7535932]]},"properties":{"location":"overground","man_made":"pipeline","_source":"candidate","_class":"pipe_untagged","_osm_id":"way/630763366","_district":"Таганский район","_length_km":0.097}},{"type":"Feature","geometry":{"type":"LineString","coordinates":[[37.6516043,55.7510116],[37.6519208,55.7511822],[37.6518698,55.7513218],[37.6521112,55.7513535],[37.6522882,55.7512539],[37.6523875,55.7511633],[37.6524599,55.7511762],[37.6526999,55.7511414],[37.652818,55.7511097],[37.6531304,55.7511067],[37.6531063,55.7512999],[37.6535864,55.7513482]]},"properties":{"location":"overhead","man_made":"pipeline","_source":"candidate","_class":"pipe_untagged","_osm_id":"way/631360020","_district":"Таганский район","_length_km":0.187}},{"type":"Feature","geometry":{"type":"LineString","coordinates":[[37.3924841,55.8431329],[37.3925203,55.8430335]]},"properties":{"layer":"1","location":"overhead","man_made":"pipeline","_source":"candidate","_class":"pipe_untagged","_osm_id":"way/636362019","_district":"район Митино","_length_km":0.011}},{"type":"Feature","geometry":{"type":"LineString","coordinates":[[37.6566357,55.7667041],[37.656432,55.7670568],[37.6563558,55.7671043],[37.6562465,55.7674525],[37.6557016,55.768193],[37.6555578,55.7682238],[37.6549894,55.768087]]},"properties":{"location":"overground","man_made":"pipeline","_source":"candidate","_class":"pipe_untagged","_osm_id":"way/637821140","_district":"Басманный район","_length_km":0.226}},{"type":"Feature","geometry":{"type":"LineString","coordinates":[[37.4776483,55.6837695],[37.4780908,55.6835185]]},"properties":{"man_made":"pipeline","_source":"candidate","_class":"pipe_untagged","_osm_id":"way/643157112","_district":"Тропарёво-Никулино","_length_km":0.039}},{"type":"Feature","geometry":{"type":"LineString","coordinates":[[37.6966372,55.7336739],[37.6969569,55.7341075],[37.6967691,55.7342291]]},"properties":{"location":"overhead","man_made":"pipeline","_source":"candidate","_class":"pipe_untagged","_osm_id":"way/643512034","_district":"Таганский район","_length_km":0.07}},{"type":"Feature","geometry":{"type":"LineString","coordinates":[[37.6966781,55.733663],[37.6967372,55.7337432],[37.6970052,55.7341066],[37.6968174,55.7342282]]},"properties":{"location":"overhead","man_made":"pipeline","_source":"candidate","_class":"pipe_untagged","_osm_id":"way/643512035","_district":"Таганский район","_length_km":0.071}},{"type":"Feature","geometry":{"type":"LineString","coordinates":[[37.696656,55.7336679],[37.6969805,55.7341081],[37.6967928,55.7342297]]},"properties":{"location":"overhead","man_made":"pipeline","_source":"candidate","_class":"pipe_untagged","_osm_id":"way/643512036","_district":"Таганский район","_length_km":0.071}},{"type":"Feature","geometry":{"type":"LineString","coordinates":[[37.6966996,55.7336577],[37.697029,55.7341046],[37.6968413,55.7342262]]},"properties":{"location":"overhead","man_made":"pipeline","_source":"candidate","_class":"pipe_untagged","_osm_id":"way/643512037","_district":"Таганский район","_length_km":0.072}},{"type":"Feature","geometry":{"type":"LineString","coordinates":[[37.6856101,55.5874158],[37.685535,55.5870095]]},"properties":{"location":"underground","man_made":"pipeline","_source":"candidate","_class":"pipe_untagged","_osm_id":"way/644883359","_district":"район Бирюлёво Восточное","_length_km":0.045}},{"type":"Feature","geometry":{"type":"LineString","coordinates":[[37.6855698,55.5874415],[37.6854921,55.5870125]]},"properties":{"location":"underground","man_made":"pipeline","_source":"candidate","_class":"pipe_untagged","_osm_id":"way/644883360","_district":"район Бирюлёво Восточное","_length_km":0.048}},{"type":"Feature","geometry":{"type":"LineString","coordinates":[[37.7156856,55.775697],[37.715242,55.7755578],[37.7152933,55.7754974],[37.71481,55.7753582],[37.716528,55.773508],[37.7171241,55.7728661],[37.7172991,55.7726777]]},"properties":{"location":"overground","man_made":"pipeline","_source":"candidate","_class":"pipe_untagged","_osm_id":"way/647022071","_district":"район Соколиная Гора","_length_km":0.41}},{"type":"Feature","geometry":{"type":"LineString","coordinates":[[37.7171241,55.7728661],[37.717228,55.7728971]]},"properties":{"man_made":"pipeline","_source":"candidate","_class":"pipe_untagged","_osm_id":"way/647022072","_district":"район Соколиная Гора","_length_km":0.007}},{"type":"Feature","geometry":{"type":"LineString","coordinates":[[37.716528,55.773508],[37.7166483,55.7735452]]},"properties":{"man_made":"pipeline","_source":"candidate","_class":"pipe_untagged","_osm_id":"way/647022073","_district":"район Соколиная Гора","_length_km":0.009}},{"type":"Feature","geometry":{"type":"LineString","coordinates":[[37.556988,55.8540492],[37.5568131,55.8540026],[37.5561194,55.8548466],[37.5559223,55.8550316],[37.5562704,55.8551578]]},"properties":{"man_made":"pipeline","_source":"candidate","_class":"pipe_untagged","_osm_id":"way/647873790","_district":"район Западное Дегунино","_length_km":0.166}},{"type":"Feature","geometry":{"type":"LineString","coordinates":[[37.5562853,55.855143],[37.5559586,55.8550266],[37.556142,55.854856],[37.5568267,55.8540267],[37.5569754,55.8540644]]},"properties":{"man_made":"pipeline","_source":"candidate","_class":"pipe_untagged","_osm_id":"way/647873791","_district":"район Западное Дегунино","_length_km":0.158}},{"type":"Feature","geometry":{"type":"LineString","coordinates":[[37.5562853,55.855143],[37.5566787,55.8552786]]},"properties":{"layer":"1","location":"bridge","man_made":"pipeline","_source":"candidate","_class":"pipe_untagged","_osm_id":"way/647873792","_district":"район Западное Дегунино","_length_km":0.029}},{"type":"Feature","geometry":{"type":"LineString","coordinates":[[37.5562704,55.8551578],[37.5566659,55.8552927]]},"properties":{"layer":"1","location":"bridge","man_made":"pipeline","_source":"candidate","_class":"pipe_untagged","_osm_id":"way/647873793","_district":"район Западное Дегунино","_length_km":0.029}},{"type":"Feature","geometry":{"type":"LineString","coordinates":[[37.6195512,55.579671],[37.6195002,55.5795315],[37.6194063,55.5793708],[37.6193259,55.5793708],[37.6191783,55.5793101],[37.6188779,55.5787886],[37.6188377,55.5786248],[37.6187307,55.5781729],[37.618725,55.5781487],[37.6194224,55.5774149],[37.6203853,55.5773633],[37.6202137,55.5765779],[37.6193876,55.5766143],[37.6193876,55.5765976],[37.6192615,55.5766037],[37.6192588,55.5766234],[37.6185507,55.5766583],[37.6185346,55.5766355],[37.6184193,55.5766431],[37.6184193,55.5766598],[37.6181806,55.5766719]]},"properties":{"man_made":"pipeline","_source":"candidate","_class":"pipe_untagged","_osm_id":"way/648664687","_district":"район Бирюлёво Западное","_length_km":0.562}},{"type":"Feature","geometry":{"type":"LineString","coordinates":[[37.5658016,55.8529887],[37.5661145,55.8529979],[37.5661372,55.8529951],[37.5661292,55.8529718],[37.5661842,55.8529642],[37.5661936,55.8529891],[37.5668239,55.8529221]]},"properties":{"man_made":"pipeline","_source":"candidate","_class":"pipe_untagged","_osm_id":"way/650290165","_district":"Бескудниковский район","_length_km":0.07}},{"type":"Feature","geometry":{"type":"LineString","coordinates":[[37.9003966,55.7175614],[37.9006809,55.7188894]]},"properties":{"location":"overground","man_made":"pipeline","_source":"candidate","_class":"pipe_untagged","_osm_id":"way/652613689","_district":"район Косино-Ухтомский","_length_km":0.149}},{"type":"Feature","geometry":{"type":"LineString","coordinates":[[37.5955528,55.8289013],[37.5960074,55.8289103],[37.5960041,55.828963],[37.5961954,55.8289668],[37.5961991,55.8289073],[37.5970953,55.8289251],[37.597091,55.8289931],[37.5975172,55.8290016],[37.5975218,55.8289284],[37.5977856,55.8289337]]},"properties":{"location":"overground","man_made":"pipeline","_source":"candidate","_class":"pipe_untagged","_osm_id":"way/652841291","_district":"район Марфино","_length_km":0.168}},{"type":"Feature","geometry":{"type":"LineString","coordinates":[[37.595043,55.832165],[37.5957674,55.8317793]]},"properties":{"location":"overground","man_made":"pipeline","_source":"candidate","_class":"pipe_untagged","_osm_id":"way/653111996","_district":"район Марфино","_length_km":0.062}},{"type":"Feature","geometry":{"type":"LineString","coordinates":[[37.5941344,55.8304906],[37.5943663,55.8304963]]},"properties":{"location":"overground","man_made":"pipeline","_source":"candidate","_class":"pipe_untagged","_osm_id":"way/653111998","_district":"район Марфино","_length_km":0.015}},{"type":"Feature","geometry":{"type":"LineString","coordinates":[[37.5617771,55.844614],[37.5630873,55.8437706],[37.564187,55.8430395]]},"properties":{"location":"overground","man_made":"pipeline","_source":"candidate","_class":"pipe_untagged","_osm_id":"way/654173311","_district":"Тимирязевский район","_length_km":0.231}},{"type":"Feature","geometry":{"type":"LineString","coordinates":[[37.5598606,55.8438302],[37.5612661,55.8429492],[37.5611615,55.8428995],[37.5621673,55.8422353],[37.5618669,55.8420953],[37.5627065,55.8415026],[37.5632188,55.8413159],[37.5637083,55.8409469],[37.5636198,55.8409002],[37.5636922,55.8408566],[37.5638022,55.8409063],[37.5653699,55.8398814],[37.5652572,55.8398272],[37.5653243,55.8397835],[37.5654423,55.839837],[37.5669028,55.838867],[37.5675626,55.8389943]]},"properties":{"location":"overground","man_made":"pipeline","_source":"candidate","_class":"pipe_untagged","_osm_id":"way/654417593","_district":"Тимирязевский район","_length_km":0.82}},{"type":"Feature","geometry":{"type":"LineString","coordinates":[[37.5694039,55.8371967],[37.5700329,55.8373345],[37.5675626,55.8389943]]},"properties":{"layer":"-1","location":"underground","man_made":"pipeline","_source":"candidate","_class":"pipe_untagged","_osm_id":"way/654422770","_district":"Тимирязевский район","_length_km":0.283}},{"type":"Feature","geometry":{"type":"LineString","coordinates":[[37.5679816,55.756944],[37.5676324,55.7569635],[37.5674371,55.7562931],[37.5671985,55.756319],[37.5668971,55.7557653],[37.566509,55.7557277],[37.5662671,55.7553125],[37.5658835,55.7553158],[37.5658299,55.7551996],[37.5655134,55.7552011]]},"properties":{"location":"overground","man_made":"pipeline","_source":"candidate","_class":"pipe_untagged","_osm_id":"way/659871303","_district":"Пресненский район","_length_km":0.308}},{"type":"Feature","geometry":{"type":"LineString","coordinates":[[37.7441675,55.814258],[37.746316,55.8154968],[37.7460567,55.8156333]]},"properties":{"location":"overhead","man_made":"pipeline","_source":"candidate","_class":"pipe_untagged","_osm_id":"way/664686505","_district":"район Метрогородок","_length_km":0.215}},{"type":"Feature","geometry":{"type":"LineString","coordinates":[[37.7444067,55.8165021],[37.7442668,55.8165758]]},"properties":{"location":"overhead","man_made":"pipeline","_source":"candidate","_class":"pipe_untagged","_osm_id":"way/664686506","_district":"район Метрогородок","_length_km":0.012}},{"type":"Feature","geometry":{"type":"LineString","coordinates":[[37.7442668,55.8165758],[37.745117,55.8170414]]},"properties":{"location":"overground","man_made":"pipeline","_source":"candidate","_class":"pipe_untagged","_osm_id":"way/664686507","_district":"район Метрогородок","_length_km":0.074}},{"type":"Feature","geometry":{"type":"LineString","coordinates":[[37.7460567,55.8156333],[37.7444067,55.8165021]]},"properties":{"location":"overground","man_made":"pipeline","_source":"candidate","_class":"pipe_untagged","_osm_id":"way/664686508","_district":"район Метрогородок","_length_km":0.142}},{"type":"Feature","geometry":{"type":"LineString","coordinates":[[37.4503241,55.6946951],[37.450602,55.694804],[37.4508779,55.6950797],[37.4517255,55.6947637],[37.4539426,55.6966671]]},"properties":{"man_made":"pipeline","_source":"candidate","_class":"pipe_untagged","_osm_id":"way/668417278","_district":"район Очаково-Матвеевское","_length_km":0.374}},{"type":"Feature","geometry":{"type":"LineString","coordinates":[[37.5543932,55.7366006],[37.5544154,55.7363583],[37.5553311,55.7364112],[37.5553571,55.7364033],[37.555365,55.7362997],[37.5561907,55.7363526],[37.5562407,55.7363763],[37.5565226,55.7364595],[37.5571583,55.7367072],[37.5572243,55.7367015],[37.5573323,55.7366273],[37.5575822,55.7367331],[37.5576601,55.7367263],[37.5581279,55.7363965],[37.5588596,55.7367139],[37.5586417,55.7372092]]},"properties":{"man_made":"pipeline","_source":"candidate","_class":"pipe_untagged","_osm_id":"way/668915548","_district":"район Дорогомилово","_length_km":0.424}},{"type":"Feature","geometry":{"type":"LineString","coordinates":[[37.5554183,55.7366353],[37.5552304,55.7366274],[37.5551364,55.7365496]]},"properties":{"man_made":"pipeline","_source":"candidate","_class":"pipe_untagged","_osm_id":"way/668915553","_district":"район Дорогомилово","_length_km":0.022}},{"type":"Feature","geometry":{"type":"LineString","coordinates":[[37.3459375,55.8383464],[37.3458593,55.838388],[37.3464134,55.8387168],[37.3464721,55.8386856],[37.3466047,55.8387643],[37.3465548,55.8387908],[37.3475079,55.8393565],[37.3478635,55.8391675],[37.3480788,55.8391709],[37.3481233,55.8391472]]},"properties":{"location":"overhead","man_made":"pipeline","_source":"candidate","_class":"pipe_untagged","_osm_id":"way/678835735","_district":"район Митино","_length_km":0.213}},{"type":"Feature","geometry":{"type":"LineString","coordinates":[[37.3460106,55.8383898],[37.3459585,55.8384175],[37.3464189,55.8386907],[37.3464668,55.8386653],[37.3466381,55.838767],[37.3465957,55.8387895],[37.3475131,55.8393339],[37.3478614,55.8391489],[37.3480668,55.8391521],[37.3481006,55.8391341]]},"properties":{"location":"overhead","man_made":"pipeline","_source":"candidate","_class":"pipe_untagged","_osm_id":"way/678835736","_district":"район Митино","_length_km":0.199}},{"type":"Feature","geometry":{"type":"LineString","coordinates":[[37.7095696,55.7079926],[37.7099129,55.7084702]]},"properties":{"layer":"1","location":"overhead","man_made":"pipeline","_source":"candidate","_class":"pipe_untagged","_osm_id":"way/702888998","_district":"район Печатники","_length_km":0.057}},{"type":"Feature","geometry":{"type":"LineString","coordinates":[[37.6025126,55.7583162],[37.6026165,55.758367],[37.602648,55.7583466],[37.6027849,55.7584136]]},"properties":{"location":"overground","man_made":"pipeline","_source":"candidate","_class":"pipe_untagged","_osm_id":"way/713163521","_district":"Пресненский район","_length_km":0.023}},{"type":"Feature","geometry":{"type":"LineString","coordinates":[[37.776331,55.6447371],[37.776787,55.6440318],[37.7770605,55.6435747],[37.7772805,55.6427421],[37.7775594,55.6411769],[37.777361,55.6391667]]},"properties":{"layer":"-1","location":"underground","man_made":"pipeline","_source":"candidate","_class":"pipe_untagged","_osm_id":"way/718175134","_district":"район Братеево","_length_km":0.63}},{"type":"Feature","geometry":{"type":"LineString","coordinates":[[37.5967185,55.6994149],[37.5961561,55.699236],[37.5957418,55.6990862],[37.595027,55.6988981],[37.5949445,55.6989565]]},"properties":{"location":"overground","man_made":"pipeline","_source":"candidate","_class":"pipe_untagged","_osm_id":"way/720981664","_district":"Донской район","_length_km":0.129}},{"type":"Feature","geometry":{"type":"LineString","coordinates":[[37.5970627,55.6993102],[37.5967185,55.6994149]]},"properties":{"layer":"1","location":"overground","man_made":"pipeline","_source":"candidate","_class":"pipe_untagged","_osm_id":"way/720981665","_district":"Донской район","_length_km":0.025}},{"type":"Feature","geometry":{"type":"LineString","coordinates":[[37.4346323,55.6668331],[37.4347691,55.6669533]]},"properties":{"man_made":"pipeline","_source":"candidate","_class":"pipe_untagged","_osm_id":"way/722733943","_district":"район Очаково-Матвеевское","_length_km":0.016}},{"type":"Feature","geometry":{"type":"LineString","coordinates":[[37.5232217,55.8416299],[37.5238254,55.841069]]},"properties":{"layer":"1","location":"overhead","man_made":"pipeline","_source":"candidate","_class":"pipe_untagged","_osm_id":"way/725181885","_district":"район Коптево","_length_km":0.073}},{"type":"Feature","geometry":{"type":"LineString","coordinates":[[37.4771145,55.8562618],[37.476861,55.8566495]]},"properties":{"location":"overground","man_made":"pipeline","_source":"candidate","_class":"pipe_untagged","_osm_id":"way/727114312","_district":"район Левобережный","_length_km":0.046}},{"type":"Feature","geometry":{"type":"LineString","coordinates":[[37.7824514,55.7376985],[37.7828488,55.7370869]]},"properties":{"location":"overground","man_made":"pipeline","_source":"candidate","_class":"pipe_untagged","_osm_id":"way/72873794","_district":"район Новогиреево","_length_km":0.073}},{"type":"Feature","geometry":{"type":"LineString","coordinates":[[37.126091,55.297029],[37.136691,55.2936449],[37.1371846,55.2919589],[37.1362404,55.2901262],[37.1305971,55.2843953],[37.125297,55.2776247],[37.1257906,55.2724544],[37.1255867,55.271232],[37.1261339,55.270309],[37.125458,55.2690071],[37.110738,55.2629186],[37.1092467,55.2578502],[37.1064465,55.2556124],[37.1002774,55.2542305]]},"properties":{"layer":"-1","location":"underground","man_made":"pipeline","_source":"candidate","_class":"pipe_untagged","_osm_id":"way/729836065","_district":"район Вороново","_length_km":6.16}},{"type":"Feature","geometry":{"type":"LineString","coordinates":[[37.7329712,55.7540087],[37.7341735,55.7542445]]},"properties":{"layer":"1","location":"overhead","man_made":"pipeline","_source":"candidate","_class":"pipe_untagged","_osm_id":"way/74747143","_district":"район Перово","_length_km":0.08}},{"type":"Feature","geometry":{"type":"LineString","coordinates":[[37.5299527,55.7596398],[37.5300051,55.7596964],[37.5306515,55.7594881],[37.5308821,55.7596783],[37.5314722,55.7594686],[37.5324673,55.7592512],[37.5323466,55.7590022]]},"properties":{"location":"overhead","man_made":"pipeline","_source":"candidate","_class":"pipe_untagged","_osm_id":"way/748990261","_district":"Пресненский район","_length_km":0.219}},{"type":"Feature","geometry":{"type":"LineString","coordinates":[[37.5270787,55.7593176],[37.5279021,55.7586068],[37.5284948,55.7586898],[37.5286343,55.7587849],[37.528856,55.7591081],[37.5289133,55.7591916],[37.528857,55.7592407],[37.5290541,55.7593048],[37.5291923,55.7592724],[37.5294739,55.7596029],[37.5295249,55.7596617]]},"properties":{"location":"overhead","man_made":"pipeline","_source":"candidate","_class":"pipe_untagged","_osm_id":"way/748990262","_district":"Пресненский район","_length_km":0.273}},{"type":"Feature","geometry":{"type":"LineString","coordinates":[[37.6256525,55.6409863],[37.626189,55.6409954],[37.6276803,55.6409015],[37.6276964,55.6410257]]},"properties":{"location":"overground","man_made":"pipeline","_source":"candidate","_class":"pipe_untagged","_osm_id":"way/754504187","_district":"район Москворечье-Сабурово","_length_km":0.142}},{"type":"Feature","geometry":{"type":"LineString","coordinates":[[37.6295847,55.6401991],[37.6326094,55.6399508],[37.6329401,55.6400251],[37.6336401,55.639963],[37.6337447,55.6397147],[37.6347935,55.6398222],[37.6360542,55.6396451],[37.6360105,55.639546],[37.6361675,55.639524],[37.6362112,55.639623],[37.637401,55.6394559]]},"properties":{"location":"overground","man_made":"pipeline","_source":"candidate","_class":"pipe_untagged","_osm_id":"way/754504193","_district":"район Москворечье-Сабурово","_length_km":0.547}},{"type":"Feature","geometry":{"type":"LineString","coordinates":[[37.5335663,55.7401542],[37.534383,55.7403488]]},"properties":{"layer":"1","location":"overhead","man_made":"pipeline","_source":"candidate","_class":"pipe_untagged","_osm_id":"way/754845637","_district":"район Дорогомилово","_length_km":0.056}},{"type":"Feature","geometry":{"type":"LineString","coordinates":[[37.53358,55.740136],[37.5343968,55.7403305]]},"properties":{"layer":"1","location":"overhead","man_made":"pipeline","_source":"candidate","_class":"pipe_untagged","_osm_id":"way/754845638","_district":"район Дорогомилово","_length_km":0.056}},{"type":"Feature","geometry":{"type":"LineString","coordinates":[[37.8496372,55.7049374],[37.8502084,55.7053156]]},"properties":{"layer":"1","location":"overhead","man_made":"pipeline","_source":"candidate","_class":"pipe_untagged","_osm_id":"way/75765911","_district":"район Косино-Ухтомский","_length_km":0.055}},{"type":"Feature","geometry":{"type":"LineString","coordinates":[[37.2669011,55.9814649],[37.2666507,55.9815344],[37.2663847,55.9813954],[37.266051,55.9811211],[37.2657687,55.9806321],[37.265838,55.9806167],[37.2658076,55.9805731],[37.2657384,55.980586],[37.2654512,55.9801798],[37.2653844,55.9801939],[37.2647972,55.9792112],[37.2647064,55.9790658],[37.263452,55.9792392],[37.2634294,55.9791777],[37.2632885,55.9791951],[37.2633195,55.9792582],[37.2626063,55.9793449]]},"properties":{"man_made":"pipeline","_source":"candidate","_class":"pipe_untagged","_osm_id":"way/75806093","_district":"район Савёлки","_length_km":0.484}},{"type":"Feature","geometry":{"type":"LineString","coordinates":[[37.6298899,55.8489986],[37.6300647,55.8491061]]},"properties":{"location":"overhead","man_made":"pipeline","_source":"candidate","_class":"pipe_untagged","_osm_id":"way/762234092","_district":"район Свиблово","_length_km":0.016}},{"type":"Feature","geometry":{"type":"LineString","coordinates":[[37.4920785,55.7101048],[37.4929315,55.7098933],[37.4944711,55.7118153],[37.4950719,55.712731],[37.4953508,55.7132689],[37.4955547,55.7137947],[37.4956459,55.7140697]]},"properties":{"layer":"-1","location":"underground","man_made":"pipeline","_source":"candidate","_class":"pipe_untagged","_osm_id":"way/765320749","_district":"район Раменки","_length_km":0.556}},{"type":"Feature","geometry":{"type":"LineString","coordinates":[[37.7515731,55.7316163],[37.7515173,55.7321135]]},"properties":{"layer":"1","location":"overhead","man_made":"pipeline","_source":"candidate","_class":"pipe_untagged","_osm_id":"way/76984403","_district":"Нижегородский район","_length_km":0.055}},{"type":"Feature","geometry":{"type":"LineString","coordinates":[[37.7523896,55.7321329],[37.7515173,55.7321135],[37.7485821,55.732092],[37.7474055,55.7320911],[37.7458961,55.732144],[37.7432227,55.7323566]]},"properties":{"man_made":"pipeline","_source":"candidate","_class":"pipe_untagged","_osm_id":"way/76984405","_district":"Нижегородский район","_length_km":0.578}},{"type":"Feature","geometry":{"type":"LineString","coordinates":[[37.5620234,55.8055292],[37.5622648,55.8051056]]},"properties":{"layer":"1","man_made":"pipeline","_source":"candidate","_class":"pipe_untagged","_osm_id":"way/775577568","_district":"Тимирязевский район","_length_km":0.05}},{"type":"Feature","geometry":{"type":"LineString","coordinates":[[37.9333312,55.6882875],[37.9319955,55.688094]]},"properties":{"location":"overhead","man_made":"pipeline","_source":"candidate","_class":"pipe_untagged","_osm_id":"way/778079571","_district":"район Некрасовка","_length_km":0.087}},{"type":"Feature","geometry":{"type":"LineString","coordinates":[[37.6100186,55.7419946],[37.6100828,55.741966],[37.610158,55.7419326]]},"properties":{"location":"overground","man_made":"pipeline","_source":"candidate","_class":"pipe_untagged","_osm_id":"way/778960739","_district":"район Якиманка","_length_km":0.011}},{"type":"Feature","geometry":{"type":"LineString","coordinates":[[37.9333395,55.6882618],[37.9320037,55.6880682]]},"properties":{"location":"overhead","man_made":"pipeline","_source":"candidate","_class":"pipe_untagged","_osm_id":"way/781288206","_district":"район Некрасовка","_length_km":0.087}},{"type":"Feature","geometry":{"type":"LineString","coordinates":[[37.6589608,55.780022],[37.6593958,55.7798265]]},"properties":{"layer":"1","man_made":"pipeline","_source":"candidate","_class":"pipe_untagged","_osm_id":"way/782314862","_district":"Красносельский район","_length_km":0.035}},{"type":"Feature","geometry":{"type":"LineString","coordinates":[[37.4158089,55.9543621],[37.4158327,55.954516]]},"properties":{"location":"overhead","man_made":"pipeline","_source":"candidate","_class":"pipe_untagged","_osm_id":"way/782766405","_district":"вне районов","_length_km":0.017}},{"type":"Feature","geometry":{"type":"LineString","coordinates":[[37.415716,55.9543298],[37.4157456,55.9545205]]},"properties":{"location":"overhead","man_made":"pipeline","_source":"candidate","_class":"pipe_untagged","_osm_id":"way/782766406","_district":"вне районов","_length_km":0.021}},{"type":"Feature","geometry":{"type":"LineString","coordinates":[[37.5049918,55.7228445],[37.5051515,55.7227623],[37.5052934,55.7227686],[37.5054791,55.7224907]]},"properties":{"location":"overhead","man_made":"pipeline","note":"Можно перелезть через реку по нему","_source":"candidate","_class":"pipe_untagged","_osm_id":"way/785737169","_district":"район Раменки","_length_km":0.056}},{"type":"Feature","geometry":{"type":"LineString","coordinates":[[37.5055118,55.722814],[37.5059305,55.7226301]]},"properties":{"location":"overhead","man_made":"pipeline","note":"Можно перелезть через реку по нему","_source":"candidate","_class":"pipe_untagged","_osm_id":"way/785737170","_district":"район Раменки","_length_km":0.033}},{"type":"Feature","geometry":{"type":"LineString","coordinates":[[37.5103542,55.7231662],[37.5107136,55.7230771]]},"properties":{"location":"overhead","man_made":"pipeline","_source":"candidate","_class":"pipe_untagged","_osm_id":"way/785982027","_district":"район Раменки","_length_km":0.025}},{"type":"Feature","geometry":{"type":"LineString","coordinates":[[37.6593384,55.6990495],[37.6597515,55.699314]]},"properties":{"location":"overhead","man_made":"pipeline","_source":"candidate","_class":"pipe_untagged","_osm_id":"way/792319494","_district":"Даниловский район","_length_km":0.039}},{"type":"Feature","geometry":{"type":"LineString","coordinates":[[37.4432234,55.8133307],[37.442978,55.8134271]]},"properties":{"highway":"path","layer":"1","location":"overhead","man_made":"pipeline","_source":"candidate","_class":"pipe_untagged","_osm_id":"way/792591496","_district":"район Покровское-Стрешнево","_length_km":0.019}},{"type":"Feature","geometry":{"type":"LineString","coordinates":[[37.6747591,55.7800357],[37.6747204,55.7800771],[37.6754655,55.7803575],[37.6755324,55.7803013],[37.6756234,55.7803355],[37.6756224,55.780412],[37.6757021,55.7804443],[37.6759393,55.7804856],[37.6763403,55.7806051],[37.6766518,55.7807788],[37.6769816,55.7808607],[37.6771271,55.7807673],[37.6772541,55.7808036],[37.6774498,55.7809386],[37.678212,55.7813002],[37.678591,55.7815133],[37.6791277,55.7819514],[37.6795825,55.7818746]]},"properties":{"location":"overhead","man_made":"pipeline","_source":"candidate","_class":"pipe_untagged","_osm_id":"way/793220871","_district":"Красносельский район","_length_km":0.412}},{"type":"Feature","geometry":{"type":"LineString","coordinates":[[37.6748101,55.7800508],[37.6747784,55.7800847],[37.6754478,55.7803366],[37.6755148,55.7802803],[37.6756512,55.7803317],[37.6756503,55.7804053],[37.6757173,55.7804324],[37.6759467,55.7804724],[37.6763517,55.7805931],[37.6766682,55.7807695],[37.6769659,55.7808434],[37.6771188,55.7807454],[37.677277,55.7807906],[37.6774782,55.7809294],[37.6782319,55.7812869],[37.6786128,55.7815011],[37.6791412,55.7819325],[37.6796025,55.7818578]]},"properties":{"location":"overhead","man_made":"pipeline","_source":"candidate","_class":"pipe_untagged","_osm_id":"way/793220872","_district":"Красносельский район","_length_km":0.408}},{"type":"Feature","geometry":{"type":"LineString","coordinates":[[37.6752298,55.7795319],[37.6747591,55.7800357]]},"properties":{"layer":"1","location":"overhead","man_made":"pipeline","_source":"candidate","_class":"pipe_untagged","_osm_id":"way/793220873","_district":"Красносельский район","_length_km":0.063}},{"type":"Feature","geometry":{"type":"LineString","coordinates":[[37.6752808,55.7795469],[37.6748101,55.7800508]]},"properties":{"layer":"1","location":"overhead","man_made":"pipeline","_source":"candidate","_class":"pipe_untagged","_osm_id":"way/793220874","_district":"Красносельский район","_length_km":0.063}},{"type":"Feature","geometry":{"type":"LineString","coordinates":[[37.5292515,55.760499],[37.5300858,55.7608481]]},"properties":{"location":"overhead","man_made":"pipeline","_source":"candidate","_class":"pipe_untagged","_osm_id":"way/794349452","_district":"Пресненский район","_length_km":0.065}},{"type":"Feature","geometry":{"type":"LineString","coordinates":[[37.528856,55.7591081],[37.5287215,55.7591358],[37.5287658,55.7591999],[37.5285512,55.7593637],[37.5286369,55.7594283],[37.5271512,55.7605966]]},"properties":{"location":"overhead","man_made":"pipeline","_source":"candidate","_class":"pipe_untagged","_osm_id":"way/794349453","_district":"Пресненский район","_length_km":0.208}},{"type":"Feature","geometry":{"type":"LineString","coordinates":[[37.734292,55.680692],[37.7342867,55.6804873],[37.7354466,55.6804548],[37.7359148,55.6804456],[37.7359118,55.6805538],[37.7360838,55.6805518]]},"properties":{"layer":"-1","location":"underground","man_made":"pipeline","_source":"candidate","_class":"pipe_untagged","_osm_id":"way/79507224","_district":"район Люблино","_length_km":0.148}},{"type":"Feature","geometry":{"type":"LineString","coordinates":[[37.7316323,55.6812521],[37.7341263,55.6810874]]},"properties":{"layer":"1","location":"overhead","man_made":"pipeline","_source":"candidate","_class":"pipe_untagged","_osm_id":"way/79507228","_district":"район Печатники","_length_km":0.158}},{"type":"Feature","geometry":{"type":"LineString","coordinates":[[37.5270669,55.8437591],[37.5270447,55.8437912],[37.5273149,55.8438503],[37.5271023,55.8441562],[37.5273764,55.844443],[37.5275508,55.8445289],[37.5274944,55.8446629]]},"properties":{"location":"overhead","man_made":"pipeline","_source":"candidate","_class":"pipe_untagged","_osm_id":"way/795350437","_district":"Головинский район","_length_km":0.125}},{"type":"Feature","geometry":{"type":"LineString","coordinates":[[37.5048861,55.7926982],[37.5048579,55.7927411],[37.5054105,55.7928648]]},"properties":{"location":"overhead","man_made":"pipeline","_source":"candidate","_class":"pipe_untagged","_osm_id":"way/796257268","_district":"район Сокол","_length_km":0.042}},{"type":"Feature","geometry":{"type":"LineString","coordinates":[[37.504068,55.7812839],[37.5041266,55.7812865],[37.504112,55.7813889],[37.5040229,55.7813849],[37.5039753,55.7817168]]},"properties":{"layer":"1","location":"overhead","man_made":"pipeline","_source":"candidate","_class":"pipe_untagged","_osm_id":"way/797061129","_district":"район Хорошёво-Мнёвники","_length_km":0.058}},{"type":"Feature","geometry":{"type":"LineString","coordinates":[[37.5044841,55.7813005],[37.5045397,55.781303],[37.5045757,55.7810519]]},"properties":{"layer":"1","location":"overhead","man_made":"pipeline","_source":"candidate","_class":"pipe_untagged","_osm_id":"way/797061130","_district":"район Хорошёво-Мнёвники","_length_km":0.032}},{"type":"Feature","geometry":{"type":"LineString","coordinates":[[37.5045155,55.781611],[37.5045553,55.7813333],[37.5044799,55.7813298]]},"properties":{"layer":"1","location":"overhead","man_made":"pipeline","_source":"candidate","_class":"pipe_untagged","_osm_id":"way/797061131","_district":"район Хорошёво-Мнёвники","_length_km":0.036}},{"type":"Feature","geometry":{"type":"LineString","coordinates":[[37.5042826,55.7813125],[37.5042709,55.7813941],[37.504449,55.7814021],[37.5044197,55.7816065]]},"properties":{"layer":"1","location":"overhead","man_made":"pipeline","_source":"candidate","_class":"pipe_untagged","_osm_id":"way/797061132","_district":"район Хорошёво-Мнёвники","_length_km":0.043}},{"type":"Feature","geometry":{"type":"LineString","coordinates":[[37.5033841,55.7798087],[37.5034453,55.7798116],[37.5036876,55.7797474],[37.5038909,55.7784855],[37.5035203,55.7784666]]},"properties":{"location":"overhead","man_made":"pipeline","_source":"candidate","_class":"pipe_untagged","_osm_id":"way/797061133","_district":"район Хорошёво-Мнёвники","_length_km":0.185}},{"type":"Feature","geometry":{"type":"LineString","coordinates":[[37.503904,55.7808927],[37.5039281,55.7807722]]},"properties":{"location":"overhead","man_made":"pipeline","_source":"candidate","_class":"pipe_untagged","_osm_id":"way/797061137","_district":"район Хорошёво-Мнёвники","_length_km":0.014}},{"type":"Feature","geometry":{"type":"LineString","coordinates":[[37.5037611,55.7808854],[37.5038295,55.7805436]]},"properties":{"location":"overhead","man_made":"pipeline","_source":"candidate","_class":"pipe_untagged","_osm_id":"way/797061138","_district":"район Хорошёво-Мнёвники","_length_km":0.038}},{"type":"Feature","geometry":{"type":"LineString","coordinates":[[37.505467,55.7820383],[37.5067665,55.782168]]},"properties":{"location":"overhead","man_made":"pipeline","_source":"candidate","_class":"pipe_untagged","_osm_id":"way/797061163","_district":"Хорошёвский район","_length_km":0.083}},{"type":"Feature","geometry":{"type":"LineString","coordinates":[[37.5054598,55.7820611],[37.5067593,55.7821908]]},"properties":{"location":"overhead","man_made":"pipeline","_source":"candidate","_class":"pipe_untagged","_osm_id":"way/797061164","_district":"район Хорошёво-Мнёвники","_length_km":0.083}},{"type":"Feature","geometry":{"type":"LineString","coordinates":[[37.5039366,55.7864655],[37.5044583,55.7864715],[37.5044918,55.7862362]]},"properties":{"location":"overhead","man_made":"pipeline","_source":"candidate","_class":"pipe_untagged","_osm_id":"way/797061187","_district":"район Хорошёво-Мнёвники","_length_km":0.059}},{"type":"Feature","geometry":{"type":"LineString","coordinates":[[37.5219903,55.7646978],[37.52213,55.7645165],[37.5222153,55.7643547]]},"properties":{"location":"overhead","man_made":"pipeline","_source":"candidate","_class":"pipe_untagged","_osm_id":"way/800820260","_district":"Хорошёвский район","_length_km":0.041}},{"type":"Feature","geometry":{"type":"LineString","coordinates":[[37.5214943,55.764186],[37.521937,55.7643305],[37.5222153,55.7643547],[37.5225404,55.7643829],[37.5226619,55.7643831]]},"properties":{"location":"overhead","man_made":"pipeline","_source":"candidate","_class":"pipe_untagged","_osm_id":"way/800820261","_district":"Хорошёвский район","_length_km":0.078}},{"type":"Feature","geometry":{"type":"LineString","coordinates":[[37.7453418,55.7490025],[37.7460355,55.7488469],[37.7461079,55.7485571],[37.7466363,55.7485722],[37.7466492,55.7484272]]},"properties":{"location":"overhead","man_made":"pipeline","_source":"candidate","_class":"pipe_untagged","_osm_id":"way/801942508","_district":"район Перово","_length_km":0.129}},{"type":"Feature","geometry":{"type":"LineString","coordinates":[[37.7439085,55.7496123],[37.7433962,55.7494719],[37.7431253,55.7490115],[37.7426639,55.7488907],[37.7418914,55.748471],[37.7409607,55.7489903],[37.7410224,55.7490733]]},"properties":{"location":"overhead","man_made":"pipeline","_source":"candidate","_class":"pipe_untagged","_osm_id":"way/801942510","_district":"район Перово","_length_km":0.281}},{"type":"Feature","geometry":{"type":"LineString","coordinates":[[37.7429218,55.7500362],[37.7438666,55.749815],[37.7437848,55.7497122],[37.7440633,55.7495834]]},"properties":{"layer":"1","location":"overhead","man_made":"pipeline","_source":"candidate","_class":"pipe_untagged","_osm_id":"way/801942517","_district":"район Перово","_length_km":0.099}},{"type":"Feature","geometry":{"type":"LineString","coordinates":[[37.743095,55.7541602],[37.7431964,55.7544645],[37.7437155,55.7544097],[37.7451544,55.7542577],[37.7450875,55.7540568]]},"properties":{"location":"overhead","man_made":"pipeline","_source":"candidate","_class":"pipe_untagged","_osm_id":"way/801942541","_district":"район Перово","_length_km":0.182}},{"type":"Feature","geometry":{"type":"LineString","coordinates":[[37.7436725,55.7542807],[37.7429674,55.7521662]]},"properties":{"location":"overhead","man_made":"pipeline","_source":"candidate","_class":"pipe_untagged","_osm_id":"way/801942542","_district":"район Перово","_length_km":0.24}},{"type":"Feature","geometry":{"type":"LineString","coordinates":[[37.7441177,55.755309],[37.7440179,55.7550096],[37.743919,55.7550201],[37.7437155,55.7544097],[37.7436725,55.7542807],[37.7424393,55.7544109],[37.742414,55.7543352],[37.7418654,55.7543931]]},"properties":{"location":"overhead","man_made":"pipeline","_source":"candidate","_class":"pipe_untagged","_osm_id":"way/801942543","_district":"район Перово","_length_km":0.246}},{"type":"Feature","geometry":{"type":"LineString","coordinates":[[37.6360835,55.7594421],[37.6363453,55.7592658]]},"properties":{"location":"overground","man_made":"pipeline","_source":"candidate","_class":"pipe_untagged","_osm_id":"way/803596934","_district":"Басманный район","_length_km":0.026}},{"type":"Feature","geometry":{"type":"LineString","coordinates":[[37.6358651,55.7596338],[37.6359481,55.7595713],[37.6359134,55.7595567],[37.6360835,55.7594421]]},"properties":{"location":"overhead","man_made":"pipeline","_source":"candidate","_class":"pipe_untagged","_osm_id":"way/803596936","_district":"Басманный район","_length_km":0.028}},{"type":"Feature","geometry":{"type":"LineString","coordinates":[[37.736012,55.7457913],[37.7371466,55.7454969]]},"properties":{"layer":"1","location":"overhead","man_made":"pipeline","_source":"candidate","_class":"pipe_untagged","_osm_id":"way/803891676","_district":"район Лефортово","_length_km":0.078}},{"type":"Feature","geometry":{"type":"LineString","coordinates":[[37.749458,55.756927],[37.7502341,55.7570763],[37.7506428,55.7564037],[37.7508767,55.7564487],[37.7510105,55.7562285],[37.748419,55.7557299]]},"properties":{"location":"overhead","man_made":"pipeline","_source":"candidate","_class":"pipe_untagged","_osm_id":"way/803891764","_district":"район Перово","_length_km":0.344}},{"type":"Feature","geometry":{"type":"LineString","coordinates":[[37.3969983,55.8422858],[37.397131,55.842128]]},"properties":{"location":"overhead","man_made":"pipeline","_source":"candidate","_class":"pipe_untagged","_osm_id":"way/813882186","_district":"район Южное Тушино","_length_km":0.019}},{"type":"Feature","geometry":{"type":"LineString","coordinates":[[37.7457295,55.7403122],[37.7448352,55.7410127],[37.7446001,55.7410554],[37.7428977,55.7423899]]},"properties":{"location":"overhead","man_made":"pipeline","_source":"candidate","_class":"pipe_untagged","_osm_id":"way/817928692","_district":"Нижегородский район","_length_km":0.295}},{"type":"Feature","geometry":{"type":"LineString","coordinates":[[37.4992826,55.7212034],[37.4995428,55.7208963]]},"properties":{"man_made":"pipeline","_source":"candidate","_class":"pipe_untagged","_osm_id":"way/818912298","_district":"район Раменки","_length_km":0.038}},{"type":"Feature","geometry":{"type":"LineString","coordinates":[[37.4256874,55.8301653],[37.426829,55.82985]]},"properties":{"bridge":"yes","bridge:structure":"simple-suspension","layer":"1","location":"overhead","man_made":"pipeline","_source":"candidate","_class":"pipe_untagged","_osm_id":"way/821125785","_district":"район Покровское-Стрешнево","_length_km":0.08}},{"type":"Feature","geometry":{"type":"LineString","coordinates":[[37.5907832,55.7848106],[37.5909622,55.785495],[37.5909058,55.7855169],[37.5908938,55.7856503],[37.5909635,55.7858132],[37.5908589,55.7859052]]},"properties":{"location":"overhead","man_made":"pipeline","_source":"candidate","_class":"pipe_untagged","_osm_id":"way/822631068","_district":"Тверской район","_length_km":0.127}},{"type":"Feature","geometry":{"type":"LineString","coordinates":[[37.7225608,55.7474263],[37.722259,55.7474437],[37.7219381,55.7457857]]},"properties":{"location":"overhead","man_made":"pipeline","_source":"candidate","_class":"pipe_untagged","_osm_id":"way/823966373","_district":"район Лефортово","_length_km":0.205}},{"type":"Feature","geometry":{"type":"LineString","coordinates":[[37.729218,55.7458804],[37.7297781,55.7458391],[37.7298778,55.7459876],[37.7298939,55.7460706],[37.7298604,55.7460774],[37.7299173,55.7463058],[37.7299616,55.7466226],[37.7300351,55.7468015],[37.7317563,55.7463574]]},"properties":{"location":"overhead","man_made":"pipeline","_source":"candidate","_class":"pipe_untagged","_osm_id":"way/823966389","_district":"район Лефортово","_length_km":0.265}},{"type":"Feature","geometry":{"type":"LineString","coordinates":[[37.7240095,55.7874164],[37.7237276,55.7873685],[37.7225447,55.7872203]]},"properties":{"man_made":"pipeline","_source":"candidate","_class":"pipe_untagged","_osm_id":"way/824771450","_district":"район Соколиная Гора","_length_km":0.094}},{"type":"Feature","geometry":{"type":"LineString","coordinates":[[37.6421161,55.7853237],[37.6419859,55.7856553]]},"properties":{"location":"roof","man_made":"pipeline","_source":"candidate","_class":"pipe_untagged","_osm_id":"way/827090829","_district":"Мещанский район","_length_km":0.038}},{"type":"Feature","geometry":{"type":"LineString","coordinates":[[37.6423342,55.7851226],[37.6423244,55.7851476],[37.6421623,55.7852058],[37.6421161,55.7853237]]},"properties":{"location":"overhead","man_made":"pipeline","_source":"candidate","_class":"pipe_untagged","_osm_id":"way/827090830","_district":"Мещанский район","_length_km":0.028}},{"type":"Feature","geometry":{"type":"LineString","coordinates":[[37.6613796,55.7734216],[37.6612857,55.7729705]]},"properties":{"diameter":"1","man_made":"pipeline","_source":"candidate","_class":"pipe_untagged","_osm_id":"way/829856199","_district":"Красносельский район","_length_km":0.051}},{"type":"Feature","geometry":{"type":"LineString","coordinates":[[37.7339086,55.7518499],[37.734522,55.7520757],[37.7347256,55.7518833],[37.7351494,55.7518905]]},"properties":{"location":"overhead","man_made":"pipeline","_source":"candidate","_class":"pipe_untagged","_osm_id":"way/83113137","_district":"район Перово","_length_km":0.098}},{"type":"Feature","geometry":{"type":"LineString","coordinates":[[37.7399898,55.749407],[37.7381417,55.7505029],[37.7385548,55.7511596],[37.7380049,55.7513045],[37.7380452,55.7513618],[37.7372432,55.7518011],[37.7373397,55.7518479],[37.7368247,55.7521456],[37.7366136,55.7521452],[37.7366129,55.7522887],[37.7364951,55.7522885],[37.7360523,55.7524886],[37.7352922,55.7533327],[37.7354467,55.7533981],[37.7352922,55.7535177],[37.7350355,55.7534933],[37.7347763,55.7537069],[37.7345046,55.7536985],[37.7343357,55.7540034],[37.7341735,55.7542445]]},"properties":{"location":"overhead","man_made":"pipeline","_source":"candidate","_class":"pipe_untagged","_osm_id":"way/83113138","_district":"район Перово","_length_km":0.748}},{"type":"Feature","geometry":{"type":"LineString","coordinates":[[37.7351494,55.7518905],[37.7360368,55.7522142]]},"properties":{"layer":"1","location":"overhead","man_made":"pipeline","_source":"candidate","_class":"pipe_untagged","_osm_id":"way/83113139","_district":"район Перово","_length_km":0.066}},{"type":"Feature","geometry":{"type":"LineString","coordinates":[[37.5352624,55.7292638],[37.5352904,55.729022]]},"properties":{"location":"overground","man_made":"pipeline","_source":"candidate","_class":"pipe_untagged","_osm_id":"way/832406815","_district":"район Раменки","_length_km":0.027}},{"type":"Feature","geometry":{"type":"LineString","coordinates":[[37.5348734,55.7293129],[37.5347338,55.7290886]]},"properties":{"location":"overground","man_made":"pipeline","_source":"candidate","_class":"pipe_untagged","_osm_id":"way/832406816","_district":"район Раменки","_length_km":0.026}},{"type":"Feature","geometry":{"type":"LineString","coordinates":[[37.6524585,55.7822341],[37.652877,55.7823322],[37.6531318,55.7823314],[37.6539163,55.7824973]]},"properties":{"layer":"1","man_made":"pipeline","_source":"candidate","_class":"pipe_untagged","_osm_id":"way/833600015","_district":"Красносельский район","_length_km":0.097}},{"type":"Feature","geometry":{"type":"LineString","coordinates":[[37.6614801,55.6351959],[37.6617978,55.6351786],[37.6617916,55.6351476],[37.6623483,55.635111],[37.6627004,55.6350847]]},"properties":{"location":"overground","man_made":"pipeline","_source":"candidate","_class":"pipe_untagged","_osm_id":"way/834120472","_district":"район Царицыно","_length_km":0.081}},{"type":"Feature","geometry":{"type":"LineString","coordinates":[[37.6629095,55.6317671],[37.6627652,55.631727],[37.6626514,55.631743],[37.6626432,55.6318429],[37.662675,55.6322087],[37.662759,55.6322851],[37.6632118,55.63226],[37.6632897,55.6326596],[37.6634852,55.6326534],[37.6636272,55.6326489]]},"properties":{"location":"overground","man_made":"pipeline","_source":"candidate","_class":"pipe_untagged","_osm_id":"way/834120478","_district":"район Царицыно","_length_km":0.174}},{"type":"Feature","geometry":{"type":"LineString","coordinates":[[37.5846976,55.780392],[37.5855093,55.7802609]]},"properties":{"layer":"1","location":"overground","man_made":"pipeline","_source":"candidate","_class":"pipe_untagged","_osm_id":"way/83604721","_district":"район Беговой","_length_km":0.053}},{"type":"Feature","geometry":{"type":"LineString","coordinates":[[37.6972514,55.7931136],[37.6977812,55.7934385],[37.6979542,55.7934732]]},"properties":{"layer":"1","man_made":"pipeline","_source":"candidate","_class":"pipe_untagged","_osm_id":"way/837532990","_district":"район Сокольники","_length_km":0.061}},{"type":"Feature","geometry":{"type":"LineString","coordinates":[[37.6645825,55.6324042],[37.6646292,55.632598]]},"properties":{"location":"overground","man_made":"pipeline","_source":"candidate","_class":"pipe_untagged","_osm_id":"way/838131844","_district":"район Царицыно","_length_km":0.022}},{"type":"Feature","geometry":{"type":"LineString","coordinates":[[37.6634852,55.6326534],[37.663503,55.6327429],[37.6633908,55.6327466],[37.6634158,55.632841],[37.6635214,55.6328356],[37.6635341,55.6328998]]},"properties":{"location":"overground","man_made":"pipeline","_source":"candidate","_class":"pipe_untagged","_osm_id":"way/838131845","_district":"район Царицыно","_length_km":0.042}},{"type":"Feature","geometry":{"type":"LineString","coordinates":[[37.6663718,55.6331843],[37.6668438,55.6336128]]},"properties":{"location":"overground","man_made":"pipeline","_source":"candidate","_class":"pipe_untagged","_osm_id":"way/838485132","_district":"район Царицыно","_length_km":0.056}},{"type":"Feature","geometry":{"type":"LineString","coordinates":[[37.6614749,55.6351391],[37.6608088,55.6351789]]},"properties":{"location":"overground","man_made":"pipeline","_source":"candidate","_class":"pipe_untagged","_osm_id":"way/838650930","_district":"район Царицыно","_length_km":0.042}},{"type":"Feature","geometry":{"type":"LineString","coordinates":[[37.6031139,55.7814098],[37.6030885,55.7815561],[37.6044972,55.7817369],[37.6047827,55.7817334],[37.6047997,55.7816972],[37.6050114,55.781694],[37.6050592,55.7815923],[37.6050391,55.7815199],[37.6051316,55.7813261]]},"properties":{"location":"overhead","man_made":"pipeline","_source":"candidate","_class":"pipe_untagged","_osm_id":"way/841059898","_district":"Тверской район","_length_km":0.185}},{"type":"Feature","geometry":{"type":"LineString","coordinates":[[37.778319,55.8249052],[37.7783163,55.8246551]]},"properties":{"layer":"1","location":"overhead","man_made":"pipeline","_source":"candidate","_class":"pipe_untagged","_osm_id":"way/842284297","_district":"район Метрогородок","_length_km":0.028}},{"type":"Feature","geometry":{"type":"LineString","coordinates":[[37.7783163,55.8246551],[37.7789439,55.8246325]]},"properties":{"layer":"1","location":"overground","man_made":"pipeline","_source":"candidate","_class":"pipe_untagged","_osm_id":"way/842284298","_district":"район Метрогородок","_length_km":0.039}},{"type":"Feature","geometry":{"type":"LineString","coordinates":[[37.7789439,55.8246325],[37.7792041,55.8246205]]},"properties":{"layer":"1","location":"overhead","man_made":"pipeline","_source":"candidate","_class":"pipe_untagged","_osm_id":"way/842284299","_district":"район Метрогородок","_length_km":0.016}},{"type":"Feature","geometry":{"type":"LineString","coordinates":[[37.6164553,55.8458548],[37.6148698,55.8460011]]},"properties":{"location":"overground","man_made":"pipeline","_source":"candidate","_class":"pipe_untagged","_osm_id":"way/842613925","_district":"Останкинский район","_length_km":0.101}},{"type":"Feature","geometry":{"type":"LineString","coordinates":[[37.6148698,55.8460011],[37.6146277,55.8460191]]},"properties":{"diameter":"1","hazard":"yes","highway":"path","layer":"1","location":"overhead","man_made":"pipeline","sac_scale":"mountain_hiking","width":"30","_source":"candidate","_class":"pipe_untagged","_osm_id":"way/842613929","_district":"Останкинский район","_length_km":0.015}},{"type":"Feature","geometry":{"type":"LineString","coordinates":[[37.6146357,55.8460526],[37.6148777,55.8460345]]},"properties":{"diameter":"1.5","hazard":"yes","highway":"path","layer":"1","location":"overhead","man_made":"pipeline","sac_scale":"mountain_hiking","width":"30","_source":"candidate","_class":"pipe_untagged","_osm_id":"way/842613930","_district":"Останкинский район","_length_km":0.015}},{"type":"Feature","geometry":{"type":"LineString","coordinates":[[37.6372907,55.5820016],[37.6382699,55.5821587],[37.638387,55.5821765]]},"properties":{"location":"overhead","man_made":"pipeline","_source":"candidate","_class":"pipe_untagged","_osm_id":"way/842837340","_district":"район Бирюлёво Западное","_length_km":0.072}},{"type":"Feature","geometry":{"type":"LineString","coordinates":[[37.8167478,55.6405005],[37.816739,55.6402091],[37.8162612,55.6399459],[37.8165087,55.6397867],[37.8145793,55.6385064],[37.814714,55.6384418],[37.8146106,55.6383743],[37.814471,55.6384376],[37.8125886,55.637207],[37.8131757,55.6369211]]},"properties":{"layer":"1","location":"overground","man_made":"pipeline","_source":"candidate","_class":"pipe_untagged","_osm_id":"way/843649598","_district":"район Капотня","_length_km":0.548}},{"type":"Feature","geometry":{"type":"LineString","coordinates":[[37.6614749,55.6351391],[37.6614801,55.6351959]]},"properties":{"layer":"-1","location":"underground","man_made":"pipeline","_source":"candidate","_class":"pipe_untagged","_osm_id":"way/844056208","_district":"район Царицыно","_length_km":0.006}},{"type":"Feature","geometry":{"type":"LineString","coordinates":[[37.7341263,55.6810874],[37.7341633,55.6810738],[37.734292,55.680692]]},"properties":{"location":"overground","man_made":"pipeline","_source":"candidate","_class":"pipe_untagged","_osm_id":"way/844501392","_district":"район Люблино","_length_km":0.046}},{"type":"Feature","geometry":{"type":"LineString","coordinates":[[37.7342585,55.6806991],[37.7342579,55.6804684],[37.7359396,55.6804291],[37.7359423,55.6805289],[37.736082,55.6805349]]},"properties":{"layer":"-1","location":"underground","man_made":"pipeline","_source":"candidate","_class":"pipe_untagged","_osm_id":"way/844603861","_district":"район Люблино","_length_km":0.151}},{"type":"Feature","geometry":{"type":"LineString","coordinates":[[37.7316323,55.6812191],[37.7341183,55.6810499]]},"properties":{"layer":"1","location":"overhead","man_made":"pipeline","_source":"candidate","_class":"pipe_untagged","_osm_id":"way/844603862","_district":"район Люблино","_length_km":0.158}},{"type":"Feature","geometry":{"type":"LineString","coordinates":[[37.7362665,55.6805592],[37.7368562,55.6805319],[37.7368682,55.6802901],[37.7378636,55.6802986],[37.7379266,55.6798405]]},"properties":{"layer":"-1","location":"underground","man_made":"pipeline","_source":"candidate","_class":"pipe_untagged","_osm_id":"way/844603867","_district":"район Люблино","_length_km":0.178}},{"type":"Feature","geometry":{"type":"LineString","coordinates":[[37.7369597,55.6817775],[37.7362359,55.6810245],[37.7361506,55.6805901]]},"properties":{"layer":"-1","location":"underground","man_made":"pipeline","_source":"candidate","_class":"pipe_untagged","_osm_id":"way/844603868","_district":"район Люблино","_length_km":0.144}},{"type":"Feature","geometry":{"type":"LineString","coordinates":[[37.7341183,55.6810499],[37.7341443,55.6810465],[37.7342585,55.6806991]]},"properties":{"location":"overground","man_made":"pipeline","_source":"candidate","_class":"pipe_untagged","_osm_id":"way/844609717","_district":"район Люблино","_length_km":0.041}},{"type":"Feature","geometry":{"type":"LineString","coordinates":[[37.6265469,55.8438045],[37.6265493,55.8438835],[37.6265482,55.8439506]]},"properties":{"highway":"path","man_made":"pipeline","surface":"metal","_source":"candidate","_class":"pipe_untagged","_osm_id":"way/844691946","_district":"Останкинский район","_length_km":0.016}},{"type":"Feature","geometry":{"type":"LineString","coordinates":[[37.6717048,55.7850349],[37.6718161,55.7850974]]},"properties":{"man_made":"pipeline","_source":"candidate","_class":"pipe_untagged","_osm_id":"way/844695929","_district":"Красносельский район","_length_km":0.01}},{"type":"Feature","geometry":{"type":"LineString","coordinates":[[37.6722707,55.7856149],[37.6720306,55.785173]]},"properties":{"layer":"1","man_made":"pipeline","_source":"candidate","_class":"pipe_untagged","_osm_id":"way/844696794","_district":"район Сокольники","_length_km":0.051}},{"type":"Feature","geometry":{"type":"LineString","coordinates":[[37.5130078,55.8134934],[37.5130271,55.8136083],[37.51293,55.8137346],[37.5129594,55.8138731]]},"properties":{"location":"overground","man_made":"pipeline","_source":"candidate","_class":"pipe_untagged","_osm_id":"way/846326086","_district":"район Сокол","_length_km":0.044}},{"type":"Feature","geometry":{"type":"LineString","coordinates":[[37.7879021,55.6440576],[37.7871805,55.6447918]]},"properties":{"diameter":"1000","location":"overground","man_made":"pipeline","_source":"candidate","_class":"pipe_untagged","_osm_id":"way/846941199","_district":"район Капотня","_length_km":0.094}},{"type":"Feature","geometry":{"type":"LineString","coordinates":[[37.7879316,55.6440728],[37.7872181,55.6447993]]},"properties":{"diameter":"1000","location":"overground","man_made":"pipeline","_source":"candidate","_class":"pipe_untagged","_osm_id":"way/846941200","_district":"район Капотня","_length_km":0.093}},{"type":"Feature","geometry":{"type":"LineString","coordinates":[[37.5582078,55.852271],[37.5583613,55.8521194],[37.5586402,55.851874],[37.5588602,55.8517309]]},"properties":{"location":"overground","man_made":"pipeline","_source":"candidate","_class":"pipe_untagged","_osm_id":"way/847424808","_district":"район Западное Дегунино","_length_km":0.073}},{"type":"Feature","geometry":{"type":"LineString","coordinates":[[37.7632403,55.8099],[37.7629318,55.8098284],[37.763022,55.8097179],[37.7632178,55.8097683],[37.7639548,55.8088649]]},"properties":{"layer":"1","location":"overhead","man_made":"pipeline","_source":"candidate","_class":"pipe_untagged","_osm_id":"way/852192095","_district":"район Гольяново","_length_km":0.159}},{"type":"Feature","geometry":{"type":"LineString","coordinates":[[37.7639548,55.8088649],[37.7613584,55.8081687]]},"properties":{"layer":"1","location":"overground","man_made":"pipeline","_source":"candidate","_class":"pipe_untagged","_osm_id":"way/852192096","_district":"район Гольяново","_length_km":0.18}},{"type":"Feature","geometry":{"type":"LineString","coordinates":[[37.7627566,55.8104769],[37.7632403,55.8099]]},"properties":{"layer":"-1","location":"underground","man_made":"pipeline","_source":"candidate","_class":"pipe_untagged","_osm_id":"way/852192099","_district":"район Гольяново","_length_km":0.071}},{"type":"Feature","geometry":{"type":"LineString","coordinates":[[37.7613344,55.8127744],[37.7607416,55.8125965],[37.7608167,55.8125242]]},"properties":{"location":"overhead","man_made":"pipeline","_source":"candidate","_class":"pipe_untagged","_osm_id":"way/852192100","_district":"район Гольяново","_length_km":0.051}},{"type":"Feature","geometry":{"type":"LineString","coordinates":[[37.3760807,55.8437959],[37.3758915,55.8436293],[37.375844,55.8436463]]},"properties":{"location":"overground","man_made":"pipeline","_source":"candidate","_class":"pipe_untagged","_osm_id":"way/853367133","_district":"район Митино","_length_km":0.026}},{"type":"Feature","geometry":{"type":"LineString","coordinates":[[37.3762436,55.8439335],[37.3764679,55.8441311],[37.3764026,55.8441545]]},"properties":{"location":"overground","man_made":"pipeline","_source":"candidate","_class":"pipe_untagged","_osm_id":"way/853367134","_district":"район Митино","_length_km":0.031}},{"type":"Feature","geometry":{"type":"LineString","coordinates":[[37.7332179,55.8214601],[37.7333134,55.8217429],[37.7328842,55.8218153]]},"properties":{"location":"overhead","man_made":"pipeline","_source":"candidate","_class":"pipe_untagged","_osm_id":"way/853532158","_district":"район Метрогородок","_length_km":0.06}},{"type":"Feature","geometry":{"type":"LineString","coordinates":[[37.3748942,55.8444631],[37.3745805,55.8441923],[37.3745431,55.8442059],[37.3745194,55.8441854],[37.3745567,55.8441718],[37.3741767,55.8438437],[37.3743065,55.8437963]]},"properties":{"location":"overhead","man_made":"pipeline","_source":"candidate","_class":"pipe_untagged","_osm_id":"way/856534412","_district":"район Митино","_length_km":0.098}},{"type":"Feature","geometry":{"type":"LineString","coordinates":[[37.3756754,55.8446195],[37.3756285,55.8446357],[37.3752662,55.8445879],[37.3751109,55.8446419],[37.3749253,55.8444736],[37.3747403,55.8445379],[37.3746785,55.8444819]]},"properties":{"location":"overground","man_made":"pipeline","_source":"candidate","_class":"pipe_untagged","_osm_id":"way/856534419","_district":"район Митино","_length_km":0.081}},{"type":"Feature","geometry":{"type":"LineString","coordinates":[[37.3747075,55.8444717],[37.3747524,55.8445124],[37.3748942,55.8444631],[37.3749344,55.8444491],[37.3751173,55.8446149],[37.3752526,55.8445679],[37.3756234,55.8446168],[37.3756584,55.8446047]]},"properties":{"location":"overground","man_made":"pipeline","_source":"candidate","_class":"pipe_untagged","_osm_id":"way/856534420","_district":"район Митино","_length_km":0.077}},{"type":"Feature","geometry":{"type":"LineString","coordinates":[[37.3739246,55.8434137],[37.3746364,55.8431194],[37.3748191,55.8430787],[37.3748459,55.843102]]},"properties":{"location":"overground","man_made":"pipeline","_source":"candidate","_class":"pipe_untagged","_osm_id":"way/856534421","_district":"район Митино","_length_km":0.071}},{"type":"Feature","geometry":{"type":"LineString","coordinates":[[37.6795708,55.8425535],[37.6799977,55.84223],[37.6796583,55.8421306],[37.6797473,55.8420051]]},"properties":{"location":"overground","man_made":"pipeline","_source":"candidate","_class":"pipe_untagged","_osm_id":"way/856686525","_district":"район Метрогородок","_length_km":0.084}},{"type":"Feature","geometry":{"type":"LineString","coordinates":[[37.6798304,55.8418777],[37.67993,55.8417312],[37.6797191,55.8411952],[37.6796344,55.8411192]]},"properties":{"location":"overground","man_made":"pipeline","_source":"candidate","_class":"pipe_untagged","_osm_id":"way/856686526","_district":"район Метрогородок","_length_km":0.089}},{"type":"Feature","geometry":{"type":"LineString","coordinates":[[37.6797473,55.8420051],[37.6798304,55.8418777]]},"properties":{"location":"overhead","man_made":"pipeline","_source":"candidate","_class":"pipe_untagged","_osm_id":"way/856686527","_district":"район Метрогородок","_length_km":0.015}},{"type":"Feature","geometry":{"type":"LineString","coordinates":[[37.6785017,55.8436265],[37.6795822,55.8439984],[37.6795001,55.8440808],[37.6802444,55.8442957],[37.680235,55.8448367],[37.6803737,55.8449763],[37.6804493,55.8449543],[37.6805252,55.8450366],[37.6804498,55.8450585],[37.6806772,55.8453131],[37.6807671,55.8453646],[37.6808339,55.8453247],[37.6809387,55.8453856],[37.6808762,55.8454229],[37.6812169,55.8456093]]},"properties":{"location":"overhead","man_made":"pipeline","_source":"candidate","_class":"pipe_untagged","_osm_id":"way/857283726","_district":"Ярославский район","_length_km":0.332}},{"type":"Feature","geometry":{"type":"LineString","coordinates":[[37.6784694,55.8436321],[37.6795596,55.8440018],[37.6794769,55.8440848],[37.6802275,55.8443015],[37.6802181,55.8448391],[37.6803669,55.8449889],[37.6804421,55.8449671],[37.6805025,55.8450326],[37.6804273,55.8450544],[37.6806633,55.8453187],[37.6807674,55.8453783],[37.6808341,55.8453384],[37.6809154,55.8453857],[37.6808526,55.8454232],[37.6812051,55.8456161]]},"properties":{"location":"overhead","man_made":"pipeline","_source":"candidate","_class":"pipe_untagged","_osm_id":"way/857283727","_district":"Ярославский район","_length_km":0.333}},{"type":"Feature","geometry":{"type":"LineString","coordinates":[[37.8208343,55.6394159],[37.821127,55.6396009]]},"properties":{"layer":"1","location":"overhead","man_made":"pipeline","_source":"candidate","_class":"pipe_untagged","_osm_id":"way/85796224","_district":"район Капотня","_length_km":0.028}},{"type":"Feature","geometry":{"type":"LineString","coordinates":[[37.8214588,55.6398156],[37.8218547,55.6400958]]},"properties":{"layer":"-1","man_made":"pipeline","tunnel":"yes","_source":"candidate","_class":"pipe_untagged","_osm_id":"way/85796228","_district":"район Капотня","_length_km":0.04}},{"type":"Feature","geometry":{"type":"LineString","coordinates":[[37.826536,55.646057],[37.8263022,55.6461725],[37.8258942,55.6458989],[37.8261237,55.6457839],[37.8249909,55.6450259],[37.8247551,55.6451506]]},"properties":{"man_made":"pipeline","_source":"candidate","_class":"pipe_untagged","_osm_id":"way/85796232","_district":"район Капотня","_length_km":0.21}},{"type":"Feature","geometry":{"type":"LineString","coordinates":[[37.821127,55.6396009],[37.8214588,55.6398156]]},"properties":{"man_made":"pipeline","_source":"candidate","_class":"pipe_untagged","_osm_id":"way/85796233","_district":"район Капотня","_length_km":0.032}},{"type":"Feature","geometry":{"type":"LineString","coordinates":[[37.8230962,55.6408113],[37.8236047,55.6410965]]},"properties":{"layer":"-1","man_made":"pipeline","tunnel":"yes","_source":"candidate","_class":"pipe_untagged","_osm_id":"way/85796234","_district":"район Капотня","_length_km":0.045}},{"type":"Feature","geometry":{"type":"LineString","coordinates":[[37.8218547,55.6400958],[37.8222464,55.6403311],[37.8225149,55.6402117],[37.8228338,55.640406],[37.8226064,55.6405379],[37.8230962,55.6408113]]},"properties":{"man_made":"pipeline","_source":"candidate","_class":"pipe_untagged","_osm_id":"way/85796237","_district":"район Капотня","_length_km":0.151}},{"type":"Feature","geometry":{"type":"LineString","coordinates":[[37.595768,55.8196154],[37.5962833,55.8198576],[37.5949173,55.8207095]]},"properties":{"layer":"1","location":"overground","man_made":"pipeline","_source":"candidate","_class":"pipe_untagged","_osm_id":"way/859172649","_district":"Бутырский район","_length_km":0.17}},{"type":"Feature","geometry":{"type":"LineString","coordinates":[[37.6371446,55.5959659],[37.6367054,55.5960099],[37.6361774,55.5937508],[37.63627,55.5937163],[37.6362924,55.5935601]]},"properties":{"layer":"0","man_made":"pipeline","_source":"candidate","_class":"pipe_untagged","_osm_id":"way/859424372","_district":"район Бирюлёво Западное","_length_km":0.306}},{"type":"Feature","geometry":{"type":"LineString","coordinates":[[37.8142409,55.6363758],[37.8142966,55.6364121],[37.8131757,55.6369211]]},"properties":{"layer":"-1","location":"underground","man_made":"pipeline","_source":"candidate","_class":"pipe_untagged","_osm_id":"way/86133220","_district":"вне районов","_length_km":0.096}},{"type":"Feature","geometry":{"type":"LineString","coordinates":[[37.8147905,55.6357674],[37.8157533,55.6363895],[37.8166436,55.6369556],[37.8178793,55.6377618],[37.8173837,55.6380098],[37.8187091,55.6389278],[37.8192496,55.63932],[37.8205472,55.6392432],[37.8208343,55.6394159]]},"properties":{"man_made":"pipeline","_source":"candidate","_class":"pipe_untagged","_osm_id":"way/86133247","_district":"вне районов","_length_km":0.633}},{"type":"Feature","geometry":{"type":"LineString","coordinates":[[37.6465211,55.7547391],[37.6466489,55.7548143],[37.6468755,55.7548422],[37.6470244,55.7548441]]},"properties":{"location":"overground","man_made":"pipeline","_source":"candidate","_class":"pipe_untagged","_osm_id":"way/863630075","_district":"Басманный район","_length_km":0.036}},{"type":"Feature","geometry":{"type":"LineString","coordinates":[[37.4963077,55.5724152],[37.4958319,55.5726107],[37.495847,55.5726224],[37.4957969,55.572643],[37.4957818,55.5726313],[37.4951709,55.5728823],[37.4952205,55.5729209]]},"properties":{"location":"overground","man_made":"pipeline","_source":"candidate","_class":"pipe_untagged","_osm_id":"way/864695332","_district":"район Коммунарка","_length_km":0.097}},{"type":"Feature","geometry":{"type":"LineString","coordinates":[[37.4951993,55.5729285],[37.4951416,55.57288],[37.49578,55.5726176],[37.4957968,55.5726307],[37.4958256,55.5726189],[37.4958088,55.5726058],[37.4962958,55.5724056]]},"properties":{"location":"overground","man_made":"pipeline","_source":"candidate","_class":"pipe_untagged","_osm_id":"way/864695333","_district":"район Коммунарка","_length_km":0.1}},{"type":"Feature","geometry":{"type":"LineString","coordinates":[[37.4478025,55.6936261],[37.4476398,55.6936806],[37.4475771,55.6937436],[37.4471222,55.693896]]},"properties":{"location":"overhead","man_made":"pipeline","_source":"candidate","_class":"pipe_untagged","_osm_id":"way/864695336","_district":"район Очаково-Матвеевское","_length_km":0.053}},{"type":"Feature","geometry":{"type":"LineString","coordinates":[[37.4478181,55.693641],[37.4476478,55.693698],[37.4475854,55.6937608],[37.4471376,55.6939107]]},"properties":{"location":"overhead","man_made":"pipeline","_source":"candidate","_class":"pipe_untagged","_osm_id":"way/864695337","_district":"район Очаково-Матвеевское","_length_km":0.053}},{"type":"Feature","geometry":{"type":"LineString","coordinates":[[37.4478345,55.6936565],[37.4476616,55.6937144],[37.4475992,55.6937771],[37.4471547,55.693926]]},"properties":{"location":"overhead","man_made":"pipeline","_source":"candidate","_class":"pipe_untagged","_osm_id":"way/864695338","_district":"район Очаково-Матвеевское","_length_km":0.053}},{"type":"Feature","geometry":{"type":"LineString","coordinates":[[37.4478508,55.693672],[37.4476727,55.6937316],[37.4476108,55.6937939],[37.447174,55.6939401],[37.4475213,55.6942696],[37.4479392,55.6941297]]},"properties":{"location":"overhead","man_made":"pipeline","_source":"candidate","_class":"pipe_untagged","_osm_id":"way/864695339","_district":"район Очаково-Матвеевское","_length_km":0.126}},{"type":"Feature","geometry":{"type":"LineString","coordinates":[[37.4499464,55.6949881],[37.4493078,55.695156]]},"properties":{"layer":"1","location":"overhead","man_made":"pipeline","_source":"candidate","_class":"pipe_untagged","_osm_id":"way/864695341","_district":"район Очаково-Матвеевское","_length_km":0.044}},{"type":"Feature","geometry":{"type":"LineString","coordinates":[[37.4499332,55.6949721],[37.4492945,55.69514]]},"properties":{"layer":"1","location":"overhead","man_made":"pipeline","_source":"candidate","_class":"pipe_untagged","_osm_id":"way/864695342","_district":"район Очаково-Матвеевское","_length_km":0.044}},{"type":"Feature","geometry":{"type":"LineString","coordinates":[[37.4499198,55.6949559],[37.4492811,55.6951238]]},"properties":{"layer":"1","location":"overhead","man_made":"pipeline","_source":"candidate","_class":"pipe_untagged","_osm_id":"way/864695343","_district":"район Очаково-Матвеевское","_length_km":0.044}},{"type":"Feature","geometry":{"type":"LineString","coordinates":[[37.4499085,55.6949423],[37.4492699,55.6951102]]},"properties":{"layer":"1","location":"overhead","man_made":"pipeline","_source":"candidate","_class":"pipe_untagged","_osm_id":"way/864695344","_district":"район Очаково-Матвеевское","_length_km":0.044}},{"type":"Feature","geometry":{"type":"LineString","coordinates":[[37.4483505,55.6934426],[37.4478025,55.6936261]]},"properties":{"layer":"1","location":"overhead","man_made":"pipeline","_source":"candidate","_class":"pipe_untagged","_osm_id":"way/864695346","_district":"район Очаково-Матвеевское","_length_km":0.04}},{"type":"Feature","geometry":{"type":"LineString","coordinates":[[37.4483661,55.6934574],[37.4478181,55.693641]]},"properties":{"layer":"1","location":"overhead","man_made":"pipeline","_source":"candidate","_class":"pipe_untagged","_osm_id":"way/864695347","_district":"район Очаково-Матвеевское","_length_km":0.04}},{"type":"Feature","geometry":{"type":"LineString","coordinates":[[37.4483825,55.693473],[37.4478345,55.6936565]]},"properties":{"layer":"1","location":"overhead","man_made":"pipeline","_source":"candidate","_class":"pipe_untagged","_osm_id":"way/864695348","_district":"район Очаково-Матвеевское","_length_km":0.04}},{"type":"Feature","geometry":{"type":"LineString","coordinates":[[37.4483988,55.6934885],[37.4478508,55.693672]]},"properties":{"layer":"1","location":"overhead","man_made":"pipeline","_source":"candidate","_class":"pipe_untagged","_osm_id":"way/864695349","_district":"район Очаково-Матвеевское","_length_km":0.04}},{"type":"Feature","geometry":{"type":"LineString","coordinates":[[37.4492699,55.6951102],[37.4488181,55.69526]]},"properties":{"location":"overground","man_made":"pipeline","_source":"candidate","_class":"pipe_untagged","_osm_id":"way/864695350","_district":"район Очаково-Матвеевское","_length_km":0.033}},{"type":"Feature","geometry":{"type":"LineString","coordinates":[[37.4492811,55.6951238],[37.448833,55.6952725]]},"properties":{"location":"overground","man_made":"pipeline","_source":"candidate","_class":"pipe_untagged","_osm_id":"way/864695351","_district":"район Очаково-Матвеевское","_length_km":0.033}},{"type":"Feature","geometry":{"type":"LineString","coordinates":[[37.4492945,55.69514],[37.4488475,55.6952882]]},"properties":{"location":"overground","man_made":"pipeline","_source":"candidate","_class":"pipe_untagged","_osm_id":"way/864695352","_district":"район Очаково-Матвеевское","_length_km":0.033}},{"type":"Feature","geometry":{"type":"LineString","coordinates":[[37.4493078,55.695156],[37.4488614,55.6953038]]},"properties":{"location":"overground","man_made":"pipeline","_source":"candidate","_class":"pipe_untagged","_osm_id":"way/864695353","_district":"район Очаково-Матвеевское","_length_km":0.033}},{"type":"Feature","geometry":{"type":"LineString","coordinates":[[37.4500133,55.6949147],[37.4499085,55.6949423]]},"properties":{"location":"overground","man_made":"pipeline","_source":"candidate","_class":"pipe_untagged","_osm_id":"way/864695354","_district":"район Очаково-Матвеевское","_length_km":0.007}},{"type":"Feature","geometry":{"type":"LineString","coordinates":[[37.4500255,55.6949281],[37.4499198,55.6949559]]},"properties":{"location":"overground","man_made":"pipeline","_source":"candidate","_class":"pipe_untagged","_osm_id":"way/864695355","_district":"район Очаково-Матвеевское","_length_km":0.007}},{"type":"Feature","geometry":{"type":"LineString","coordinates":[[37.4500778,55.6950861],[37.4499792,55.69496],[37.4499332,55.6949721]]},"properties":{"location":"overground","man_made":"pipeline","_source":"candidate","_class":"pipe_untagged","_osm_id":"way/864695356","_district":"район Очаково-Матвеевское","_length_km":0.019}},{"type":"Feature","geometry":{"type":"LineString","coordinates":[[37.4500711,55.6951103],[37.4499705,55.6949818],[37.4499464,55.6949881]]},"properties":{"location":"overground","man_made":"pipeline","_source":"candidate","_class":"pipe_untagged","_osm_id":"way/864695357","_district":"район Очаково-Матвеевское","_length_km":0.017}},{"type":"Feature","geometry":{"type":"LineString","coordinates":[[37.6408011,55.7164726],[37.640461,55.716525],[37.6406488,55.7169465],[37.6403737,55.7169854],[37.6408231,55.7182201],[37.6404983,55.7182576],[37.6405489,55.7183966],[37.6411356,55.7183674],[37.6411427,55.7184126],[37.6418316,55.7183923],[37.643913,55.7183742]]},"properties":{"location":"overhead","man_made":"pipeline","_source":"candidate","_class":"pipe_untagged","_osm_id":"way/874883648","_district":"Даниловский район","_length_km":0.482}},{"type":"Feature","geometry":{"type":"LineString","coordinates":[[37.6991509,55.8007517],[37.699612,55.8008535],[37.6999712,55.8004608]]},"properties":{"location":"underground","man_made":"pipeline","_source":"candidate","_class":"pipe_untagged","_osm_id":"way/875102847","_district":"район Преображенское","_length_km":0.08}},{"type":"Feature","geometry":{"type":"LineString","coordinates":[[37.7015121,55.8006998],[37.7000074,55.8004058]]},"properties":{"location":"overground","man_made":"pipeline","_source":"candidate","_class":"pipe_untagged","_osm_id":"way/875102848","_district":"район Преображенское","_length_km":0.1}},{"type":"Feature","geometry":{"type":"LineString","coordinates":[[37.7014759,55.8007548],[37.6999712,55.8004608]]},"properties":{"location":"overground","man_made":"pipeline","_source":"candidate","_class":"pipe_untagged","_osm_id":"way/875102849","_district":"район Преображенское","_length_km":0.1}},{"type":"Feature","geometry":{"type":"LineString","coordinates":[[37.5361499,55.8173951],[37.5358281,55.8177658]]},"properties":{"location":"overhead","man_made":"pipeline","_source":"candidate","_class":"pipe_untagged","_osm_id":"way/876108089","_district":"район Коптево","_length_km":0.046}},{"type":"Feature","geometry":{"type":"LineString","coordinates":[[37.3485509,55.8384566],[37.349763,55.8391609],[37.3487644,55.8396897]]},"properties":{"location":"overground","man_made":"pipeline","_source":"candidate","_class":"pipe_untagged","_osm_id":"way/879771288","_district":"район Митино","_length_km":0.195}},{"type":"Feature","geometry":{"type":"LineString","coordinates":[[37.3469308,55.8375183],[37.3482295,55.8382728]]},"properties":{"location":"overground","man_made":"pipeline","_source":"candidate","_class":"pipe_untagged","_osm_id":"way/879771289","_district":"район Митино","_length_km":0.117}},{"type":"Feature","geometry":{"type":"LineString","coordinates":[[37.6989318,55.8297713],[37.6987427,55.829839],[37.6985835,55.8296875],[37.6984777,55.8295823],[37.6982595,55.8296533]]},"properties":{"man_made":"pipeline","_source":"candidate","_class":"pipe_untagged","_osm_id":"way/880946119","_district":"район Богородское","_length_km":0.063}},{"type":"Feature","geometry":{"type":"LineString","coordinates":[[37.5071847,55.7371812],[37.5065839,55.7375814]]},"properties":{"layer":"1","location":"overhead","man_made":"pipeline","_source":"candidate","_class":"pipe_untagged","_osm_id":"way/881889231","_district":"район Дорогомилово","_length_km":0.058}},{"type":"Feature","geometry":{"type":"LineString","coordinates":[[37.5072236,55.7372031],[37.5066228,55.7376033]]},"properties":{"layer":"1","location":"overhead","man_made":"pipeline","_source":"candidate","_class":"pipe_untagged","_osm_id":"way/881889232","_district":"район Дорогомилово","_length_km":0.058}},{"type":"Feature","geometry":{"type":"LineString","coordinates":[[37.6958799,55.8318793],[37.6958965,55.8318941]]},"properties":{"layer":"1","location":"overhead","man_made":"pipeline","_source":"candidate","_class":"pipe_untagged","_osm_id":"way/882246867","_district":"район Метрогородок","_length_km":0.002}},{"type":"Feature","geometry":{"type":"LineString","coordinates":[[37.6954373,55.8314847],[37.6958799,55.8318793]]},"properties":{"layer":"1","location":"overhead","man_made":"pipeline","_source":"candidate","_class":"pipe_untagged","_osm_id":"way/882246868","_district":"район Метрогородок","_length_km":0.052}},{"type":"Feature","geometry":{"type":"LineString","coordinates":[[37.3566109,55.5962226],[37.356112,55.5965227],[37.3556855,55.5966712]]},"properties":{"location":"overground","man_made":"pipeline","_source":"candidate","_class":"pipe_untagged","_osm_id":"way/883238645","_district":"Филимонковский район","_length_km":0.077}},{"type":"Feature","geometry":{"type":"LineString","coordinates":[[37.6626692,55.5899149],[37.6626906,55.5897178]]},"properties":{"location":"overhead","man_made":"pipeline","_source":"candidate","_class":"pipe_untagged","_osm_id":"way/887593245","_district":"район Бирюлёво Восточное","_length_km":0.022}},{"type":"Feature","geometry":{"type":"LineString","coordinates":[[37.736183,55.7458715],[37.73688,55.7456843]]},"properties":{"layer":"1","location":"overhead","man_made":"pipeline","_source":"candidate","_class":"pipe_untagged","_osm_id":"way/89024898","_district":"район Лефортово","_length_km":0.048}},{"type":"Feature","geometry":{"type":"LineString","coordinates":[[37.7262926,55.7484661],[37.7268241,55.7491859]]},"properties":{"layer":"1","location":"overhead","man_made":"pipeline","_source":"candidate","_class":"pipe_untagged","_osm_id":"way/89024899","_district":"район Перово","_length_km":0.087}},{"type":"Feature","geometry":{"type":"LineString","coordinates":[[37.7453554,55.7501037],[37.7453637,55.7500416],[37.7456321,55.7500529],[37.7456457,55.7496694]]},"properties":{"man_made":"pipeline","_source":"candidate","_class":"pipe_untagged","_osm_id":"way/89024903","_district":"район Перово","_length_km":0.067}},{"type":"Feature","geometry":{"type":"LineString","coordinates":[[37.7360368,55.7522142],[37.7368194,55.7514388],[37.7379537,55.7505173],[37.7404941,55.7489912],[37.7415642,55.7494266],[37.7417681,55.7494281],[37.7429218,55.7500362]]},"properties":{"location":"overground","man_made":"pipeline","_source":"candidate","_class":"pipe_untagged","_osm_id":"way/89024905","_district":"район Перово","_length_km":0.652}},{"type":"Feature","geometry":{"type":"LineString","coordinates":[[37.7456457,55.7496694],[37.7455282,55.74941],[37.7453418,55.7490025]]},"properties":{"layer":"1","location":"overhead","man_made":"pipeline","_source":"candidate","_class":"pipe_untagged","_osm_id":"way/89024911","_district":"район Перово","_length_km":0.077}},{"type":"Feature","geometry":{"type":"LineString","coordinates":[[37.7455282,55.74941],[37.7446411,55.7495163],[37.7446649,55.7495811],[37.7445487,55.7495945],[37.7445249,55.7495298],[37.7440633,55.7495834]]},"properties":{"layer":"1","location":"overhead","man_made":"pipeline","_source":"candidate","_class":"pipe_untagged","_osm_id":"way/89024913","_district":"район Перово","_length_km":0.109}},{"type":"Feature","geometry":{"type":"LineString","coordinates":[[37.7238474,55.749194],[37.7242849,55.7496039]]},"properties":{"layer":"1","location":"overhead","man_made":"pipeline","_source":"candidate","_class":"pipe_untagged","_osm_id":"way/89024918","_district":"район Лефортово","_length_km":0.053}},{"type":"Feature","geometry":{"type":"LineString","coordinates":[[37.6414964,55.771937],[37.6414078,55.7720924]]},"properties":{"man_made":"pipeline","_source":"candidate","_class":"pipe_untagged","_osm_id":"way/893794852","_district":"Красносельский район","_length_km":0.018}},{"type":"Feature","geometry":{"type":"LineString","coordinates":[[37.6414615,55.7719023],[37.6414964,55.771937]]},"properties":{"layer":"1","location":"overhead","man_made":"pipeline","_source":"candidate","_class":"pipe_untagged","_osm_id":"way/893794853","_district":"Красносельский район","_length_km":0.004}},{"type":"Feature","geometry":{"type":"LineString","coordinates":[[37.64145,55.771849],[37.6414615,55.7719023]]},"properties":{"man_made":"pipeline","_source":"candidate","_class":"pipe_untagged","_osm_id":"way/893794854","_district":"Красносельский район","_length_km":0.006}},{"type":"Feature","geometry":{"type":"LineString","coordinates":[[37.6487625,55.8408423],[37.6496525,55.8405232],[37.6495403,55.839785],[37.6491433,55.8397232],[37.6491192,55.8394672],[37.6485184,55.8389303],[37.6484154,55.838959],[37.6483296,55.8388618],[37.6484326,55.8388331],[37.6482247,55.8385861],[37.6476346,55.8386742],[37.6473516,55.8384596],[37.6463109,55.838684],[37.6461098,55.8384536]]},"properties":{"layer":"1","location":"overhead","man_made":"pipeline","_source":"candidate","_class":"pipe_untagged","_osm_id":"way/899113837","_district":"район Ростокино","_length_km":0.497}},{"type":"Feature","geometry":{"type":"LineString","coordinates":[[37.5547605,55.8367381],[37.5534568,55.8364074],[37.5534128,55.8364621],[37.553118,55.8363873],[37.5530635,55.8364549],[37.5529603,55.8364288],[37.5521141,55.8374809],[37.5521773,55.8374969],[37.5521288,55.8375573],[37.5520644,55.8375409],[37.5514331,55.8383258],[37.5515144,55.8383464],[37.5514394,55.8384397],[37.5513523,55.8384176],[37.5510205,55.83883],[37.551079,55.8388448],[37.5507674,55.8392323],[37.5508431,55.8392515],[37.5507787,55.8393315],[37.5507016,55.8393119],[37.5502672,55.839852]]},"properties":{"location":"overground","man_made":"pipeline","_source":"candidate","_class":"pipe_untagged","_osm_id":"way/900013365","_district":"Тимирязевский район","_length_km":0.584}},{"type":"Feature","geometry":{"type":"LineString","coordinates":[[37.6268067,55.705706],[37.6266176,55.7051488],[37.6264588,55.7051607]]},"properties":{"location":"overground","man_made":"pipeline","_source":"candidate","_class":"pipe_untagged","_osm_id":"way/904563456","_district":"Донской район","_length_km":0.073}},{"type":"Feature","geometry":{"type":"LineString","coordinates":[[37.5844282,55.830706],[37.5841938,55.8306026],[37.585337,55.8297857],[37.5851456,55.8297012],[37.5851876,55.8296712],[37.5853803,55.8297563],[37.5867044,55.8288101],[37.5873664,55.8282567]]},"properties":{"location":"overhead","man_made":"pipeline","_source":"candidate","_class":"pipe_untagged","_osm_id":"way/906117968","_district":"район Марфино","_length_km":0.378}},{"type":"Feature","geometry":{"type":"LineString","coordinates":[[37.5844084,55.8307202],[37.5841489,55.8306056],[37.5852921,55.8297887],[37.5851006,55.8297042],[37.5851822,55.829646],[37.585375,55.8297311],[37.5866785,55.8287995],[37.5873399,55.8282467]]},"properties":{"location":"overhead","man_made":"pipeline","_source":"candidate","_class":"pipe_untagged","_osm_id":"way/906117969","_district":"район Марфино","_length_km":0.382}},{"type":"Feature","geometry":{"type":"LineString","coordinates":[[37.6484513,55.8348869],[37.648269,55.8349526],[37.6481643,55.8349893],[37.6468073,55.8367314]]},"properties":{"location":"overhead","man_made":"pipeline","_source":"candidate","_class":"pipe_untagged","_osm_id":"way/906184642","_district":"район Ростокино","_length_km":0.233}},{"type":"Feature","geometry":{"type":"LineString","coordinates":[[37.6487839,55.8351806],[37.649346,55.8353648]]},"properties":{"location":"overhead","man_made":"pipeline","_source":"candidate","_class":"pipe_untagged","_osm_id":"way/906184643","_district":"район Ростокино","_length_km":0.041}},{"type":"Feature","geometry":{"type":"LineString","coordinates":[[37.6503477,55.8350106],[37.6500311,55.8350255],[37.6487839,55.8351806],[37.6484218,55.8350933],[37.648269,55.8349526],[37.6482436,55.8349292]]},"properties":{"location":"overhead","man_made":"pipeline","_source":"candidate","_class":"pipe_untagged","_osm_id":"way/906184644","_district":"район Ростокино","_length_km":0.146}},{"type":"Feature","geometry":{"type":"LineString","coordinates":[[37.4836376,55.8690267],[37.4838147,55.8687648],[37.4815214,55.867904]]},"properties":{"location":"overhead","man_made":"pipeline","_source":"candidate","_class":"pipe_untagged","_osm_id":"way/908663989","_district":"район Ховрино","_length_km":0.204}},{"type":"Feature","geometry":{"type":"LineString","coordinates":[[37.5867611,55.698296],[37.5872262,55.6978307],[37.587038,55.6977725],[37.5869773,55.6975023],[37.5864736,55.6975006],[37.5864611,55.6974217]]},"properties":{"man_made":"pipeline","_source":"candidate","_class":"pipe_untagged","_osm_id":"way/909929730","_district":"Академический район","_length_km":0.144}},{"type":"Feature","geometry":{"type":"LineString","coordinates":[[37.583735,55.6983466],[37.5841946,55.6980577],[37.5849806,55.6979418],[37.5850383,55.6979281],[37.5853812,55.6975895],[37.5871264,55.6975934],[37.5871366,55.6974733],[37.587393,55.697474],[37.5876138,55.697497],[37.5878562,55.6974963],[37.5878661,55.6970993],[37.5897925,55.6971301],[37.5897818,55.6973405],[37.590035,55.6974022],[37.5902904,55.697297]]},"properties":{"man_made":"pipeline","_source":"candidate","_class":"pipe_untagged","_osm_id":"way/909929731","_district":"Академический район","_length_km":0.536}},{"type":"Feature","geometry":{"type":"LineString","coordinates":[[37.5906221,55.6979744],[37.5907559,55.6980521],[37.5909652,55.6979402],[37.5911348,55.6976962],[37.5908819,55.6976075],[37.59081,55.6975823],[37.5902904,55.697297],[37.5901785,55.6972304],[37.5904708,55.6970596],[37.5921489,55.6970331],[37.5921561,55.6967972],[37.592867,55.6967993],[37.5928562,55.6964678],[37.5929139,55.6961729],[37.5933614,55.6956929],[37.5936501,55.6957702],[37.5936036,55.6958229]]},"properties":{"man_made":"pipeline","_source":"candidate","_class":"pipe_untagged","_osm_id":"way/909929738","_district":"Академический район","_length_km":0.499}},{"type":"Feature","geometry":{"type":"LineString","coordinates":[[37.5908819,55.6976075],[37.5910168,55.6975715],[37.5912057,55.6975543],[37.5914991,55.6977398],[37.5919253,55.6978534]]},"properties":{"man_made":"pipeline","_source":"candidate","_class":"pipe_untagged","_osm_id":"way/909929739","_district":"Академический район","_length_km":0.079}},{"type":"Feature","geometry":{"type":"LineString","coordinates":[[37.5936501,55.6957702],[37.593686,55.6957379],[37.5938723,55.6957969],[37.5944464,55.6956617],[37.594671,55.6954719],[37.5946097,55.6954489],[37.5947935,55.6953094]]},"properties":{"man_made":"pipeline","_source":"candidate","_class":"pipe_untagged","_osm_id":"way/909929740","_district":"Академический район","_length_km":0.106}},{"type":"Feature","geometry":{"type":"LineString","coordinates":[[37.5519267,55.7332979],[37.5521654,55.7334134],[37.5522579,55.733421],[37.5523344,55.7334534],[37.5524296,55.7333802],[37.5527354,55.7335184]]},"properties":{"layer":"1","location":"overhead","man_made":"pipeline","_source":"candidate","_class":"pipe_untagged","_osm_id":"way/910978592","_district":"район Дорогомилово","_length_km":0.066}},{"type":"Feature","geometry":{"type":"LineString","coordinates":[[37.5676364,55.8064456],[37.5708926,55.8069867],[37.5708515,55.8070648]]},"properties":{"location":"overground","man_made":"pipeline","_source":"candidate","_class":"pipe_untagged","_osm_id":"way/913799510","_district":"Тимирязевский район","_length_km":0.222}},{"type":"Feature","geometry":{"type":"LineString","coordinates":[[37.6499554,55.7753549],[37.6499788,55.7753254],[37.6486404,55.7749913],[37.6486284,55.7750117],[37.6474951,55.7746798]]},"properties":{"man_made":"pipeline","_source":"candidate","_class":"pipe_untagged","_osm_id":"way/916891351","_district":"Красносельский район","_length_km":0.178}},{"type":"Feature","geometry":{"type":"LineString","coordinates":[[37.436479,55.8169702],[37.4358641,55.8168942]]},"properties":{"location":"overhead","man_made":"pipeline","_source":"candidate","_class":"pipe_untagged","_osm_id":"way/918591032","_district":"район Покровское-Стрешнево","_length_km":0.039}},{"type":"Feature","geometry":{"type":"LineString","coordinates":[[37.4352908,55.8157103],[37.4356261,55.8153336],[37.4354061,55.8152657],[37.4357307,55.8149432],[37.4356315,55.814886],[37.436027,55.8146561]]},"properties":{"location":"overground","man_made":"pipeline","_source":"candidate","_class":"pipe_untagged","_osm_id":"way/918591033","_district":"район Покровское-Стрешнево","_length_km":0.148}},{"type":"Feature","geometry":{"type":"LineString","coordinates":[[37.4351862,55.8158927],[37.4352908,55.8157103]]},"properties":{"location":"overhead","man_made":"pipeline","_source":"candidate","_class":"pipe_untagged","_osm_id":"way/918591034","_district":"район Покровское-Стрешнево","_length_km":0.021}},{"type":"Feature","geometry":{"type":"LineString","coordinates":[[37.436027,55.8146561],[37.4362564,55.8145228],[37.4359748,55.814039]]},"properties":{"location":"overhead","man_made":"pipeline","_source":"candidate","_class":"pipe_untagged","_osm_id":"way/918591035","_district":"район Покровское-Стрешнево","_length_km":0.077}},{"type":"Feature","geometry":{"type":"LineString","coordinates":[[37.4358641,55.8168942],[37.4350038,55.8167878],[37.4350467,55.8166703],[37.4349582,55.8166537],[37.4350172,55.8162227],[37.4350756,55.8162299],[37.4350903,55.816196],[37.4350414,55.8161884],[37.4351862,55.8158927]]},"properties":{"location":"overground","man_made":"pipeline","_source":"candidate","_class":"pipe_untagged","_osm_id":"way/918591036","_district":"район Покровское-Стрешнево","_length_km":0.168}},{"type":"Feature","geometry":{"type":"LineString","coordinates":[[37.4944365,55.7600902],[37.4944787,55.7597326],[37.4953725,55.759766]]},"properties":{"location":"overhead","man_made":"pipeline","_source":"candidate","_class":"pipe_untagged","_osm_id":"way/919206883","_district":"район Филёвский Парк","_length_km":0.096}},{"type":"Feature","geometry":{"type":"LineString","coordinates":[[37.4859952,55.7607541],[37.488119,55.7608013],[37.4881228,55.7607472],[37.4887706,55.7607632]]},"properties":{"location":"overhead","man_made":"pipeline","_source":"candidate","_class":"pipe_untagged","_osm_id":"way/919206957","_district":"район Филёвский Парк","_length_km":0.18}},{"type":"Feature","geometry":{"type":"LineString","coordinates":[[37.5003317,55.7579125],[37.5004631,55.7578009],[37.5005704,55.7566055],[37.5003988,55.756598],[37.5004155,55.7564416]]},"properties":{"location":"overhead","man_made":"pipeline","_source":"candidate","_class":"pipe_untagged","_osm_id":"way/919207037","_district":"район Филёвский Парк","_length_km":0.176}},{"type":"Feature","geometry":{"type":"LineString","coordinates":[[37.4856581,55.7589875],[37.4848312,55.759049],[37.4848449,55.7589816],[37.4847164,55.7589733],[37.4847026,55.7590407],[37.4835777,55.7589681],[37.4835916,55.7588996],[37.4834453,55.7588902],[37.4834314,55.7589586],[37.4830073,55.7589313]]},"properties":{"location":"overhead","man_made":"pipeline","_source":"candidate","_class":"pipe_untagged","_osm_id":"way/919207046","_district":"район Филёвский Парк","_length_km":0.198}},{"type":"Feature","geometry":{"type":"LineString","coordinates":[[37.448042,55.8196299],[37.4475056,55.818881]]},"properties":{"location":"overground","man_made":"pipeline","_source":"candidate","_class":"pipe_untagged","_osm_id":"way/921490595","_district":"район Покровское-Стрешнево","_length_km":0.09}},{"type":"Feature","geometry":{"type":"LineString","coordinates":[[37.4252256,55.8300152],[37.4267935,55.8295947]]},"properties":{"bridge":"yes","bridge:structure":"simple-suspension","layer":"1","location":"overhead","man_made":"pipeline","_source":"candidate","_class":"pipe_untagged","_osm_id":"way/921490611","_district":"район Покровское-Стрешнево","_length_km":0.109}},{"type":"Feature","geometry":{"type":"LineString","coordinates":[[37.7160159,55.7344538],[37.7161192,55.734823]]},"properties":{"layer":"1","location":"overhead","man_made":"pipeline","_source":"candidate","_class":"pipe_untagged","_osm_id":"way/924131768","_district":"Нижегородский район","_length_km":0.042}},{"type":"Feature","geometry":{"type":"LineString","coordinates":[[37.7159968,55.7344555],[37.7161,55.7348247]]},"properties":{"layer":"1","location":"overhead","man_made":"pipeline","_source":"candidate","_class":"pipe_untagged","_osm_id":"way/924131769","_district":"Нижегородский район","_length_km":0.042}},{"type":"Feature","geometry":{"type":"LineString","coordinates":[[37.6533946,55.8424838],[37.6539794,55.8422263],[37.6539364,55.8421992],[37.6547652,55.8417956],[37.6552051,55.8420938],[37.655527,55.8419974],[37.6556209,55.8420697]]},"properties":{"man_made":"pipeline","_source":"candidate","_class":"pipe_untagged","_osm_id":"way/934144435","_district":"район Ростокино","_length_km":0.195}},{"type":"Feature","geometry":{"type":"LineString","coordinates":[[37.6552306,55.8425275],[37.6538908,55.8428919],[37.6533946,55.8424838],[37.6533142,55.8425079],[37.6530272,55.842291],[37.6521447,55.8425395],[37.6516458,55.8421977],[37.6515225,55.8422474],[37.6514688,55.8422052],[37.6515385,55.8421751],[37.6508439,55.8417248],[37.6506051,55.8418317],[37.6503798,55.8416796]]},"properties":{"man_made":"pipeline","_source":"candidate","_class":"pipe_untagged","_osm_id":"way/934144437","_district":"район Ростокино","_length_km":0.423}},{"type":"Feature","geometry":{"type":"LineString","coordinates":[[37.6593491,55.8336412],[37.660583,55.8347528]]},"properties":{"man_made":"pipeline","_source":"candidate","_class":"pipe_untagged","_osm_id":"way/948003715","_district":"район Ростокино","_length_km":0.146}},{"type":"Feature","geometry":{"type":"LineString","coordinates":[[37.5267716,55.8157313],[37.5267791,55.8147534],[37.5264886,55.8147527],[37.526495,55.8139245],[37.5267855,55.8139252],[37.5267933,55.8129145]]},"properties":{"layer":"1","location":"overhead","man_made":"pipeline","_source":"candidate","_class":"pipe_untagged","_osm_id":"way/953170785","_district":"район Аэропорт","_length_km":0.35}},{"type":"Feature","geometry":{"type":"LineString","coordinates":[[37.5268319,55.8129146],[37.526824,55.8139403],[37.5265208,55.8139395],[37.5265147,55.8147285],[37.5268179,55.8147292],[37.5268102,55.8157314]]},"properties":{"layer":"1","location":"overhead","man_made":"pipeline","_source":"candidate","_class":"pipe_untagged","_osm_id":"way/953170786","_district":"район Аэропорт","_length_km":0.352}},{"type":"Feature","geometry":{"type":"LineString","coordinates":[[37.6716691,55.7852137],[37.6719468,55.7851591],[37.6718161,55.7850974]]},"properties":{"man_made":"pipeline","_source":"candidate","_class":"pipe_untagged","_osm_id":"way/955797891","_district":"Красносельский район","_length_km":0.029}},{"type":"Feature","geometry":{"type":"LineString","coordinates":[[37.5242905,55.8543826],[37.5241457,55.8545049],[37.5249222,55.8548685],[37.5250617,55.8550296],[37.5251958,55.855147],[37.5251552,55.8551856]]},"properties":{"location":"overhead","man_made":"pipeline","_source":"candidate","_class":"pipe_untagged","_osm_id":"way/956957581","_district":"Головинский район","_length_km":0.12}},{"type":"Feature","geometry":{"type":"LineString","coordinates":[[37.7039915,55.7333207],[37.7038912,55.7332292],[37.7043068,55.7330409],[37.7042017,55.7329575],[37.7044024,55.7328795],[37.704501,55.7329431],[37.7053054,55.73271]]},"properties":{"man_made":"pipeline","_source":"candidate","_class":"pipe_untagged","_osm_id":"way/96738127","_district":"Нижегородский район","_length_km":0.138}},{"type":"Feature","geometry":{"type":"LineString","coordinates":[[37.7053054,55.73271],[37.7058017,55.7323594],[37.7064732,55.7322869]]},"properties":{"man_made":"pipeline","_source":"candidate","_class":"pipe_untagged","_osm_id":"way/96738140","_district":"Нижегородский район","_length_km":0.093}},{"type":"Feature","geometry":{"type":"LineString","coordinates":[[37.5716892,55.816387],[37.5723061,55.8155415],[37.5728103,55.815641],[37.5733039,55.8149568],[37.5735399,55.8150065],[37.5739208,55.8144866]]},"properties":{"location":"overhead","man_made":"pipeline","_source":"candidate","_class":"pipe_untagged","_osm_id":"way/969452911","_district":"Тимирязевский район","_length_km":0.296}},{"type":"Feature","geometry":{"type":"LineString","coordinates":[[37.6762417,55.8389521],[37.6755577,55.8386946],[37.6748443,55.8385982],[37.6743722,55.838071],[37.6740906,55.8381494],[37.6739457,55.8379897]]},"properties":{"location":"underground","man_made":"pipeline","_source":"candidate","_class":"pipe_untagged","_osm_id":"way/992672310","_district":"Ярославский район","_length_km":0.203}},{"type":"Feature","geometry":{"type":"LineString","coordinates":[[37.3940106,55.723334],[37.3943804,55.7230045]]},"properties":{"location":"overhead","man_made":"pipeline","_source":"candidate","_class":"pipe_untagged","_osm_id":"way/997278347","_district":"Можайский район","_length_km":0.043}},{"type":"Feature","geometry":{"type":"LineString","coordinates":[[37.393041,55.7229822],[37.3940106,55.723334]]},"properties":{"location":"overground","man_made":"pipeline","_source":"candidate","_class":"pipe_untagged","_osm_id":"way/997278348","_district":"Можайский район","_length_km":0.072}},{"type":"Feature","geometry":{"type":"LineString","coordinates":[[37.3929035,55.7229323],[37.393041,55.7229822]]},"properties":{"location":"underground","man_made":"pipeline","_source":"candidate","_class":"pipe_untagged","_osm_id":"way/997278349","_district":"Можайский район","_length_km":0.01}},{"type":"Feature","geometry":{"type":"LineString","coordinates":[[37.3911309,55.7223232],[37.3916952,55.7225319],[37.3916772,55.7225473],[37.3917372,55.7225695],[37.3917552,55.7225541],[37.392303,55.7227567],[37.3923377,55.722727],[37.3929035,55.7229323]]},"properties":{"location":"overground","man_made":"pipeline","_source":"candidate","_class":"pipe_untagged","_osm_id":"way/997278350","_district":"Можайский район","_length_km":0.138}},{"type":"Feature","geometry":{"type":"LineString","coordinates":[[37.3926504,55.8512822],[37.3929482,55.8512792]]},"properties":{"location":"overhead","man_made":"pipeline","_source":"candidate","_class":"pipe_untagged","_osm_id":"way/997867436","_district":"район Митино","_length_km":0.019}},{"type":"Feature","geometry":{"type":"LineString","coordinates":[[37.8574356,55.7101418],[37.8574436,55.7102143]]},"properties":{"location":"overhead","man_made":"pipeline","_source":"candidate","_class":"pipe_untagged","_osm_id":"way/998242949","_district":"район Косино-Ухтомский","_length_km":0.008}}]}