{"type":"FeatureCollection","features":[{"type":"Feature","geometry":{"type":"Point","coordinates":[37.5493205,55.6874332]},"properties":{"branch":"Филиал №7 Предприятие №4","man_made":"heat_exchange_station","operator":"ПАО \"МОЭК\"","pipeline":"substation","pipeline:heat_transfer":"yes","ref":"0801/100","substance":"hot_water","substation":"distribution","_source":"real","_class":"heat_substation","_osm_id":"node/12681281041","_district":"Гагаринский район"}},{"type":"Feature","geometry":{"type":"Point","coordinates":[37.5183342,55.6725507]},"properties":{"branch":"Филиал №8 Предприятие №2","man_made":"heat_exchange_station","operator":"ПАО \"МОЭК\"","pipeline":"substation","pipeline:heat_transfer":"yes","ref":"08-11-1014/014","substance":"hot_water","substation":"distribution","_source":"real","_class":"heat_substation","_osm_id":"node/12731291013","_district":"район Проспект Вернадского"}},{"type":"Feature","geometry":{"type":"Point","coordinates":[37.6059142,55.7714301]},"properties":{"location":"indoor","man_made":"heat_exchange_station","pipeline":"substation","substance":"hot_water","substation":"distribution","_source":"real","_class":"heat_substation","_osm_id":"node/4888321943","_district":"Тверской район"}},{"type":"Feature","geometry":{"type":"Point","coordinates":[37.5185094,55.802103]},"properties":{"man_made":"manhole","manhole":"heat","_source":"real","_class":"heat_manhole","_osm_id":"node/5623077799","_district":"район Сокол"}},{"type":"Feature","geometry":{"type":"Point","coordinates":[37.518502,55.8020846]},"properties":{"man_made":"manhole","manhole":"heat","_source":"real","_class":"heat_manhole","_osm_id":"node/5623077800","_district":"район Сокол"}},{"type":"Feature","geometry":{"type":"Point","coordinates":[37.5185153,55.8020688]},"properties":{"man_made":"manhole","manhole":"heat","_source":"real","_class":"heat_manhole","_osm_id":"node/5623077801","_district":"район Сокол"}},{"type":"Feature","geometry":{"type":"Point","coordinates":[37.5185642,55.8021071]},"properties":{"man_made":"manhole","manhole":"heat","_source":"real","_class":"heat_manhole","_osm_id":"node/5623077802","_district":"район Сокол"}},{"type":"Feature","geometry":{"type":"Point","coordinates":[37.518579,55.8020946]},"properties":{"man_made":"manhole","manhole":"heat","_source":"real","_class":"heat_manhole","_osm_id":"node/5623077803","_district":"район Сокол"}},{"type":"Feature","geometry":{"type":"Point","coordinates":[37.5185746,55.8020755]},"properties":{"man_made":"manhole","manhole":"heat","_source":"real","_class":"heat_manhole","_osm_id":"node/5623077804","_district":"район Сокол"}},{"type":"Feature","geometry":{"type":"Point","coordinates":[37.6477968,55.7567408]},"properties":{"diameter":"700","label":"ТС","man_made":"manhole","manhole":"heat","material":"metal","shape":"circular","_source":"real","_class":"heat_manhole","_osm_id":"node/6302851500","_district":"Басманный район"}},{"type":"Feature","geometry":{"type":"Point","coordinates":[37.5913578,55.7791601]},"properties":{"amenity":"bar","contact:facebook":"https://www.facebook.com/barkotelnaya","contact:phone":"+7 985 9209998","name":"Котельная","opening_hours":"Mo-Su 00:00-05:00,18:00-24:00","_source":"real","_class":"heat_source","_osm_id":"node/6426593645","_district":"Тверской район"}},{"type":"Feature","geometry":{"type":"Point","coordinates":[37.5076756,55.687164]},"properties":{"label":"ТС Т(С250)-К-1-60 ТМЕ ГОСТ-3634-99","man_made":"manhole","manhole":"heat","note":"ТС=тепловая сеть Т(С250)-К-1-60, ГОСТ-3634-99=тяжёлый люк ТМЕ -- видимо, оператор; на фото неразборчиво","operator":"ТМЕ","_source":"real","_class":"heat_manhole","_osm_id":"node/6432346151","_district":"район Раменки"}},{"type":"Feature","geometry":{"type":"Point","coordinates":[37.6799592,55.8192758]},"properties":{"man_made":"manhole","manhole":"heat","_source":"real","_class":"heat_manhole","_osm_id":"node/8193614394","_district":"район Богородское"}},{"type":"Feature","geometry":{"type":"Point","coordinates":[37.6923943,55.8183337]},"properties":{"inscription":"ТС","man_made":"manhole","manhole":"heat","_source":"real","_class":"heat_manhole","_osm_id":"node/8193614435","_district":"район Богородское"}},{"type":"Feature","geometry":{"type":"Point","coordinates":[37.6923933,55.8183208]},"properties":{"inscription":"ТС","man_made":"manhole","manhole":"heat","_source":"real","_class":"heat_manhole","_osm_id":"node/8193614436","_district":"район Богородское"}},{"type":"Feature","geometry":{"type":"Point","coordinates":[37.5371598,55.8011581]},"properties":{"building":"service","building:levels":"1","location":"indoor","man_made":"heat_exchange_station","pipeline":"substation","substance":"hot_water","substation":"distribution","_source":"real","_class":"heat_substation","_osm_id":"node/8424856747","_district":"район Аэропорт"}},{"type":"Feature","geometry":{"type":"Point","coordinates":[37.555903,55.8028164]},"properties":{"location":"indoor","man_made":"heat_exchange_station","operator":"МОЭСК","pipeline":"substation","substance":"hot_water","substation":"distribution","_source":"real","_class":"heat_substation","_osm_id":"node/8475095872","_district":"Савёловский район"}},{"type":"Feature","geometry":{"type":"Polygon","coordinates":[[[37.4999203,55.8012889],[37.4999786,55.8014067],[37.5002556,55.8013634],[37.5001973,55.8012456],[37.4999203,55.8012889]]]},"properties":{"addr:city":"Москва","addr:country":"RU","addr:housenumber":"3А с1","addr:street":"улица Левитана","building":"service","building:levels":"1","location":"indoor","man_made":"heat_exchange_station","pipeline":"substation","roof:shape":"flat","substance":"hot_water","substation":"distribution","type":"multipolygon","_source":"real","_class":"heat_substation","_osm_id":"relation/10563388","_district":"район Сокол"}},{"type":"Feature","geometry":{"type":"Polygon","coordinates":[[[37.6152801,55.8117919],[37.6156144,55.8119313],[37.6157391,55.8119795],[37.6157646,55.8120059],[37.6157887,55.8120722],[37.6158022,55.8122101],[37.615806,55.8122751],[37.6161426,55.8122777],[37.6161405,55.8123482],[37.6164231,55.8123548],[37.6166078,55.8123639],[37.617323,55.812397],[37.6177508,55.8124264],[37.6180637,55.8124579],[37.6180841,55.8122357],[37.6180869,55.8121745],[37.6180883,55.8121615],[37.6180912,55.8121325],[37.6180916,55.8121212],[37.6180924,55.8121058],[37.6181167,55.812106],[37.6181171,55.8121004],[37.6183865,55.8121044],[37.6183972,55.8120376],[37.61843,55.8117916],[37.618443,55.8116704],[37.617711,55.8114521],[37.6175809,55.811427],[37.6175477,55.8114573],[37.6175304,55.811473],[37.617509,55.8114806],[37.6174942,55.8114858],[37.6170215,55.8112996],[37.6169478,55.8113205],[37.6168969,55.8113017],[37.6168451,55.8112821],[37.616892,55.8112406],[37.6169347,55.8112059],[37.6169597,55.8111895],[37.6170086,55.8111506],[37.616699,55.8109759],[37.61668,55.8109653],[37.6166175,55.8109185],[37.6165465,55.8108977],[37.6164273,55.8109852],[37.6163815,55.8110149],[37.6162098,55.811021],[37.6160167,55.8110029],[37.6159094,55.8111031],[37.6158529,55.811166],[37.6157634,55.8112657],[37.6156923,55.8113448],[37.6156225,55.811324],[37.6155377,55.8114137],[37.6155049,55.811404],[37.6153715,55.8115451],[37.615263,55.8116525],[37.6152791,55.8116984],[37.6152094,55.8117625],[37.6152801,55.8117919]]]},"properties":{"branch":"Филиал ТЭЦ-21","landuse":"industrial","name":"Районная тепловая станция Новомосковская","name:uk":"Районна теплова станція Новомосковська","operator":"ОАО МОЭК","plant:method":"combustion","plant:output:electricity":"yes","plant:source":"gas","power":"plant","type":"multipolygon","_source":"real","_class":"heat_source","_osm_id":"relation/10842090","_district":"Останкинский район"}},{"type":"Feature","geometry":{"type":"Polygon","coordinates":[[[37.4674117,55.8648665],[37.4675352,55.8648933],[37.4676744,55.8646915],[37.467551,55.8646646],[37.4674117,55.8648665]]]},"properties":{"addr:housenumber":"112/1 к2 с2","addr:street":"Ленинградское шоссе","building":"service","building:colour":"white;green","building:levels":"1","building:material":"brick","location":"indoor","man_made":"heat_exchange_station","pipeline":"substation","roof:colour":"grey","roof:material":"tar_paper","roof:shape":"flat","source":"Адресный реестр Москвы, data.mos.ru","substance":"hot_water","substation":"distribution","type":"multipolygon","_source":"real","_class":"heat_substation","_osm_id":"relation/10885043","_district":"район Левобережный"}},{"type":"Feature","geometry":{"type":"Polygon","coordinates":[[[37.5267898,55.7602065],[37.5273496,55.7604042],[37.5288818,55.7591988],[37.5285378,55.7586596],[37.5279853,55.7585645],[37.5273174,55.7591471],[37.5272922,55.7591689],[37.5264483,55.7599002],[37.5266441,55.7601522],[37.5267898,55.7602065]]]},"properties":{"industrial":"heating_station","landuse":"industrial","name":"Районная тепловая станция \"Красная Пресня\"","name:uk":"Районна теплова станція \"Червона Прісня\"","plant:output:hot_water":"yes","plant:source":"gas","power":"plant","type":"multipolygon","_source":"real","_class":"heat_source","_osm_id":"relation/11019719","_district":"Пресненский район"}},{"type":"Feature","geometry":{"type":"Polygon","coordinates":[[[37.5267898,55.7602065],[37.5263268,55.7605685],[37.526494,55.7606434],[37.5265543,55.760814],[37.527367,55.7611724],[37.5281791,55.761493],[37.5284955,55.7616275],[37.52853,55.7616411],[37.5290484,55.7612416],[37.529439,55.761112],[37.5295114,55.7610652],[37.5299352,55.7612343],[37.5300506,55.7611377],[37.5300613,55.7610909],[37.530359,55.760854],[37.5299057,55.7606532],[37.5301426,55.7604669],[37.5302633,55.7604276],[37.5298199,55.7599605],[37.5295141,55.7598308],[37.5295603,55.7597955],[37.5295892,55.7597734],[37.5293666,55.7595682],[37.5290957,55.7592346],[37.5288818,55.7591988],[37.5273496,55.7604042],[37.5267898,55.7602065]]]},"properties":{"landuse":"industrial","name":"ТЭС \"Международная\"","name:uk":"ТЕС \"Міжнародна\"","plant:method":"combustion","plant:output:electricity":"236 MW","plant:output:hot_water":"yes","plant:source":"gas","power":"plant","start_date":"2007","type":"multipolygon","website":"http://www.tpe.ru/objects/tpp/mezhdunarodnaya-tpp/","wikidata":"Q69137431","wikipedia":"ru:ТЭС «Международная»","_source":"real","_class":"heat_source","_osm_id":"relation/11019720","_district":"Пресненский район"}},{"type":"Feature","geometry":{"type":"Polygon","coordinates":[[[37.6063682,55.6630083],[37.6066946,55.6632975],[37.6069691,55.6633625],[37.6073273,55.6634473],[37.6078895,55.6632944],[37.6080168,55.6632375],[37.6078325,55.6628347],[37.6071951,55.6622957],[37.607128,55.6623216],[37.6065299,55.6625522],[37.6068529,55.662821],[37.6063682,55.6630083]]]},"properties":{"name":"Квартальная тепловая станция № 54","name:uk":"Квартальна теплова станція №54","plant:output:hot_water":"yes","power":"plant","type":"multipolygon","_source":"real","_class":"heat_source","_osm_id":"relation/11221139","_district":"район Зюзино"}},{"type":"Feature","geometry":{"type":"Polygon","coordinates":[[[37.40838,55.8329129],[37.4085465,55.832876],[37.4085975,55.8328474],[37.4100698,55.832568],[37.4101476,55.8324836],[37.4101798,55.8323781],[37.4099706,55.8319081],[37.4080179,55.8322241],[37.4078462,55.8322723],[37.4072239,55.8323868],[37.4071166,55.8325073],[37.4077047,55.8328637],[37.4077719,55.8329044],[37.4078033,55.8329539],[37.4080422,55.8329151],[37.40838,55.8329129]]]},"properties":{"industrial":"heating_station","landuse":"industrial","name":"Районная тепловая станция № 37 \"Тушино-3\"","name:uk":"Районна теплова станція №37 \"Тушино-3\"","plant:method":"combustion","plant:output:hot_water":"yes","plant:source":"gas","power":"plant","type":"multipolygon","_source":"real","_class":"heat_source","_osm_id":"relation/11334749","_district":"район Покровское-Стрешнево"}},{"type":"Feature","geometry":{"type":"Polygon","coordinates":[[[37.3563843,55.8422228],[37.356228,55.8423017],[37.356412,55.8424167],[37.3565684,55.8423378],[37.3563843,55.8422228]]]},"properties":{"addr:city":"Москва","addr:country":"RU","addr:housenumber":"43 с1","addr:street":"Дубравная улица","building":"service","building:levels":"1","location":"indoor","man_made":"heat_exchange_station","pipeline":"substation","substance":"hot_water","substation":"distribution","type":"multipolygon","_source":"real","_class":"heat_substation","_osm_id":"relation/11700671","_district":"район Митино"}},{"type":"Feature","geometry":{"type":"Polygon","coordinates":[[[37.5373444,55.8011845],[37.5374542,55.80114],[37.5375168,55.8011147],[37.5373934,55.8010185],[37.5373555,55.8010339],[37.5372211,55.8010883],[37.5373444,55.8011845]]]},"properties":{"addr:housenumber":"6 с5","addr:street":"1-я Аэропортовская улица","building":"service","building:levels":"1","description":"Центральный тепловой пункт № 02-04-1218/066","location":"indoor","man_made":"heat_exchange_station","pipeline":"substation","ref":"02-04-1218/066","substance":"hot_water","substation":"distribution","type":"multipolygon","_source":"real","_class":"heat_substation","_osm_id":"relation/11749531","_district":"район Аэропорт"}},{"type":"Feature","geometry":{"type":"Polygon","coordinates":[[[37.7677116,55.8242093],[37.7694278,55.824139],[37.7694568,55.8243489],[37.7713128,55.8242784],[37.7713216,55.8244302],[37.7724775,55.8243784],[37.7724662,55.8242926],[37.7730488,55.8242659],[37.7730627,55.8243356],[37.773458,55.8243319],[37.773627,55.8239253],[37.7755764,55.8238615],[37.7755667,55.8238208],[37.7762251,55.8238],[37.7776354,55.8237446],[37.7778391,55.8237403],[37.7791072,55.8236907],[37.7797892,55.8236619],[37.77979,55.8235598],[37.7791636,55.8234563],[37.7794329,55.8230408],[37.7799232,55.8231379],[37.7803847,55.8225543],[37.7804759,55.8224389],[37.7809107,55.8221447],[37.7814091,55.8222302],[37.7816988,55.8217017],[37.7815034,55.8214212],[37.778989,55.8208595],[37.7777856,55.8204682],[37.776489,55.8201213],[37.773796,55.8195502],[37.7728814,55.8193558],[37.771669,55.8190966],[37.7715805,55.8190966],[37.7709651,55.8189607],[37.7708482,55.8189349],[37.7697445,55.8186913],[37.7686502,55.8184547],[37.7682222,55.8183943],[37.7670756,55.8191365],[37.7647181,55.8206929],[37.764132,55.8206651],[37.7627445,55.821516],[37.7626557,55.8216388],[37.7627422,55.8217392],[37.7629756,55.821859],[37.7677116,55.8242093]]]},"properties":{"generator:type":"steam_turbine","landuse":"industrial","name":"ТЭЦ-23","name:en":"Moscow-23 Power Plant","name:uk":"ТЕЦ-23","operator":"ОАО \"Мосэнерго\"","plant:method":"combustion","plant:output:electricity":"1420 MW","plant:output:hot_water":"5268.39 MW","plant:source":"gas","power":"plant","start_date":"1966","type":"multipolygon","wikidata":"Q4449131","wikipedia":"ru:ТЭЦ-23","_source":"real","_class":"heat_source","_osm_id":"relation/11993050","_district":"район Метрогородок"}},{"type":"Feature","geometry":{"type":"Polygon","coordinates":[[[37.6815045,55.8561393],[37.681682,55.8560616],[37.6812485,55.8557496],[37.681071,55.8558273],[37.6815045,55.8561393]]]},"properties":{"building":"service","building:levels":"1","location":"indoor","man_made":"heat_exchange_station","operator":"МОЭК","pipeline":"substation","substance":"hot_water","substation":"distribution","type":"multipolygon","_source":"real","_class":"heat_substation","_osm_id":"relation/12310189","_district":"Ярославский район"}},{"type":"Feature","geometry":{"type":"Polygon","coordinates":[[[37.5559474,55.8045756],[37.5561427,55.8045516],[37.5561172,55.8044862],[37.5559219,55.8045102],[37.55593,55.8045309],[37.5559474,55.8045756]]]},"properties":{"addr:housenumber":"14 с7","addr:street":"улица 8 Марта","building":"service","building:levels":"1","location":"indoor","man_made":"heat_exchange_station","pipeline":"substation","substance":"hot_water","substation":"distribution","type":"multipolygon","_source":"real","_class":"heat_substation","_osm_id":"relation/12416932","_district":"Савёловский район"}},{"type":"Feature","geometry":{"type":"Polygon","coordinates":[[[37.6561601,55.7943078],[37.6560855,55.7943597],[37.6561645,55.7943956],[37.6562907,55.7944528],[37.6563774,55.7944922],[37.6564515,55.7944405],[37.6561601,55.7943078]]]},"properties":{"addr:housenumber":"1 с3","addr:street":"улица Сокольнический Вал","building":"industrial","power":"plant","substance":"gas","type":"multipolygon","_source":"real","_class":"heat_source","_osm_id":"relation/12604609","_district":"район Сокольники"}},{"type":"Feature","geometry":{"type":"Polygon","coordinates":[[[37.6549873,55.8379243],[37.6547471,55.8380614],[37.6548552,55.8381211],[37.6550954,55.8379841],[37.6549873,55.8379243]]]},"properties":{"addr:housenumber":"4 с1","addr:street":"улица Докукина","building":"service","building:levels":"1","location":"indoor","man_made":"heat_exchange_station","pipeline":"substation","ref":"46","roof:shape":"flat","substance":"hot_water","substation":"distribution","type":"multipolygon","_source":"real","_class":"heat_substation","_osm_id":"relation/12618517","_district":"район Ростокино"}},{"type":"Feature","geometry":{"type":"Polygon","coordinates":[[[37.6532495,55.8425111],[37.6538131,55.8429296],[37.6553348,55.8425149],[37.6554103,55.8424944],[37.6553835,55.842465],[37.6554385,55.8424462],[37.6557496,55.8423604],[37.6558998,55.8423189],[37.655578,55.8419567],[37.6551864,55.8420682],[37.6547961,55.8417971],[37.6538989,55.8422233],[37.6533249,55.8424808],[37.6532495,55.8425111]]]},"properties":{"landuse":"industrial","name":"РТС Ростокино","name:uk":"РТС Ростокіне","operator":"ТЭЦ-23","power":"plant","type":"multipolygon","_source":"real","_class":"heat_source","_osm_id":"relation/12620342","_district":"район Ростокино"}},{"type":"Feature","geometry":{"type":"Polygon","coordinates":[[[37.6574653,55.8392761],[37.6576746,55.8394332],[37.6580988,55.839255],[37.6578846,55.8390943],[37.6574653,55.8392761]]]},"properties":{"building":"service","building:levels":"1","location":"indoor","man_made":"heat_exchange_station","operator":"МОЭК","pipeline":"substation","substance":"hot_water","substation":"distribution","type":"multipolygon","_source":"real","_class":"heat_substation","_osm_id":"relation/12620347","_district":"район Ростокино"}},{"type":"Feature","geometry":{"type":"Polygon","coordinates":[[[37.7040378,55.7766701],[37.704117,55.7766483],[37.7053377,55.7763124],[37.7049226,55.7757976],[37.7036638,55.7761296],[37.7040378,55.7766701]]]},"properties":{"landuse":"industrial","location":"indoor","man_made":"heat_exchange_station","name":"Хапиловская","name:uk":"Хапіловська","operator:1":"Мосэнерго","operator:2":"ТЭЦ-23","pipeline":"substation","substance":"hot_water","substation":"distribution","type":"multipolygon","_source":"real","_class":"heat_substation","_osm_id":"relation/12659306","_district":"Басманный район"}},{"type":"Feature","geometry":{"type":"Polygon","coordinates":[[[37.6203396,55.7264147],[37.6203033,55.7266029],[37.6203207,55.7266039],[37.6205061,55.7266153],[37.6205424,55.7264271],[37.6203396,55.7264147]]]},"properties":{"addr:housenumber":"9 с11","addr:street":"1-й Добрынинский переулок","building":"service","building:levels":"1","location":"indoor","man_made":"heat_exchange_station","pipeline":"substation","substance":"hot_water","substation":"distribution","type":"multipolygon","_source":"real","_class":"heat_substation","_osm_id":"relation/13176657","_district":"район Замоскворечье"}},{"type":"Feature","geometry":{"type":"Polygon","coordinates":[[[37.4239443,55.8410272],[37.4240043,55.8409576],[37.4242467,55.8410238],[37.4243727,55.8410579],[37.4244125,55.8410687],[37.4244962,55.8410915],[37.4245881,55.841126],[37.4248184,55.841188],[37.425554,55.8413397],[37.4258219,55.8413754],[37.4261745,55.8413833],[37.426304,55.8414098],[37.4265653,55.8409437],[37.4259909,55.8408521],[37.4260049,55.8408293],[37.426019,55.8408065],[37.4263294,55.8408568],[37.4264528,55.8408689],[37.4265091,55.8408674],[37.4265789,55.8408508],[37.4266352,55.8408312],[37.4266754,55.8408071],[37.4267471,55.8406603],[37.4261316,55.8405893],[37.4258058,55.8405535],[37.425554,55.840525],[37.4249523,55.8404606],[37.4246669,55.8404241],[37.4243907,55.8403963],[37.4241797,55.8403764],[37.4241341,55.840396],[37.4240348,55.8403809],[37.4239919,55.8404592],[37.4235265,55.8404103],[37.4233468,55.8407552],[37.4235909,55.8408802],[37.423666,55.8409013],[37.4237921,55.8409247],[37.4239443,55.8410272]]]},"properties":{"alt_name":"Тушино-4","landuse":"industrial","name":"Районная тепловая станция «Тушино-4»","name:uk":"Районна теплова станція \"Тушино-4\"","plant:output:hot_water":"yes","plant:source":"gas","power":"plant","short_name":"РТС-39","type":"multipolygon","_source":"real","_class":"heat_source","_osm_id":"relation/13315832","_district":"район Южное Тушино"}},{"type":"Feature","geometry":{"type":"Polygon","coordinates":[[[37.5110069,55.7548367],[37.5111766,55.7549552],[37.5112118,55.7549313],[37.511975,55.7554887],[37.5120291,55.7555206],[37.5126514,55.7552726],[37.5129502,55.7550765],[37.5131557,55.754868],[37.5122607,55.7546035],[37.5119913,55.754512],[37.5119403,55.7544486],[37.5114294,55.7543105],[37.5114067,55.754337],[37.5110508,55.7547521],[37.5110082,55.7548018],[37.5110069,55.7548367]]]},"properties":{"name":"КТС-11","name:uk":"КТС-11","plant:method":"combustion","plant:output:hot_water":"yes","plant:source":"gas","power":"plant","type":"multipolygon","_source":"real","_class":"heat_source","_osm_id":"relation/13500168","_district":"район Филёвский Парк"}},{"type":"Feature","geometry":{"type":"Polygon","coordinates":[[[37.5868681,55.7763498],[37.586776,55.7764026],[37.5869682,55.7765082],[37.5872491,55.7763471],[37.5870573,55.7762413],[37.5869143,55.7763233],[37.5868681,55.7763498]]]},"properties":{"addr:city":"Москва","addr:housenumber":"4 с4","addr:street":"Лесная улица","building":"service","building:colour":"white","building:levels":"1","building:material":"brick","location":"indoor","man_made":"heat_exchange_station","pipeline":"substation","roof:colour":"grey","roof:material":"tar_paper","roof:shape":"flat","substance":"hot_water","substation":"distribution","type":"multipolygon","_source":"real","_class":"heat_substation","_osm_id":"relation/1418163","_district":"Тверской район"}},{"type":"Feature","geometry":{"type":"Polygon","coordinates":[[[37.6412566,55.7858237],[37.6412738,55.7858258],[37.6423748,55.7859587],[37.6426738,55.7851013],[37.6418204,55.7849936],[37.6417837,55.784989],[37.6416224,55.7849686],[37.6413182,55.7856771],[37.6412864,55.7857496],[37.6412566,55.7858237]]]},"properties":{"name":"Районная тепловая станция \"Переяславская\"","name:uk":"Районна теплова станція \"Переяславська\"","plant:output:hot_water":"yes","plant:source":"gas","power":"plant","type":"multipolygon","_source":"real","_class":"heat_source","_osm_id":"relation/14209009","_district":"Мещанский район"}},{"type":"Feature","geometry":{"type":"Polygon","coordinates":[[[37.6334033,55.6002468],[37.6340532,55.6002294],[37.6342624,55.6004203],[37.6343805,55.6005537],[37.634469,55.6006067],[37.6345843,55.6006492],[37.6347184,55.6006673],[37.6348311,55.6006658],[37.6349732,55.6006264],[37.635161,55.6005082],[37.6353916,55.6003552],[37.6363663,55.6002918],[37.6361121,55.5988112],[37.6354797,55.5988254],[37.6346668,55.5988884],[37.6343981,55.5990704],[37.6341623,55.5992645],[37.6334033,55.6002468]]]},"properties":{"generator:method":"combustion","generator:source":"waste","landuse":"industrial","man_made":"works","name":"Мусоросжигательный завод № 3","name:uk":"Сміттєспалювальний завод № 3","power":"plant","type":"multipolygon","_source":"real","_class":"heat_source","_osm_id":"relation/14217309","_district":"район Бирюлёво Западное"}},{"type":"Feature","geometry":{"type":"Polygon","coordinates":[[[37.6033883,55.7694077],[37.6037277,55.7694736],[37.603796,55.7693623],[37.6034565,55.7692964],[37.6034451,55.769315],[37.6033883,55.7694077]]]},"properties":{"addr:housenumber":"14 с2","addr:street":"Старопименовский переулок","building":"service","building:levels":"1","location":"indoor","man_made":"heat_exchange_station","pipeline":"substation","substance":"hot_water","substation":"distribution","type":"multipolygon","_source":"real","_class":"heat_substation","_osm_id":"relation/1428169","_district":"Тверской район"}},{"type":"Feature","geometry":{"type":"Polygon","coordinates":[[[37.6525223,55.6962826],[37.6505726,55.6972608],[37.6506243,55.6972948],[37.6504199,55.6974086],[37.6507865,55.6976448],[37.6508041,55.6978409],[37.6523874,55.6987935],[37.6525518,55.6988511],[37.6527785,55.6988906],[37.6529621,55.698879],[37.6531504,55.698789],[37.6532315,55.6987283],[37.6539071,55.6982326],[37.654165,55.6980682],[37.6551317,55.6974249],[37.6555308,55.6971149],[37.6557876,55.6968218],[37.6558955,55.6966054],[37.6559796,55.696322],[37.6559796,55.6961372],[37.6559084,55.6958551],[37.6556387,55.6951838],[37.6554081,55.6949588],[37.6551608,55.694945],[37.6550114,55.6950068],[37.6525223,55.6962826]]]},"properties":{"landuse":"brownfield","name":"ТЭЦ ЗИЛ","name:uk":"ТЕЦ ЗІЛ","type":"multipolygon","was:power":"plant","_source":"real","_class":"heat_source","_osm_id":"relation/14596276","_district":"Даниловский район"}},{"type":"Feature","geometry":{"type":"Polygon","coordinates":[[[37.6475405,55.7020664],[37.647659,55.7024625],[37.6490498,55.7023304],[37.649024,55.702244],[37.6489024,55.7018375],[37.6483302,55.7018919],[37.6483722,55.7020323],[37.6478907,55.702078],[37.6478776,55.7020344],[37.6475405,55.7020664]]]},"properties":{"landuse":"industrial","plant:method":"combustion","plant:output:hot_water":"yes","plant:source":"gas","power":"plant","type":"multipolygon","_source":"real","_class":"heat_source","_osm_id":"relation/14615491","_district":"Даниловский район"}},{"type":"Feature","geometry":{"type":"Polygon","coordinates":[[[37.6479433,55.702108],[37.6477136,55.7021309],[37.6477967,55.7023957],[37.6479116,55.7023842],[37.6480264,55.7023728],[37.6486738,55.7023084],[37.6485908,55.7020435],[37.6479433,55.702108]]]},"properties":{"addr:city":"Москва","addr:housenumber":"23А к3","addr:postcode":"115280","addr:street":"Автозаводская улица","building":"yes","name":"Энергоцентр","name:uk":"Енергоцентр","plant:source":"gas","power":"plant","type":"multipolygon","_source":"real","_class":"heat_source","_osm_id":"relation/14625450","_district":"Даниловский район"}},{"type":"Feature","geometry":{"type":"Polygon","coordinates":[[[37.6758737,55.7807184],[37.6756866,55.7807938],[37.6757884,55.7808747],[37.6759766,55.7807986],[37.6758737,55.7807184]]]},"properties":{"addr:housenumber":"5 с2","addr:street":"Московско-Казанский переулок","building":"service","building:colour":"red","building:levels":"1","building:material":"brick","location":"indoor","man_made":"heat_exchange_station","pipeline":"substation","ref":"РТП 17050","roof:colour":"grey","roof:material":"tar_paper","roof:shape":"flat","substance":"hot_water","substation":"distribution","type":"multipolygon","_source":"real","_class":"heat_substation","_osm_id":"relation/15048646","_district":"Красносельский район"}},{"type":"Feature","geometry":{"type":"Polygon","coordinates":[[[37.6107409,55.8071371],[37.6110321,55.8071415],[37.6110383,55.8070126],[37.610747,55.8070082],[37.6107409,55.8071371]]]},"properties":{"addr:housenumber":"17 c2","addr:street":"Старомарьинское шоссе","building":"service","building:colour":"white;grey","building:levels":"1","building:material":"plaster","location":"indoor","man_made":"heat_exchange_station","pipeline":"substation","roof:colour":"grey","roof:material":"tar_paper","roof:shape":"flat","substance":"hot_water","substation":"distribution","type":"multipolygon","_source":"real","_class":"heat_substation","_osm_id":"relation/15059382","_district":"район Марьина Роща"}},{"type":"Feature","geometry":{"type":"Polygon","coordinates":[[[37.3846992,55.9018359],[37.3848071,55.9018591],[37.3851679,55.9016514],[37.3853472,55.9015482],[37.3855309,55.9014428],[37.385041,55.9013418],[37.3846992,55.9018359]]]},"properties":{"plant:method":"combustion","plant:output:hot_water":"yes","plant:source":"gas","power":"plant","type":"multipolygon","_source":"real","_class":"heat_source","_osm_id":"relation/15066327","_district":"район Куркино"}},{"type":"Feature","geometry":{"type":"Polygon","coordinates":[[[37.658191,55.7702645],[37.6582562,55.7704728],[37.6583953,55.770459],[37.6583301,55.7702507],[37.658191,55.7702645]]]},"properties":{"addr:city":"Москва","addr:housenumber":"17 с2","addr:street":"Новая Басманная улица","building":"service","building:levels":"1","location":"indoor","man_made":"heat_exchange_station","operator":"МОЭК","pipeline":"substation","substance":"hot_water","substation":"distribution","type":"multipolygon","_source":"real","_class":"heat_substation","_osm_id":"relation/15321212","_district":"Красносельский район"}},{"type":"Feature","geometry":{"type":"Polygon","coordinates":[[[37.5549737,55.4904693],[37.555443,55.4903858],[37.5552821,55.4900515],[37.5551775,55.4899922],[37.5546652,55.4900758],[37.5548449,55.4904101],[37.5549737,55.4904693]]]},"properties":{"landuse":"industrial","plant:output:hot_water":"yes","plant:source":"gas","power":"plant","type":"multipolygon","_source":"real","_class":"heat_source","_osm_id":"relation/15610553","_district":"район Щербинка"}},{"type":"Feature","geometry":{"type":"Polygon","coordinates":[[[37.6652917,55.8357912],[37.6655354,55.8359623],[37.6656763,55.835899],[37.6654326,55.8357279],[37.6652917,55.8357912]]]},"properties":{"addr:housenumber":"24 с1","addr:street":"улица Бажова","building":"service","building:levels":"1","location":"indoor","man_made":"heat_exchange_station","pipeline":"substation","ref":"56","substance":"hot_water","substation":"distribution","type":"multipolygon","_source":"real","_class":"heat_substation","_osm_id":"relation/1640596","_district":"район Ростокино"}},{"type":"Feature","geometry":{"type":"Polygon","coordinates":[[[37.6489682,55.7037244],[37.6490275,55.7039384],[37.6489818,55.7039426],[37.6491896,55.7044743],[37.6493007,55.7048673],[37.6495858,55.7053054],[37.649342,55.7053445],[37.6496358,55.7059036],[37.6497936,55.7059091],[37.649854,55.7060212],[37.6499575,55.7060049],[37.649894,55.7058901],[37.6501482,55.7058455],[37.650386,55.7062757],[37.6501319,55.7063203],[37.6499121,55.7063686],[37.6496613,55.7060845],[37.649503,55.7061321],[37.6489949,55.706496],[37.6490121,55.7065659],[37.6494102,55.706709],[37.6494549,55.7066804],[37.6496479,55.7067556],[37.6500355,55.7068823],[37.6507539,55.707066],[37.651631,55.707276],[37.6519051,55.707258],[37.65208,55.7072404],[37.6518883,55.7067643],[37.652621,55.7066109],[37.6525871,55.7065515],[37.6532472,55.7064313],[37.6528581,55.7057466],[37.6527473,55.7055616],[37.6526602,55.7055707],[37.6526522,55.7054982],[37.6524766,55.7052598],[37.6525265,55.7052434],[37.6523714,55.7050939],[37.6523517,55.7051004],[37.6523065,55.7050695],[37.6525738,55.7049082],[37.6525432,55.7048915],[37.6525067,55.7048742],[37.6526503,55.7047908],[37.6525915,55.7047587],[37.6525943,55.7047107],[37.6504975,55.7035794],[37.6503516,55.7035252],[37.6501817,55.7035069],[37.6489768,55.703597],[37.6489301,55.7036255],[37.6489682,55.7037244]]]},"properties":{"landuse":"industrial","name":"ТЭЦ-9","name:en":"Moscow-9 Power Plant","name:uk":"ТЕЦ-9","operator":"ПАО \"Мосэнерго\"","plant:method":"combustion","plant:output:electricity":"275 MW","plant:output:hot_water":"668.725 MW","plant:source":"gas","power":"plant","start_date":"1933-12-22","type":"multipolygon","wikidata":"Q4449140","wikipedia":"ru:ТЭЦ-9","_source":"real","_class":"heat_source","_osm_id":"relation/1675680","_district":"Даниловский район"}},{"type":"Feature","geometry":{"type":"Polygon","coordinates":[[[37.6732749,55.7854751],[37.6733313,55.7856144],[37.6734527,55.7855989],[37.6736311,55.7855761],[37.6736915,55.7855683],[37.6736258,55.7854057],[37.6735347,55.7854173],[37.6735075,55.7853498],[37.6733629,55.7853683],[37.6733734,55.7853942],[37.673294,55.7854044],[37.6733203,55.7854693],[37.6732749,55.7854751]]]},"properties":{"addr:housenumber":"19 с10","addr:street":"Русаковская улица","building":"service","building:levels":"1","power":"substation","roof:colour":"lightgrey","roof:material":"tar_paper","roof:shape":"flat","substation":"heat-exchanger","type":"multipolygon","_source":"real","_class":"heat_substation","_osm_id":"relation/17904471","_district":"район Сокольники"}},{"type":"Feature","geometry":{"type":"Polygon","coordinates":[[[37.6038121,55.8144332],[37.6038595,55.8144564],[37.6038377,55.8144705],[37.6039045,55.8145031],[37.6039166,55.8144953],[37.6039263,55.8144891],[37.6039671,55.8145091],[37.6041508,55.8143908],[37.6041609,55.8143842],[37.6040045,55.8143076],[37.6039757,55.8142936],[37.6038162,55.8143977],[37.603845,55.8144117],[37.6038121,55.8144332]]]},"properties":{"addr:housenumber":"10 с5","addr:street":"Огородный проезд","building":"service","building:colour":"green;white","building:levels":"1","building:material":"metal_plates","location":"indoor","man_made":"heat_exchange_station","pipeline":"substation","roof:angle":"10","roof:colour":"grey","roof:material":"tar_paper","roof:shape":"skillion","substance":"hot_water","substation":"distribution","type":"multipolygon","_source":"real","_class":"heat_substation","_osm_id":"relation/18005045","_district":"Бутырский район"}},{"type":"Feature","geometry":{"type":"Polygon","coordinates":[[[37.7931773,55.7904158],[37.7933811,55.7904196],[37.7933924,55.7902275],[37.7931886,55.7902237],[37.7931773,55.7904158]]]},"properties":{"addr:housenumber":"8 с2","addr:street":"Нижняя Первомайская улица","building":"service","building:levels":"1","location":"indoor","man_made":"heat_exchange_station","pipeline":"substation","substance":"hot_water","substation":"distribution","type":"multipolygon","_source":"real","_class":"heat_substation","_osm_id":"relation/18244734","_district":"район Измайлово"}},{"type":"Feature","geometry":{"type":"Polygon","coordinates":[[[37.5191937,55.6465879],[37.5192582,55.6464819],[37.5191552,55.6464619],[37.5190849,55.6465773],[37.51914,55.646588],[37.519188,55.6465973],[37.5191937,55.6465879]]]},"properties":{"building:levels":"1","building:part":"service","operator":"МОЭК","power":"plant","type":"multipolygon","_source":"real","_class":"heat_source","_osm_id":"relation/18424437","_district":"район Коньково"}},{"type":"Feature","geometry":{"type":"Polygon","coordinates":[[[37.5935346,55.7379022],[37.5933544,55.7379811],[37.5935856,55.7381486],[37.5937665,55.7380663],[37.5935913,55.7379423],[37.5935346,55.7379022]]]},"properties":{"addr:housenumber":"8","addr:street":"Кропоткинский переулок","building":"service","building:levels":"1","location":"indoor","man_made":"heat_exchange_station","pipeline":"substation","ref":"01-03-0724/020","substance":"hot_water","substation":"distribution","type":"multipolygon","_source":"real","_class":"heat_substation","_osm_id":"relation/1850025","_district":"район Хамовники"}},{"type":"Feature","geometry":{"type":"Polygon","coordinates":[[[37.474353,55.5676011],[37.4744499,55.5677456],[37.4746541,55.5677018],[37.4745572,55.5675573],[37.474353,55.5676011]]]},"properties":{"building:levels":"2","building:part":"service","landuse":"industrial","name":"Котельная","plant:method":"combustion","plant:output:electricity":"no","plant:source":"gas","power":"plant","type":"multipolygon","_source":"real","_class":"heat_source","_osm_id":"relation/18588529","_district":"район Коммунарка"}},{"type":"Feature","geometry":{"type":"Polygon","coordinates":[[[37.4742134,55.5664083],[37.4742894,55.5665241],[37.4743069,55.5665205],[37.4743111,55.5665269],[37.4744842,55.5664906],[37.4744039,55.5663683],[37.4742134,55.5664083]]]},"properties":{"building:levels":"2","building:part":"service","landuse":"industrial","name":"Котельная","plant:method":"combustion","plant:output:electricity":"no","plant:source":"gas","power":"plant","type":"multipolygon","_source":"real","_class":"heat_source","_osm_id":"relation/18588530","_district":"район Коммунарка"}},{"type":"Feature","geometry":{"type":"Polygon","coordinates":[[[37.688462,55.7193853],[37.688609,55.7194257],[37.6888669,55.7194884],[37.6890895,55.7194612],[37.6892017,55.7194366],[37.6901222,55.7191462],[37.6908815,55.7183196],[37.690912,55.7182851],[37.689817,55.717978],[37.6897872,55.7180081],[37.688462,55.7193853]]]},"properties":{"landuse":"commercial","name":"Бизнес - центр РТС","type":"multipolygon","_source":"real","_class":"heat_source","_osm_id":"relation/19129184","_district":"Южнопортовый район"}},{"type":"Feature","geometry":{"type":"Polygon","coordinates":[[[37.5967077,55.7815607],[37.5967794,55.7815766],[37.5967673,55.7815939],[37.5968769,55.7816183],[37.5968892,55.7816009],[37.5971353,55.7816558],[37.5971687,55.7816084],[37.5971818,55.7815899],[37.5970805,55.7815673],[37.5967823,55.7815008],[37.5967543,55.7814946],[37.5967397,55.7815153],[37.5967077,55.7815607]]]},"properties":{"addr:housenumber":"29 с1","addr:street":"Новослободская улица","building":"service","building:colour":"lightyellow","building:levels":"1","building:material":"plaster","landuse":"industrial","plant:output:hot_water":"yes","power":"plant","roof:colour":"lightgrey","roof:material":"metal","roof:shape":"flat","type":"multipolygon","_source":"real","_class":"heat_source","_osm_id":"relation/20087529","_district":"Тверской район"}},{"type":"Feature","geometry":{"type":"Polygon","coordinates":[[[37.4719661,55.5432915],[37.4722425,55.5433455],[37.4723177,55.5433455],[37.4727019,55.5430603],[37.4727294,55.5429638],[37.4728015,55.5427107],[37.4725738,55.5426175],[37.4723604,55.5425899],[37.4723279,55.5425267],[37.4721307,55.542506],[37.4720494,55.5428222],[37.4719823,55.5432616],[37.4719661,55.5432915]]]},"properties":{"landuse":"industrial","power":"plant","type":"multipolygon","_source":"real","_class":"heat_source","_osm_id":"relation/20185650","_district":"район Коммунарка"}},{"type":"Feature","geometry":{"type":"Polygon","coordinates":[[[37.4470291,55.5205949],[37.4484683,55.5208599],[37.4489613,55.5208894],[37.4492455,55.5205348],[37.4511247,55.5207581],[37.4513445,55.5197757],[37.4503311,55.5196323],[37.4501165,55.5200115],[37.4485449,55.5197952],[37.44821,55.5198438],[37.447991,55.5199459],[37.4479566,55.5200747],[37.4474328,55.520048],[37.4473082,55.5201234],[37.4471537,55.5203178],[37.4470807,55.520471],[37.4470291,55.5205949]]]},"properties":{"name":"Котельная","power":"plant","type":"multipolygon","_source":"real","_class":"heat_source","_osm_id":"relation/2019120","_district":"район Коммунарка"}},{"type":"Feature","geometry":{"type":"Polygon","coordinates":[[[37.3815455,55.5197118],[37.3816851,55.5198536],[37.3819161,55.5201432],[37.3822643,55.5206263],[37.3824646,55.5208356],[37.382785,55.5211391],[37.383053,55.5213676],[37.3832502,55.5212909],[37.3834074,55.5214409],[37.3836169,55.5216231],[37.3837432,55.5217182],[37.3848031,55.5213397],[37.3843194,55.5208322],[37.3847136,55.5206943],[37.3843376,55.5203665],[37.3841835,55.5202237],[37.3840317,55.5202713],[37.3832658,55.519494],[37.3816649,55.5195266],[37.3815455,55.5197118]]]},"properties":{"landuse":"industrial","power":"plant","type":"multipolygon","_source":"real","_class":"heat_source","_osm_id":"relation/20237757","_district":"район Троицк"}},{"type":"Feature","geometry":{"type":"Polygon","coordinates":[[[37.3875688,55.8529353],[37.3879177,55.8526426],[37.3878342,55.8526106],[37.3877347,55.8525716],[37.3877536,55.8525565],[37.3875887,55.8524917],[37.3875616,55.8525137],[37.387445,55.8524678],[37.3871368,55.852723],[37.3870885,55.852763],[37.3875688,55.8529353]]]},"properties":{"name":"МК Новобратцево","plant:method":"combustion","plant:output:hot_water":"yes","plant:source":"gas","power":"plant","type":"multipolygon","_source":"real","_class":"heat_source","_osm_id":"relation/20365320","_district":"район Митино"}},{"type":"Feature","geometry":{"type":"Polygon","coordinates":[[[37.5460448,55.7356932],[37.5460145,55.7359217],[37.547333,55.7361317],[37.5500849,55.7362834],[37.5500248,55.7366467],[37.5511612,55.7368114],[37.5536805,55.7370277],[37.5548879,55.7372505],[37.5565571,55.7374376],[37.5577012,55.7375896],[37.5587251,55.7377443],[37.5592281,55.7378105],[37.5596988,55.7377792],[37.5602168,55.7377892],[37.5605248,55.7378126],[37.5607484,55.7378913],[37.5616813,55.7381572],[37.5620578,55.7378312],[37.5609404,55.7373602],[37.5616493,55.7368572],[37.5619642,55.737012],[37.5623108,55.7368089],[37.5622829,55.7367061],[37.5629135,55.7364305],[37.56268,55.7362839],[37.5624734,55.736164],[37.5624587,55.7361555],[37.5624398,55.7361571],[37.5615061,55.7356715],[37.5589583,55.7345085],[37.5562725,55.7333117],[37.5556093,55.7330162],[37.5555726,55.7330001],[37.5536445,55.7321196],[37.5534509,55.7322665],[37.5529295,55.7326464],[37.5527993,55.7327416],[37.5528637,55.7327703],[37.5531315,55.7329],[37.5534259,55.7330402],[37.5570457,55.7346826],[37.5572253,55.7348545],[37.557055,55.7350076],[37.5572695,55.7350842],[37.556606,55.7355552],[37.5572071,55.7358453],[37.556588,55.7362861],[37.5460448,55.7356932]]]},"properties":{"landuse":"industrial","name":"ТЭЦ-12","name:en":"Moscow-12 Power Plant","name:uk":"ТЕЦ-12","operator":"ОАО \"Мосэнерго\"","plant:method":"combustion","plant:output:electricity":"611.6 MW","plant:source":"gas","power":"plant","start_date":"1941","type":"multipolygon","wikidata":"Q4449126","wikipedia":"ru:ТЭЦ-12","_source":"real","_class":"heat_source","_osm_id":"relation/2261806","_district":"район Дорогомилово"}},{"type":"Feature","geometry":{"type":"Polygon","coordinates":[[[37.6672335,55.7670567],[37.667129,55.7671265],[37.6673723,55.7672417],[37.6674767,55.7671719],[37.6672335,55.7670567]]]},"properties":{"building":"yes","building:levels":"1","man_made":"heat_exchange_station","roof:shape":"flat","type":"multipolygon","_source":"real","_class":"heat_substation","_osm_id":"relation/2378350","_district":"Басманный район"}},{"type":"Feature","geometry":{"type":"Polygon","coordinates":[[[37.3439103,55.8393123],[37.343987,55.8393218],[37.3440275,55.8392101],[37.3444391,55.8392588],[37.3443961,55.8393727],[37.3455548,55.8395055],[37.3457482,55.8394077],[37.3458201,55.8393714],[37.3458726,55.8393496],[37.346244,55.8391509],[37.3464976,55.8393004],[37.3472544,55.8397315],[37.3474001,55.8397623],[37.3485645,55.8398604],[37.3498403,55.8391848],[37.3471147,55.8376012],[37.3469488,55.8374963],[37.3467286,55.8376231],[37.3444173,55.8388659],[37.34385,55.8391664],[37.3439103,55.8393123]]]},"properties":{"industrial":"heating_station","landuse":"industrial","name":"Районная тепловая станция «Пенягино»","name:uk":"Районна теплова станція \"Пенягіно\"","plant:output:hot_water":"yes","power":"plant","type":"multipolygon","_source":"real","_class":"heat_source","_osm_id":"relation/2768315","_district":"район Митино"}},{"type":"Feature","geometry":{"type":"Polygon","coordinates":[[[37.5802096,55.5191872],[37.5805321,55.5192871],[37.5807464,55.5192982],[37.5810014,55.5192744],[37.5821075,55.519189],[37.5823918,55.5193761],[37.5829295,55.5191181],[37.5830272,55.5191774],[37.583159,55.5191164],[37.5833183,55.5190367],[37.5832045,55.5189651],[37.5837512,55.518696],[37.5838637,55.5185582],[37.584065,55.5184107],[37.5837944,55.5182764],[37.582656,55.5178739],[37.5821744,55.5177246],[37.5818054,55.5176216],[37.5816953,55.5176673],[37.5811879,55.5175254],[37.5805888,55.5172582],[37.5788863,55.5184885],[37.578536,55.5187385],[37.5785192,55.5187768],[37.5785591,55.5188307],[37.5786658,55.5188912],[37.5789047,55.5189639],[37.5793153,55.5190292],[37.5802096,55.5191872]]]},"properties":{"generator:source":"gas","landuse":"industrial","name":"Щербинка","name:uk":"Щербинка","official_name":"Газотурбинная электростанция «Щербинка»","official_short_type":"ГТЭС","plant:output:electricity":"90 MW","plant:output:hot_water":"267 MW","plant:source":"gas","power":"plant","type":"multipolygon","_source":"real","_class":"heat_source","_osm_id":"relation/2804533","_district":"район Щербинка"}},{"type":"Feature","geometry":{"type":"Polygon","coordinates":[[[37.8543182,55.7016647],[37.8525116,55.7026173],[37.8520258,55.7028734],[37.8523327,55.7030937],[37.8528059,55.70323],[37.8532331,55.7035131],[37.8534045,55.7035392],[37.8558464,55.7024542],[37.8582371,55.7013067],[37.858195,55.7012799],[37.8579025,55.7010838],[37.8578636,55.7010546],[37.857733,55.7009686],[37.857647,55.7009025],[37.8573643,55.7007182],[37.8567674,55.7003818],[37.8555306,55.7010292],[37.855463,55.7010644],[37.854459,55.7015894],[37.8543848,55.7015443],[37.8542425,55.7016187],[37.8543182,55.7016647]]]},"properties":{"description":"Предприятие №1 (РТС \"Жулебино\")","generator:method":"combustion","landuse":"industrial","name":"РТС \"Жулебино\"","name:uk":"РТС \"Жулебіне\"","operator":"ПАО «Мосэнерго»","plant:output:hot_water":"yes","power":"plant","type":"multipolygon","_source":"real","_class":"heat_source","_osm_id":"relation/3797963","_district":"район Выхино-Жулебино"}},{"type":"Feature","geometry":{"type":"Polygon","coordinates":[[[37.2479462,55.9769219],[37.2476101,55.9770826],[37.2469127,55.9780431],[37.2466649,55.9795743],[37.2466552,55.9796338],[37.2475779,55.9795018],[37.2481144,55.9805162],[37.24956,55.9802797],[37.249297,55.9797351],[37.2493491,55.9797032],[37.2479462,55.9769219]]]},"properties":{"name":"РТС-3","power":"plant","type":"multipolygon","_source":"real","_class":"heat_source","_osm_id":"relation/5321089","_district":"район Савёлки"}},{"type":"Feature","geometry":{"type":"Polygon","coordinates":[[[37.5083888,55.8886611],[37.5072783,55.8876076],[37.5068248,55.8874501],[37.5065052,55.8874249],[37.506,55.8874605],[37.5054282,55.8875321],[37.5052889,55.8873205],[37.5046961,55.8874499],[37.5048722,55.8876594],[37.5042024,55.8879532],[37.5033681,55.8885739],[37.5019301,55.8896437],[37.5018231,55.8896552],[37.5015368,55.8895515],[37.5002922,55.8902674],[37.4996508,55.8909042],[37.4992699,55.891029],[37.4985024,55.8911341],[37.498448,55.8911256],[37.4984288,55.8911465],[37.4983824,55.8911954],[37.4983382,55.8912292],[37.4981157,55.8913942],[37.4990961,55.8917883],[37.5109994,55.8970235],[37.515298,55.8989231],[37.5174419,55.8974252],[37.5152834,55.8952338],[37.514447,55.8948321],[37.5143051,55.894764],[37.5142609,55.8947428],[37.5141914,55.8947094],[37.5140909,55.8946613],[37.5138967,55.8945684],[37.5138851,55.8945629],[37.5142859,55.8942839],[37.5131196,55.8930683],[37.511663,55.8924347],[37.5107246,55.8920264],[37.510687,55.8919354],[37.5109922,55.8916729],[37.5110598,55.8915549],[37.5112763,55.8913962],[37.5109846,55.8910774],[37.5108128,55.891181],[37.5105623,55.8910645],[37.510488,55.8910297],[37.5103326,55.890956],[37.510046,55.89082],[37.5103826,55.8905579],[37.5096154,55.8897599],[37.5095015,55.8897674],[37.509385,55.8897293],[37.5094057,55.8896259],[37.5083888,55.8886611]]]},"properties":{"addr:city":"Москва","addr:housenumber":"9","addr:street":"Ижорская улица","landuse":"industrial","name":"ТЭЦ-21","name:en":"TETs-21","name:uk":"ТЕЦ-21","operator":"ПАО \"Мосэнерго\"","plant:method":"combustion","plant:output:electricity":"1806 MW","plant:output:hot_water":"5607,99 MW","plant:source":"gas","power":"plant","start_date":"1963-10-22","type":"multipolygon","wikidata":"Q4449130","wikipedia":"ru:ТЭЦ-21","_source":"real","_class":"heat_source","_osm_id":"relation/6044632","_district":"Дмитровский район"}},{"type":"Feature","geometry":{"type":"Polygon","coordinates":[[[37.5848944,55.6233573],[37.585201,55.6234883],[37.5855222,55.6236256],[37.5864224,55.6240103],[37.5870726,55.6242744],[37.5872503,55.6241405],[37.5877178,55.6237852],[37.5879135,55.6236364],[37.5879493,55.6236513],[37.5880785,55.6235524],[37.5879038,55.6234797],[37.5877609,55.6234206],[37.5877203,55.6234038],[37.5876781,55.6233863],[37.5876598,55.6233788],[37.5874537,55.6232942],[37.5873252,55.6232415],[37.5869041,55.6230686],[37.5866854,55.6229765],[37.5865797,55.6229332],[37.5865286,55.6229123],[37.5863281,55.6228301],[37.5860094,55.6226965],[37.5860424,55.6226712],[37.5859033,55.6226126],[37.5848944,55.6233573]]]},"properties":{"description":"Районная тепловая станция Чертаново","name":"РТС Чертаново","operator":"ГУП Мостеплоэнерго","power":"plant","type":"multipolygon","_source":"real","_class":"heat_source","_osm_id":"relation/6442420","_district":"район Чертаново Центральное"}},{"type":"Feature","geometry":{"type":"Polygon","coordinates":[[[37.3989118,55.658285],[37.3969625,55.6578183],[37.3969244,55.6578674],[37.3967089,55.6581495],[37.3964829,55.6584448],[37.3995178,55.6591954],[37.3993604,55.6594995],[37.4068772,55.6613087],[37.4070718,55.6612685],[37.4074153,55.6608185],[37.4075216,55.6606755],[37.4077179,55.6604167],[37.4055934,55.6598873],[37.4050642,55.6597554],[37.4049264,55.6597211],[37.4048604,55.6597278],[37.4047634,55.6597028],[37.4045276,55.6596422],[37.4043471,55.6595957],[37.4033539,55.6593704],[37.4033045,55.6594293],[37.4031416,55.6593896],[37.4031083,55.6594521],[37.4030471,55.6594402],[37.4029943,55.6594257],[37.4029525,55.6594162],[37.40295,55.6593796],[37.402617,55.6593223],[37.4016704,55.6591646],[37.4017288,55.6590859],[37.4016524,55.6590668],[37.4017155,55.6589665],[37.4010747,55.6588492],[37.4000209,55.6586046],[37.3998592,55.6585261],[37.3996714,55.6584781],[37.3995395,55.6584472],[37.3989118,55.658285]]]},"properties":{"height":"4","landuse":"industrial","name":"ГТЭС «Терёшково»","name:en":"Tereshkovo Power Plant","name:uk":"ГТЕС «Терьошкове»","plant:method":"combustion","plant:output:electricity":"170 MW","plant:output:hot_water":"yes","plant:source":"gas","power":"plant","start_date":"2012","type":"multipolygon","voltage":"110000","_source":"real","_class":"heat_source","_osm_id":"relation/6450434","_district":"район Солнцево"}},{"type":"Feature","geometry":{"type":"Polygon","coordinates":[[[37.4327638,55.8587017],[37.4332184,55.8593107],[37.4333423,55.8592802],[37.4334267,55.8592594],[37.4334927,55.8592399],[37.4335112,55.8592764],[37.4347528,55.8589435],[37.4349805,55.8588797],[37.4350829,55.8588443],[37.4351419,55.858821],[37.4349641,55.8585979],[37.4348509,55.8586207],[37.4347632,55.8585282],[37.4344235,55.8581678],[37.4328612,55.8586158],[37.4327638,55.8587017]]]},"properties":{"addr:housenumber":"2","addr:street":"Планерная улица","landuse":"industrial","name":"МОЭК Филиал №9 \"Северо-западный\" Предприятие №5","name:uk":"МОЕК Філія №9 \"Північно-західна\" Підприємство №5","power":"plant","type":"multipolygon","_source":"real","_class":"heat_source","_osm_id":"relation/6642430","_district":"район Северное Тушино"}},{"type":"Feature","geometry":{"type":"Polygon","coordinates":[[[37.4239431,55.843203],[37.42471,55.8440941],[37.424761,55.8440817],[37.4247808,55.8441118],[37.4248665,55.8440946],[37.4248929,55.8441325],[37.4256052,55.8440962],[37.4256,55.8439469],[37.4256067,55.8438761],[37.4258521,55.8437519],[37.4258414,55.8437067],[37.4256442,55.8432941],[37.4255316,55.8431269],[37.4256255,55.8431066],[37.4254994,55.8427493],[37.425486,55.8427331],[37.4254632,55.8427097],[37.4253918,55.8426996],[37.425322,55.8427033],[37.4252145,55.842729],[37.4250481,55.842773],[37.4249999,55.8428218],[37.4249538,55.8428731],[37.4239431,55.843203]]]},"properties":{"industrial":"heating_station","landuse":"industrial","name":"Районная тепловая станция № 32 «Тушино-2»","name:uk":"Районна теплова станція №32 «Тушино-2»","operator":"Московская объединенная энергетическая компания","plant:output:hot_water":"yes","power":"plant","type":"multipolygon","_source":"real","_class":"heat_source","_osm_id":"relation/6680289","_district":"район Южное Тушино"}},{"type":"Feature","geometry":{"type":"Polygon","coordinates":[[[37.5527986,55.8783621],[37.5526764,55.8785878],[37.5530011,55.8786431],[37.5530668,55.8785218],[37.5530125,55.8785125],[37.553069,55.8784082],[37.5527986,55.8783621]]]},"properties":{"addr:city":"Москва","addr:country":"RU","addr:housenumber":"18 с1","addr:street":"улица 800-летия Москвы","building":"service","building:colour":"beige;white","building:levels":"1","building:material":"concrete","location":"indoor","man_made":"heat_exchange_station","pipeline":"substation","roof:colour":"gray","roof:material":"tar_paper","roof:shape":"flat","substance":"hot_water","substation":"distribution","type":"multipolygon","_source":"real","_class":"heat_substation","_osm_id":"relation/6751359","_district":"район Восточное Дегунино"}},{"type":"Feature","geometry":{"type":"Polygon","coordinates":[[[37.5145361,55.8921834],[37.5158129,55.8927105],[37.5181481,55.8936873],[37.5182117,55.8936472],[37.5184115,55.8937307],[37.519277,55.8930582],[37.5193512,55.8930894],[37.5194895,55.8929878],[37.5192091,55.8928698],[37.5192347,55.8928291],[37.5154534,55.8911617],[37.5148761,55.8915839],[37.5145098,55.8918403],[37.5145361,55.8921834]]]},"properties":{"name":"Очередь-28, ТЭЦ-21","name:uk":"Черга-28, ТЕЦ-21","operator":"ПАО \"Мосэнерго\"","plant:output:electricity":"25 MW","plant:output:hot_water":"46.52 MW","plant:source":"gas","power":"plant","start_date":"1992","type":"multipolygon","wikidata":"Q4449133","wikipedia":"ru:ТЭЦ-28","_source":"real","_class":"heat_source","_osm_id":"relation/7037891","_district":"Дмитровский район"}},{"type":"Feature","geometry":{"type":"Polygon","coordinates":[[[37.5341546,55.8958824],[37.5343573,55.8958811],[37.5343567,55.8958549],[37.534356,55.8958194],[37.5343543,55.8957339],[37.5342248,55.8957347],[37.5341515,55.8957352],[37.5341546,55.8958824]]]},"properties":{"addr:city":"Москва","addr:country":"RU","addr:housenumber":"21 к1 с2","addr:street":"Карельский бульвар","building":"service","building:colour":"white","building:levels":"1","building:material":"brick","location":"indoor","man_made":"heat_exchange_station","pipeline":"substation","roof:shape":"flat","substance":"hot_water","substation":"distribution","type":"multipolygon","_source":"real","_class":"heat_substation","_osm_id":"relation/7163089","_district":"Дмитровский район"}},{"type":"Feature","geometry":{"type":"Polygon","coordinates":[[[37.4385055,55.6889674],[37.4384663,55.6889958],[37.438066,55.6892862],[37.4388744,55.6896439],[37.4384959,55.6902176],[37.4383047,55.6905073],[37.4385962,55.6916279],[37.4387613,55.6922626],[37.4394394,55.6944831],[37.438684,55.6949862],[37.4377142,55.6962826],[37.4393793,55.6976563],[37.4408727,55.6980868],[37.4419199,55.6984544],[37.4423576,55.6982948],[37.4475418,55.6995621],[37.4486061,55.7005246],[37.4514385,55.7004424],[37.4516998,55.6978514],[37.4512902,55.6972462],[37.4508264,55.6966704],[37.4502656,55.6961246],[37.4501154,55.6961745],[37.4496461,55.6957349],[37.4476773,55.693783],[37.4463771,55.6926605],[37.44637,55.692608],[37.4462669,55.692519],[37.4462293,55.6925328],[37.4461591,55.6924723],[37.4461082,55.6924919],[37.4454154,55.6918676],[37.4448982,55.6915611],[37.4432159,55.6908548],[37.4408819,55.6899264],[37.4385055,55.6889674]]]},"properties":{"landuse":"industrial","name":"ТЭЦ-25","name:en":"Moscow-25 Power Plant","name:uk":"ТЕЦ-25","operator":"ОАО \"Мосэнерго\"","plant:method":"combustion","plant:output:electricity":"1370 MW","plant:source":"gas","power":"plant","source":"https://www.industryabout.com/country-territories-3/2137-russia/fossil-fuels-energy/32620-moscow-tec-25-gas-power-plant","start_date":"1976","type":"multipolygon","wikidata":"Q4449132","wikipedia":"ru:ТЭЦ-25","_source":"real","_class":"heat_source","_osm_id":"relation/7318887","_district":"район Очаково-Матвеевское"}},{"type":"Feature","geometry":{"type":"Polygon","coordinates":[[[37.5946265,55.6449377],[37.5945643,55.6446468],[37.5945309,55.6444905],[37.5941768,55.6445163],[37.5941661,55.6444951],[37.5927976,55.6445578],[37.5929216,55.6454139],[37.5930932,55.6454532],[37.5933588,55.6456167],[37.593399,55.6455925],[37.5947428,55.645482],[37.5947111,55.6453338],[37.5946629,55.6451082],[37.5946384,55.6449938],[37.5946265,55.6449377]]]},"properties":{"landuse":"industrial","name":"РТС «Волхонка-ЗиЛ»","name:uk":"РТС «Волхонка-ЗіЛ»","operator":"ПАО \"Мосэнерго\"","plant:method":"combustion","plant:output:electricity":"yes","plant:output:hot_water":"279.12 MW","plant:source":"gas","power":"plant","type":"multipolygon","_source":"real","_class":"heat_source","_osm_id":"relation/7322364","_district":"район Зюзино"}},{"type":"Feature","geometry":{"type":"Polygon","coordinates":[[[37.3733325,55.8436386],[37.3734173,55.8437128],[37.373471,55.8437597],[37.3739172,55.8441501],[37.3745147,55.8446048],[37.3751128,55.8451553],[37.3751532,55.8451899],[37.3751945,55.8451779],[37.3752375,55.8451653],[37.3753285,55.8452403],[37.3755392,55.8453957],[37.3760129,55.8451381],[37.3760716,55.8451062],[37.3765774,55.8448409],[37.3769238,55.8446592],[37.375786,55.8436569],[37.3754491,55.8433335],[37.3753877,55.843358],[37.3753225,55.8432988],[37.3751089,55.843106],[37.3750626,55.8430682],[37.3750127,55.8430275],[37.3749746,55.842997],[37.3748969,55.8429921],[37.3733964,55.8436125],[37.3733325,55.8436386]]]},"properties":{"alt_name":"РТС-38 «Митино»","industrial":"heating_station","landuse":"industrial","name":"Районная тепловая станция № 38 «Митино»","name:uk":"Районна теплова станція №38 «Мітіно»","plant:output:hot_water":"yes","power":"plant","type":"multipolygon","_source":"real","_class":"heat_source","_osm_id":"relation/7906587","_district":"район Митино"}},{"type":"Feature","geometry":{"type":"Polygon","coordinates":[[[37.3820301,55.7912265],[37.3826766,55.7919306],[37.3824084,55.7919962],[37.3829097,55.7928158],[37.3829453,55.792874],[37.3851879,55.7922995],[37.3871561,55.7917954],[37.3870514,55.7916204],[37.3870347,55.7897177],[37.3868582,55.7897267],[37.3866436,55.7898217],[37.3866436,55.7899167],[37.3860884,55.7900811],[37.3859194,55.7902017],[37.3858636,55.7902292],[37.3855975,55.7903601],[37.3852622,55.7903586],[37.3820301,55.7912265]]]},"properties":{"industrial":"heating_station","landuse":"industrial","name":"ПГУ-ТЭС «Строгино» имени М. А. Лапира","name:en":"Moscow City Strogino Power Plant","name:uk":"ПГУ-ТЕС «Строгіно» імені М. А. Лапіра","plant:method":"combustion","plant:output:electricity":"130 MW","plant:output:hot_water":"yes","plant:source":"gas","power":"plant","start_date":"2008","type":"multipolygon","_source":"real","_class":"heat_source","_osm_id":"relation/8041844","_district":"район Строгино"}},{"type":"Feature","geometry":{"type":"Polygon","coordinates":[[[37.5026754,55.7779839],[37.5024047,55.7783961],[37.5023623,55.778613],[37.5012489,55.7821196],[37.5010344,55.7832551],[37.5008855,55.7840599],[37.5007338,55.7857683],[37.5006881,55.7862188],[37.5040209,55.7862657],[37.5048097,55.7826836],[37.505098,55.7814634],[37.5053751,55.7801155],[37.5051404,55.7801004],[37.5052086,55.7797663],[37.5053711,55.7797774],[37.5054227,55.7797813],[37.5055247,55.7797889],[37.5055609,55.7796363],[37.5058188,55.7785143],[37.5056,55.7784382],[37.5039147,55.7780649],[37.5037235,55.7782189],[37.5027398,55.7779984],[37.5026754,55.7779839]]]},"properties":{"barrier":"wall","landuse":"industrial","name":"ТЭЦ-16","name:en":"Moscow-16 Power Plant","name:uk":"ТЕЦ-16","operator":"ОАО \"Мосэнерго\"","plant:method":"combustion","plant:output:electricity":"651 MW","plant:source":"gas","power":"plant","start_date":"1963","type":"multipolygon","wikidata":"Q4449128","wikipedia":"ru:ТЭЦ-16","_source":"real","_class":"heat_source","_osm_id":"relation/8061233","_district":"район Хорошёво-Мнёвники"}},{"type":"Feature","geometry":{"type":"Polygon","coordinates":[[[37.5697043,55.7802126],[37.5698692,55.780268],[37.5700728,55.7800764],[37.5699079,55.780021],[37.5697043,55.7802126]]]},"properties":{"addr:housenumber":"15 с22","addr:street":"Ленинградский проспект","building":"industrial","building:levels":"1","plant:output:hot_water":"yes","power":"plant","type":"multipolygon","_source":"real","_class":"heat_source","_osm_id":"relation/8180261","_district":"район Беговой"}},{"type":"Feature","geometry":{"type":"Polygon","coordinates":[[[37.6678534,55.7385753],[37.6678804,55.7386791],[37.6678856,55.7386992],[37.6680927,55.7386821],[37.6680606,55.7385582],[37.6680053,55.7385628],[37.6678534,55.7385753]]]},"properties":{"addr:housenumber":"44 с3","addr:street":"Таганская улица","building":"service","building:colour":"white","building:levels":"1","building:material":"brick","location":"indoor","man_made":"heat_exchange_station","note:cadastre:id":"77:01:0006024:1013","pipeline":"substation","roof:colour":"grey","roof:material":"tar_paper","roof:shape":"flat","start_date":"1981","substance":"hot_water","substation":"distribution","type":"multipolygon","_source":"real","_class":"heat_substation","_osm_id":"relation/8878386","_district":"Таганский район"}},{"type":"Feature","geometry":{"type":"Polygon","coordinates":[[[37.6186595,55.5815089],[37.6191346,55.5814838],[37.6256084,55.5811419],[37.6256106,55.581019],[37.6256666,55.5810188],[37.6257301,55.5810176],[37.6257948,55.5809722],[37.6295174,55.5807887],[37.6321581,55.5806467],[37.6321829,55.5807944],[37.632262,55.5808074],[37.6344179,55.5807189],[37.636058,55.5806546],[37.6381081,55.5805635],[37.6405011,55.5754526],[37.6403367,55.575281],[37.6333555,55.5756892],[37.6263939,55.5760894],[37.6265036,55.5767103],[37.626518,55.5768093],[37.6266577,55.5776019],[37.6239649,55.5777399],[37.6240692,55.5782951],[37.6190315,55.5785877],[37.6193389,55.5792658],[37.6193712,55.5793075],[37.6193987,55.5793428],[37.6188378,55.5794228],[37.6185346,55.5794811],[37.618223,55.5795619],[37.6179811,55.5796469],[37.6175102,55.5798467],[37.6175321,55.5798703],[37.6175725,55.579914],[37.6175937,55.5799369],[37.6174569,55.5799983],[37.6172501,55.5801073],[37.6170843,55.5802242],[37.6169425,55.5803506],[37.6166344,55.5808313],[37.6168809,55.5809358],[37.6170863,55.5813692],[37.6176548,55.5816279],[37.6181743,55.5815345],[37.6185363,55.5815154],[37.6186595,55.5815089]]]},"properties":{"landuse":"industrial","name":"ТЭЦ-26 «Южная»","name:en":"TETs-26 Yuzhnaya","name:uk":"ТЕЦ-26 «Південна»","operator":"ОАО \"Мосэнерго\"","plant:method":"combustion","plant:output:electricity":"1830 MW","plant:source":"gas","power":"plant","start_date":"1979","type":"multipolygon","wikidata":"Q4449135","wikipedia":"ru:ТЭЦ-26","_source":"real","_class":"heat_source","_osm_id":"relation/9045710","_district":"район Бирюлёво Западное"}},{"type":"Feature","geometry":{"type":"Polygon","coordinates":[[[37.5910916,55.8273273],[37.5911165,55.8273274],[37.5911493,55.8273276],[37.5913184,55.8273286],[37.59132,55.827241],[37.5913207,55.827204],[37.5910345,55.8272023],[37.5910321,55.8273269],[37.5910916,55.8273273]]]},"properties":{"addr:city":"Москва","addr:housenumber":"1 к3 с1","addr:street":"Большая Марфинская улица","building":"service","building:levels":"1","location":"indoor","man_made":"heat_exchange_station","name":"ЦТП-2","name:uk":"ЦТП-2","pipeline":"substation","substance":"hot_water","substation":"distribution","type":"multipolygon","_source":"real","_class":"heat_substation","_osm_id":"relation/9093804","_district":"район Марфино"}},{"type":"Feature","geometry":{"type":"Polygon","coordinates":[[[37.5925024,55.8261901],[37.5923463,55.8261898],[37.5923456,55.8262806],[37.5923454,55.8263087],[37.5926365,55.8263093],[37.5926374,55.8261904],[37.5926114,55.8261904],[37.592534,55.8261902],[37.5925024,55.8261901]]]},"properties":{"addr:housenumber":"1 к1 с1","addr:street":"Большая Марфинская улица","building":"service","building:levels":"1","location":"indoor","man_made":"heat_exchange_station","name":"ЦТП-1","name:uk":"ЦТП-1","pipeline":"substation","roof:shape":"flat","substance":"hot_water","substation":"distribution","type":"multipolygon","_source":"real","_class":"heat_substation","_osm_id":"relation/9093832","_district":"район Марфино"}},{"type":"Feature","geometry":{"type":"Polygon","coordinates":[[[37.5605043,55.7547222],[37.563358,55.7550007],[37.5633421,55.7550514],[37.5657884,55.7552714],[37.5656854,55.7549519],[37.5652172,55.7549456],[37.565219,55.7547154],[37.5647754,55.7547033],[37.5631007,55.7545447],[37.5616671,55.7544067],[37.5610216,55.7543472],[37.5609385,55.7543482],[37.560867,55.7543541],[37.5608217,55.7543775],[37.5605043,55.7547222]]]},"properties":{"name":"ТЭЦ-7","power":"plant","type":"multipolygon","wikipedia":"ru:ТЭЦ-7 Мосэнерго","_source":"real","_class":"heat_source","_osm_id":"relation/9174030","_district":"Пресненский район"}},{"type":"Feature","geometry":{"type":"Polygon","coordinates":[[[37.458766,55.8127319],[37.4587185,55.8129478],[37.4587751,55.8130328],[37.458837,55.8131044],[37.4589187,55.8130812],[37.4590356,55.8130494],[37.4598334,55.8128331],[37.4598321,55.8128034],[37.4596785,55.8126252],[37.4596588,55.8126306],[37.4595908,55.8125517],[37.4595714,55.8125293],[37.4595521,55.8125068],[37.4595026,55.8124494],[37.4593099,55.8125009],[37.4589668,55.8125943],[37.4588932,55.8126412],[37.458766,55.8127319]]]},"properties":{"branch":"Филиал № 9, предприятие № 4","industrial":"heating_station","landuse":"industrial","name":"Квартальная тепловая станция «Покровское-Стрешнево»","name:uk":"Квартальна теплова станція «Покровське-Стрешнєво»","operator":"ПАО «МОЭК»","plant:method":"combustion","plant:output:electricity":"yes","plant:output:hot_water":"yes","plant:source":"gas","power":"plant","type":"multipolygon","_source":"real","_class":"heat_source","_osm_id":"relation/9524871","_district":"район Покровское-Стрешнево"}},{"type":"Feature","geometry":{"type":"Polygon","coordinates":[[[37.7303874,55.7346231],[37.7311701,55.7344861],[37.7319725,55.7343456],[37.7322411,55.7342986],[37.7322138,55.7342492],[37.7321882,55.7342027],[37.732151,55.7341337],[37.7321247,55.7340848],[37.7319664,55.7341118],[37.7317199,55.7336537],[37.7314416,55.7335743],[37.7301862,55.7337112],[37.7297464,55.7337857],[37.7302051,55.7345664],[37.7303874,55.7346231]]]},"properties":{"branch":"ТЭЦ-8","industrial":"heating_station","landuse":"industrial","name":"Районная тепловая станция «Фрезер»","operator":"ПАО «Мосэнерго»","plant:output:hot_water":"yes","power":"plant","type":"multipolygon","_source":"real","_class":"heat_source","_osm_id":"relation/9527693","_district":"Нижегородский район"}},{"type":"Feature","geometry":{"type":"Polygon","coordinates":[[[37.6295018,55.7480573],[37.6296384,55.7483949],[37.629676,55.7484869],[37.6311158,55.7483201],[37.63158,55.7482581],[37.6320205,55.7481516],[37.631891,55.747982],[37.6318513,55.74791],[37.6316886,55.7476989],[37.6317681,55.7476795],[37.6317378,55.7476402],[37.6318934,55.7476022],[37.631923,55.7476407],[37.6323031,55.7475479],[37.6322567,55.747485],[37.6323795,55.7474563],[37.632225,55.7472472],[37.6321262,55.7472703],[37.6320762,55.7472026],[37.6317631,55.747255],[37.6317704,55.7472687],[37.6317206,55.7472764],[37.6317147,55.7472629],[37.6311866,55.7473509],[37.6308843,55.7474302],[37.6309163,55.7474625],[37.6308009,55.7474986],[37.6306164,55.7473048],[37.6305302,55.7473309],[37.6304988,55.7473017],[37.6304561,55.7473141],[37.6304234,55.7472803],[37.630394,55.7472897],[37.6303761,55.747271],[37.6304052,55.7472619],[37.6303389,55.7471937],[37.6302695,55.7472091],[37.6301954,55.7472255],[37.6303029,55.7473715],[37.6303218,55.7475138],[37.6300872,55.7475685],[37.6301828,55.747837],[37.6294948,55.7479275],[37.6295018,55.7480573]]]},"properties":{"full_name":"Государственная электрическая станция № 1","landuse":"industrial","name":"ГЭС-1 им. П. Г. Смидовича","name:uk":"ГЕС-1 ім. П. Г. Смідовича","operator":"ПАО «Мосэнерго»","plant:method":"combustion","plant:output:electricity":"86 MW","plant:output:hot_water":"1036 MW","plant:source":"gas","power":"plant","start_date":"1897-11-28","type":"multipolygon","website":"https://www.mosenergo.ru/docs/info/386.aspx","wikidata":"Q4130803","wikipedia":"ru:ГЭС-1","_source":"real","_class":"heat_source","_osm_id":"relation/9975357","_district":"район Замоскворечье"}},{"type":"Feature","geometry":{"type":"Polygon","coordinates":[[[37.7096117,55.8749907],[37.709761,55.8751255],[37.7099127,55.8750727],[37.7097635,55.8749379],[37.7096117,55.8749907]]]},"properties":{"addr:housenumber":"1 к4 с2","addr:street":"Лосевская улица","building":"service","building:levels":"1","man_made":"heat_exchange_station","substance":"heat","substation":"distribution","_source":"real","_class":"heat_substation","_osm_id":"way/100612981","_district":"Ярославский район"}},{"type":"Feature","geometry":{"type":"Polygon","coordinates":[[[37.5076013,55.8218326],[37.5076935,55.8217214],[37.5078757,55.8217691],[37.5077835,55.8218803],[37.5076013,55.8218326]]]},"properties":{"addr:housenumber":"4 c2","addr:street":"5-й Новоподмосковный переулок","building":"industrial","building:colour":"white;grey","building:levels":"1","building:material":"plaster","height":"6","man_made":"heat_exchange_station","roof:colour":"grey","roof:material":"tar_paper","roof:shape":"flat","_source":"real","_class":"heat_substation","_osm_id":"way/100655969","_district":"Войковский район"}},{"type":"Feature","geometry":{"type":"Polygon","coordinates":[[[37.5117301,55.8224499],[37.5116358,55.8225608],[37.5118937,55.82263],[37.511988,55.8225192],[37.5117301,55.8224499]]]},"properties":{"addr:housenumber":"3 с1","addr:street":"6-й Новоподмосковный переулок","building":"service","building:colour":"white;grey","building:levels":"1","building:material":"plaster","height":"6","man_made":"heat_exchange_station","roof:colour":"grey","roof:material":"tar_paper","roof:shape":"flat","_source":"real","_class":"heat_substation","_osm_id":"way/100725521","_district":"Войковский район"}},{"type":"Feature","geometry":{"type":"Polygon","coordinates":[[[37.4494421,55.5401574],[37.4500237,55.5400834],[37.4500708,55.5400774],[37.4501027,55.5400734],[37.4499732,55.5397476],[37.4493127,55.5398317],[37.4494421,55.5401574]]]},"properties":{"barrier":"fence","plant:method":"combustion","plant:output:hot_water":"yes","plant:source":"gas","power":"plant","_source":"real","_class":"heat_source","_osm_id":"way/1011226249","_district":"район Коммунарка"}},{"type":"Feature","geometry":{"type":"Polygon","coordinates":[[[37.3576658,55.7827475],[37.357807,55.7828364],[37.3579638,55.7827577],[37.3578227,55.7826688],[37.3576658,55.7827475]]]},"properties":{"addr:housenumber":"15А","addr:street":"Советская улица","building":"yes","landuse":"industrial","power":"plant","street_cabinet":"power","_source":"real","_class":"heat_source","_osm_id":"way/101154736","_district":"район Кунцево"}},{"type":"Feature","geometry":{"type":"Polygon","coordinates":[[[37.6702658,55.6391432],[37.6700626,55.6391549],[37.6700974,55.6393466],[37.6703006,55.6393348],[37.6702658,55.6391432]]]},"properties":{"addr:housenumber":"12 к2 с3","addr:street":"улица Кошкина","building":"yes","building:levels":"2","height":"6","man_made":"heat_exchange_station","_source":"real","_class":"heat_substation","_osm_id":"way/101311123","_district":"район Москворечье-Сабурово"}},{"type":"Feature","geometry":{"type":"Polygon","coordinates":[[[37.6681887,55.6394078],[37.6681775,55.6393133],[37.6679186,55.6393231],[37.6679298,55.6394175],[37.6681887,55.6394078]]]},"properties":{"addr:housenumber":"16 к2 с2","addr:street":"улица Кошкина","building":"yes","building:levels":"2","height":"6","man_made":"heat_exchange_station","_source":"real","_class":"heat_substation","_osm_id":"way/101311461","_district":"район Москворечье-Сабурово"}},{"type":"Feature","geometry":{"type":"Polygon","coordinates":[[[37.680939,55.6409853],[37.6812771,55.6409647],[37.6812557,55.6408528],[37.6809175,55.6408734],[37.680939,55.6409853]]]},"properties":{"addr:housenumber":"6 к2 с2","addr:street":"Каширское шоссе","building":"yes","building:levels":"2","height":"6","man_made":"heat_exchange_station","_source":"real","_class":"heat_substation","_osm_id":"way/101316907","_district":"район Москворечье-Сабурово"}},{"type":"Feature","geometry":{"type":"Polygon","coordinates":[[[37.6774565,55.6383308],[37.6778166,55.6383114],[37.6777967,55.6381935],[37.6774366,55.6382129],[37.6774565,55.6383308]]]},"properties":{"addr:housenumber":"6 к2","addr:street":"Кантемировская улица","building":"yes","building:levels":"2","height":"6","man_made":"heat_exchange_station","_source":"real","_class":"heat_substation","_osm_id":"way/101322221","_district":"район Москворечье-Сабурово"}},{"type":"Feature","geometry":{"type":"Polygon","coordinates":[[[37.5111197,55.8246544],[37.5113074,55.8247041],[37.5114275,55.8245602],[37.5112398,55.8245106],[37.5111197,55.8246544]]]},"properties":{"addr:housenumber":"12 с5","addr:street":"Старопетровский проезд","building":"service","building:colour":"beige","building:levels":"1","building:material":"plaster","height":"6","man_made":"heat_exchange_station","roof:colour":"grey","roof:material":"tap_paper","roof:shape":"flat","source":"Адресный реестр Москвы, data.mos.ru","_source":"real","_class":"heat_substation","_osm_id":"way/101926904","_district":"Войковский район"}},{"type":"Feature","geometry":{"type":"Polygon","coordinates":[[[37.5089898,55.8240346],[37.5091757,55.8240813],[37.5093298,55.8238878],[37.5091439,55.8238411],[37.5089898,55.8240346]]]},"properties":{"addr:housenumber":"12 к1 с2","addr:street":"Старопетровский проезд","building":"service","building:colour":"beige","building:levels":"1","building:material":"plaster","height":"6","man_made":"heat_exchange_station","roof:colour":"grey","roof:material":"tap_paper","roof:shape":"flat","_source":"real","_class":"heat_substation","_osm_id":"way/101926909","_district":"Войковский район"}},{"type":"Feature","geometry":{"type":"Polygon","coordinates":[[[37.6149763,55.7129795],[37.614973,55.7128733],[37.614792,55.7128751],[37.6147953,55.7129813],[37.6149763,55.7129795]]]},"properties":{"addr:housenumber":"14 с2","addr:street":"улица Серпуховский Вал","building":"service","building:colour":"white","building:levels":"1","building:material":"plaster","height":"6","man_made":"heat_exchange_station","roof:colour":"grey","roof:material":"tar_paper","roof:shape":"flat","_source":"real","_class":"heat_substation","_osm_id":"way/102225981","_district":"Даниловский район"}},{"type":"Feature","geometry":{"type":"Polygon","coordinates":[[[37.6178455,55.7136],[37.6178464,55.7136748],[37.61814,55.7136738],[37.6181395,55.7135977],[37.6178455,55.7136]]]},"properties":{"addr:housenumber":"3А","addr:street":"улица Лестева","building":"service","building:colour":"white","building:levels":"1","building:material":"plaster","height":"6","man_made":"heat_exchange_station","roof:colour":"grey","roof:material":"tar_paper","roof:shape":"flat","_source":"real","_class":"heat_substation","_osm_id":"way/102226057","_district":"Даниловский район"}},{"type":"Feature","geometry":{"type":"Polygon","coordinates":[[[37.7703628,55.6385151],[37.7701898,55.638713],[37.7703927,55.6387696],[37.7705657,55.6385716],[37.7703628,55.6385151]]]},"properties":{"addr:housenumber":"39/12 с3","addr:street":"Братеевская улица","building":"yes","building:levels":"1","height":"6","man_made":"heat_exchange_station","_source":"real","_class":"heat_substation","_osm_id":"way/103122279","_district":"район Братеево"}},{"type":"Feature","geometry":{"type":"Polygon","coordinates":[[[37.7727146,55.6389298],[37.7728972,55.638726],[37.772715,55.638674],[37.7725324,55.6388778],[37.7727146,55.6389298]]]},"properties":{"addr:housenumber":"9А","addr:street":"Алма-Атинская улица","building":"yes","building:levels":"1","height":"6","man_made":"heat_exchange_station","_source":"real","_class":"heat_substation","_osm_id":"way/103130654","_district":"район Братеево"}},{"type":"Feature","geometry":{"type":"Polygon","coordinates":[[[37.7706545,55.6411296],[37.7707145,55.6410605],[37.7706185,55.641034],[37.7705585,55.6411031],[37.7706545,55.6411296]]]},"properties":{"addr:housenumber":"5 с2","addr:street":"Алма-Атинская улица","building":"yes","building:levels":"1","height":"6","man_made":"heat_exchange_station","_source":"real","_class":"heat_substation","_osm_id":"way/103134510","_district":"район Братеево"}},{"type":"Feature","geometry":{"type":"Polygon","coordinates":[[[37.7733392,55.6406804],[37.7734428,55.6405612],[37.7731104,55.6404693],[37.7730068,55.6405885],[37.7733392,55.6406804]]]},"properties":{"addr:housenumber":"9 к3 с4","addr:street":"Алма-Атинская улица","building":"yes","building:levels":"1","height":"6","man_made":"heat_exchange_station","_source":"real","_class":"heat_substation","_osm_id":"way/103134530","_district":"район Братеево"}},{"type":"Feature","geometry":{"type":"Polygon","coordinates":[[[37.4335916,55.856132],[37.4336399,55.8559914],[37.4338181,55.8560107],[37.4337698,55.8561513],[37.4335916,55.856132]]]},"properties":{"addr:city":"Москва","addr:country":"RU","addr:housenumber":"7 к4 с1","addr:street":"улица Героев Панфиловцев","building":"service","building:colour":"white;brown","building:levels":"1","building:material":"plaster","location":"indoor","man_made":"heat_exchange_station","operator":"МОЭК","pipeline":"substation","roof:colour":"grey","roof:material":"tar_paper","roof:shape":"flat","substance":"hot_water","substation":"distribution","_source":"real","_class":"heat_substation","_osm_id":"way/103148686","_district":"район Северное Тушино"}},{"type":"Feature","geometry":{"type":"Polygon","coordinates":[[[37.4320733,55.8564018],[37.4321189,55.856275],[37.4319942,55.8562609],[37.4319486,55.8563877],[37.4320733,55.8564018]]]},"properties":{"addr:city":"Москва","addr:country":"RU","addr:housenumber":"9 к1 с2","addr:street":"улица Героев Панфиловцев","building":"service","building:colour":"green;;white","building:levels":"1","building:material":"plaster","location":"indoor","man_made":"heat_exchange_station","operator":"МОЭК","pipeline":"substation","roof:angle":"10","roof:colour":"grey","roof:material":"metal","roof:shape":"gabled","substance":"hot_water","substation":"distribution","_source":"real","_class":"heat_substation","_osm_id":"way/103149822","_district":"район Северное Тушино"}},{"type":"Feature","geometry":{"type":"Polygon","coordinates":[[[37.4283058,55.8573576],[37.4283623,55.8572038],[37.4285764,55.8572285],[37.4285199,55.8573824],[37.4283058,55.8573576]]]},"properties":{"addr:city":"Москва","addr:country":"RU","addr:housenumber":"13 к1 с1","addr:street":"улица Героев Панфиловцев","building":"service","building:colour":"beige;white","building:levels":"1","building:material":"plaster","location":"indoor","man_made":"heat_exchange_station","pipeline":"substation","roof:colour":"grey","roof:material":"tar_paper","roof:shape":"flat","substance":"hot_water","substation":"distribution","_source":"real","_class":"heat_substation","_osm_id":"way/103150347","_district":"район Северное Тушино"}},{"type":"Feature","geometry":{"type":"Polygon","coordinates":[[[37.4260602,55.8561303],[37.4261174,55.8559657],[37.4262641,55.8559818],[37.4262069,55.8561463],[37.4260602,55.8561303]]]},"properties":{"addr:city":"Москва","addr:country":"RU","addr:housenumber":"17 к4 с1","addr:street":"улица Героев Панфиловцев","building":"service","building:levels":"1","building:material":"brick","location":"indoor","man_made":"heat_exchange_station","operator":"МОЭСК","pipeline":"substation","roof:shape":"flat","substance":"hot_water","substation":"distribution","_source":"real","_class":"heat_substation","_osm_id":"way/103151142","_district":"район Северное Тушино"}},{"type":"Feature","geometry":{"type":"Polygon","coordinates":[[[37.4123472,55.8546871],[37.4124397,55.8545298],[37.4123111,55.8545059],[37.4122186,55.8546633],[37.4123472,55.8546871]]]},"properties":{"addr:city":"Москва","addr:country":"RU","addr:housenumber":"37 к2 с1","addr:street":"улица Героев Панфиловцев","building":"service","building:levels":"1","location":"indoor","man_made":"heat_exchange_station","pipeline":"substation","substance":"hot_water","substation":"distribution","_source":"real","_class":"heat_substation","_osm_id":"way/103152442","_district":"район Северное Тушино"}},{"type":"Feature","geometry":{"type":"Polygon","coordinates":[[[37.7722287,55.6416082],[37.772285,55.6415404],[37.7721948,55.6415165],[37.7721384,55.6415844],[37.7722287,55.6416082]]]},"properties":{"addr:housenumber":"5 с9","addr:street":"Алма-Атинская улица","building":"yes","building:levels":"1","height":"6","man_made":"heat_exchange_station","_source":"real","_class":"heat_substation","_osm_id":"way/103566514","_district":"район Братеево"}},{"type":"Feature","geometry":{"type":"Polygon","coordinates":[[[37.7717402,55.6431954],[37.7718259,55.6431046],[37.771634,55.6430469],[37.7715483,55.6431377],[37.7717402,55.6431954]]]},"properties":{"addr:housenumber":"44 с2","addr:street":"улица Борисовские Пруды","building":"service","building:levels":"1","height":"6","man_made":"heat_exchange_station","_source":"real","_class":"heat_substation","_osm_id":"way/103568131","_district":"район Братеево"}},{"type":"Feature","geometry":{"type":"Polygon","coordinates":[[[37.7701156,55.6429925],[37.7697217,55.6428887],[37.7695975,55.6430388],[37.7699915,55.6431426],[37.7701156,55.6429925]]]},"properties":{"addr:housenumber":"42 с2","addr:street":"улица Борисовские Пруды","building":"yes","building:levels":"1","height":"6","man_made":"heat_exchange_station","_source":"real","_class":"heat_substation","_osm_id":"way/103569146","_district":"район Братеево"}},{"type":"Feature","geometry":{"type":"Polygon","coordinates":[[[37.4328693,55.8513705],[37.4329572,55.8511049],[37.4330721,55.8511168],[37.4329842,55.8513825],[37.4328693,55.8513705]]]},"properties":{"addr:housenumber":"2 к3 с1","addr:street":"бульвар Яна Райниса","building":"service","building:colour":"white;grey","building:levels":"1","building:material":"plaster","location":"indoor","man_made":"heat_exchange_station","operator":"МОЭК","pipeline":"substation","roof:colour":"grey","roof:material":"metal","roof:shape":"flat","substance":"hot_water","substation":"distribution","_source":"real","_class":"heat_substation","_osm_id":"way/1040228376","_district":"район Северное Тушино"}},{"type":"Feature","geometry":{"type":"Polygon","coordinates":[[[37.6388063,55.8734483],[37.6387725,55.8735636],[37.6390511,55.8735895],[37.6390855,55.8734746],[37.6388063,55.8734483]]]},"properties":{"addr:city":"Москва","addr:housenumber":"8 с3","addr:street":"Полярная улица","building":"service","building:levels":"1","location":"indoor","man_made":"heat_exchange_station","pipeline":"substation","substance":"hot_water","substation":"distribution","_source":"real","_class":"heat_substation","_osm_id":"way/104105379","_district":"район Южное Медведково"}},{"type":"Feature","geometry":{"type":"Polygon","coordinates":[[[37.55169,55.6766889],[37.551646,55.6766448],[37.5515409,55.6766782],[37.5515849,55.6767223],[37.55169,55.6766889]]]},"properties":{"addr:housenumber":"17 к1 с1","addr:street":"улица Архитектора Власова","branch":"Филиал №7 Предприятие №3","building":"service","building:levels":"1","man_made":"heat_exchange_station","operator":"ПАО \"МОЭК\"","pipeline":"substation","pipeline:heat_transfer":"yes","ref":"07-02-0808/095","substance":"hot_water","substation":"distribution","_source":"real","_class":"heat_substation","_osm_id":"way/1046234106","_district":"район Черёмушки"}},{"type":"Feature","geometry":{"type":"Polygon","coordinates":[[[37.6970522,55.8172638],[37.6969652,55.8173752],[37.6972167,55.8174372],[37.6973037,55.8173258],[37.6970522,55.8172638]]]},"properties":{"addr:housenumber":"11 к2 с1","addr:street":"Миллионная улица","building":"service","building:colour":"white;beige","building:levels":"1","building:material":"concrete","height":"6","man_made":"heat_exchange_station","pipeline":"substation","roof:colour":"grey","roof:material":"tar_paper","roof:shape":"flat","source":"Адресный реестр Москвы, data.mos.ru","substance":"hot_water","_source":"real","_class":"heat_substation","_osm_id":"way/104709426","_district":"район Богородское"}},{"type":"Feature","geometry":{"type":"Polygon","coordinates":[[[37.7340038,55.6095631],[37.7339533,55.6096637],[37.7342934,55.6097181],[37.7343438,55.6096176],[37.7340038,55.6095631]]]},"properties":{"addr:housenumber":"9 к1 с2","addr:street":"Елецкая улица","building":"yes","building:levels":"1","man_made":"heat_exchange_station","_source":"real","_class":"heat_substation","_osm_id":"way/104975592","_district":"Орехово-Борисово Южное"}},{"type":"Feature","geometry":{"type":"Polygon","coordinates":[[[37.7353741,55.607888],[37.7355501,55.6079202],[37.7356588,55.6077302],[37.7354828,55.6076981],[37.7353741,55.607888]]]},"properties":{"addr:housenumber":"17 к2 с2","addr:street":"Елецкая улица","building":"yes","building:levels":"1","man_made":"heat_exchange_station","_source":"real","_class":"heat_substation","_osm_id":"way/104978924","_district":"Орехово-Борисово Южное"}},{"type":"Feature","geometry":{"type":"Polygon","coordinates":[[[37.7386767,55.6096659],[37.7390125,55.6097171],[37.7390594,55.6096192],[37.7387235,55.609568],[37.7386767,55.6096659]]]},"properties":{"addr:housenumber":"32 к2 с2","addr:street":"Воронежская улица","building":"yes","man_made":"heat_exchange_station","_source":"real","_class":"heat_substation","_osm_id":"way/105197659","_district":"Орехово-Борисово Южное"}},{"type":"Feature","geometry":{"type":"Polygon","coordinates":[[[37.7407145,55.6063754],[37.7407707,55.6062761],[37.740967,55.6063115],[37.740911,55.6064108],[37.7407145,55.6063754]]]},"properties":{"addr:city":"Москва","addr:country":"RU","addr:housenumber":"39 к1 с2","addr:street":"Ясеневая улица","building":"yes","building:levels":"1","height":"6","man_made":"heat_exchange_station","_source":"real","_class":"heat_substation","_osm_id":"way/105200077","_district":"Орехово-Борисово Южное"}},{"type":"Feature","geometry":{"type":"Polygon","coordinates":[[[37.7409872,55.6056917],[37.7410877,55.6056043],[37.741174,55.6056359],[37.7412605,55.6056676],[37.7411602,55.6057551],[37.7409872,55.6056917]]]},"properties":{"addr:city":"Москва","addr:country":"RU","addr:housenumber":"35А","addr:street":"Ясеневая улица","building":"service","building:levels":"1","height":"6","man_made":"heat_exchange_station","_source":"real","_class":"heat_substation","_osm_id":"way/105200079","_district":"Орехово-Борисово Южное"}},{"type":"Feature","geometry":{"type":"Polygon","coordinates":[[[37.7401248,55.6071281],[37.7401809,55.6070288],[37.7403772,55.6070642],[37.7403212,55.6071635],[37.7401248,55.6071281]]]},"properties":{"addr:city":"Москва","addr:country":"RU","addr:housenumber":"39 к3 с2","addr:street":"Ясеневая улица","building":"service","building:levels":"1","height":"6","man_made":"heat_exchange_station","_source":"real","_class":"heat_substation","_osm_id":"way/105200080","_district":"Орехово-Борисово Южное"}},{"type":"Feature","geometry":{"type":"Polygon","coordinates":[[[37.6614917,55.790756],[37.6615745,55.790727],[37.6615063,55.7906656],[37.6614235,55.7906947],[37.6614917,55.790756]]]},"properties":{"building":"service","building:colour":"white;blue","building:levels":"1","building:material":"brick","location":"indoor","man_made":"heat_exchange_station","pipeline":"substation","power":"substation","ref":"ТП 1510","roof:colour":"grey","roof:material":"tar_paper","roof:shape":"flat","substance":"hot_water","substation":"distribution","_source":"real","_class":"heat_substation","_osm_id":"way/1052420656","_district":"район Сокольники"}},{"type":"Feature","geometry":{"type":"Polygon","coordinates":[[[37.6080092,55.7230734],[37.6079398,55.7229643],[37.6080762,55.7229368],[37.6081455,55.7230458],[37.6080092,55.7230734]]]},"properties":{"addr:housenumber":"19 с2","addr:street":"Донская улица","building":"service","building:colour":"white","building:levels":"1","building:material":"plaster","location":"indoor","man_made":"heat_exchange_station","operator":"МОЭСК","pipeline":"substation","ref":"01-08-0803/112","roof:colour":"grey","roof:material":"tar_paper","roof:shape":"flat","substance":"hot_water","substation":"distribution","_source":"real","_class":"heat_substation","_osm_id":"way/105540379","_district":"район Якиманка"}},{"type":"Feature","geometry":{"type":"Polygon","coordinates":[[[37.6076682,55.8622306],[37.6073346,55.8623289],[37.6074439,55.8624457],[37.6077775,55.8623474],[37.6076682,55.8622306]]]},"properties":{"addr:housenumber":"20А","addr:street":"улица Декабристов","building":"service","building:levels":"1","location":"indoor","man_made":"heat_exchange_station","pipeline":"substation","substance":"hot_water","substation":"distribution","_source":"real","_class":"heat_substation","_osm_id":"way/105580303","_district":"район Отрадное"}},{"type":"Feature","geometry":{"type":"Polygon","coordinates":[[[37.4525453,55.8101313],[37.4525619,55.8099174],[37.4526882,55.8099205],[37.4526715,55.8101344],[37.4525453,55.8101313]]]},"properties":{"addr:city":"Москва","addr:country":"RU","addr:housenumber":"70 с1","addr:street":"Авиационная улица","building":"service","building:levels":"1","location":"indoor","man_made":"heat_exchange_station","pipeline":"substation","ref":"308/022","substance":"hot_water","substation":"distribution","_source":"real","_class":"heat_substation","_osm_id":"way/105589606","_district":"район Щукино"}},{"type":"Feature","geometry":{"type":"Polygon","coordinates":[[[37.7040752,55.7442006],[37.7042912,55.7441877],[37.7042693,55.7440711],[37.7040532,55.744084],[37.7040752,55.7442006]]]},"properties":{"addr:housenumber":"9 с2","addr:street":"Перовский проезд","building":"service","building:levels":"1","location":"indoor","man_made":"heat_exchange_station","pipeline":"substation","substance":"hot_water","substation":"distribution","_source":"real","_class":"heat_substation","_osm_id":"way/1056097574","_district":"район Лефортово"}},{"type":"Feature","geometry":{"type":"LineString","coordinates":[[37.5656655,55.7072759],[37.5670982,55.70753],[37.567174,55.7074426],[37.5674208,55.7074911],[37.5680112,55.7076073],[37.5680906,55.7075056],[37.5686355,55.7075748],[37.5686391,55.7076764],[37.5690145,55.7077252],[37.5690542,55.7076663],[37.5694114,55.7077211]]},"properties":{"layer":"-1","location":"underground","man_made":"pipeline","substance":"heat","_source":"real","_class":"heat_pipe","_osm_id":"way/1056243041","_district":"Гагаринский район","_length_km":0.274}},{"type":"Feature","geometry":{"type":"LineString","coordinates":[[37.5674208,55.7074911],[37.5673508,55.7076358],[37.5674266,55.7076622]]},"properties":{"layer":"-1","location":"underground","man_made":"pipeline","substance":"heat","_source":"real","_class":"heat_pipe","_osm_id":"way/1056243042","_district":"Гагаринский район","_length_km":0.022}},{"type":"Feature","geometry":{"type":"LineString","coordinates":[[37.5686391,55.7076764],[37.5685618,55.7078871]]},"properties":{"layer":"-1","location":"underground","man_made":"pipeline","substance":"heat","_source":"real","_class":"heat_pipe","_osm_id":"way/1056243043","_district":"Гагаринский район","_length_km":0.024}},{"type":"Feature","geometry":{"type":"Polygon","coordinates":[[[37.7062226,55.7996904],[37.7063923,55.7997114],[37.7063385,55.7998483],[37.7061688,55.7998272],[37.7062226,55.7996904]]]},"properties":{"addr:housenumber":"7 с1","addr:street":"2-я улица Бухвостова","building":"yes","building:levels":"1","height":"6","man_made":"heat_exchange_station","roof:shape":"flat","_source":"real","_class":"heat_substation","_osm_id":"way/105658736","_district":"район Преображенское"}},{"type":"Feature","geometry":{"type":"Polygon","coordinates":[[[37.7062361,55.7995343],[37.7063257,55.7993309],[37.7065271,55.7993589],[37.7064375,55.7995623],[37.7062361,55.7995343]]]},"properties":{"addr:housenumber":"7 с2","addr:street":"2-я улица Бухвостова","building":"yes","building:levels":"1","height":"6","man_made":"heat_exchange_station","pipeline":"substation","roof:shape":"flat","substance":"hot_water","_source":"real","_class":"heat_substation","_osm_id":"way/105658737","_district":"район Преображенское"}},{"type":"Feature","geometry":{"type":"Polygon","coordinates":[[[37.5455048,55.6851709],[37.5455422,55.6851553],[37.5455687,55.6851756],[37.5455313,55.6851911],[37.5455048,55.6851709]]]},"properties":{"branch":"Филиал №7 Предприятие №3","building":"service","building:levels":"1","height":"2","man_made":"heat_exchange_station","operator":"ПАО \"МОЭК\"","pipeline":"substation","pipeline:heat_transfer":"yes","ref":"07-04-0806/168","substance":"hot_water","substation":"distribution","_source":"real","_class":"heat_substation","_osm_id":"way/1056856793","_district":"Гагаринский район"}},{"type":"Feature","geometry":{"type":"Polygon","coordinates":[[[37.7056487,55.810165],[37.7058525,55.8100671],[37.7059893,55.810159],[37.7057935,55.8102585],[37.7056487,55.810165]]]},"properties":{"addr:housenumber":"31 к1 с2","addr:street":"Краснобогатырская улица","building":"yes","building:levels":"1","man_made":"heat_exchange_station","pipeline":"substation","substance":"hot_water","_source":"real","_class":"heat_substation","_osm_id":"way/105708354","_district":"район Богородское"}},{"type":"Feature","geometry":{"type":"Polygon","coordinates":[[[37.4746541,55.8094743],[37.4750085,55.8094831],[37.4750213,55.8093204],[37.4746669,55.8093116],[37.4746541,55.8094743]]]},"properties":{"addr:city":"Москва","addr:housenumber":"12 с1","addr:postcode":"123182","addr:street":"Щукинская улица","building":"service","building:colour":"white","building:levels":"1","building:material":"plaster","location":"indoor","man_made":"heat_exchange_station","name":"ТЦП №308/050","name:uk":"ТЦП №308/050","pipeline":"substation","roof:colour":"grey","roof:material":"tar_paper","roof:shape":"flat","substance":"hot_water","substation":"distribution","_source":"real","_class":"heat_substation","_osm_id":"way/105724361","_district":"район Щукино"}},{"type":"Feature","geometry":{"type":"Polygon","coordinates":[[[37.6737279,55.6405699],[37.6737855,55.640768],[37.6740198,55.6407463],[37.6739621,55.6405482],[37.6737279,55.6405699]]]},"properties":{"addr:housenumber":"13 к1 с2","addr:street":"улица Кошкина","building":"yes","building:levels":"1","height":"6","man_made":"heat_exchange_station","_source":"real","_class":"heat_substation","_osm_id":"way/105893784","_district":"район Москворечье-Сабурово"}},{"type":"Feature","geometry":{"type":"Polygon","coordinates":[[[37.7060457,55.6420843],[37.7060885,55.6421754],[37.7064909,55.6421062],[37.7064457,55.6420126],[37.7060457,55.6420843]]]},"properties":{"building":"yes","building:levels":"3","height":"6","man_made":"heat_exchange_station","_source":"real","_class":"heat_substation","_osm_id":"way/105910220","_district":"район Марьино"}},{"type":"Feature","geometry":{"type":"Polygon","coordinates":[[[37.7088366,55.635403],[37.7090313,55.6354031],[37.7090255,55.6353233],[37.7088336,55.6353223],[37.7088366,55.635403]]]},"properties":{"building":"yes","building:levels":"2","height":"6","man_made":"heat_exchange_station","_source":"real","_class":"heat_substation","_osm_id":"way/105913286","_district":"район Москворечье-Сабурово"}},{"type":"Feature","geometry":{"type":"Polygon","coordinates":[[[37.7249154,55.6365441],[37.7249104,55.6364286],[37.7246269,55.6364325],[37.7246318,55.636548],[37.7249154,55.6365441]]]},"properties":{"addr:housenumber":"25А","addr:street":"улица Борисовские Пруды","building":"service","building:levels":"2","height":"6","man_made":"heat_exchange_station","roof:shape":"flat","_source":"real","_class":"heat_substation","_osm_id":"way/105920316","_district":"район Москворечье-Сабурово"}},{"type":"Feature","geometry":{"type":"Polygon","coordinates":[[[37.5478068,55.6855353],[37.5477606,55.6855077],[37.5478371,55.6854671],[37.5478832,55.6854947],[37.5478068,55.6855353]]]},"properties":{"branch":"Филиал №7 Предприятие №3","building":"service","building:levels":"1","man_made":"heat_exchange_station","operator":"ПАО \"МОЭК\"","pipeline":"substation","pipeline:heat_transfer":"yes","ref":"07-04-0806/175","substance":"hot_water","substation":"distribution","_source":"real","_class":"heat_substation","_osm_id":"way/1059292313","_district":"Гагаринский район"}},{"type":"Feature","geometry":{"type":"Polygon","coordinates":[[[37.7449854,55.6361038],[37.7449429,55.636218],[37.7452765,55.6362576],[37.7453193,55.6361439],[37.7449854,55.6361038]]]},"properties":{"addr:housenumber":"16 к1 с1","addr:street":"улица Борисовские Пруды","building":"yes","building:levels":"2","height":"6","man_made":"heat_exchange_station","_source":"real","_class":"heat_substation","_osm_id":"way/105937015","_district":"район Братеево"}},{"type":"Feature","geometry":{"type":"Polygon","coordinates":[[[37.7409211,55.6330433],[37.741117,55.6330705],[37.7411836,55.6329176],[37.7409877,55.6328904],[37.7409211,55.6330433]]]},"properties":{"building":"yes","building:levels":"2","height":"6","man_made":"heat_exchange_station","_source":"real","_class":"heat_substation","_osm_id":"way/105937019","_district":"район Братеево"}},{"type":"Feature","geometry":{"type":"LineString","coordinates":[[37.7683335,55.8167936],[37.768817,55.8170072],[37.7682604,55.8174036],[37.7676055,55.8178301]]},"properties":{"location":"overground","man_made":"pipeline","substance":"heat","_source":"real","_class":"heat_pipe","_osm_id":"way/1059431622","_district":"район Гольяново","_length_km":0.158}},{"type":"Feature","geometry":{"type":"LineString","coordinates":[[37.7676055,55.8178301],[37.7672072,55.818057],[37.7671611,55.8181381],[37.7671826,55.8181653]]},"properties":{"location":"overhead","man_made":"pipeline","substance":"heat","_source":"real","_class":"heat_pipe","_osm_id":"way/1059431623","_district":"район Гольяново","_length_km":0.048}},{"type":"Feature","geometry":{"type":"LineString","coordinates":[[37.7671826,55.8181653],[37.7681039,55.8184011]]},"properties":{"layer":"2","location":"overhead","man_made":"pipeline","substance":"heat","_source":"real","_class":"heat_pipe","_osm_id":"way/1059431625","_district":"район Метрогородок","_length_km":0.063}},{"type":"Feature","geometry":{"type":"LineString","coordinates":[[37.7683857,55.8167492],[37.7689525,55.8169812],[37.7682449,55.8175224],[37.7677442,55.8178805],[37.7672542,55.8181926]]},"properties":{"layer":"1","location":"overground","man_made":"pipeline","substance":"heat","_source":"real","_class":"heat_pipe","_osm_id":"way/1059431626","_district":"район Гольяново","_length_km":0.216}},{"type":"Feature","geometry":{"type":"LineString","coordinates":[[37.7670995,55.8191066],[37.7662194,55.8196601]]},"properties":{"layer":"1","location":"overground","man_made":"pipeline","substance":"heat","_source":"real","_class":"heat_pipe","_osm_id":"way/1059431627","_district":"район Метрогородок","_length_km":0.083}},{"type":"Feature","geometry":{"type":"LineString","coordinates":[[37.7671245,55.8191178],[37.7662432,55.8196721]]},"properties":{"layer":"1","location":"overground","man_made":"pipeline","substance":"heat","_source":"real","_class":"heat_pipe","_osm_id":"way/1059431628","_district":"район Метрогородок","_length_km":0.083}},{"type":"Feature","geometry":{"type":"LineString","coordinates":[[37.7670746,55.8190954],[37.7669598,55.8190413]]},"properties":{"layer":"1","location":"overground","man_made":"pipeline","substance":"heat","_source":"real","_class":"heat_pipe","_osm_id":"way/1059431629","_district":"район Метрогородок","_length_km":0.009}},{"type":"Feature","geometry":{"type":"LineString","coordinates":[[37.7670022,55.8190392],[37.7670941,55.8190818]]},"properties":{"layer":"1","location":"overground","man_made":"pipeline","substance":"heat","_source":"real","_class":"heat_pipe","_osm_id":"way/1059431630","_district":"район Метрогородок","_length_km":0.007}},{"type":"Feature","geometry":{"type":"LineString","coordinates":[[37.7673513,55.8189161],[37.7676921,55.8186854],[37.7675934,55.8185375],[37.7678055,55.8183741],[37.7681345,55.8184423],[37.7688577,55.8179707]]},"properties":{"layer":"1","location":"overground","man_made":"pipeline","substance":"heat","_source":"real","_class":"heat_pipe","_osm_id":"way/1059431631","_district":"район Метрогородок","_length_km":0.165}},{"type":"Feature","geometry":{"type":"LineString","coordinates":[[37.7671305,55.8190656],[37.7673513,55.8189161]]},"properties":{"layer":"1","location":"overhead","man_made":"pipeline","substance":"heat","_source":"real","_class":"heat_pipe","_osm_id":"way/1059431632","_district":"район Метрогородок","_length_km":0.022}},{"type":"Feature","geometry":{"type":"LineString","coordinates":[[37.7672542,55.8181926],[37.7671209,55.8183788],[37.7675417,55.8185949]]},"properties":{"layer":"1","location":"overhead","man_made":"pipeline","substance":"heat","_source":"real","_class":"heat_pipe","_osm_id":"way/1059431633","_district":"район Метрогородок","_length_km":0.058}},{"type":"Feature","geometry":{"type":"LineString","coordinates":[[37.7669598,55.8190413],[37.7675417,55.8185949]]},"properties":{"layer":"1","location":"overhead","man_made":"pipeline","substance":"heat","_source":"real","_class":"heat_pipe","_osm_id":"way/1059431634","_district":"район Метрогородок","_length_km":0.062}},{"type":"Feature","geometry":{"type":"LineString","coordinates":[[37.6829426,55.8871048],[37.6830395,55.8875068],[37.6845056,55.8879032],[37.6851037,55.888195]]},"properties":{"man_made":"pipeline","substance":"heat","_source":"real","_class":"heat_pipe","_osm_id":"way/106172656","_district":"Лосиноостровский район","_length_km":0.197}},{"type":"Feature","geometry":{"type":"Polygon","coordinates":[[[37.6908354,55.8811655],[37.6907298,55.8811946],[37.6908636,55.8813475],[37.6909692,55.8813184],[37.6908354,55.8811655]]]},"properties":{"addr:housenumber":"2 с2","addr:street":"Оборонная улица","building":"yes","building:levels":"1","description":"ЦТП","location":"indoor","man_made":"heat_exchange_station","pipeline":"substation","substance":"hot_water","substation":"distribution","_source":"real","_class":"heat_substation","_osm_id":"way/106172688","_district":"Лосиноостровский район"}},{"type":"Feature","geometry":{"type":"Polygon","coordinates":[[[37.7480549,55.6331416],[37.7480095,55.6332553],[37.7482769,55.6332893],[37.7483223,55.6331756],[37.7480549,55.6331416]]]},"properties":{"building":"service","building:levels":"2","height":"6","man_made":"heat_exchange_station","_source":"real","_class":"heat_substation","_osm_id":"way/106179511","_district":"район Братеево"}},{"type":"Feature","geometry":{"type":"Polygon","coordinates":[[[37.6686383,55.8852645],[37.6687556,55.8852615],[37.6687418,55.8850904],[37.6686245,55.8850933],[37.6686383,55.8852645]]]},"properties":{"addr:housenumber":"63 с2","addr:street":"проезд Шокальского","building":"service","building:levels":"1","location":"indoor","man_made":"heat_exchange_station","pipeline":"substation","ref":"03-03-0911033","substance":"hot_water","substation":"distribution","_source":"real","_class":"heat_substation","_osm_id":"way/106192306","_district":"район Северное Медведково"}},{"type":"Feature","geometry":{"type":"Polygon","coordinates":[[[37.6627178,55.8846201],[37.6628335,55.8846193],[37.6628303,55.8844726],[37.6627149,55.8844734],[37.6627178,55.8846201]]]},"properties":{"addr:housenumber":"59 к1 с2","addr:street":"проезд Шокальского","building":"yes","building:levels":"1","description":"ЦТП","location":"indoor","man_made":"heat_exchange_station","pipeline":"substation","ref":"03-03-0911032","substance":"hot_water","substation":"distribution","_source":"real","_class":"heat_substation","_osm_id":"way/106192441","_district":"район Северное Медведково"}},{"type":"Feature","geometry":{"type":"Polygon","coordinates":[[[37.6866131,55.7754974],[37.6867577,55.7755695],[37.6868825,55.7754903],[37.6867378,55.7754182],[37.6866131,55.7754974]]]},"properties":{"addr:housenumber":"38-42 с2","addr:street":"улица Фридриха Энгельса","building":"service","building:colour":"white","building:levels":"1","building:material":"plaster","location":"indoor","man_made":"heat_exchange_station","pipeline":"substation","roof:colour":"grey","roof:material":"tar_paper","roof:shape":"flat","substance":"hot_water","substation":"distribution","_source":"real","_class":"heat_substation","_osm_id":"way/1065341034","_district":"Басманный район"}},{"type":"Feature","geometry":{"type":"Polygon","coordinates":[[[37.7643228,55.6382126],[37.7644707,55.63803],[37.7642865,55.6379825],[37.7641386,55.6381651],[37.7643228,55.6382126]]]},"properties":{"addr:housenumber":"7 к3 с2","addr:street":"Паромная улица","building":"service","building:levels":"2","height":"6","man_made":"heat_exchange_station","_source":"real","_class":"heat_substation","_osm_id":"way/106576504","_district":"район Братеево"}},{"type":"Feature","geometry":{"type":"Polygon","coordinates":[[[37.7681312,55.6389107],[37.7680338,55.639031],[37.7683427,55.6391107],[37.7684401,55.6389904],[37.7681312,55.6389107]]]},"properties":{"addr:housenumber":"8 к1 с2","addr:street":"Алма-Атинская улица","building":"yes","building:levels":"2","height":"6","man_made":"heat_exchange_station","_source":"real","_class":"heat_substation","_osm_id":"way/106576505","_district":"район Братеево"}},{"type":"Feature","geometry":{"type":"Polygon","coordinates":[[[37.7619633,55.6405075],[37.7618425,55.6406407],[37.7622703,55.6407642],[37.7623911,55.6406309],[37.7619633,55.6405075]]]},"properties":{"addr:housenumber":"30 с2","addr:street":"улица Борисовские Пруды","building":"yes","building:levels":"2","height":"6","man_made":"heat_exchange_station","_source":"real","_class":"heat_substation","_osm_id":"way/106577842","_district":"район Братеево"}},{"type":"Feature","geometry":{"type":"Polygon","coordinates":[[[37.7213657,55.6227942],[37.7216233,55.6227753],[37.7215951,55.6226528],[37.7213375,55.6226717],[37.7213657,55.6227942]]]},"properties":{"addr:city":"Москва","addr:housenumber":"23 к2 с4","addr:street":"Шипиловская улица","building":"service","building:levels":"1","height":"6","man_made":"heat_exchange_station","operator":"МОЭК","_source":"real","_class":"heat_substation","_osm_id":"way/106670583","_district":"район Орехово-Борисово Северное"}},{"type":"Feature","geometry":{"type":"Polygon","coordinates":[[[37.5414185,55.921191],[37.5417067,55.9211619],[37.5416687,55.9210437],[37.5413805,55.9210729],[37.5414185,55.921191]]]},"properties":{"addr:city":"Москва","addr:country":"RU","addr:housenumber":"165Д к1 с1","addr:street":"Дмитровское шоссе","building":"service","building:levels":"1","location":"indoor","man_made":"heat_exchange_station","pipeline":"substation","roof:shape":"flat","substance":"hot_water","substation":"distribution","_source":"real","_class":"heat_substation","_osm_id":"way/106900767","_district":"район Северный"}},{"type":"Feature","geometry":{"type":"Polygon","coordinates":[[[37.526636,55.8824177],[37.5265289,55.8825202],[37.5267692,55.8825992],[37.5268763,55.8824967],[37.526636,55.8824177]]]},"properties":{"addr:housenumber":"51 с3","addr:street":"Ангарская улица","building":"service","building:levels":"1","operator":"МОЭК","plant:method":"combustion","plant:source":"gas","power":"plant","_source":"real","_class":"heat_source","_osm_id":"way/106906505","_district":"Дмитровский район"}},{"type":"Feature","geometry":{"type":"LineString","coordinates":[[37.7569771,55.6371264],[37.7562872,55.6378122]]},"properties":{"location":"overground","man_made":"pipeline","natural":"earth_bank","substance":"heat","_source":"real","_class":"heat_pipe","_osm_id":"way/107116160","_district":"район Братеево","_length_km":0.088}},{"type":"Feature","geometry":{"type":"Polygon","coordinates":[[[37.681155,55.5787918],[37.6811222,55.5785999],[37.6809018,55.5786119],[37.6809346,55.5788038],[37.681155,55.5787918]]]},"properties":{"addr:housenumber":"16 к2 с3","addr:street":"Загорьевская улица","building":"yes","building:levels":"1","height":"6","man_made":"heat_exchange_station","_source":"real","_class":"heat_substation","_osm_id":"way/107420434","_district":"район Бирюлёво Восточное"}},{"type":"Feature","geometry":{"type":"Polygon","coordinates":[[[37.7892939,55.7600834],[37.7893745,55.759966],[37.7896374,55.7600232],[37.7895569,55.7601405],[37.7892939,55.7600834]]]},"properties":{"addr:housenumber":"9 к4 с2","addr:street":"3-я Владимирская улица","building":"heat_exchange_station","man_made":"heat_exchange_station","_source":"real","_class":"heat_substation","_osm_id":"way/107543789","_district":"район Перово"}},{"type":"Feature","geometry":{"type":"Polygon","coordinates":[[[37.8306299,55.7788203],[37.8307232,55.7787022],[37.831041,55.7787815],[37.8309477,55.7788997],[37.8306299,55.7788203]]]},"properties":{"addr:housenumber":"21 с2","addr:street":"Челябинская улица","building":"service","building:levels":"1","location":"indoor","man_made":"heat_exchange_station","pipeline":"substation","substance":"hot_water","substation":"distribution","_source":"real","_class":"heat_substation","_osm_id":"way/107676324","_district":"район Ивановское"}},{"type":"Feature","geometry":{"type":"Polygon","coordinates":[[[37.8209131,55.7771465],[37.8209936,55.7770367],[37.8212459,55.7770979],[37.821165,55.7772064],[37.8209131,55.7771465]]]},"properties":{"addr:city":"Москва","addr:country":"RU","addr:housenumber":"8 с2","addr:street":"Большой Купавенский проезд","building":"service","building:levels":"1","location":"indoor","man_made":"heat_exchange_station","pipeline":"substation","roof:shape":"flat","substance":"hot_water","substation":"distribution","_source":"real","_class":"heat_substation","_osm_id":"way/107677650","_district":"район Ивановское"}},{"type":"Feature","geometry":{"type":"Polygon","coordinates":[[[37.82363,55.7789967],[37.8237072,55.778887],[37.8239623,55.778944],[37.8238844,55.7790537],[37.82363,55.7789967]]]},"properties":{"addr:city":"Москва","addr:country":"RU","addr:housenumber":"4 с2","addr:street":"улица Чечулина","building":"service","building:levels":"1","location":"indoor","man_made":"heat_exchange_station","pipeline":"substation","substance":"hot_water","substation":"distribution","_source":"real","_class":"heat_substation","_osm_id":"way/107677651","_district":"район Ивановское"}},{"type":"Feature","geometry":{"type":"Polygon","coordinates":[[[37.823242,55.7772443],[37.8233234,55.7771353],[37.823577,55.7771954],[37.8234955,55.7773044],[37.823242,55.7772443]]]},"properties":{"addr:city":"Москва","addr:country":"RU","addr:housenumber":"3 с2","addr:street":"Челябинская улица","building":"service","building:levels":"1","location":"indoor","man_made":"heat_exchange_station","pipeline":"substation","substance":"hot_water","substation":"distribution","_source":"real","_class":"heat_substation","_osm_id":"way/107677652","_district":"район Ивановское"}},{"type":"Feature","geometry":{"type":"Polygon","coordinates":[[[37.821159,55.7748907],[37.8211837,55.7748571],[37.8212427,55.7747767],[37.8214383,55.774822],[37.8213551,55.7749357],[37.821277,55.7749178],[37.821159,55.7748907]]]},"properties":{"addr:city":"Москва","addr:country":"RU","addr:housenumber":"2 с3","addr:street":"Челябинская улица","building":"service","building:levels":"1","location":"indoor","man_made":"heat_exchange_station","pipeline":"substation","roof:shape":"flat","substance":"hot_water","substation":"distribution","_source":"real","_class":"heat_substation","_osm_id":"way/107677717","_district":"район Ивановское"}},{"type":"Feature","geometry":{"type":"Polygon","coordinates":[[[37.8223447,55.7746927],[37.8224494,55.7745498],[37.8227219,55.7746138],[37.8226179,55.7747563],[37.8223447,55.7746927]]]},"properties":{"addr:housenumber":"5 с2","addr:street":"Магнитогорская улица","building":"service","building:levels":"1","location":"indoor","man_made":"heat_exchange_station","pipeline":"substation","roof:shape":"flat","substance":"hot_water","substation":"distribution","_source":"real","_class":"heat_substation","_osm_id":"way/107677718","_district":"район Ивановское"}},{"type":"Feature","geometry":{"type":"Polygon","coordinates":[[[37.6769065,55.584535],[37.6768136,55.5846449],[37.6771403,55.5847332],[37.6772332,55.5846233],[37.6769065,55.584535]]]},"properties":{"addr:housenumber":"36/20 с2","addr:street":"Липецкая улица","building":"yes","building:levels":"2","height":"6","man_made":"heat_exchange_station","_source":"real","_class":"heat_substation","_osm_id":"way/107713999","_district":"район Бирюлёво Восточное"}},{"type":"Feature","geometry":{"type":"Polygon","coordinates":[[[37.6744167,55.5859983],[37.6745615,55.5858184],[37.67437,55.5857691],[37.6742251,55.585949],[37.6744167,55.5859983]]]},"properties":{"addr:housenumber":"14 к1 с3","addr:street":"Лебедянская улица","building":"yes","building:levels":"2","height":"6","man_made":"heat_exchange_station","_source":"real","_class":"heat_substation","_osm_id":"way/107714000","_district":"район Бирюлёво Восточное"}},{"type":"Feature","geometry":{"type":"Polygon","coordinates":[[[37.6545187,55.6261696],[37.6543823,55.6261775],[37.6544065,55.6263113],[37.6545429,55.6263034],[37.6545187,55.6261696]]]},"properties":{"addr:housenumber":"35/2 к4 с2","addr:postcode":"115516","addr:street":"Кавказский бульвар","building":"yes","height":"6","man_made":"heat_exchange_station","_source":"real","_class":"heat_substation","_osm_id":"way/107954924","_district":"район Царицыно"}},{"type":"Feature","geometry":{"type":"Polygon","coordinates":[[[37.1619183,55.5853319],[37.1621266,55.5850652],[37.1618447,55.5849949],[37.1616364,55.5852616],[37.1619183,55.5853319]]]},"properties":{"building":"industrial","height":"5","name":"Котельная","_source":"real","_class":"heat_source","_osm_id":"way/1081337466","_district":"район Внуково"}},{"type":"Feature","geometry":{"type":"Polygon","coordinates":[[[37.1656262,55.6018104],[37.1658996,55.6019288],[37.1659865,55.6019664],[37.166121,55.6018672],[37.1657606,55.6017112],[37.1656436,55.6017976],[37.1656368,55.6018026],[37.1656262,55.6018104]]]},"properties":{"addr:postcode":"108804","addr:street":"улица Дзержинского","building":"industrial","height":"5","location":"indoor","man_made":"heat_exchange_station","name":"Насосная станция","pipeline":"substation","substance":"hot_water","substation":"distribution","_source":"real","_class":"heat_substation","_osm_id":"way/108175431","_district":"район Внуково"}},{"type":"Feature","geometry":{"type":"Polygon","coordinates":[[[37.3872632,55.5349348],[37.3873213,55.5350033],[37.3877584,55.5355189],[37.3878345,55.5356087],[37.3864102,55.5359821],[37.3858952,55.5353203],[37.3872632,55.5349348]]]},"properties":{"barrier":"fence","landuse":"industrial","plant:method":"combustion","plant:output:hot_water":"yes","plant:source":"gas","power":"plant","_source":"real","_class":"heat_source","_osm_id":"way/1083159684","_district":"район Троицк"}},{"type":"Feature","geometry":{"type":"Polygon","coordinates":[[[37.4634701,55.8070367],[37.4635961,55.8071423],[37.4638872,55.8070326],[37.4637612,55.806927],[37.4634701,55.8070367]]]},"properties":{"addr:city":"Москва","addr:housenumber":"3 с1","addr:street":"улица Академика Бочвара","building":"service","building:levels":"1","location":"indoor","man_made":"heat_exchange_station","name":"ЦТП №308/044","name:uk":"ЦТП №308/044","pipeline":"substation","roof:shape":"flat","substance":"hot_water","substation":"distribution","_source":"real","_class":"heat_substation","_osm_id":"way/108436516","_district":"район Щукино"}},{"type":"Feature","geometry":{"type":"Polygon","coordinates":[[[37.3217777,55.3384075],[37.3216597,55.3385401],[37.32138,55.3384595],[37.321498,55.3383269],[37.3217777,55.3384075]]]},"properties":{"landuse":"industrial","power":"plant","_source":"real","_class":"heat_source","_osm_id":"way/1084605073","_district":"район Вороново"}},{"type":"Feature","geometry":{"type":"Polygon","coordinates":[[[37.5579984,55.7237878],[37.5580913,55.7237597],[37.5579612,55.7236232],[37.5578682,55.7236513],[37.5579984,55.7237878]]]},"properties":{"addr:housenumber":"38 с1","addr:street":"Лужнецкий проезд","building":"service","building:levels":"1","location":"indoor","man_made":"heat_exchange_station","pipeline":"substation","substance":"hot_water","substation":"distribution","utility":"heating","_source":"real","_class":"heat_substation","_osm_id":"way/108730999","_district":"район Хамовники"}},{"type":"Feature","geometry":{"type":"Polygon","coordinates":[[[37.3175694,55.5563255],[37.3180953,55.5563203],[37.3180836,55.5559449],[37.3180795,55.5558105],[37.3179909,55.5558114],[37.3174408,55.5558168],[37.3174543,55.5562545],[37.3175694,55.5563255]]]},"properties":{"barrier":"fence","plant:method":"combustion","plant:output:hot_water":"yes","plant:source":"gas","power":"plant","_source":"real","_class":"heat_source","_osm_id":"way/1090707341","_district":"Филимонковский район"}},{"type":"Feature","geometry":{"type":"Polygon","coordinates":[[[37.7570562,55.8201736],[37.7572122,55.8200829],[37.7570568,55.8199986],[37.7569008,55.8200893],[37.7570562,55.8201736]]]},"properties":{"addr:housenumber":"5 к1 с1","addr:street":"улица Николая Химушина","building":"service","building:colour":"beige","building:levels":"1","building:material":"plaster","man_made":"heat_exchange_station","pipeline":"substation","ref":"04-01-0605/012","roof:colour":"grey","roof:material":"tar_paper","roof:shape":"flat","substance":"hot_water","substation":"distribution","_source":"real","_class":"heat_substation","_osm_id":"way/109076362","_district":"район Метрогородок"}},{"type":"Feature","geometry":{"type":"LineString","coordinates":[[37.659585,55.7793931],[37.659368,55.7794271]]},"properties":{"layer":"1","location":"overground","man_made":"pipeline","substance":"heat","_source":"real","_class":"heat_pipe","_osm_id":"way/109081771","_district":"Красносельский район","_length_km":0.014}},{"type":"Feature","geometry":{"type":"Polygon","coordinates":[[[37.3560307,55.8345045],[37.3562838,55.8344556],[37.3562261,55.8343613],[37.355973,55.8344101],[37.3560307,55.8345045]]]},"properties":{"addr:city":"Москва","addr:country":"RU","addr:housenumber":"18 с1","addr:street":"улица Генерала Белобородова","building":"service","building:levels":"1","location":"indoor","man_made":"heat_exchange_station","pipeline":"substation","substance":"hot_water","substation":"distribution","_source":"real","_class":"heat_substation","_osm_id":"way/109085375","_district":"район Митино"}},{"type":"Feature","geometry":{"type":"Polygon","coordinates":[[[37.3550092,55.833388],[37.3552181,55.8333467],[37.3551004,55.833159],[37.3548915,55.8332003],[37.3550092,55.833388]]]},"properties":{"addr:city":"Москва","addr:country":"RU","addr:housenumber":"20 с1","addr:street":"улица Генерала Белобородова","building":"service","building:levels":"1","location":"indoor","man_made":"heat_exchange_station","pipeline":"substation","substance":"hot_water","substation":"distribution","_source":"real","_class":"heat_substation","_osm_id":"way/109085377","_district":"район Митино"}},{"type":"Feature","geometry":{"type":"Polygon","coordinates":[[[37.3381196,55.5538234],[37.3386443,55.5538306],[37.338658,55.5535088],[37.3381333,55.5535017],[37.3381196,55.5538234]]]},"properties":{"barrier":"fence","plant:method":"combustion","plant:output:hot_water":"yes","plant:source":"gas","power":"plant","_source":"real","_class":"heat_source","_osm_id":"way/1091325612","_district":"Филимонковский район"}},{"type":"Feature","geometry":{"type":"Polygon","coordinates":[[[37.6652895,55.7819666],[37.6652168,55.7820316],[37.6654079,55.7820991],[37.6654805,55.7820341],[37.6652895,55.7819666]]]},"properties":{"addr:city":"Москва","addr:country":"RU","addr:housenumber":"2 с2А","addr:street":"2-й Красносельский переулок","building":"service","building:colour":"white","building:levels":"1","building:material":"concrete","location":"indoor","man_made":"heat_exchange_station","pipeline":"substation","ref":"01-09-0613/005","roof:colour":"grey","roof:material":"tar_paper","roof:shape":"flat","substance":"hot_water","substation":"distribution","_source":"real","_class":"heat_substation","_osm_id":"way/109200879","_district":"Красносельский район"}},{"type":"Feature","geometry":{"type":"Polygon","coordinates":[[[37.6662638,55.781242],[37.666424,55.7813255],[37.6665527,55.7812475],[37.6663925,55.7811639],[37.6662638,55.781242]]]},"properties":{"addr:housenumber":"21 c5","addr:street":"Верхняя Красносельская улица","building":"service","building:colour":"white","building:levels":"1","building:material":"concrete","location":"indoor","man_made":"heat_exchange_station","pipeline":"substation","roof:colour":"grey","roof:material":"tar_paper","roof:shape":"flat","substance":"hot_water","substation":"distribution","_source":"real","_class":"heat_substation","_osm_id":"way/109200883","_district":"Красносельский район"}},{"type":"Feature","geometry":{"type":"LineString","coordinates":[[37.6819712,55.8871215],[37.6818134,55.8871342]]},"properties":{"layer":"-1","location":"overhead","man_made":"pipeline","substance":"heat","_source":"real","_class":"heat_pipe","_osm_id":"way/1094565417","_district":"Лосиноостровский район","_length_km":0.01}},{"type":"Feature","geometry":{"type":"Polygon","coordinates":[[[37.4882342,55.8008932],[37.4884551,55.8009659],[37.4885093,55.8009139],[37.4882883,55.8008412],[37.4882342,55.8008932]]]},"properties":{"addr:city":"Москва","addr:housenumber":"14 к3 с1","addr:street":"улица Маршала Рыбалко","building":"service","building:levels":"1","location":"indoor","man_made":"heat_exchange_station","name":"ЦТП №312/064","name:uk":"ЦТП №312/064","pipeline":"substation","substance":"hot_water","substation":"distribution","_source":"real","_class":"heat_substation","_osm_id":"way/109720717","_district":"район Щукино"}},{"type":"Feature","geometry":{"type":"Polygon","coordinates":[[[37.49635,55.5570561],[37.4964915,55.5570398],[37.4964539,55.5569351],[37.4963124,55.5569514],[37.49635,55.5570561]]]},"properties":{"building":"yes","plant:method":"combustion","plant:output:hot_water":"yes","plant:source":"gas","power":"plant","_source":"real","_class":"heat_source","_osm_id":"way/1106785425","_district":"район Коммунарка"}},{"type":"Feature","geometry":{"type":"Polygon","coordinates":[[[37.5998841,55.6793837],[37.5997169,55.6793119],[37.5995919,55.6794044],[37.5997591,55.6794762],[37.5998841,55.6793837]]]},"properties":{"addr:housenumber":"24 к7 с1","addr:street":"Нагорная улица","building":"yes","building:levels":"2","man_made":"heat_exchange_station","roof:shape":"flat","_source":"real","_class":"heat_substation","_osm_id":"way/110764854","_district":"район Котловка"}},{"type":"Feature","geometry":{"type":"Polygon","coordinates":[[[37.5513232,55.741077],[37.5514934,55.7411206],[37.5515787,55.7410153],[37.5514085,55.7409716],[37.5513232,55.741077]]]},"properties":{"addr:housenumber":"4 с1","addr:street":"Резервный проезд","building":"service","building:levels":"1","location":"indoor","man_made":"heat_exchange_station","pipeline":"substation","substance":"hot_water","substation":"distribution","_source":"real","_class":"heat_substation","_osm_id":"way/1110271519","_district":"район Дорогомилово"}},{"type":"Feature","geometry":{"type":"Polygon","coordinates":[[[37.6020276,55.6806359],[37.6024186,55.6806329],[37.602417,55.6805641],[37.6020259,55.680567],[37.6020276,55.6806359]]]},"properties":{"addr:city":"Москва","addr:country":"RU","addr:housenumber":"20 к8 с1","addr:street":"Нагорная улица","building":"yes","building:levels":"2","man_made":"heat_exchange_station","roof:shape":"flat","_source":"real","_class":"heat_substation","_osm_id":"way/111088029","_district":"район Котловка"}},{"type":"Feature","geometry":{"type":"Polygon","coordinates":[[[37.2832307,55.4600701],[37.2831819,55.4599686],[37.2833417,55.4599439],[37.2833905,55.4600454],[37.2832307,55.4600701]]]},"properties":{"building":"yes","name":"Котельная","_source":"real","_class":"heat_source","_osm_id":"way/111616820","_district":"район Троицк"}},{"type":"Feature","geometry":{"type":"Polygon","coordinates":[[[37.553457,55.7985942],[37.5536275,55.7986738],[37.5537552,55.7985874],[37.5535846,55.7985078],[37.553457,55.7985942]]]},"properties":{"addr:housenumber":"2/12 с2","addr:street":"Планетная улица","building":"service","building:levels":"1","location":"indoor","man_made":"heat_exchange_station","operator":"МОЭК","pipeline":"substation","substance":"hot_water","substation":"distribution","_source":"real","_class":"heat_substation","_osm_id":"way/111786134","_district":"район Аэропорт"}},{"type":"Feature","geometry":{"type":"Polygon","coordinates":[[[37.7394942,55.6283112],[37.7398573,55.6283124],[37.7398586,55.6281858],[37.7394956,55.6281846],[37.7394942,55.6283112]]]},"properties":{"addr:housenumber":"6 к2А","addr:street":"улица Мусы Джалиля","building":"yes","building:levels":"2","man_made":"heat_exchange_station","_source":"real","_class":"heat_substation","_osm_id":"way/112586639","_district":"район Зябликово"}},{"type":"Feature","geometry":{"type":"Polygon","coordinates":[[[37.7354019,55.6294636],[37.7355382,55.6294652],[37.7355404,55.6294049],[37.735404,55.6294034],[37.7354019,55.6294636]]]},"properties":{"building":"yes","building:levels":"2","man_made":"heat_exchange_station","_source":"real","_class":"heat_substation","_osm_id":"way/112586640","_district":"район Зябликово"}},{"type":"Feature","geometry":{"type":"Polygon","coordinates":[[[37.7397769,55.6274786],[37.7397729,55.6273386],[37.7396643,55.6273397],[37.7396684,55.6274796],[37.7397769,55.6274786]]]},"properties":{"addr:housenumber":"8 к1 с2","addr:street":"улица Мусы Джалиля","building":"yes","building:levels":"2","man_made":"heat_exchange_station","_source":"real","_class":"heat_substation","_osm_id":"way/112586643","_district":"район Зябликово"}},{"type":"Feature","geometry":{"type":"Polygon","coordinates":[[[37.7480387,55.6293729],[37.7483841,55.6293802],[37.7483943,55.6292259],[37.748049,55.6292186],[37.7480387,55.6293729]]]},"properties":{"addr:city":"Москва","addr:housenumber":"5 к5А","addr:street":"улица Мусы Джалиля","building":"service","building:levels":"2","man_made":"heat_exchange_station","_source":"real","_class":"heat_substation","_osm_id":"way/112595197","_district":"район Зябликово"}},{"type":"Feature","geometry":{"type":"Polygon","coordinates":[[[37.7443593,55.629352],[37.7447297,55.6293595],[37.7447375,55.6292371],[37.7443671,55.6292296],[37.7443593,55.629352]]]},"properties":{"addr:city":"Москва","addr:housenumber":"5 к2А","addr:street":"улица Мусы Джалиля","building":"service","building:levels":"2","man_made":"heat_exchange_station","operator":"МОЭК","_source":"real","_class":"heat_substation","_osm_id":"way/112595198","_district":"район Зябликово"}},{"type":"Feature","geometry":{"type":"Polygon","coordinates":[[[37.7456156,55.6228031],[37.7458658,55.6228125],[37.7458796,55.6226959],[37.7456293,55.6226865],[37.7456156,55.6228031]]]},"properties":{"addr:city":"Москва","addr:housenumber":"53 с3","addr:street":"Шипиловская улица","building":"service","building:levels":"1","height":"6","man_made":"heat_exchange_station","_source":"real","_class":"heat_substation","_osm_id":"way/112599379","_district":"район Зябликово"}},{"type":"Feature","geometry":{"type":"Polygon","coordinates":[[[37.7406673,55.6237278],[37.7408973,55.6237278],[37.7408973,55.6235339],[37.7406673,55.6235339],[37.7406673,55.6237278]]]},"properties":{"addr:housenumber":"18 с3","addr:street":"улица Мусы Джалиля","building":"yes","building:levels":"2","man_made":"heat_exchange_station","_source":"real","_class":"heat_substation","_osm_id":"way/112628684","_district":"район Зябликово"}},{"type":"Feature","geometry":{"type":"Polygon","coordinates":[[[37.7392216,55.6234689],[37.7392216,55.623624],[37.7396379,55.623624],[37.7396379,55.6234689],[37.7392216,55.6234689]]]},"properties":{"addr:housenumber":"16 к2 с2","addr:street":"улица Мусы Джалиля","building":"yes","building:levels":"2","man_made":"heat_exchange_station","_source":"real","_class":"heat_substation","_osm_id":"way/112628692","_district":"район Зябликово"}},{"type":"Feature","geometry":{"type":"LineString","coordinates":[[37.7290678,55.6246061],[37.7290624,55.6245289],[37.7293213,55.6245236],[37.7292918,55.6236899],[37.7289256,55.6235415],[37.7289096,55.6231591]]},"properties":{"diameter":"150","location":"overground","man_made":"pipeline","substance":"hot_water","_source":"real","_class":"heat_pipe","_osm_id":"way/1127316916","_district":"район Зябликово","_length_km":0.189}},{"type":"Feature","geometry":{"type":"Polygon","coordinates":[[[37.739919,55.788827],[37.739938,55.7886675],[37.7398038,55.7886624],[37.7397847,55.7888219],[37.739919,55.788827]]]},"properties":{"addr:housenumber":"17 с2","addr:street":"Фортунатовская улица","building":"service","building:levels":"1","location":"indoor","man_made":"heat_exchange_station","operator":"МОЭК Филиал №4 \"Восточный\" Предприятие №2","pipeline":"substation","ref":"04-02-0609/047","substance":"hot_water","substation":"distribution","_source":"real","_class":"heat_substation","_osm_id":"way/112982780","_district":"район Соколиная Гора"}},{"type":"Feature","geometry":{"type":"Polygon","coordinates":[[[37.5888272,55.819721],[37.5886099,55.8196733],[37.5885616,55.8197426],[37.5887789,55.8197904],[37.5888272,55.819721]]]},"properties":{"addr:city":"Москва","addr:country":"RU","addr:housenumber":"27А с2","addr:street":"улица Добролюбова","building":"service","building:colour":"lightgrey;white","building:levels":"1","building:material":"brick","power":"plant","roof:colour":"grey","roof:material":"tar_paper","roof:shape":"flat","_source":"real","_class":"heat_source","_osm_id":"way/1134331217","_district":"Бутырский район"}},{"type":"Feature","geometry":{"type":"Polygon","coordinates":[[[37.4916451,55.7911131],[37.4917277,55.7910706],[37.4919172,55.7911872],[37.4918346,55.7912296],[37.4916451,55.7911131]]]},"properties":{"addr:city":"Москва","addr:housenumber":"44 к2 с1","addr:street":"улица Народного Ополчения","building":"service","building:levels":"1","location":"indoor","man_made":"heat_exchange_station","pipeline":"substation","ref":"317/055","substance":"hot_water","substation":"distribution","_source":"real","_class":"heat_substation","_osm_id":"way/113576053","_district":"район Щукино"}},{"type":"Feature","geometry":{"type":"LineString","coordinates":[[37.5840351,55.6251964],[37.584214,55.6257147],[37.5840865,55.625726],[37.5853146,55.6290982],[37.5856565,55.6299815]]},"properties":{"layer":"-1","location":"underground","man_made":"pipeline","substance":"hot_water","_source":"real","_class":"heat_pipe","_osm_id":"way/1136294464","_district":"район Чертаново Северное","_length_km":0.551}},{"type":"Feature","geometry":{"type":"LineString","coordinates":[[37.5861155,55.63127],[37.5867939,55.6333389],[37.5857731,55.633474],[37.5874956,55.6384569],[37.5875634,55.6428474],[37.5843377,55.6437677],[37.5737354,55.6469269],[37.5673556,55.6484388]]},"properties":{"layer":"-1","location":"underground","man_made":"pipeline","substance":"hot_water","_source":"real","_class":"heat_pipe","_osm_id":"way/1136294465","_district":"район Чертаново Северное","_length_km":2.772}},{"type":"Feature","geometry":{"type":"LineString","coordinates":[[37.5875714,55.624033],[37.589262,55.6273333],[37.589577,55.6272726],[37.5900515,55.6281077],[37.5909169,55.6294873]]},"properties":{"layer":"-1","location":"underground","man_made":"pipeline","substance":"hot_water","_source":"real","_class":"heat_pipe","_osm_id":"way/1136295804","_district":"район Чертаново Северное","_length_km":0.664}},{"type":"Feature","geometry":{"type":"LineString","coordinates":[[37.5909755,55.6295894],[37.5921648,55.6314505],[37.5920292,55.6314797],[37.592097,55.6315765],[37.593345,55.63229],[37.594298,55.6327357],[37.5942502,55.632765],[37.5963555,55.6337283],[37.5992423,55.6343563],[37.5992423,55.6348019],[37.5994935,55.6351598]]},"properties":{"layer":"-1","location":"underground","man_made":"pipeline","substance":"hot_water","_source":"real","_class":"heat_pipe","_osm_id":"way/1136295805","_district":"район Чертаново Северное","_length_km":0.893}},{"type":"Feature","geometry":{"type":"Polygon","coordinates":[[[37.5775879,55.7714017],[37.5776201,55.7715132],[37.5778346,55.7714936],[37.5778024,55.7713821],[37.5775879,55.7714017]]]},"properties":{"addr:housenumber":"10 с2","addr:street":"Средний Кондратьевский переулок","building":"service","building:levels":"1","location":"indoor","man_made":"heat_exchange_station","operator":"МОЭК","pipeline":"substation","ref":"116","substance":"hot_water","substation":"distribution","_source":"real","_class":"heat_substation","_osm_id":"way/113653327","_district":"Пресненский район"}},{"type":"Feature","geometry":{"type":"Polygon","coordinates":[[[37.5806029,55.7713148],[37.5806407,55.7714133],[37.5807059,55.7714051],[37.5807899,55.7713946],[37.5807514,55.7712968],[37.5806029,55.7713148]]]},"properties":{"addr:housenumber":"39 с6","addr:street":"Большая Грузинская улица","building":"service","building:levels":"1","location":"indoor","man_made":"heat_exchange_station","pipeline":"substation","roof:shape":"flat","substance":"hot_water","substation":"distribution","_source":"real","_class":"heat_substation","_osm_id":"way/113653328","_district":"Пресненский район"}},{"type":"Feature","geometry":{"type":"Polygon","coordinates":[[[37.5718221,55.7708662],[37.5716973,55.7708754],[37.5716915,55.7708506],[37.5716404,55.7708543],[37.5716462,55.7708792],[37.5716186,55.7708812],[37.5716428,55.7709854],[37.5718462,55.7709705],[37.5718221,55.7708662]]]},"properties":{"addr:housenumber":"37 с2","addr:street":"Малая Грузинская улица","building":"service","building:levels":"1","location":"indoor","man_made":"heat_exchange_station","pipeline":"substation","substance":"hot_water","substation":"distribution","_source":"real","_class":"heat_substation","_osm_id":"way/113656066","_district":"Пресненский район"}},{"type":"Feature","geometry":{"type":"Polygon","coordinates":[[[37.5276923,55.8801498],[37.5278044,55.8800357],[37.5279145,55.8800697],[37.5278024,55.8801838],[37.5276923,55.8801498]]]},"properties":{"building":"service","building:levels":"1","operator":"МОЭК","plant:method":"combustion","plant:source":"gas","power":"plant","_source":"real","_class":"heat_source","_osm_id":"way/1143826612","_district":"Дмитровский район"}},{"type":"Feature","geometry":{"type":"Polygon","coordinates":[[[37.4949826,55.7916614],[37.4951648,55.7915783],[37.495135,55.7915577],[37.4950852,55.7915231],[37.494903,55.7916062],[37.4949826,55.7916614]]]},"properties":{"addr:city":"Москва","addr:country":"RU","addr:housenumber":"13 с1","addr:postcode":"123298","addr:street":"улица Маршала Бирюзова","building":"service","building:levels":"1","location":"indoor","man_made":"heat_exchange_station","pipeline":"substation","ref":"317/044","substance":"hot_water","substation":"distribution","_source":"real","_class":"heat_substation","_osm_id":"way/114421949","_district":"район Щукино"}},{"type":"Feature","geometry":{"type":"Polygon","coordinates":[[[37.4617707,55.7953224],[37.4619002,55.7953253],[37.4619136,55.7951377],[37.4617841,55.7951348],[37.4617707,55.7953224]]]},"properties":{"addr:city":"Москва","addr:housenumber":"5 с1","addr:street":"улица Рогова","building":"service","building:levels":"1","location":"indoor","man_made":"heat_exchange_station","pipeline":"substation","ref":"313/56","substance":"hot_water","substation":"distribution","_source":"real","_class":"heat_substation","_osm_id":"way/114533463","_district":"район Щукино"}},{"type":"Feature","geometry":{"type":"Polygon","coordinates":[[[37.4679418,55.8034923],[37.4678407,55.8035352],[37.4681485,55.8037736],[37.468212,55.8037435],[37.4681415,55.8036825],[37.4681238,55.8036672],[37.4681551,55.8036557],[37.4679418,55.8034923]]]},"properties":{"addr:city":"Москва","addr:housenumber":"6 с1","addr:street":"улица Маршала Новикова","building":"service","building:levels":"1","location":"indoor","man_made":"heat_exchange_station","name":"ЦТП №308/020","name:uk":"ЦТП №308/020","pipeline":"substation","substance":"hot_water","substation":"distribution","_source":"real","_class":"heat_substation","_osm_id":"way/114533464","_district":"район Щукино"}},{"type":"Feature","geometry":{"type":"Polygon","coordinates":[[[37.4521317,55.8067094],[37.4521985,55.8067762],[37.4524923,55.8066835],[37.4524255,55.8066166],[37.4521317,55.8067094]]]},"properties":{"addr:city":"Москва","addr:housenumber":"20 с1","addr:street":"Новощукинская улица","building":"service","building:levels":"1","location":"indoor","man_made":"heat_exchange_station","pipeline":"substation","ref":"308/015","substance":"hot_water","substation":"distribution","_source":"real","_class":"heat_substation","_osm_id":"way/114533479","_district":"район Щукино"}},{"type":"Feature","geometry":{"type":"Polygon","coordinates":[[[37.4613384,55.8072426],[37.4614055,55.8073029],[37.4614698,55.8072802],[37.4614027,55.80722],[37.4613384,55.8072426]]]},"properties":{"building":"service","building:levels":"1","location":"indoor","man_made":"heat_exchange_station","name":"ЦТП №308/006","name:uk":"ЦТП №308/006","pipeline":"substation","substance":"hot_water","substation":"distribution","_source":"real","_class":"heat_substation","_osm_id":"way/114540675","_district":"район Щукино"}},{"type":"Feature","geometry":{"type":"Polygon","coordinates":[[[37.4594647,55.797056],[37.4597964,55.7970606],[37.4598015,55.7969457],[37.4594698,55.796941],[37.4594647,55.797056]]]},"properties":{"addr:city":"Москва","addr:housenumber":"14 к1 с2","addr:street":"улица Рогова","building":"service","building:levels":"1","location":"indoor","man_made":"heat_exchange_station","pipeline":"substation","ref":"317/85","substance":"hot_water","substation":"distribution","_source":"real","_class":"heat_substation","_osm_id":"way/114671849","_district":"район Щукино"}},{"type":"Feature","geometry":{"type":"Polygon","coordinates":[[[37.5015789,55.858952],[37.5018096,55.8590355],[37.5018437,55.8590059],[37.5018296,55.8590007],[37.5018612,55.8589733],[37.5016308,55.8588898],[37.501597,55.8589193],[37.5016108,55.8589243],[37.5015789,55.858952]]]},"properties":{"addr:housenumber":"22 к4 с2","addr:street":"Фестивальная улица","building":"service","building:levels":"1","location":"indoor","man_made":"heat_exchange_station","pipeline":"substation","substance":"hot_water","substation":"distribution","_source":"real","_class":"heat_substation","_osm_id":"way/1162995849","_district":"район Ховрино"}},{"type":"Feature","geometry":{"type":"Polygon","coordinates":[[[37.6622375,55.8369912],[37.6624679,55.8371643],[37.6625493,55.8371302],[37.6625683,55.8371222],[37.6623379,55.8369491],[37.6622375,55.8369912]]]},"properties":{"addr:housenumber":"13 к2 с3","addr:street":"улица Бажова","building":"service","building:levels":"1","location":"indoor","man_made":"heat_exchange_station","pipeline":"substation","ref":"10","substance":"hot_water","substation":"distribution","_source":"real","_class":"heat_substation","_osm_id":"way/117380188","_district":"район Ростокино"}},{"type":"Feature","geometry":{"type":"LineString","coordinates":[[37.6318794,55.6187158],[37.6342375,55.6188787]]},"properties":{"layer":"2","location":"overhead","man_made":"pipeline","type":"heat","_source":"real","_class":"heat_pipe","_osm_id":"way/118593619","_district":"район Чертаново Центральное","_length_km":0.15}},{"type":"Feature","geometry":{"type":"LineString","coordinates":[[37.6360267,55.6221703],[37.6383868,55.6247814],[37.6422054,55.6245373]]},"properties":{"location":"overground","man_made":"pipeline","type":"heat","_source":"real","_class":"heat_pipe","_osm_id":"way/118593644","_district":"район Царицыно","_length_km":0.569}},{"type":"Feature","geometry":{"type":"LineString","coordinates":[[37.6318738,55.6187553],[37.6342291,55.618915]]},"properties":{"layer":"2","location":"overhead","man_made":"pipeline","type":"heat","_source":"real","_class":"heat_pipe","_osm_id":"way/118593755","_district":"район Чертаново Центральное","_length_km":0.149}},{"type":"Feature","geometry":{"type":"LineString","coordinates":[[37.6360693,55.6221582],[37.6384134,55.6247496],[37.6421989,55.6245106]]},"properties":{"location":"overground","man_made":"pipeline","type":"heat","_source":"real","_class":"heat_pipe","_osm_id":"way/118594116","_district":"район Царицыно","_length_km":0.564}},{"type":"Feature","geometry":{"type":"Polygon","coordinates":[[[37.6082315,55.6765785],[37.608401,55.6764885],[37.6083387,55.6764512],[37.6081691,55.6765411],[37.6082315,55.6765785]]]},"properties":{"addr:housenumber":"15 к5 с1","addr:street":"Нагорная улица","building":"yes","building:levels":"1","man_made":"heat_exchange_station","roof:shape":"flat","_source":"real","_class":"heat_substation","_osm_id":"way/118626744","_district":"район Котловка"}},{"type":"Feature","geometry":{"type":"Polygon","coordinates":[[[37.6613805,55.8319152],[37.6614418,55.8319708],[37.6616967,55.8318821],[37.6616353,55.8318265],[37.6613805,55.8319152]]]},"properties":{"addr:housenumber":"13 к1 с3","addr:street":"Малахитовая улица","building":"service","building:levels":"1","location":"indoor","man_made":"heat_exchange_station","pipeline":"substation","ref":"57","substance":"hot_water","substation":"distribution","_source":"real","_class":"heat_substation","_osm_id":"way/119025676","_district":"район Ростокино"}},{"type":"Feature","geometry":{"type":"Polygon","coordinates":[[[37.6662499,55.8294977],[37.666357,55.8294721],[37.6662473,55.8293272],[37.6661401,55.8293528],[37.6662499,55.8294977]]]},"properties":{"addr:housenumber":"14 с2","addr:street":"Малахитовая улица","building":"service","building:levels":"1","location":"indoor","man_made":"heat_exchange_station","pipeline":"substation","ref":"486","substance":"hot_water","substation":"distribution","_source":"real","_class":"heat_substation","_osm_id":"way/119025677","_district":"район Ростокино"}},{"type":"Feature","geometry":{"type":"Polygon","coordinates":[[[37.6599066,55.8310938],[37.6600587,55.8310442],[37.6600369,55.8310231],[37.6601143,55.8309979],[37.6602412,55.8311205],[37.6600116,55.8311954],[37.6599066,55.8310938]]]},"properties":{"addr:housenumber":"4 с2","addr:street":"улица Бажова","building":"service","building:levels":"1","location":"indoor","man_made":"heat_exchange_station","pipeline":"substation","ref":"120","substance":"hot_water","substation":"distribution","_source":"real","_class":"heat_substation","_osm_id":"way/119072217","_district":"район Ростокино"}},{"type":"Feature","geometry":{"type":"Polygon","coordinates":[[[37.6587893,55.8337736],[37.6588065,55.8337895],[37.6588671,55.8338456],[37.6591935,55.8337344],[37.6591158,55.8336624],[37.6587893,55.8337736]]]},"properties":{"addr:housenumber":"9 с4","addr:street":"Малахитовая улица","building":"service","building:levels":"1","location":"indoor","man_made":"heat_exchange_station","pipeline":"substation","ref":"28","substance":"hot_water","substation":"distribution","_source":"real","_class":"heat_substation","_osm_id":"way/119164398","_district":"район Ростокино"}},{"type":"Feature","geometry":{"type":"Polygon","coordinates":[[[37.7047105,55.7196609],[37.7046332,55.7196907],[37.7046261,55.7199713],[37.7055372,55.7202677],[37.7060707,55.7202457],[37.7063606,55.7202471],[37.7065252,55.720251],[37.7066032,55.7201877],[37.7066749,55.7201078],[37.7067061,55.7200051],[37.7067014,55.7198172],[37.7066453,55.7198152],[37.7066749,55.7197757],[37.7067123,55.7197581],[37.7067731,55.7197458],[37.7067717,55.7195419],[37.7067609,55.718955],[37.7067195,55.7189214],[37.7066521,55.7189122],[37.7047105,55.7196609]]]},"properties":{"barrier":"wall","industrial":"oil","landuse":"industrial","name":"Мазутохранилище ТЭЦ-8","_source":"real","_class":"heat_source","_osm_id":"way/119299594","_district":"район Печатники"}},{"type":"Feature","geometry":{"type":"Polygon","coordinates":[[[37.4381658,55.7323932],[37.4383079,55.7323925],[37.4383035,55.7322372],[37.4381619,55.7322384],[37.4381658,55.7323932]]]},"properties":{"addr:housenumber":"5А","addr:street":"Молодогвардейская улица","building":"service","building:levels":"1","location":"indoor","man_made":"heat_exchange_station","pipeline":"substation","substance":"hot_water","substation":"distribution","_source":"real","_class":"heat_substation","_osm_id":"way/1193555793","_district":"район Кунцево"}},{"type":"Feature","geometry":{"type":"Polygon","coordinates":[[[37.7237054,55.6233904],[37.7236524,55.6234742],[37.7237643,55.6234968],[37.7238173,55.623413],[37.7237054,55.6233904]]]},"properties":{"addr:city":"Москва","addr:housenumber":"29 к2 с2","addr:street":"Шипиловская улица","building":"service","building:levels":"1","man_made":"heat_exchange_station","_source":"real","_class":"heat_substation","_osm_id":"way/120265514","_district":"район Орехово-Борисово Северное"}},{"type":"Feature","geometry":{"type":"Polygon","coordinates":[[[37.7216325,55.6253099],[37.7216875,55.6252055],[37.7215897,55.6251891],[37.7215348,55.6252935],[37.7216325,55.6253099]]]},"properties":{"building":"yes","building:levels":"2","man_made":"heat_exchange_station","_source":"real","_class":"heat_substation","_osm_id":"way/120265515","_district":"район Орехово-Борисово Северное"}},{"type":"Feature","geometry":{"type":"Polygon","coordinates":[[[37.724767,55.624831],[37.7250352,55.6248076],[37.7249986,55.6246742],[37.7247304,55.6246976],[37.724767,55.624831]]]},"properties":{"addr:city":"Москва","addr:housenumber":"22 к1 с3","addr:street":"Борисовский проезд","building":"service","building:levels":"1","height":"6","man_made":"heat_exchange_station","operator":"МОЭК","_source":"real","_class":"heat_substation","_osm_id":"way/120265516","_district":"район Орехово-Борисово Северное"}},{"type":"Feature","geometry":{"type":"Polygon","coordinates":[[[37.7183455,55.6269455],[37.7184062,55.6268302],[37.7180578,55.6267717],[37.7179971,55.6268871],[37.7183455,55.6269455]]]},"properties":{"addr:housenumber":"9 к3 с2","addr:street":"Борисовский проезд","building":"service","location":"indoor","man_made":"heat_exchange_station","pipeline":"substation","ref":"ЦТП-06-01-1119/024","substance":"hot_water","substation":"distribution","year_of_construction":"1985","_source":"real","_class":"heat_substation","_osm_id":"way/120265519","_district":"район Орехово-Борисово Северное"}},{"type":"Feature","geometry":{"type":"Polygon","coordinates":[[[37.7220299,55.6215437],[37.722058,55.6214831],[37.7219541,55.6214677],[37.721926,55.6215284],[37.7220299,55.6215437]]]},"properties":{"addr:city":"Москва","addr:housenumber":"25 к1 с4","addr:street":"Шипиловская улица","building":"service","building:levels":"2","man_made":"heat_exchange_station","_source":"real","_class":"heat_substation","_osm_id":"way/120265523","_district":"район Орехово-Борисово Северное"}},{"type":"Feature","geometry":{"type":"Polygon","coordinates":[[[37.7209241,55.6250138],[37.7211799,55.6250572],[37.7212467,55.6249315],[37.7209909,55.6248881],[37.7209241,55.6250138]]]},"properties":{"building":"yes","building:levels":"2","man_made":"heat_exchange_station","_source":"real","_class":"heat_substation","_osm_id":"way/120265525","_district":"район Орехово-Борисово Северное"}},{"type":"Feature","geometry":{"type":"Polygon","coordinates":[[[37.7191418,55.621166],[37.7193616,55.6212066],[37.7194167,55.6211116],[37.7191968,55.621071],[37.7191418,55.621166]]]},"properties":{"building":"yes","building:levels":"2","man_made":"heat_exchange_station","_source":"real","_class":"heat_substation","_osm_id":"way/120265526","_district":"район Орехово-Борисово Северное"}},{"type":"Feature","geometry":{"type":"Polygon","coordinates":[[[37.725806,55.6218377],[37.7257695,55.6219082],[37.7259614,55.6219398],[37.7259978,55.6218693],[37.725806,55.6218377]]]},"properties":{"building":"service","building:levels":"2","man_made":"heat_exchange_station","_source":"real","_class":"heat_substation","_osm_id":"way/120265527","_district":"район Орехово-Борисово Северное"}},{"type":"Feature","geometry":{"type":"Polygon","coordinates":[[[37.7191138,55.6212314],[37.7190698,55.6213104],[37.7191701,55.6213282],[37.7192141,55.6212492],[37.7191138,55.6212314]]]},"properties":{"building":"yes","building:levels":"2","man_made":"heat_exchange_station","_source":"real","_class":"heat_substation","_osm_id":"way/120265528","_district":"район Орехово-Борисово Северное"}},{"type":"Feature","geometry":{"type":"Polygon","coordinates":[[[37.7222524,55.6215943],[37.7223982,55.6216217],[37.7224496,55.6215346],[37.7223038,55.6215072],[37.7222524,55.6215943]]]},"properties":{"building":"service","building:levels":"2","man_made":"heat_exchange_station","_source":"real","_class":"heat_substation","_osm_id":"way/120265530","_district":"район Орехово-Борисово Северное"}},{"type":"Feature","geometry":{"type":"Polygon","coordinates":[[[37.7232337,55.6233069],[37.7231567,55.6234265],[37.7234205,55.6234807],[37.7234975,55.6233611],[37.7232337,55.6233069]]]},"properties":{"addr:city":"Москва","addr:housenumber":"29 к2 с4","addr:street":"Шипиловская улица","building":"service","building:levels":"1","height":"6","man_made":"heat_exchange_station","operator":"МОЭК","_source":"real","_class":"heat_substation","_osm_id":"way/120265531","_district":"район Орехово-Борисово Северное"}},{"type":"Feature","geometry":{"type":"Polygon","coordinates":[[[37.5545857,55.8664057],[37.5546981,55.8662529],[37.5545021,55.8662075],[37.5543897,55.8663603],[37.5545857,55.8664057]]]},"properties":{"addr:city":"Москва","addr:country":"RU","addr:housenumber":"18 с3","addr:street":"Селигерская улица","building":"service","building:levels":"1","location":"indoor","man_made":"heat_exchange_station","pipeline":"substation","substance":"hot_water","substation":"distribution","_source":"real","_class":"heat_substation","_osm_id":"way/121301900","_district":"Бескудниковский район"}},{"type":"Feature","geometry":{"type":"Polygon","coordinates":[[[37.555154,55.8670524],[37.5552366,55.8669446],[37.5549091,55.8668654],[37.5548265,55.8669732],[37.555154,55.8670524]]]},"properties":{"addr:city":"Москва","addr:country":"RU","addr:housenumber":"23 к1 с1","addr:street":"Бескудниковский бульвар","building":"service","building:colour":"white;orange;black","building:levels":"1","building:material":"plaster","location":"indoor","man_made":"heat_exchange_station","pipeline":"substation","roof:colour":"grey","roof:material":"tar_paper","roof:shape":"flat","substance":"hot_water","substation":"distribution","_source":"real","_class":"heat_substation","_osm_id":"way/121301902","_district":"Бескудниковский район"}},{"type":"Feature","geometry":{"type":"Polygon","coordinates":[[[37.5554648,55.8656411],[37.5553694,55.865618],[37.5552231,55.8658082],[37.5553186,55.8658313],[37.5554648,55.8656411]]]},"properties":{"addr:city":"Москва","addr:country":"RU","addr:housenumber":"17 с1","addr:street":"Бескудниковский бульвар","building":"service","building:levels":"1","location":"indoor","man_made":"heat_exchange_station","pipeline":"substation","substance":"hot_water","substation":"distribution","_source":"real","_class":"heat_substation","_osm_id":"way/121301905","_district":"Бескудниковский район"}},{"type":"Feature","geometry":{"type":"Polygon","coordinates":[[[37.4253134,55.7144455],[37.4232614,55.7145827],[37.4228921,55.712991],[37.4229643,55.7129404],[37.42463,55.7133855],[37.4251486,55.7136117],[37.4252133,55.7139158],[37.4252377,55.7140264],[37.4253134,55.7144455]]]},"properties":{"barrier":"wall","landuse":"industrial","name":"РТС Кунцево","name:uk":"РТС Кунцеве","official_name":"Районная тепловая станция \"Кунцево\"","plant:output:hot_water":"yes","power":"plant","website":"https://mosenergoinform.ru/veer_rts/10rts.htm","_source":"real","_class":"heat_source","_osm_id":"way/121802473","_district":"Можайский район"}},{"type":"Feature","geometry":{"type":"Polygon","coordinates":[[[37.6061569,55.8937143],[37.6063556,55.8937131],[37.6063541,55.8936361],[37.6061554,55.8936374],[37.6061569,55.8937143]]]},"properties":{"addr:housenumber":"19Г с2","addr:street":"улица Конёнкова","building":"service","building:levels":"1","location":"indoor","man_made":"heat_exchange_station","pipeline":"substation","substance":"hot_water","substation":"distribution","_source":"real","_class":"heat_substation","_osm_id":"way/1218342655","_district":"район Бибирево"}},{"type":"Feature","geometry":{"type":"Polygon","coordinates":[[[37.6659935,55.5799112],[37.6659413,55.580056],[37.6661615,55.5800814],[37.6662137,55.5799366],[37.6659935,55.5799112]]]},"properties":{"addr:housenumber":"19 к2 с2","addr:street":"Михневская улица","building":"yes","man_made":"heat_exchange_station","_source":"real","_class":"heat_substation","_osm_id":"way/122231134","_district":"район Бирюлёво Восточное"}},{"type":"Feature","geometry":{"type":"Polygon","coordinates":[[[37.6634801,55.58613],[37.6636842,55.5861572],[37.6637366,55.5860314],[37.6635324,55.5860043],[37.6634801,55.58613]]]},"properties":{"addr:housenumber":"46 с2","addr:street":"Бирюлёвская улица","building":"yes","building:levels":"1","man_made":"heat_exchange_station","_source":"real","_class":"heat_substation","_osm_id":"way/122231135","_district":"район Бирюлёво Восточное"}},{"type":"Feature","geometry":{"type":"Polygon","coordinates":[[[37.6634818,55.5812521],[37.6637183,55.5812775],[37.6637648,55.5811389],[37.6635283,55.5811135],[37.6634818,55.5812521]]]},"properties":{"addr:housenumber":"13 с2","addr:street":"Михневская улица","building":"service","man_made":"heat_exchange_station","_source":"real","_class":"heat_substation","_osm_id":"way/122231138","_district":"район Бирюлёво Восточное"}},{"type":"Feature","geometry":{"type":"Polygon","coordinates":[[[37.6666788,55.5842617],[37.6668867,55.5842986],[37.6669719,55.5841451],[37.666764,55.5841082],[37.6666788,55.5842617]]]},"properties":{"addr:housenumber":"52 к2 с2","addr:street":"Бирюлёвская улица","building":"yes","man_made":"heat_exchange_station","_source":"real","_class":"heat_substation","_osm_id":"way/122231140","_district":"район Бирюлёво Восточное"}},{"type":"Feature","geometry":{"type":"Polygon","coordinates":[[[37.6690534,55.5819567],[37.6689298,55.5821216],[37.6691368,55.5821711],[37.6692603,55.5820063],[37.6690534,55.5819567]]]},"properties":{"addr:housenumber":"58 к3","addr:street":"Бирюлёвская улица","building":"yes","man_made":"heat_exchange_station","_source":"real","_class":"heat_substation","_osm_id":"way/122231615","_district":"район Бирюлёво Восточное"}},{"type":"Feature","geometry":{"type":"Polygon","coordinates":[[[37.7418269,55.7991724],[37.7417757,55.798964],[37.7416703,55.7989722],[37.7417215,55.7991806],[37.7418269,55.7991724]]]},"properties":{"addr:housenumber":"30 к3 с1","addr:street":"Большая Черкизовская улица","building":"service","building:levels":"1","location":"indoor","man_made":"heat_exchange_station","pipeline":"substation","roof:shape":"gabled","substance":"hot_water","substation":"distribution","_source":"real","_class":"heat_substation","_osm_id":"way/1224676916","_district":"район Преображенское"}},{"type":"Feature","geometry":{"type":"Polygon","coordinates":[[[37.4197916,55.8542875],[37.4198545,55.8541292],[37.4199782,55.8541447],[37.4199152,55.854303],[37.4197916,55.8542875]]]},"properties":{"addr:city":"Москва","addr:country":"RU","addr:housenumber":"23 с1","addr:street":"Туристская улица","building":"service","building:colour":"grey;blue","building:levels":"1","building:material":"plaster","location":"indoor","man_made":"heat_exchange_station","pipeline":"substation","roof:colour":"grey","roof:material":"metal","roof:shape":"flat","substance":"hot_water","substation":"distribution","_source":"real","_class":"heat_substation","_osm_id":"way/122850356","_district":"район Северное Тушино"}},{"type":"Feature","geometry":{"type":"Polygon","coordinates":[[[37.2232225,55.522546],[37.2243115,55.5224452],[37.2246247,55.5222397],[37.2245357,55.522004],[37.2244254,55.5219939],[37.2243614,55.5219436],[37.2238845,55.5219617],[37.2238169,55.5220161],[37.2231407,55.5220786],[37.2232225,55.522546]]]},"properties":{"landuse":"industrial","name":"КТС","_source":"real","_class":"heat_source","_osm_id":"way/1230719878","_district":"Филимонковский район"}},{"type":"Feature","geometry":{"type":"Polygon","coordinates":[[[37.48973,55.6203558],[37.4900543,55.6203989],[37.4901045,55.6202786],[37.4898245,55.6202413],[37.4897926,55.6203178],[37.4897483,55.6203119],[37.48973,55.6203558]]]},"properties":{"addr:housenumber":"15 к4 с1","addr:street":"улица Тёплый Стан","building":"yes","building:levels":"1","name":"котельная","_source":"real","_class":"heat_source","_osm_id":"way/123186209","_district":"район Тёплый Стан"}},{"type":"Feature","geometry":{"type":"Polygon","coordinates":[[[37.5615089,55.5401186],[37.5617952,55.5399768],[37.5616339,55.5398725],[37.5613476,55.5400143],[37.5615089,55.5401186]]]},"properties":{"addr:city":"Москва","addr:housenumber":"21Г","addr:street":"Краснолиманская улица","building":"service","name":"Малая котельная посёлка \"Радиоцентр\"","_source":"real","_class":"heat_source","_osm_id":"way/123318695","_district":"район Южное Бутово"}},{"type":"Feature","geometry":{"type":"Polygon","coordinates":[[[37.6797497,55.6378693],[37.6800798,55.6378491],[37.6800546,55.6377176],[37.6797245,55.6377378],[37.6797497,55.6378693]]]},"properties":{"addr:housenumber":"4 к4","addr:street":"Кантемировская улица","building":"yes","building:levels":"2","height":"6","man_made":"heat_exchange_station","_source":"real","_class":"heat_substation","_osm_id":"way/124271877","_district":"район Москворечье-Сабурово"}},{"type":"Feature","geometry":{"type":"Polygon","coordinates":[[[37.7086995,55.7913911],[37.7087651,55.7915811],[37.7089834,55.7915573],[37.7089179,55.7913673],[37.7086995,55.7913911]]]},"properties":{"addr:housenumber":"32 с2","addr:street":"Электрозаводская улица","building":"yes","height":"6","man_made":"heat_exchange_station","_source":"real","_class":"heat_substation","_osm_id":"way/124365462","_district":"район Преображенское"}},{"type":"Feature","geometry":{"type":"Polygon","coordinates":[[[37.4177163,55.8540721],[37.4177368,55.8539888],[37.4178746,55.8539994],[37.4178541,55.8540828],[37.4177163,55.8540721]]]},"properties":{"addr:housenumber":"19 к4 с1","addr:postcode":"125459","addr:street":"Туристская улица","building":"service","building:colour":"beige;brown","building:levels":"1","building:material":"brick","location":"indoor","man_made":"heat_exchange_station","pipeline":"substation","roof:colour":"grey","roof:material":"metal","roof:shape":"many","substance":"hot_water","substation":"distribution","_source":"real","_class":"heat_substation","_osm_id":"way/124905731","_district":"район Северное Тушино"}},{"type":"Feature","geometry":{"type":"Polygon","coordinates":[[[37.720761,55.8085906],[37.7199355,55.8079299],[37.7205307,55.8077067],[37.721021,55.8080768],[37.7211472,55.8081745],[37.7211866,55.8081733],[37.7212221,55.8081759],[37.7213915,55.8083344],[37.720761,55.8085906]]]},"properties":{"barrier":"fence","barrier:colour":"blue","landuse":"industrial","name":"Квартальная тепловая станция № 42","name:uk":"Квартальна теплова станція №42","operator":"ОАО \"МОЭК\"","plant:method":"combustion","plant:output:electricity":"yes","plant:output:hot_water":"yes","plant:source":"gas","power":"plant","ref":"42","short_name":"КТС-42","_source":"real","_class":"heat_source","_osm_id":"way/125105472","_district":"район Богородское"}},{"type":"Feature","geometry":{"type":"Polygon","coordinates":[[[37.6939103,55.8713725],[37.6939718,55.871411],[37.6941281,55.8713323],[37.6940666,55.8712938],[37.6939103,55.8713725]]]},"properties":{"addr:housenumber":"3 с2","addr:street":"Минусинская улица","building":"service","building:levels":"1","location":"indoor","man_made":"heat_exchange_station","pipeline":"substation","ref":"0308118","roof:shape":"flat","substance":"hot_water","substation":"distribution","_source":"real","_class":"heat_substation","_osm_id":"way/125107397","_district":"Лосиноостровский район"}},{"type":"Feature","geometry":{"type":"Polygon","coordinates":[[[37.5716838,55.8048658],[37.5717431,55.8047684],[37.5713074,55.8046847],[37.5712945,55.804706],[37.5712784,55.8047323],[37.5712303,55.8048115],[37.5712177,55.8048323],[37.5713831,55.804864],[37.5714136,55.8048139],[37.5715927,55.8048483],[37.5716838,55.8048658]]]},"properties":{"addr:city":"Москва","addr:country":"RU","addr:housenumber":"27 с9","addr:street":"2-я Хуторская улица","building":"service","building:colour":"white","building:levels":"1","building:material":"brick","location":"indoor","man_made":"heat_exchange_station","operator":"МОЭК","pipeline":"substation","roof:colour":"grey","roof:material":"tar_paper","roof:shape":"flat","substance":"hot_water","substation":"distribution","_source":"real","_class":"heat_substation","_osm_id":"way/126094415","_district":"Савёловский район"}},{"type":"Feature","geometry":{"type":"Polygon","coordinates":[[[37.7894041,55.7440555],[37.7897188,55.7441185],[37.789765,55.7440453],[37.7894503,55.7439823],[37.7894041,55.7440555]]]},"properties":{"addr:housenumber":"43 с3","addr:street":"Кусковская улица","building":"service","building:levels":"1","location":"indoor","man_made":"heat_exchange_station","pipeline":"substation","substance":"hot_water","substation":"distribution","_source":"real","_class":"heat_substation","_osm_id":"way/126128317","_district":"район Новогиреево"}},{"type":"Feature","geometry":{"type":"LineString","coordinates":[[37.4138545,55.6493015],[37.4138331,55.6493386],[37.4137797,55.6494312]]},"properties":{"location":"overground","man_made":"pipeline","substance":"hot_water","_source":"real","_class":"heat_pipe","_osm_id":"way/1263274255","_district":"район Солнцево","_length_km":0.015}},{"type":"Feature","geometry":{"type":"LineString","coordinates":[[37.4137028,55.6493122],[37.4138331,55.6493386]]},"properties":{"location":"overground","man_made":"pipeline","substance":"hot_water","_source":"real","_class":"heat_pipe","_osm_id":"way/1263274262","_district":"район Солнцево","_length_km":0.009}},{"type":"Feature","geometry":{"type":"LineString","coordinates":[[37.4049317,55.6536014],[37.4049886,55.6534367]]},"properties":{"location":"overground","man_made":"pipeline","substance":"hot_water","_source":"real","_class":"heat_pipe","_osm_id":"way/1264623820","_district":"район Солнцево","_length_km":0.019}},{"type":"Feature","geometry":{"type":"LineString","coordinates":[[37.4055024,55.6524956],[37.4055326,55.6524655],[37.405581,55.6524585],[37.4057005,55.6522022],[37.4059006,55.6518069]]},"properties":{"location":"overground","man_made":"pipeline","substance":"hot_water","_source":"real","_class":"heat_pipe","_osm_id":"way/1264623822","_district":"район Солнцево","_length_km":0.082}},{"type":"Feature","geometry":{"type":"LineString","coordinates":[[37.4054421,55.6525868],[37.4055024,55.6524956]]},"properties":{"location":"overhead","man_made":"pipeline","substance":"hot_water","_source":"real","_class":"heat_pipe","_osm_id":"way/1264623824","_district":"район Солнцево","_length_km":0.011}},{"type":"Feature","geometry":{"type":"LineString","coordinates":[[37.4059484,55.6517209],[37.4061872,55.6517215],[37.4063505,55.6513513]]},"properties":{"location":"overground","man_made":"pipeline","substance":"hot_water","_source":"real","_class":"heat_pipe","_osm_id":"way/1264623825","_district":"район Солнцево","_length_km":0.058}},{"type":"Feature","geometry":{"type":"LineString","coordinates":[[37.4063505,55.6513513],[37.4063986,55.6512661]]},"properties":{"location":"overhead","man_made":"pipeline","substance":"hot_water","_source":"real","_class":"heat_pipe","_osm_id":"way/1264623827","_district":"район Солнцево","_length_km":0.01}},{"type":"Feature","geometry":{"type":"LineString","coordinates":[[37.4063986,55.6512661],[37.406434,55.6512699],[37.4065373,55.6510001],[37.4067802,55.651049]]},"properties":{"location":"overground","man_made":"pipeline","substance":"hot_water","_source":"real","_class":"heat_pipe","_osm_id":"way/1264623828","_district":"район Солнцево","_length_km":0.049}},{"type":"Feature","geometry":{"type":"LineString","coordinates":[[37.4059006,55.6518069],[37.4059484,55.6517209]]},"properties":{"location":"overhead","man_made":"pipeline","substance":"hot_water","_source":"real","_class":"heat_pipe","_osm_id":"way/1264623829","_district":"район Солнцево","_length_km":0.01}},{"type":"Feature","geometry":{"type":"LineString","coordinates":[[37.4049886,55.6534367],[37.4050127,55.6533449]]},"properties":{"location":"overhead","man_made":"pipeline","substance":"hot_water","_source":"real","_class":"heat_pipe","_osm_id":"way/1264623830","_district":"район Солнцево","_length_km":0.01}},{"type":"Feature","geometry":{"type":"LineString","coordinates":[[37.4050127,55.6533449],[37.4052445,55.6528758],[37.405291,55.652879],[37.4054421,55.6525868]]},"properties":{"location":"overground","man_made":"pipeline","substance":"hot_water","_source":"real","_class":"heat_pipe","_osm_id":"way/1264623831","_district":"район Солнцево","_length_km":0.091}},{"type":"Feature","geometry":{"type":"Polygon","coordinates":[[[37.6360042,55.7765986],[37.6360344,55.7767098],[37.6362494,55.7766913],[37.6362192,55.7765801],[37.6360359,55.7765959],[37.6360042,55.7765986]]]},"properties":{"addr:housenumber":"10 с2","addr:street":"Грохольский переулок","building":"service","building:colour":"white","building:levels":"1","building:material":"plaster","location":"indoor","man_made":"heat_exchange_station","pipeline":"substation","roof:colour":"grey","roof:material":"tar_paper","roof:shape":"flat","substance":"hot_water","substation":"distribution","_source":"real","_class":"heat_substation","_osm_id":"way/127436301","_district":"Мещанский район"}},{"type":"Feature","geometry":{"type":"Polygon","coordinates":[[[37.5624334,55.760289],[37.562305,55.7603195],[37.5624597,55.7605257],[37.5625882,55.7604952],[37.5624334,55.760289]]]},"properties":{"addr:housenumber":"16 c4","addr:street":"улица Трёхгорный Вал","building":"service","building:levels":"1","location":"indoor","man_made":"heat_exchange_station","pipeline":"substation","substance":"hot_water","substation":"distribution","_source":"real","_class":"heat_substation","_osm_id":"way/1274872286","_district":"Пресненский район"}},{"type":"Feature","geometry":{"type":"Polygon","coordinates":[[[37.7142385,55.7887364],[37.7144426,55.7887592],[37.7145123,55.7885606],[37.7143083,55.7885378],[37.7142385,55.7887364]]]},"properties":{"addr:housenumber":"26 с2","addr:street":"улица Преображенский Вал","building":"service","building:colour":"white","building:levels":"1","building:material":"concrete","man_made":"heat_exchange_station","roof:colour":"grey","roof:material":"tar_paper","roof:shape":"flat","_source":"real","_class":"heat_substation","_osm_id":"way/127632243","_district":"район Преображенское"}},{"type":"Feature","geometry":{"type":"Polygon","coordinates":[[[37.5079372,55.8238365],[37.5076568,55.8237941],[37.5076007,55.8239116],[37.5078811,55.823954],[37.5079372,55.8238365]]]},"properties":{"addr:housenumber":"12 с2","addr:street":"Старопетровский проезд","building":"service","building:colour":"beige","building:levels":"1","building:material":"plaster","height":"6","man_made":"heat_exchange_station","roof:colour":"grey","roof:material":"tap_paper","roof:shape":"flat","source":"Адресный реестр Москвы, data.mos.ru","_source":"real","_class":"heat_substation","_osm_id":"way/128256909","_district":"Войковский район"}},{"type":"Feature","geometry":{"type":"Polygon","coordinates":[[[37.5094999,55.8213791],[37.5095874,55.821272],[37.5094679,55.8212412],[37.5093804,55.8213483],[37.5094999,55.8213791]]]},"properties":{"addr:housenumber":"7 c6","addr:street":"улица Зои и Александра Космодемьянских","building":"industrial","building:colour":"blue","building:levels":"1","building:material":"brick","height":"6","man_made":"heat_exchange_station","roof:colour":"grey","roof:material":"tar_paper","roof:shape":"flat","_source":"real","_class":"heat_substation","_osm_id":"way/128256910","_district":"Войковский район"}},{"type":"Feature","geometry":{"type":"Polygon","coordinates":[[[37.5122547,55.8253972],[37.5122582,55.8253923],[37.5123463,55.8252774],[37.5121797,55.8252372],[37.5120859,55.8252144],[37.5120176,55.8253034],[37.5120358,55.8253079],[37.5120125,55.8253384],[37.5121752,55.8253781],[37.5122547,55.8253972]]]},"properties":{"addr:housenumber":"31 с1","addr:street":"улица Клары Цеткин","building":"yes","building:levels":"1","height":"6","man_made":"heat_exchange_station","source":"Адресный реестр Москвы, data.mos.ru","_source":"real","_class":"heat_substation","_osm_id":"way/128263164","_district":"Войковский район"}},{"type":"Feature","geometry":{"type":"Polygon","coordinates":[[[37.4289232,55.6391304],[37.4290827,55.6391596],[37.4292049,55.6389472],[37.4290455,55.638918],[37.4289232,55.6391304]]]},"properties":{"building":"industrial","building:levels":"1","industrial":"heating_station","roof:shape":"flat","_source":"real","_class":"heat_source","_osm_id":"way/1285343326","_district":"район Солнцево"}},{"type":"Feature","geometry":{"type":"Polygon","coordinates":[[[37.6861137,55.794744],[37.6862151,55.7946463],[37.6864067,55.7947091],[37.6863053,55.7948068],[37.6861137,55.794744]]]},"properties":{"addr:housenumber":"6 с2","addr:street":"Охотничья улица","building":"service","building:colour":"white","building:levels":"1","building:material":"concrete","location":"indoor","man_made":"heat_exchange_station","pipeline":"substation","roof:colour":"grey","roof:material":"tar_paper","roof:shape":"flat","substance":"hot_water","substation":"distribution","_source":"real","_class":"heat_substation","_osm_id":"way/129217985","_district":"район Сокольники"}},{"type":"Feature","geometry":{"type":"Polygon","coordinates":[[[37.6840601,55.7943002],[37.6841272,55.7941887],[37.6839367,55.7941525],[37.6838697,55.7942641],[37.6840601,55.7943002]]]},"properties":{"addr:housenumber":"5 к1 с1","addr:street":"Егерская улица","building":"service","building:colour":"white","building:levels":"1","building:material":"concrete","location":"indoor","man_made":"heat_exchange_station","pipeline":"substation","roof:colour":"grey","roof:material":"tar_paper","roof:shape":"flat","substance":"hot_water","substation":"distribution","_source":"real","_class":"heat_substation","_osm_id":"way/129217986","_district":"район Сокольники"}},{"type":"Feature","geometry":{"type":"Polygon","coordinates":[[[37.4147903,55.6420253],[37.4153162,55.6418744],[37.4151878,55.6417319],[37.4146619,55.6418828],[37.4147903,55.6420253]]]},"properties":{"addr:housenumber":"7 с7","addr:street":"Волынская улица","building":"service","building:levels":"1","location":"indoor","man_made":"heat_exchange_station","pipeline":"substation","substance":"hot_water","substation":"distribution","_source":"real","_class":"heat_substation","_osm_id":"way/129537799","_district":"район Солнцево"}},{"type":"Feature","geometry":{"type":"Polygon","coordinates":[[[37.6707847,55.7903597],[37.671075,55.79041],[37.6711335,55.7903031],[37.6708432,55.7902528],[37.6707847,55.7903597]]]},"properties":{"addr:housenumber":"10 с1","addr:street":"Маленковская улица","building":"service","building:colour":"white","building:levels":"1","building:material":"plaster","location":"indoor","man_made":"heat_exchange_station","pipeline":"substation","roof:colour":"black","roof:material":"tar_paper","roof:shape":"flat","substance":"hot_water","substation":"distribution","_source":"real","_class":"heat_substation","_osm_id":"way/129920087","_district":"район Сокольники"}},{"type":"Feature","geometry":{"type":"Polygon","coordinates":[[[37.6456655,55.8550494],[37.6459833,55.8549748],[37.6459061,55.8548713],[37.6455884,55.854946],[37.6456655,55.8550494]]]},"properties":{"addr:housenumber":"5 с1","addr:street":"проезд Русанова","building":"service","building:levels":"1","official_short_type":"ЦТП","operator":"МОЭК","pipeline":"substation","substance":"hot_water","substation":"distribution","utility":"heating","_source":"real","_class":"heat_substation","_osm_id":"way/130755542","_district":"район Свиблово"}},{"type":"Feature","geometry":{"type":"Polygon","coordinates":[[[37.4247739,55.8541326],[37.4249221,55.8541506],[37.4249848,55.8539879],[37.4248867,55.853976],[37.4248367,55.8539699],[37.4247739,55.8541326]]]},"properties":{"addr:city":"Москва","addr:country":"RU","addr:housenumber":"16 к3 с1","addr:street":"Туристская улица","building":"service","building:levels":"1","building:material":"plaster","location":"indoor","man_made":"heat_exchange_station","operator":"МОЭСК","pipeline":"substation","substance":"hot_water","substation":"distribution","_source":"real","_class":"heat_substation","_osm_id":"way/130987626","_district":"район Северное Тушино"}},{"type":"Feature","geometry":{"type":"Polygon","coordinates":[[[37.6778725,55.76608],[37.6780866,55.7660568],[37.6781338,55.7661945],[37.6779197,55.7662177],[37.6778725,55.76608]]]},"properties":{"addr:housenumber":"3-5 с2","addr:street":"Бригадирский переулок","building":"service","building:levels":"1","location":"indoor","man_made":"heat_exchange_station","pipeline":"substation","substance":"hot_water","substation":"distribution","_source":"real","_class":"heat_substation","_osm_id":"way/131173267","_district":"Басманный район"}},{"type":"Feature","geometry":{"type":"Polygon","coordinates":[[[37.6783693,55.7542739],[37.6783005,55.7541634],[37.6779744,55.7542277],[37.6780446,55.7543403],[37.6783706,55.754276],[37.6783693,55.7542739]]]},"properties":{"addr:housenumber":"20 к1 с2","addr:street":"Волочаевская улица","building":"service","building:colour":"white","building:levels":"1","building:material":"concrete","location":"indoor","man_made":"heat_exchange_station","pipeline":"substation","roof:colour":"grey","roof:material":"tar_paper","roof:shape":"flat","source":"Адресный реестр Москвы, data.mos.ru","substance":"hot_water","substation":"distribution","_source":"real","_class":"heat_substation","_osm_id":"way/131200017","_district":"район Лефортово"}},{"type":"Feature","geometry":{"type":"Polygon","coordinates":[[[37.6410012,55.7728009],[37.6411973,55.7727145],[37.6411126,55.7726537],[37.6413441,55.7725516],[37.6411135,55.7723862],[37.6409823,55.772444],[37.6410304,55.7724786],[37.640734,55.7726092],[37.6410012,55.7728009]]]},"properties":{"addr:housenumber":"1/2 с23","addr:street":"Садовая-Спасская улица","building":"service","building:levels":"1","location":"indoor","man_made":"heat_exchange_station","pipeline":"substation","ref":"617/045","substance":"hot_water","substation":"distribution","_source":"real","_class":"heat_substation","_osm_id":"way/131304348","_district":"Красносельский район"}},{"type":"Feature","geometry":{"type":"LineString","coordinates":[[37.366644,55.6607868],[37.3667741,55.660792]]},"properties":{"location":"overhead","man_made":"pipeline","substance":"hot_water","_source":"real","_class":"heat_pipe","_osm_id":"way/1322698880","_district":"Ново-Переделкино","_length_km":0.008}},{"type":"Feature","geometry":{"type":"LineString","coordinates":[[37.3667741,55.660792],[37.3675438,55.6608189],[37.3679568,55.6608517]]},"properties":{"location":"overground","man_made":"pipeline","substance":"hot_water","_source":"real","_class":"heat_pipe","_osm_id":"way/1322698889","_district":"Ново-Переделкино","_length_km":0.075}},{"type":"Feature","geometry":{"type":"Polygon","coordinates":[[[37.6567224,55.847138],[37.6567084,55.8472525],[37.6571111,55.8472679],[37.6571251,55.8471534],[37.6567224,55.847138]]]},"properties":{"addr:city":"Москва","addr:housenumber":"14 с24","addr:postcode":"129343","addr:street":"проезд Серебрякова","building":"yes","building:levels":"2","power":"plant","power:output:hot_water":"yes","_source":"real","_class":"heat_source","_osm_id":"way/132509796","_district":"район Свиблово"}},{"type":"Feature","geometry":{"type":"Polygon","coordinates":[[[37.6532008,55.7778378],[37.6532497,55.7778481],[37.6532911,55.7778568],[37.6533598,55.7777531],[37.6532694,55.7777342],[37.6532008,55.7778378]]]},"properties":{"building":"service","substation":"heat-exchanger","_source":"real","_class":"heat_substation","_osm_id":"way/132759823","_district":"Красносельский район"}},{"type":"Feature","geometry":{"type":"Polygon","coordinates":[[[37.665894,55.8302792],[37.6658737,55.8303829],[37.666303,55.8304093],[37.6663233,55.8303057],[37.665894,55.8302792]]]},"properties":{"addr:housenumber":"2 с12","addr:street":"Будайская улица","building":"service","building:levels":"1","location":"indoor","man_made":"heat_exchange_station","pipeline":"substation","ref":"484","substance":"hot_water","substation":"distribution","_source":"real","_class":"heat_substation","_osm_id":"way/132910224","_district":"район Ростокино"}},{"type":"Feature","geometry":{"type":"Polygon","coordinates":[[[37.5290434,55.8711673],[37.5292475,55.8711317],[37.5293314,55.871283],[37.5291274,55.8713186],[37.5290434,55.8711673]]]},"properties":{"addr:housenumber":"10 с1","addr:street":"улица Ивана Сусанина","building":"service","building:levels":"1","location":"indoor","man_made":"heat_exchange_station","pipeline":"substation","substance":"hot_water","substation":"distribution","_source":"real","_class":"heat_substation","_osm_id":"way/133175577","_district":"район Западное Дегунино"}},{"type":"Feature","geometry":{"type":"Polygon","coordinates":[[[37.6274316,55.8025143],[37.6274561,55.8024985],[37.6276587,55.8025973],[37.6276342,55.8026132],[37.6276181,55.8026053],[37.6275723,55.802635],[37.6275038,55.8026016],[37.6274609,55.8026294],[37.6274474,55.8026229],[37.6273549,55.8026828],[37.6274192,55.8027142],[37.6274484,55.8026953],[37.6274917,55.8027164],[37.6270918,55.8029753],[37.6268795,55.8028718],[37.6274316,55.8025143]]]},"properties":{"building":"service","building:levels":"1","location":"indoor","man_made":"heat_exchange_station","name":"Котельная","name:uk":"Котельня","pipeline":"substation","substance":"hot_water","substation":"distribution","_source":"real","_class":"heat_substation","_osm_id":"way/133303301","_district":"Останкинский район"}},{"type":"Feature","geometry":{"type":"Polygon","coordinates":[[[37.6731933,55.7883761],[37.6733646,55.7882029],[37.6732575,55.7881694],[37.6732197,55.7882076],[37.6731346,55.788181],[37.6730967,55.7882194],[37.6731818,55.7882459],[37.6730861,55.7883427],[37.6731933,55.7883761]]]},"properties":{"addr:housenumber":"23 с3","addr:street":"Старослободская улица","building":"service","building:colour":"beige","building:levels":"1","building:material":"brick","roof:colour":"grey","roof:material":"tar_paper","roof:shape":"flat","utility":"heating","_source":"real","_class":"heat_substation","_osm_id":"way/133730607","_district":"район Сокольники"}},{"type":"Feature","geometry":{"type":"LineString","coordinates":[[37.3644711,55.6646126],[37.3643339,55.6646147]]},"properties":{"location":"underground","man_made":"pipeline","substance":"hot_water","_source":"real","_class":"heat_pipe","_osm_id":"way/1338922488","_district":"Ново-Переделкино","_length_km":0.009}},{"type":"Feature","geometry":{"type":"Polygon","coordinates":[[[37.5082838,55.8064852],[37.5084695,55.8064505],[37.5084497,55.8064169],[37.5082639,55.8064516],[37.5082838,55.8064852]]]},"properties":{"building":"service","building:levels":"1","plant:method":"combustion","plant:output:electricity":"yes","plant:source":"gas","power":"plant","_source":"real","_class":"heat_source","_osm_id":"way/1351222750","_district":"район Сокол"}},{"type":"Feature","geometry":{"type":"Polygon","coordinates":[[[37.5661793,55.8238213],[37.5660112,55.8237908],[37.5658404,55.824088],[37.5659473,55.8241074],[37.5660869,55.8238645],[37.5661481,55.8238756],[37.5661651,55.8238461],[37.5661793,55.8238213]]]},"properties":{"addr:city":"Москва","addr:country":"RU","addr:housenumber":"14 c1","addr:street":"Красностуденческий проезд","building":"service","building:colour":"beige","building:levels":"1","building:material":"concrete","description":"Центральный тепловой пункт","name":"Филиал №2, предприятие №3 \"Тимирязевское\"","name:uk":"Філія №2, підприємство №3 \"Тимірязєвське\"","operator":"МОЭК","power":"plant","roof:colour":"grey","roof:material":"tar_paper","roof:shape":"flat","_source":"real","_class":"heat_source","_osm_id":"way/135409852","_district":"Тимирязевский район"}},{"type":"Feature","geometry":{"type":"Polygon","coordinates":[[[37.5682114,55.8325933],[37.5682062,55.8326986],[37.5678989,55.8326938],[37.5679041,55.8325885],[37.5682114,55.8325933]]]},"properties":{"addr:city":"Москва","addr:country":"RU","building":"service","building:levels":"1","location":"indoor","man_made":"heat_exchange_station","pipeline":"substation","substance":"hot_water","substation":"distribution","_source":"real","_class":"heat_substation","_osm_id":"way/135410746","_district":"Тимирязевский район"}},{"type":"Feature","geometry":{"type":"Polygon","coordinates":[[[37.5716578,55.8257953],[37.5716045,55.8258866],[37.5714405,55.8258564],[37.5714938,55.825765],[37.5716578,55.8257953]]]},"properties":{"addr:city":"Москва","addr:country":"RU","addr:housenumber":"25 с4","addr:street":"Дмитровское шоссе","building":"service","building:levels":"1","location":"indoor","man_made":"heat_exchange_station","pipeline":"substation","substance":"hot_water","substation":"distribution","_source":"real","_class":"heat_substation","_osm_id":"way/135411551","_district":"Тимирязевский район"}},{"type":"Feature","geometry":{"type":"Polygon","coordinates":[[[37.5704278,55.8355875],[37.5705525,55.8356143],[37.5705299,55.8356475],[37.5705834,55.835659],[37.570551,55.8357066],[37.5703728,55.8356683],[37.5704278,55.8355875]]]},"properties":{"addr:city":"Москва","addr:country":"RU","addr:housenumber":"47 с4","addr:street":"Дмитровское шоссе","building":"service","building:colour":"lightgrey","building:levels":"1","building:material":"brick","location":"indoor","man_made":"heat_exchange_station","pipeline":"substation","roof:angle":"20","roof:colour":"grey","roof:material":"tar_paper","roof:shape":"gabled","substance":"hot_water","substation":"distribution","_source":"real","_class":"heat_substation","_osm_id":"way/135411562","_district":"Тимирязевский район"}},{"type":"Feature","geometry":{"type":"Polygon","coordinates":[[[37.5304289,55.7369952],[37.5303389,55.7371056],[37.5302417,55.7370805],[37.5303317,55.7369701],[37.5304289,55.7369952]]]},"properties":{"addr:housenumber":"2 к2 с2","addr:street":"Поклонная улица","building":"service","building:levels":"1","location":"indoor","man_made":"heat_exchange_station","pipeline":"substation","roof:shape":"flat","substance":"hot_water","substation":"distribution","_source":"real","_class":"heat_substation","_osm_id":"way/135546521","_district":"район Дорогомилово"}},{"type":"Feature","geometry":{"type":"Polygon","coordinates":[[[37.6690254,55.7303911],[37.6692693,55.7302628],[37.6691207,55.7301733],[37.6688768,55.7303016],[37.6690254,55.7303911]]]},"properties":{"addr:housenumber":"1 к2 с3","addr:street":"1-я Дубровская улица","building":"service","building:levels":"1","location":"indoor","man_made":"heat_exchange_station","pipeline":"substation","substance":"hot_water","substation":"distribution","_source":"real","_class":"heat_substation","_osm_id":"way/1355918276","_district":"Таганский район"}},{"type":"Feature","geometry":{"type":"Polygon","coordinates":[[[37.6104526,55.897242],[37.6107188,55.8971081],[37.6105957,55.8970312],[37.6103294,55.8971651],[37.6104526,55.897242]]]},"properties":{"addr:city":"Москва","addr:housenumber":"15 с2","addr:postcode":"127543","addr:street":"улица Лескова","building":"service","building:levels":"1","location":"indoor","man_made":"heat_exchange_station","pipeline":"substation","substance":"hot_water","substation":"distribution","_source":"real","_class":"heat_substation","_osm_id":"way/137750036","_district":"район Бибирево"}},{"type":"Feature","geometry":{"type":"Polygon","coordinates":[[[37.7461718,55.6164084],[37.7462093,55.6162054],[37.7459932,55.6161926],[37.7459557,55.6163957],[37.7461718,55.6164084]]]},"properties":{"building":"service","building:levels":"2","man_made":"heat_exchange_station","_source":"real","_class":"heat_substation","_osm_id":"way/140046078","_district":"район Зябликово"}},{"type":"Feature","geometry":{"type":"Polygon","coordinates":[[[37.5719836,55.7933272],[37.5719441,55.793534],[37.572064,55.7935412],[37.5721035,55.7933344],[37.5719836,55.7933272]]]},"properties":{"addr:city":"Москва","addr:country":"RU","addr:housenumber":"3 с1","addr:street":"1-я улица Бебеля","building":"service","building:levels":"1","location":"indoor","man_made":"heat_exchange_station","pipeline":"substation","substance":"hot_water","substation":"distribution","_source":"real","_class":"heat_substation","_osm_id":"way/141388564","_district":"Савёловский район"}},{"type":"Feature","geometry":{"type":"Polygon","coordinates":[[[37.6272417,55.7766226],[37.6274514,55.7766077],[37.6274282,55.776504],[37.6272746,55.776515],[37.6272185,55.7765188],[37.6272417,55.7766226]]]},"properties":{"addr:housenumber":"15 c2","addr:street":"переулок Васнецова","building":"service","building:colour":"white","building:levels":"1","building:material":"concrete","location":"indoor","man_made":"heat_exchange_station","pipeline":"substation","roof:colour":"grey","roof:material":"tar_paper","roof:shape":"flat","substance":"hot_water","substation":"distribution","_source":"real","_class":"heat_substation","_osm_id":"way/141970079","_district":"Мещанский район"}},{"type":"Feature","geometry":{"type":"LineString","coordinates":[[37.7119957,55.5984066],[37.7119178,55.5983397],[37.7116811,55.5981026],[37.7115148,55.5979381],[37.7114967,55.5979188],[37.7105091,55.5969628]]},"properties":{"diameter":"1000","layer":"3","location":"overground","man_made":"pipeline","substance":"heat","_source":"real","_class":"heat_pipe","_osm_id":"way/142576164","_district":"Орехово-Борисово Южное","_length_km":0.186}},{"type":"Feature","geometry":{"type":"LineString","coordinates":[[37.7120178,55.5983986],[37.7119459,55.5983318],[37.7117072,55.5980908],[37.7115469,55.5979302],[37.7115285,55.5979117],[37.7105431,55.596951]]},"properties":{"diameter":"1000","layer":"3","location":"overground","man_made":"pipeline","substance":"heat","_source":"real","_class":"heat_pipe","_osm_id":"way/142576165","_district":"Орехово-Борисово Южное","_length_km":0.186}},{"type":"Feature","geometry":{"type":"LineString","coordinates":[[37.701613,55.5897408],[37.701024,55.5891544],[37.7007611,55.5888785],[37.7000952,55.5882028],[37.7007869,55.5879851],[37.7006749,55.587723]]},"properties":{"diameter":"1000","layer":"2","location":"overground","man_made":"pipeline","substance":"heat","_source":"real","_class":"heat_pipe","_osm_id":"way/142576166","_district":"район Бирюлёво Восточное","_length_km":0.276}},{"type":"Feature","geometry":{"type":"Polygon","coordinates":[[[37.6683652,55.5923805],[37.6683968,55.5922631],[37.668187,55.5922451],[37.6681554,55.5923625],[37.6683652,55.5923805]]]},"properties":{"addr:housenumber":"29 к3","addr:street":"Бирюлёвская улица","building":"yes","man_made":"heat_exchange_station","_source":"real","_class":"heat_substation","_osm_id":"way/142643350","_district":"район Бирюлёво Восточное"}},{"type":"Feature","geometry":{"type":"Polygon","coordinates":[[[37.6720203,55.5900707],[37.6722188,55.5900517],[37.6721736,55.589901],[37.6719751,55.5899201],[37.6720203,55.5900707]]]},"properties":{"addr:housenumber":"15 с2","addr:street":"Ряжская улица","building":"service","building:colour":"white","building:levels":"1","building:material":"concrete","location":"indoor","man_made":"heat_exchange_station","pipeline":"substation","roof:angle":"20","roof:colour":"grey","roof:material":"metal","roof:shape":"gabled","substance":"hot_water","substation":"distribution","_source":"real","_class":"heat_substation","_osm_id":"way/142643379","_district":"район Бирюлёво Восточное"}},{"type":"Feature","geometry":{"type":"Polygon","coordinates":[[[37.3664251,55.9144992],[37.3665367,55.9144958],[37.366526,55.9143846],[37.3664144,55.914388],[37.3664251,55.9144992]]]},"properties":{"building":"industrial","plant:method":"combustion","plant:output:hot_water":"yes","plant:source":"gas","power":"plant","_source":"real","_class":"heat_source","_osm_id":"way/1431001625","_district":"Молжаниновский район"}},{"type":"Feature","geometry":{"type":"Polygon","coordinates":[[[37.4148983,55.7317896],[37.4151137,55.7317903],[37.415116,55.7315908],[37.4149005,55.73159],[37.4148983,55.7317896]]]},"properties":{"addr:housenumber":"8 к1 с2","addr:street":"Кунцевская улица","building":"service","building:levels":"1","height":"6","location":"indoor","man_made":"heat_exchange_station","pipeline":"substation","roof:shape":"flat","substance":"hot_water","substation":"distribution","_source":"real","_class":"heat_substation","_osm_id":"way/1434149162","_district":"район Кунцево"}},{"type":"Feature","geometry":{"type":"Polygon","coordinates":[[[37.1823169,55.3659149],[37.1824788,55.3658507],[37.1822599,55.3656725],[37.182098,55.3657367],[37.1823169,55.3659149]]]},"properties":{"building":"industrial","building:levels":"1","height":"4","name":"Котельная","plant:source":"gas","power":"plant","_source":"real","_class":"heat_source","_osm_id":"way/1443751427","_district":"район Вороново"}},{"type":"Feature","geometry":{"type":"Polygon","coordinates":[[[37.6082252,55.6252043],[37.6082533,55.625263],[37.6085471,55.6252182],[37.608519,55.6251594],[37.6082252,55.6252043]]]},"properties":{"addr:housenumber":"10 к1 с2","addr:street":"Кировоградская улица","building":"yes","building:levels":"1","man_made":"heat_exchange_station","_source":"real","_class":"heat_substation","_osm_id":"way/146603263","_district":"район Чертаново Северное"}},{"type":"Feature","geometry":{"type":"Polygon","coordinates":[[[37.6006312,55.6252853],[37.6006718,55.6253579],[37.6009674,55.6253053],[37.6009269,55.6252327],[37.6006312,55.6252853]]]},"properties":{"addr:housenumber":"8 к3 с2","addr:street":"Сумская улица","building":"yes","building:levels":"1","man_made":"heat_exchange_station","_source":"real","_class":"heat_substation","_osm_id":"way/146603264","_district":"район Чертаново Северное"}},{"type":"Feature","geometry":{"type":"Polygon","coordinates":[[[37.5810059,55.804914],[37.5812152,55.8049394],[37.5812876,55.804751],[37.5810784,55.8047256],[37.5810059,55.804914]]]},"properties":{"addr:city":"Москва","addr:country":"RU","addr:housenumber":"79 с3","addr:street":"Бутырская улица","building":"service","building:levels":"1","location":"indoor","man_made":"heat_exchange_station","pipeline":"substation","substance":"hot_water","substation":"distribution","_source":"real","_class":"heat_substation","_osm_id":"way/146841921","_district":"Савёловский район"}},{"type":"Feature","geometry":{"type":"Polygon","coordinates":[[[37.5826678,55.797661],[37.5828644,55.7976665],[37.5828778,55.7975155],[37.5826812,55.7975099],[37.5826678,55.797661]]]},"properties":{"addr:city":"Москва","addr:country":"RU","addr:housenumber":"15 с3","addr:street":"Бутырская улица","building":"service","building:levels":"1","location":"indoor","man_made":"heat_exchange_station","pipeline":"substation","substance":"hot_water","substation":"distribution","_source":"real","_class":"heat_substation","_osm_id":"way/146841922","_district":"Савёловский район"}},{"type":"Feature","geometry":{"type":"Polygon","coordinates":[[[37.9324548,55.6902926],[37.9325469,55.6904342],[37.932673,55.6904082],[37.932581,55.6902665],[37.9325972,55.6902619],[37.9325328,55.6901561],[37.9322968,55.6902075],[37.9323665,55.6903133],[37.9324548,55.6902926]]]},"properties":{"addr:housenumber":"17А с3","addr:street":"2-я Вольская улица","building":"yes","power":"plant","_source":"real","_class":"heat_source","_osm_id":"way/147917473","_district":"район Некрасовка"}},{"type":"Feature","geometry":{"type":"Polygon","coordinates":[[[37.5657825,55.8681472],[37.5659811,55.8681978],[37.5660733,55.868084],[37.5658747,55.8680334],[37.5657825,55.8681472]]]},"properties":{"addr:city":"Москва","addr:country":"RU","addr:housenumber":"16 к2 с2","addr:street":"Дубнинская улица","building":"service","building:levels":"1","location":"indoor","man_made":"heat_exchange_station","pipeline":"substation","substance":"hot_water","substation":"distribution","_source":"real","_class":"heat_substation","_osm_id":"way/148175694","_district":"район Восточное Дегунино"}},{"type":"Feature","geometry":{"type":"Polygon","coordinates":[[[37.567637,55.865756],[37.5678256,55.8658007],[37.5679067,55.8656932],[37.5677181,55.8656484],[37.567637,55.865756]]]},"properties":{"addr:city":"Москва","addr:country":"RU","addr:housenumber":"12 к4 с1","addr:street":"Дубнинская улица","building":"service","building:colour":"white;black","building:levels":"1","building:material":"concrete","location":"indoor","man_made":"heat_exchange_station","pipeline":"substation","roof:colour":"grey","roof:material":"tar_paper","roof:shape":"flat","substance":"hot_water","substation":"distribution","_source":"real","_class":"heat_substation","_osm_id":"way/148175696","_district":"район Восточное Дегунино"}},{"type":"Feature","geometry":{"type":"LineString","coordinates":[[37.7671992,55.8181449],[37.7681207,55.8183807]]},"properties":{"layer":"2","location":"overhead","man_made":"pipeline","substance":"heat","_source":"real","_class":"heat_pipe","_osm_id":"way/148295508","_district":"район Метрогородок","_length_km":0.063}},{"type":"Feature","geometry":{"type":"LineString","coordinates":[[37.7684045,55.8167347],[37.7689973,55.8169773],[37.7682704,55.8175333],[37.7677688,55.817892],[37.7672839,55.8181993]]},"properties":{"layer":"1","location":"overground","man_made":"pipeline","substance":"heat","_source":"real","_class":"heat_pipe","_osm_id":"way/148295511","_district":"район Гольяново","_length_km":0.219}},{"type":"Feature","geometry":{"type":"Polygon","coordinates":[[[37.9401362,55.7195715],[37.9404763,55.7193486],[37.941391,55.7198289],[37.9410589,55.7200355],[37.9401362,55.7195715]]]},"properties":{"barrier":"fence","landuse":"industrial","power":"plant","_source":"real","_class":"heat_source","_osm_id":"way/1510412628","_district":"район Косино-Ухтомский"}},{"type":"Feature","geometry":{"type":"Polygon","coordinates":[[[37.9144399,55.71947],[37.9143408,55.7200414],[37.9188512,55.7202777],[37.9187221,55.7200265],[37.9173102,55.719972],[37.9173726,55.7196177],[37.9144399,55.71947]]]},"properties":{"barrier":"fence","landuse":"industrial","power":"plant","_source":"real","_class":"heat_source","_osm_id":"way/1514058820","_district":"район Косино-Ухтомский"}},{"type":"Feature","geometry":{"type":"Polygon","coordinates":[[[37.1661314,55.6046511],[37.1661341,55.6043482],[37.1663456,55.6042021],[37.1663921,55.6038313],[37.1663231,55.6037945],[37.1660779,55.6036641],[37.1657552,55.6034923],[37.1656635,55.6034334],[37.1654725,55.6033093],[37.165334,55.6030975],[37.1650116,55.6028305],[37.1643201,55.6028298],[37.1643186,55.6029074],[37.1642219,55.6036879],[37.1642455,55.6042763],[37.1642302,55.6044895],[37.1642676,55.6049769],[37.1643029,55.6052765],[37.1653077,55.6052091],[37.1653002,55.6051284],[37.1661314,55.6051257],[37.1661314,55.6046511]]]},"properties":{"name":"МОЭСК","power":"plant","_source":"real","_class":"heat_source","_osm_id":"way/151702378","_district":"район Внуково"}},{"type":"Feature","geometry":{"type":"LineString","coordinates":[[37.6798734,55.5884695],[37.679976,55.5884577],[37.6800329,55.5885416],[37.6806648,55.5884322],[37.6806115,55.5883072],[37.6816168,55.5880642],[37.6820249,55.5879579],[37.6836298,55.5876458],[37.6847301,55.5874923],[37.6855698,55.5874415],[37.6863725,55.5873929],[37.6879936,55.5873127],[37.6901372,55.5872348],[37.6920513,55.5871499],[37.6927785,55.5871214]]},"properties":{"diameter":"1000","layer":"2","location":"overground","man_made":"pipeline","substance":"heat","_source":"real","_class":"heat_pipe","_osm_id":"way/152426108","_district":"район Бирюлёво Восточное","_length_km":0.858}},{"type":"Feature","geometry":{"type":"LineString","coordinates":[[37.6798723,55.5884479],[37.6800133,55.5884264],[37.6800668,55.588509],[37.6806182,55.5884125],[37.6805595,55.5882911],[37.6816047,55.5880375],[37.6820215,55.587935],[37.6836186,55.587622],[37.6847161,55.587466],[37.6856101,55.5874158],[37.6863727,55.587373],[37.6879878,55.5872834],[37.690143,55.5872118],[37.6920603,55.5871309],[37.6927762,55.5871024]]},"properties":{"diameter":"1000","layer":"2","location":"overground","man_made":"pipeline","substance":"heat","_source":"real","_class":"heat_pipe","_osm_id":"way/152426111","_district":"район Бирюлёво Восточное","_length_km":0.858}},{"type":"Feature","geometry":{"type":"LineString","coordinates":[[37.5635812,55.7382387],[37.5637408,55.738384],[37.5639912,55.7382968],[37.5641476,55.7384392],[37.5639113,55.7385215]]},"properties":{"location":"overhead","man_made":"pipeline","substance":"hot_water","_source":"real","_class":"heat_pipe","_osm_id":"way/1530568734","_district":"район Дорогомилово","_length_km":0.074}},{"type":"Feature","geometry":{"type":"LineString","coordinates":[[37.5639113,55.7385215],[37.5639463,55.7385528],[37.5647532,55.739274]]},"properties":{"location":"overground","man_made":"pipeline","substance":"hot_water","_source":"real","_class":"heat_pipe","_osm_id":"way/1530568738","_district":"район Дорогомилово","_length_km":0.099}},{"type":"Feature","geometry":{"type":"Polygon","coordinates":[[[37.4883836,55.7658533],[37.4887726,55.7658672],[37.4887915,55.7656992],[37.4884024,55.7656854],[37.4883836,55.7658533]]]},"properties":{"addr:housenumber":"7А","addr:street":"Филёвский бульвар","building":"service","building:levels":"1","description":"Центральный тепловой пункт","man_made":"heat_exchange_station","pipeline":"substation","substance":"hot_water","substation":"distribution","_source":"real","_class":"heat_substation","_osm_id":"way/154025371","_district":"район Филёвский Парк"}},{"type":"Feature","geometry":{"type":"Polygon","coordinates":[[[37.4921473,55.765085],[37.4924878,55.7650865],[37.4924894,55.7649737],[37.4921489,55.7649721],[37.4921473,55.765085]]]},"properties":{"addr:housenumber":"2А","addr:street":"Филёвский бульвар","building":"service","building:levels":"1","description":"Центральный тепловой пункт","location":"indoor","man_made":"heat_exchange_station","pipeline":"substation","ref":"08-05-009","substance":"hot_water","substation":"distribution","_source":"real","_class":"heat_substation","_osm_id":"way/154025376","_district":"район Филёвский Парк"}},{"type":"Feature","geometry":{"type":"Polygon","coordinates":[[[37.595856,55.6271711],[37.595649,55.6272039],[37.5956867,55.6272795],[37.5958937,55.6272467],[37.595856,55.6271711]]]},"properties":{"building":"yes","height":"6","man_made":"heat_exchange_station","_source":"real","_class":"heat_substation","_osm_id":"way/154052595","_district":"район Чертаново Северное"}},{"type":"Feature","geometry":{"type":"Polygon","coordinates":[[[37.6003629,55.6324957],[37.6004895,55.632477],[37.600418,55.6323235],[37.6002914,55.6323423],[37.6003629,55.6324957]]]},"properties":{"addr:housenumber":"4 с2","addr:street":"Чертановская улица","building":"yes","height":"6","man_made":"heat_exchange_station","_source":"real","_class":"heat_substation","_osm_id":"way/154052597","_district":"район Чертаново Северное"}},{"type":"Feature","geometry":{"type":"Polygon","coordinates":[[[37.7181918,55.8068491],[37.7182618,55.8067273],[37.718489,55.8067686],[37.718419,55.8068904],[37.7181918,55.8068491]]]},"properties":{"addr:housenumber":"36 с1","addr:street":"4-я Гражданская улица","building":"service","building:levels":"1","height":"6","man_made":"heat_exchange_station","pipeline":"substation","source":"Адресный реестр Москвы, data.mos.ru","substance":"hot_water","_source":"real","_class":"heat_substation","_osm_id":"way/154085750","_district":"район Богородское"}},{"type":"Feature","geometry":{"type":"Polygon","coordinates":[[[37.6164314,55.6603662],[37.6167941,55.6603651],[37.6167929,55.6602404],[37.6164303,55.6602415],[37.6164314,55.6603662]]]},"properties":{"addr:housenumber":"8 к1 с3","addr:street":"Фруктовая улица","building":"service","building:levels":"1","location":"indoor","man_made":"heat_exchange_station","pipeline":"substation","roof:shape":"flat","substance":"hot_water","substation":"distribution","_source":"real","_class":"heat_substation","_osm_id":"way/154331591","_district":"Нагорный район"}},{"type":"Feature","geometry":{"type":"Polygon","coordinates":[[[37.707683,55.8142911],[37.7078329,55.8142135],[37.7076565,55.8141059],[37.7075067,55.8141835],[37.707683,55.8142911]]]},"properties":{"addr:housenumber":"22 с1","addr:street":"Наримановская улица","building":"service","building:levels":"1","height":"6","man_made":"heat_exchange_station","source":"Адресный реестр Москвы, data.mos.ru","_source":"real","_class":"heat_substation","_osm_id":"way/154363963","_district":"район Богородское"}},{"type":"Feature","geometry":{"type":"Polygon","coordinates":[[[37.7078424,55.8139554],[37.7077903,55.8139838],[37.7078897,55.8140392],[37.7081664,55.813895],[37.708128,55.8138699],[37.7081535,55.8138555],[37.7080899,55.81382],[37.7080191,55.8137803],[37.707802,55.8138974],[37.707772,55.813915],[37.7078424,55.8139554]]]},"properties":{"addr:housenumber":"1 с5","addr:street":"Игральная улица","building":"yes","building:levels":"1","height":"6","man_made":"heat_exchange_station","source":"Адресный реестр Москвы, data.mos.ru","_source":"real","_class":"heat_substation","_osm_id":"way/154363977","_district":"район Богородское"}},{"type":"Feature","geometry":{"type":"LineString","coordinates":[[37.6362924,55.5935601],[37.6363459,55.593187]]},"properties":{"layer":"1","man_made":"pipeline","substance":"hot_water","_source":"real","_class":"heat_pipe","_osm_id":"way/1544917600","_district":"район Бирюлёво Западное","_length_km":0.042}},{"type":"Feature","geometry":{"type":"Polygon","coordinates":[[[37.7083108,55.8159551],[37.7085236,55.8158548],[37.7086079,55.8159092],[37.708395,55.816014],[37.7083108,55.8159551]]]},"properties":{"building":"yes","building:levels":"1","building:material":"brick","man_made":"heat_exchange_station","pipeline":"substation","substance":"hot_water","_source":"real","_class":"heat_substation","_osm_id":"way/155653808","_district":"район Богородское"}},{"type":"Feature","geometry":{"type":"Polygon","coordinates":[[[37.6395879,55.7390087],[37.6397984,55.7390143],[37.6398081,55.7388987],[37.639697,55.7388958],[37.6396058,55.7388934],[37.6395975,55.7388932],[37.6395879,55.7390087]]]},"properties":{"addr:housenumber":"65 с3","addr:street":"Садовническая набережная","building":"service","building:levels":"1","location":"indoor","man_made":"heat_exchange_station","pipeline":"substation","source":"Адресный реестр Москвы, data.mos.ru","substance":"hot_water","substation":"distribution","_source":"real","_class":"heat_substation","_osm_id":"way/155998615","_district":"район Замоскворечье"}},{"type":"Feature","geometry":{"type":"Polygon","coordinates":[[[37.4585265,55.6856946],[37.4583528,55.685773],[37.4584821,55.685864],[37.4586558,55.6857857],[37.4585265,55.6856946]]]},"properties":{"building":"service","building:levels":"1","description":"Центральный тепловой пункт","man_made":"heat_exchange_station","pipeline":"substation","substance":"hot_water","substation":"distribution","_source":"real","_class":"heat_substation","_osm_id":"way/156133735","_district":"район Очаково-Матвеевское"}},{"type":"Feature","geometry":{"type":"Polygon","coordinates":[[[37.6460303,55.6614652],[37.6459716,55.6615704],[37.6463006,55.6616288],[37.6463593,55.6615236],[37.6461626,55.6614887],[37.6460303,55.6614652]]]},"properties":{"addr:housenumber":"35 к6","addr:street":"улица Академика Миллионщикова","building":"yes","height":"6","man_made":"heat_exchange_station","_source":"real","_class":"heat_substation","_osm_id":"way/160019545","_district":"район Нагатино-Садовники"}},{"type":"Feature","geometry":{"type":"Polygon","coordinates":[[[37.6377816,55.6810135],[37.6378809,55.6810009],[37.6378581,55.6809439],[37.6377588,55.6809566],[37.6377816,55.6810135]]]},"properties":{"addr:housenumber":"9 к2 с2","addr:street":"Нагатинская улица","building":"yes","height":"6","man_made":"heat_exchange_station","_source":"real","_class":"heat_substation","_osm_id":"way/160198240","_district":"район Нагатино-Садовники"}},{"type":"Feature","geometry":{"type":"Polygon","coordinates":[[[37.648728,55.6817949],[37.648757,55.6816824],[37.648541,55.6816647],[37.648512,55.6817772],[37.648728,55.6817949]]]},"properties":{"addr:housenumber":"14 к5 с7","addr:street":"Нагатинская набережная","building":"yes","height":"6","man_made":"heat_exchange_station","_source":"real","_class":"heat_substation","_osm_id":"way/160199932","_district":"район Нагатино-Садовники"}},{"type":"Feature","geometry":{"type":"Polygon","coordinates":[[[37.6621015,55.6797908],[37.6617676,55.6797111],[37.661721,55.6797732],[37.662055,55.6798529],[37.6621015,55.6797908]]]},"properties":{"building":"yes","height":"6","man_made":"heat_exchange_station","_source":"real","_class":"heat_substation","_osm_id":"way/160199997","_district":"район Нагатино-Садовники"}},{"type":"Feature","geometry":{"type":"Polygon","coordinates":[[[37.6033326,55.6138442],[37.6034057,55.6139995],[37.6035195,55.6139824],[37.6034464,55.6138271],[37.6033326,55.6138442]]]},"properties":{"addr:housenumber":"24 к1 с3","addr:street":"Кировоградская улица","building":"service","man_made":"heat_exchange_station","pipeline":"substation","substance":"hot_water","substation":"distribution","_source":"real","_class":"heat_substation","_osm_id":"way/160571896","_district":"район Чертаново Центральное"}},{"type":"Feature","geometry":{"type":"Polygon","coordinates":[[[37.6427985,55.8536094],[37.6426769,55.8536268],[37.6427439,55.8537745],[37.6428655,55.8537572],[37.6428028,55.8536189],[37.6427985,55.8536094]]]},"properties":{"addr:housenumber":"4 к2 с2","addr:street":"улица Седова","building":"service","building:levels":"1","official_short_type":"ЦТП","operator":"МОЭК","pipeline":"substation","substance":"hot_water","substation":"distribution","utility":"heating","_source":"real","_class":"heat_substation","_osm_id":"way/160816328","_district":"район Свиблово"}},{"type":"Feature","geometry":{"type":"Polygon","coordinates":[[[37.6556036,55.8511019],[37.6554899,55.8512015],[37.6557834,55.8513071],[37.6558971,55.8512075],[37.6556036,55.8511019]]]},"properties":{"addr:housenumber":"7 с3","addr:street":"улица Амундсена","building":"service","building:levels":"1","location":"indoor","man_made":"heat_exchange_station","operator":"филиал 4 предприятие 7 МОЭСК","pipeline":"substation","ref":"03-06-0620/050","substance":"hot_water","substation":"distribution","_source":"real","_class":"heat_substation","_osm_id":"way/160824730","_district":"район Свиблово"}},{"type":"Feature","geometry":{"type":"Polygon","coordinates":[[[37.6476163,55.7226288],[37.6478838,55.7225734],[37.6478389,55.7224878],[37.6475714,55.7225442],[37.6476163,55.7226288]]]},"properties":{"addr:housenumber":"18 с2","addr:street":"Дербеневская улица","building":"service","building:levels":"1","location":"indoor","man_made":"heat_exchange_station","pipeline":"substation","substance":"hot_water","substation":"distribution","_source":"real","_class":"heat_substation","_osm_id":"way/161574645","_district":"Даниловский район"}},{"type":"Feature","geometry":{"type":"Polygon","coordinates":[[[37.6784174,55.8919259],[37.678458,55.8919263],[37.67846,55.8918675],[37.6784186,55.891867],[37.6784189,55.8918492],[37.6782033,55.8918479],[37.6781993,55.8920531],[37.6784149,55.8920544],[37.6784174,55.8919259]]]},"properties":{"addr:city":"Москва","addr:housenumber":"11 к1 с2","addr:street":"Северодвинская улица","building":"service","building:levels":"1","description":"Здание ЦТП (Центральный тепловой пункт. В здании размещается бойлерная (ЦТП) Московской объединённой энергетической компании (ПАО «МОЭК») г. Москва. Филиал №3. Предприятие №3. Абонентский номер: 03-03-0911/046","location":"indoor","man_made":"heat_exchange_station","pipeline":"substation","roof:shape":"flat","substance":"hot_water","substation":"distribution","_source":"real","_class":"heat_substation","_osm_id":"way/161928279","_district":"район Северное Медведково"}},{"type":"Feature","geometry":{"type":"Polygon","coordinates":[[[37.5759909,55.8283866],[37.5759558,55.8285146],[37.5756126,55.8284849],[37.5756478,55.8283569],[37.5759909,55.8283866]]]},"properties":{"addr:city":"Москва","addr:country":"RU","addr:housenumber":"41А с2","addr:street":"улица Яблочкова","building":"service","building:colour":"white","building:levels":"1","building:material":"concrete","location":"indoor","man_made":"heat_exchange_station","pipeline":"substation","roof:colour":"grey","roof:material":"tar_paper","roof:shape":"flat","substance":"hot_water","substation":"distribution","_source":"real","_class":"heat_substation","_osm_id":"way/161960033","_district":"Бутырский район"}},{"type":"Feature","geometry":{"type":"Polygon","coordinates":[[[37.6684552,55.5792184],[37.6685542,55.5792677],[37.6686882,55.5791816],[37.6685892,55.5791323],[37.6684552,55.5792184]]]},"properties":{"building":"yes","man_made":"heat_exchange_station","_source":"real","_class":"heat_substation","_osm_id":"way/165336779","_district":"район Бирюлёво Восточное"}},{"type":"Feature","geometry":{"type":"Polygon","coordinates":[[[37.8263303,55.775286],[37.8260528,55.7752224],[37.8259479,55.7753675],[37.8261449,55.7754124],[37.8262269,55.7754308],[37.8263303,55.775286]]]},"properties":{"addr:city":"Москва","addr:country":"RU","addr:housenumber":"11 с2","addr:region":"Москва","addr:street":"Магнитогорская улица","building":"service","building:levels":"1","location":"indoor","man_made":"heat_exchange_station","pipeline":"substation","substance":"hot_water","substation":"distribution","_source":"real","_class":"heat_substation","_osm_id":"way/165466958","_district":"район Ивановское"}},{"type":"Feature","geometry":{"type":"Polygon","coordinates":[[[37.8329085,55.7795565],[37.8330085,55.7795779],[37.8332487,55.7796298],[37.8333363,55.7795012],[37.8330645,55.7794429],[37.8329961,55.7794279],[37.8329085,55.7795565]]]},"properties":{"addr:housenumber":"25 с1","addr:street":"Челябинская улица","building":"service","building:levels":"1","location":"indoor","man_made":"heat_exchange_station","pipeline":"substation","substance":"hot_water","substation":"distribution","_source":"real","_class":"heat_substation","_osm_id":"way/165466976","_district":"район Ивановское"}},{"type":"Feature","geometry":{"type":"Polygon","coordinates":[[[37.8355104,55.7817064],[37.8351565,55.7816304],[37.8350974,55.7817174],[37.8354513,55.7817934],[37.8355104,55.7817064]]]},"properties":{"addr:housenumber":"26 с1","addr:street":"улица Чечулина","building":"service","building:levels":"1","location":"indoor","man_made":"heat_exchange_station","pipeline":"substation","substance":"hot_water","substation":"distribution","_source":"real","_class":"heat_substation","_osm_id":"way/165466978","_district":"район Ивановское"}},{"type":"Feature","geometry":{"type":"Polygon","coordinates":[[[37.8339902,55.7769424],[37.8341251,55.7767545],[37.8339361,55.7767115],[37.8338013,55.7769002],[37.8339902,55.7769424]]]},"properties":{"addr:housenumber":"27 с2","addr:street":"Магнитогорская улица","building":"service","building:levels":"1","location":"indoor","man_made":"heat_exchange_station","pipeline":"substation","substance":"hot_water","substation":"distribution","_source":"real","_class":"heat_substation","_osm_id":"way/165466986","_district":"район Ивановское"}},{"type":"Feature","geometry":{"type":"Polygon","coordinates":[[[37.8366586,55.7784876],[37.8366549,55.7783734],[37.836297,55.778376],[37.8363011,55.7784903],[37.8366586,55.7784876]]]},"properties":{"addr:housenumber":"3 с3","addr:street":"Малый Купавенский проезд","building":"service","building:levels":"1","location":"indoor","man_made":"heat_exchange_station","pipeline":"substation","substance":"hot_water","substation":"distribution","_source":"real","_class":"heat_substation","_osm_id":"way/165466987","_district":"район Ивановское"}},{"type":"Feature","geometry":{"type":"Polygon","coordinates":[[[37.227826,55.5518843],[37.2276641,55.5519726],[37.2280158,55.5521864],[37.2281671,55.5521011],[37.227826,55.5518843]]]},"properties":{"addr:housenumber":"1А","addr:place":"квартал № 173","addr:region":"Москва","addr:subdistrict":"поселение Первомайское","building":"industrial","plant:output:hot_water":"yes","power":"plant","_source":"real","_class":"heat_source","_osm_id":"way/167401270","_district":"Филимонковский район"}},{"type":"Feature","geometry":{"type":"Polygon","coordinates":[[[37.5654705,55.9409831],[37.5654441,55.9410644],[37.563901,55.9411894],[37.5641764,55.9392003],[37.5663748,55.9393146],[37.5662768,55.9399232],[37.5662703,55.9399635],[37.5657955,55.9399794],[37.5654705,55.9409831]]]},"properties":{"barrier":"fence","landuse":"industrial","name":"Северная","plant:method":"combustion","plant:output:hot_water":"yes","plant:source":"gas","power":"plant","_source":"real","_class":"heat_source","_osm_id":"way/169564541","_district":"район Северный"}},{"type":"Feature","geometry":{"type":"Polygon","coordinates":[[[37.5501922,55.9324295],[37.5502773,55.9322386],[37.5500547,55.9322075],[37.5499696,55.9323984],[37.5501922,55.9324295]]]},"properties":{"addr:housenumber":"23 к1 с1","addr:street":"9-я Северная линия","building":"industrial","building:levels":"1","location":"indoor","man_made":"heat_exchange_station","pipeline":"substation","roof:shape":"flat","substance":"hot_water","substation":"distribution","_source":"real","_class":"heat_substation","_osm_id":"way/171274627","_district":"район Северный"}},{"type":"Feature","geometry":{"type":"Polygon","coordinates":[[[37.5754335,55.8109433],[37.575587,55.8110358],[37.5758359,55.8109054],[37.5756824,55.8108129],[37.5754335,55.8109433]]]},"properties":{"addr:city":"Москва","addr:country":"RU","addr:housenumber":"6 к1 с1","addr:street":"Дмитровский проезд","building":"service","building:levels":"1","location":"indoor","man_made":"heat_exchange_station","operator":"МОЭК","pipeline":"substation","substance":"hot_water","substation":"distribution","_source":"real","_class":"heat_substation","_osm_id":"way/172700185","_district":"Тимирязевский район"}},{"type":"Feature","geometry":{"type":"Polygon","coordinates":[[[37.6431401,55.7823453],[37.6433391,55.7823735],[37.6433917,55.7822563],[37.6431928,55.7822281],[37.6431401,55.7823453]]]},"properties":{"addr:housenumber":"10 с2","addr:street":"Большая Переяславская улица","building":"service","building:levels":"1","location":"indoor","man_made":"heat_exchange_station","pipeline":"substation","substance":"hot_water","substation":"distribution","_source":"real","_class":"heat_substation","_osm_id":"way/172839659","_district":"Мещанский район"}},{"type":"Feature","geometry":{"type":"Polygon","coordinates":[[[37.638296,55.7791432],[37.6385656,55.7790982],[37.6385006,55.7789751],[37.6382309,55.7790201],[37.638296,55.7791432]]]},"properties":{"addr:housenumber":"11 с2","addr:street":"Ботанический переулок","building":"service","building:colour":"white","building:levels":"1","building:material":"concrete","location":"indoor","man_made":"heat_exchange_station","pipeline":"substation","roof:colour":"grey","roof:material":"tar_paper","roof:shape":"flat","substance":"hot_water","substation":"distribution","_source":"real","_class":"heat_substation","_osm_id":"way/172839661","_district":"Мещанский район"}},{"type":"Feature","geometry":{"type":"Polygon","coordinates":[[[37.4435437,55.8541845],[37.4435704,55.8541138],[37.443591,55.8540592],[37.443692,55.8540712],[37.4437108,55.8540734],[37.4437959,55.8540835],[37.4437487,55.8542088],[37.4435437,55.8541845]]]},"properties":{"addr:city":"Москва","addr:housenumber":"6 к2 с1","addr:street":"улица Героев Панфиловцев","building":"service","building:colour":"white","building:levels":"1","location":"indoor","man_made":"heat_exchange_station","operator":"МОЭК","pipeline":"substation","roof:shape":"flat","substance":"hot_water","substation":"distribution","_source":"real","_class":"heat_substation","_osm_id":"way/173567632","_district":"район Северное Тушино"}},{"type":"Feature","geometry":{"type":"Polygon","coordinates":[[[37.4422235,55.8522824],[37.4422463,55.8522185],[37.4423586,55.8522312],[37.4426752,55.8522667],[37.4426569,55.852318],[37.4426467,55.8523467],[37.4422178,55.8522985],[37.4422235,55.8522824]]]},"properties":{"addr:housenumber":"16 к3 с1","addr:street":"Химкинский бульвар","building":"service","building:colour":"beige;white","building:levels":"1","building:material":"brick","location":"indoor","man_made":"heat_exchange_station","operator":"МОЭК","pipeline":"substation","roof:colour":"grey","roof:material":"metal","roof:shape":"flat","substance":"hot_water","substation":"distribution","_source":"real","_class":"heat_substation","_osm_id":"way/173571287","_district":"район Северное Тушино"}},{"type":"Feature","geometry":{"type":"Polygon","coordinates":[[[37.351313,55.8420746],[37.351292,55.8421909],[37.3515714,55.8422068],[37.3515924,55.8420905],[37.351313,55.8420746]]]},"properties":{"addr:housenumber":"13 с1","addr:street":"улица Барышиха","building":"service","building:levels":"1","location":"indoor","man_made":"heat_exchange_station","pipeline":"substation","roof:shape":"flat","substance":"hot_water","substation":"distribution","_source":"real","_class":"heat_substation","_osm_id":"way/173915057","_district":"район Митино"}},{"type":"Feature","geometry":{"type":"Polygon","coordinates":[[[37.3481614,55.8441643],[37.3482191,55.8442739],[37.3485006,55.8442271],[37.3484914,55.8442097],[37.3484686,55.8441664],[37.3484429,55.8441175],[37.3481614,55.8441643]]]},"properties":{"addr:housenumber":"19 с1","addr:street":"улица Барышиха","building":"service","building:levels":"1","location":"indoor","man_made":"heat_exchange_station","pipeline":"substation","roof:shape":"flat","substance":"hot_water","substation":"distribution","_source":"real","_class":"heat_substation","_osm_id":"way/173915060","_district":"район Митино"}},{"type":"Feature","geometry":{"type":"Polygon","coordinates":[[[37.341329,55.8462857],[37.3414762,55.8463639],[37.3416773,55.8462445],[37.3415301,55.8461664],[37.341329,55.8462857]]]},"properties":{"addr:housenumber":"33 к1 с1","addr:street":"улица Барышиха","building":"service","building:levels":"1","location":"indoor","man_made":"heat_exchange_station","pipeline":"substation","roof:shape":"flat","substance":"hot_water","substation":"distribution","_source":"real","_class":"heat_substation","_osm_id":"way/173915105","_district":"район Митино"}},{"type":"Feature","geometry":{"type":"Polygon","coordinates":[[[37.6152829,55.6064631],[37.6153582,55.6063516],[37.6155626,55.6063957],[37.6154874,55.6065071],[37.6152829,55.6064631]]]},"properties":{"addr:housenumber":"16 к3 с2","addr:street":"улица Подольских Курсантов","building":"service","building:levels":"1","location":"indoor","man_made":"heat_exchange_station","pipeline":"substation","ref":"06-08-091","substance":"hot_water","substation":"distribution","_source":"real","_class":"heat_substation","_osm_id":"way/175126142","_district":"район Чертаново Южное"}},{"type":"Feature","geometry":{"type":"Polygon","coordinates":[[[37.624278,55.5992475],[37.6214858,55.5996618],[37.6218479,55.6003668],[37.6221669,55.6003182],[37.6246946,55.599928],[37.6246506,55.5998314],[37.6255396,55.5996964],[37.6253781,55.5995183],[37.6253439,55.5994809],[37.625041,55.5991297],[37.624278,55.5992475]]]},"properties":{"name":"РТС «Красный Строитель»","power":"plant","_source":"real","_class":"heat_source","_osm_id":"way/175151162","_district":"район Чертаново Южное"}},{"type":"Feature","geometry":{"type":"Polygon","coordinates":[[[37.6641084,55.7705973],[37.6646282,55.7705407],[37.6645794,55.7704249],[37.664065,55.7704804],[37.6641084,55.7705973]]]},"properties":{"addr:housenumber":"27А с2","addr:street":"Новая Басманная улица","building":"service","building:colour":"white","building:levels":"1","building:material":"concrete","location":"indoor","man_made":"heat_exchange_station","pipeline":"substation","roof:colour":"grey","roof:material":"tar_paper","roof:shape":"flat","substance":"hot_water","substation":"distribution","_source":"real","_class":"heat_substation","_osm_id":"way/175187072","_district":"Басманный район"}},{"type":"Feature","geometry":{"type":"Polygon","coordinates":[[[37.3615949,55.8551574],[37.3613073,55.8552939],[37.3614363,55.8553796],[37.3617239,55.8552431],[37.3615949,55.8551574]]]},"properties":{"addr:housenumber":"38 с2","addr:street":"Пятницкое шоссе","building":"service","building:levels":"1","location":"indoor","man_made":"heat_exchange_station","pipeline":"substation","substance":"hot_water","substation":"distribution","_source":"real","_class":"heat_substation","_osm_id":"way/175907688","_district":"район Митино"}},{"type":"Feature","geometry":{"type":"Polygon","coordinates":[[[37.3887166,55.8926665],[37.3888352,55.8927363],[37.3890028,55.8926463],[37.3888874,55.8925748],[37.3887166,55.8926665]]]},"properties":{"building":"service","building:levels":"1","plant:output:hot_water":"yes","plant:source":"gas","power":"plant","roof:shape":"flat","_source":"real","_class":"heat_source","_osm_id":"way/176175840","_district":"район Куркино"}},{"type":"Feature","geometry":{"type":"Polygon","coordinates":[[[37.395551,55.8902877],[37.3956622,55.8903524],[37.3955656,55.8904088],[37.3955197,55.8904356],[37.3953986,55.8903759],[37.395551,55.8902877]]]},"properties":{"addr:housenumber":"12Б","addr:street":"Воротынская улица","building":"service","building:levels":"1","building:material":"brick","operator":"ПАО «МОЭК»","plant:output:hot_water":"yes","plant:source":"gas","plant:type":"boiler","power":"plant","roof:levels":"0","roof:shape":"flat","_source":"real","_class":"heat_source","_osm_id":"way/176180643","_district":"район Куркино"}},{"type":"Feature","geometry":{"type":"Polygon","coordinates":[[[37.3780595,55.8855816],[37.3782568,55.8853324],[37.3785319,55.8854009],[37.3783346,55.8856501],[37.3780595,55.8855816]]]},"properties":{"addr:housenumber":"29 к13","addr:street":"Куркинское шоссе","building":"yes","name":"Котельная","_source":"real","_class":"heat_source","_osm_id":"way/176302226","_district":"район Куркино"}},{"type":"Feature","geometry":{"type":"Polygon","coordinates":[[[37.3788527,55.8995723],[37.3788645,55.899482],[37.3792679,55.8994986],[37.3792561,55.899589],[37.3788527,55.8995723]]]},"properties":{"addr:city":"Москва","addr:housenumber":"95 к1 с1","addr:street":"Юровская улица","building":"yes","location":"indoor","man_made":"heat_exchange_station","pipeline":"substation","substance":"hot_water","substation":"distribution","_source":"real","_class":"heat_substation","_osm_id":"way/176365236","_district":"район Куркино"}},{"type":"Feature","geometry":{"type":"Polygon","coordinates":[[[37.620442,55.7723671],[37.620461,55.7723078],[37.6204756,55.7722624],[37.6203407,55.7722488],[37.6203258,55.7722953],[37.6201693,55.772279],[37.6201517,55.772336],[37.6201509,55.7723375],[37.6203277,55.7723555],[37.620442,55.7723671]]]},"properties":{"addr:housenumber":"21 с13","addr:street":"Цветной бульвар","building":"service","building:levels":"1","location":"indoor","man_made":"heat_exchange_station","pipeline":"substation","substance":"hot_water","substation":"distribution","_source":"real","_class":"heat_substation","_osm_id":"way/176371330","_district":"Тверской район"}},{"type":"Feature","geometry":{"type":"Polygon","coordinates":[[[37.66651,55.765162],[37.6665071,55.76523],[37.6668072,55.7652341],[37.6668101,55.7651661],[37.66651,55.765162]]]},"properties":{"addr:housenumber":"11-13 с2","addr:street":"Гороховский переулок","building":"service","building:colour":"beige","building:levels":"1","building:material":"brick","height":"6","man_made":"heat_exchange_station","ref":"0419/002","roof:colour":"grey","roof:material":"tar_paper","roof:shape":"flat","_source":"real","_class":"heat_substation","_osm_id":"way/178057082","_district":"Басманный район"}},{"type":"Feature","geometry":{"type":"Polygon","coordinates":[[[37.4685623,55.6518889],[37.4685216,55.6517295],[37.4687206,55.6517133],[37.4687613,55.6518727],[37.4685623,55.6518889]]]},"properties":{"addr:housenumber":"54 сА","addr:street":"улица Академика Анохина","building":"service","building:levels":"1","location":"indoor","man_made":"heat_exchange_station","pipeline":"substation","substance":"hot_water","substation":"distribution","_source":"real","_class":"heat_substation","_osm_id":"way/179446113","_district":"Тропарёво-Никулино"}},{"type":"Feature","geometry":{"type":"Polygon","coordinates":[[[37.5073199,55.7449964],[37.5071958,55.744995],[37.5071925,55.7450884],[37.5073166,55.7450899],[37.5073199,55.7449964]]]},"properties":{"addr:housenumber":"6 с2","addr:street":"Тучковская улица","building":"yes","man_made":"heat_exchange_station","_source":"real","_class":"heat_substation","_osm_id":"way/179779759","_district":"район Филёвский Парк"}},{"type":"Feature","geometry":{"type":"Polygon","coordinates":[[[37.5387578,55.8678417],[37.5386473,55.8677667],[37.5385347,55.8678187],[37.538645,55.8678939],[37.5387578,55.8678417]]]},"properties":{"addr:housenumber":"7 к1 с1","addr:street":"Коровинское шоссе","building":"service","building:levels":"1","location":"indoor","man_made":"heat_exchange_station","pipeline":"substation","substance":"hot_water","substation":"distribution","_source":"real","_class":"heat_substation","_osm_id":"way/180135977","_district":"район Западное Дегунино"}},{"type":"Feature","geometry":{"type":"Polygon","coordinates":[[[37.477329,55.8616108],[37.477528,55.8615822],[37.4774575,55.8614268],[37.4772585,55.8614553],[37.477329,55.8616108]]]},"properties":{"addr:housenumber":"20 к2 с1","addr:postcode":"125195","addr:street":"Беломорская улица","building":"service","building:colour":"white;grey","building:levels":"1","building:material":"concrete","location":"indoor","man_made":"heat_exchange_station","pipeline":"substation","roof:colour":"grey","roof:material":"metal","roof:shape":"flat","source":"Адресный реестр Москвы, data.mos.ru","substance":"hot_water","substation":"distribution","_source":"real","_class":"heat_substation","_osm_id":"way/181333552","_district":"район Левобережный"}},{"type":"Feature","geometry":{"type":"Polygon","coordinates":[[[37.4778418,55.5822641],[37.4780588,55.5824296],[37.4782256,55.5823597],[37.4780087,55.5821942],[37.4778418,55.5822641]]]},"properties":{"building":"yes","name":"ЦТП-026","_source":"real","_class":"heat_substation","_osm_id":"way/181719055","_district":"район Коммунарка"}},{"type":"Feature","geometry":{"type":"Polygon","coordinates":[[[37.5727794,55.8025197],[37.5727759,55.8023991],[37.5724943,55.8024017],[37.5724978,55.8025223],[37.5727794,55.8025197]]]},"properties":{"addr:housenumber":"23 с6","addr:street":"Башиловская улица","building":"yes","building:levels":"1","operator":"МОЭК","power":"plant","_source":"real","_class":"heat_source","_osm_id":"way/181753730","_district":"Савёловский район"}},{"type":"Feature","geometry":{"type":"Polygon","coordinates":[[[37.5739657,55.8018076],[37.5740235,55.8016979],[37.5738063,55.8016617],[37.5737485,55.8017714],[37.5739657,55.8018076]]]},"properties":{"addr:housenumber":"21 с2","addr:street":"Башиловская улица","building":"industrial","building:levels":"1","operator":"МОЭК","power":"plant","_source":"real","_class":"heat_source","_osm_id":"way/181753774","_district":"Савёловский район"}},{"type":"Feature","geometry":{"type":"Polygon","coordinates":[[[37.7457832,55.6107325],[37.7457783,55.6108537],[37.7459406,55.6108558],[37.7459456,55.6107346],[37.7457832,55.6107325]]]},"properties":{"addr:housenumber":"17А","addr:street":"Воронежская улица","building":"service","height":"5","man_made":"heat_exchange_station","_source":"real","_class":"heat_substation","_osm_id":"way/181997770","_district":"Орехово-Борисово Южное"}},{"type":"Feature","geometry":{"type":"Polygon","coordinates":[[[37.7476373,55.606933],[37.7476699,55.6069718],[37.7477707,55.6069447],[37.747738,55.6069059],[37.7476373,55.606933]]]},"properties":{"addr:housenumber":"19 к3 с2","addr:street":"Гурьевский проезд","building":"yes","height":"4","man_made":"heat_exchange_station","_source":"real","_class":"heat_substation","_osm_id":"way/181999173","_district":"Орехово-Борисово Южное"}},{"type":"Feature","geometry":{"type":"Polygon","coordinates":[[[37.7484778,55.6056783],[37.7486871,55.605624],[37.7485478,55.6054526],[37.7483384,55.6055069],[37.7484778,55.6056783]]]},"properties":{"addr:housenumber":"15 к2 с4","addr:street":"Гурьевский проезд","building":"yes","height":"6","man_made":"heat_exchange_station","name":"ЦТП №5","_source":"real","_class":"heat_substation","_osm_id":"way/181999217","_district":"Орехово-Борисово Южное"}},{"type":"Feature","geometry":{"type":"Polygon","coordinates":[[[37.6582825,55.6711821],[37.6582608,55.671113],[37.6580858,55.6711305],[37.6581075,55.6711996],[37.6582825,55.6711821]]]},"properties":{"building":"service","man_made":"heat_exchange_station","_source":"real","_class":"heat_substation","_osm_id":"way/184958502","_district":"район Нагатино-Садовники"}},{"type":"Feature","geometry":{"type":"Polygon","coordinates":[[[37.2471077,55.6003454],[37.246637,55.5997203],[37.2463442,55.5997907],[37.2468149,55.6004158],[37.2471077,55.6003454]]]},"properties":{"building":"industrial","name":"Котельная","_source":"real","_class":"heat_source","_osm_id":"way/186159787","_district":"район Внуково"}},{"type":"Feature","geometry":{"type":"Polygon","coordinates":[[[37.6594219,55.5997125],[37.6593688,55.5998325],[37.6595981,55.5998649],[37.6596512,55.5997449],[37.6594219,55.5997125]]]},"properties":{"addr:housenumber":"10 с3","addr:street":"Бирюлёвская улица","building":"yes","man_made":"heat_exchange_station","_source":"real","_class":"heat_substation","_osm_id":"way/186389173","_district":"район Бирюлёво Восточное"}},{"type":"Feature","geometry":{"type":"Polygon","coordinates":[[[37.6613547,55.6004499],[37.6615797,55.6004872],[37.6616658,55.6003212],[37.6614408,55.6002839],[37.6613547,55.6004499]]]},"properties":{"addr:housenumber":"8А","addr:street":"Бирюлёвская улица","building":"yes","height":"6","man_made":"heat_exchange_station","source":"Адресный реестр Москвы, data.mos.ru","_source":"real","_class":"heat_substation","_osm_id":"way/186389193","_district":"район Бирюлёво Восточное"}},{"type":"Feature","geometry":{"type":"Polygon","coordinates":[[[37.6104774,55.7821503],[37.610652,55.7823145],[37.6108962,55.7822324],[37.6107483,55.7820934],[37.6106929,55.782112],[37.6106661,55.7820868],[37.6104774,55.7821503]]]},"properties":{"addr:housenumber":"1/21 с2","addr:street":"улица Достоевского","building":"service","building:colour":"white","building:levels":"1","building:material":"brick","location":"indoor","man_made":"heat_exchange_station","pipeline":"substation","roof:colour":"grey","roof:material":"tar_paper","roof:shape":"flat","substance":"hot_water","substation":"distribution","_source":"real","_class":"heat_substation","_osm_id":"way/189136647","_district":"Тверской район"}},{"type":"Feature","geometry":{"type":"Polygon","coordinates":[[[37.8247191,55.7776652],[37.8247371,55.7775474],[37.8250127,55.7775612],[37.8249938,55.7776792],[37.8247191,55.7776652]]]},"properties":{"addr:housenumber":"7 с3","addr:street":"Челябинская улица","building":"service","building:levels":"1","location":"indoor","man_made":"heat_exchange_station","pipeline":"substation","substance":"hot_water","substation":"distribution","_source":"real","_class":"heat_substation","_osm_id":"way/189251551","_district":"район Ивановское"}},{"type":"Feature","geometry":{"type":"Polygon","coordinates":[[[37.75262,55.8201387],[37.7527863,55.8202219],[37.7530084,55.8200818],[37.7528421,55.8199986],[37.75262,55.8201387]]]},"properties":{"addr:housenumber":"24 к2 с2","addr:street":"Открытое шоссе","building":"service","building:colour":"white","building:levels":"1","building:material":"concrete","man_made":"heat_exchange_station","pipeline":"substation","ref":"04-01-0612/032","roof:colour":"grey","roof:material":"tar_paper","roof:shape":"flat","substance":"hot_water","substation":"distribution","_source":"real","_class":"heat_substation","_osm_id":"way/189514694","_district":"район Метрогородок"}},{"type":"Feature","geometry":{"type":"Polygon","coordinates":[[[37.6586703,55.8388688],[37.6589258,55.8387567],[37.659001,55.8388107],[37.6587455,55.8389228],[37.6586703,55.8388688]]]},"properties":{"addr:housenumber":"179 с3","addr:street":"проспект Мира","building":"service","building:levels":"1","location":"indoor","man_made":"heat_exchange_station","pipeline":"substation","ref":"51","substance":"hot_water","substation":"distribution","_source":"real","_class":"heat_substation","_osm_id":"way/191684141","_district":"район Ростокино"}},{"type":"Feature","geometry":{"type":"Polygon","coordinates":[[[37.7558768,55.8198935],[37.7559794,55.819827],[37.7561363,55.8199034],[37.7560337,55.8199699],[37.7558768,55.8198935]]]},"properties":{"addr:housenumber":"3 к2 с1","addr:street":"улица Николая Химушина","building":"service","building:colour":"white","building:levels":"1","building:material":"plaster","location":"indoor","man_made":"heat_exchange_station","pipeline":"substation","ref":"04-01-0605/017","roof:colour":"grey","roof:material":"tar_paper","roof:shape":"flat","substance":"hot_water","substation":"distribution","_source":"real","_class":"heat_substation","_osm_id":"way/192052783","_district":"район Метрогородок"}},{"type":"Feature","geometry":{"type":"Polygon","coordinates":[[[37.4488337,55.8317442],[37.4488173,55.8316151],[37.4491016,55.8316037],[37.449118,55.8317328],[37.4488337,55.8317442]]]},"properties":{"addr:city":"Москва","addr:country":"RU","addr:housenumber":"12 с1","addr:street":"Вишнёвая улица","building":"service","building:colour":"grey;blue","building:levels":"1","building:material":"concrete","location":"indoor","man_made":"heat_exchange_station","name":"ЦТП","official_short_type":"ЦТП","pipeline":"substation","pipeline:heat_transfer":"yes","roof:colour":"grey","roof:material":"tar_paper","roof:shape":"flat","substance":"hot_water","substation":"distribution","_source":"real","_class":"heat_substation","_osm_id":"way/194080263","_district":"район Покровское-Стрешнево"}},{"type":"Feature","geometry":{"type":"Polygon","coordinates":[[[37.5935213,55.6931778],[37.593517,55.6930502],[37.5931265,55.6930578],[37.593132,55.6931906],[37.5934694,55.6931865],[37.5934692,55.6931783],[37.5935213,55.6931778]]]},"properties":{"addr:housenumber":"17 к3 с1","addr:street":"улица Шверника","building":"service","building:levels":"1","name":"Центральный тепловой пункт","roof:shape":"flat","_source":"real","_class":"heat_substation","_osm_id":"way/194309648","_district":"Академический район"}},{"type":"Feature","geometry":{"type":"Polygon","coordinates":[[[37.5691881,55.8609198],[37.5693475,55.8609355],[37.5693819,55.8608257],[37.5692225,55.8608099],[37.5691881,55.8609198]]]},"properties":{"addr:housenumber":"10 с1","addr:street":"Дубнинская улица","building":"service","building:colour":"red;grey","building:levels":"1","building:material":"brick","location":"indoor","man_made":"heat_exchange_station","pipeline":"substation","roof:colour":"grey","roof:material":"tar_paper","roof:shape":"flat","substance":"hot_water","substation":"distribution","_source":"real","_class":"heat_substation","_osm_id":"way/197132704","_district":"район Восточное Дегунино"}},{"type":"Feature","geometry":{"type":"Polygon","coordinates":[[[37.6814316,55.8090949],[37.681371,55.8089318],[37.6815793,55.8089073],[37.6816399,55.8090705],[37.6814316,55.8090949]]]},"properties":{"addr:housenumber":"17","addr:street":"6-й Лучевой просек","building":"service","building:levels":"1","location":"indoor","man_made":"heat_exchange_station","pipeline":"substation","substance":"hot_water","substation":"distribution","_source":"real","_class":"heat_substation","_osm_id":"way/197527324","_district":"район Сокольники"}},{"type":"Feature","geometry":{"type":"Polygon","coordinates":[[[37.5427454,55.4715638],[37.5427603,55.4714802],[37.5429586,55.4714915],[37.5429436,55.4715752],[37.5427454,55.4715638]]]},"properties":{"landuse":"industrial","power":"plant","_source":"real","_class":"heat_source","_osm_id":"way/201874524","_district":"район Щербинка"}},{"type":"Feature","geometry":{"type":"Polygon","coordinates":[[[37.4617574,55.6843856],[37.4619762,55.6842752],[37.4618367,55.6841873],[37.4616179,55.6842977],[37.4617574,55.6843856]]]},"properties":{"building":"service","building:levels":"1","description":"Центральный тепловой пункт","man_made":"heat_exchange_station","pipeline":"substation","substance":"hot_water","substation":"distribution","_source":"real","_class":"heat_substation","_osm_id":"way/203856034","_district":"район Очаково-Матвеевское"}},{"type":"Feature","geometry":{"type":"Polygon","coordinates":[[[37.3750956,55.5879265],[37.3752468,55.587868],[37.3760191,55.5875692],[37.3760906,55.5875133],[37.3760796,55.5874512],[37.3755299,55.5870411],[37.3750462,55.5867459],[37.3740776,55.5872966],[37.3750956,55.5879265]]]},"properties":{"barrier":"fence","landuse":"industrial","plant:output:hot_water":"yes","power":"plant","_source":"real","_class":"heat_source","_osm_id":"way/204029095","_district":"Филимонковский район"}},{"type":"Feature","geometry":{"type":"Polygon","coordinates":[[[37.5337036,55.777393],[37.5340685,55.7773277],[37.5339972,55.7772016],[37.5336323,55.7772669],[37.5337036,55.777393]]]},"properties":{"addr:housenumber":"50 с2","addr:street":"Хорошёвское шоссе","building":"service","building:levels":"1","location":"indoor","man_made":"heat_exchange_station","operator":"МОЭК","pipeline":"substation","substance":"hot_water","substation":"distribution","_source":"real","_class":"heat_substation","_osm_id":"way/204156465","_district":"Хорошёвский район"}},{"type":"Feature","geometry":{"type":"Polygon","coordinates":[[[37.7727433,55.8048026],[37.7730433,55.8048272],[37.7730741,55.8047089],[37.7727741,55.8046843],[37.7727433,55.8048026]]]},"properties":{"addr:housenumber":"27 c1","addr:street":"Никитинская улица","building":"service","building:colour":"white;punk","building:levels":"1","building:material":"concrete","location":"indoor","man_made":"heat_exchange_station","pipeline":"substation","roof:colour":"grey","roof:material":"tar_paper","roof:shape":"flat","substance":"hot_water","substation":"distribution","_source":"real","_class":"heat_substation","_osm_id":"way/204347766","_district":"район Северное Измайлово"}},{"type":"Feature","geometry":{"type":"Polygon","coordinates":[[[37.558931,55.8074634],[37.5591306,55.8075034],[37.5592002,55.8073938],[37.5590006,55.8073538],[37.558931,55.8074634]]]},"properties":{"addr:housenumber":"5 с1","addr:street":"улица Вучетича","building":"service","building:levels":"1","location":"indoor","man_made":"heat_exchange_station","operator":"МОЭК","pipeline":"substation","substance":"hot_water","substation":"distribution","_source":"real","_class":"heat_substation","_osm_id":"way/205383827","_district":"Тимирязевский район"}},{"type":"Feature","geometry":{"type":"Polygon","coordinates":[[[37.4848122,55.6239486],[37.484858,55.623825],[37.4846663,55.6238024],[37.4846205,55.623926],[37.4848122,55.6239486]]]},"properties":{"addr:housenumber":"7 к1 с1","addr:street":"улица Генерала Тюленева","building":"service","building:levels":"1","location":"indoor","man_made":"heat_exchange_station","pipeline":"substation","ref":"07-07-035","substance":"hot_water","substation":"distribution","_source":"real","_class":"heat_substation","_osm_id":"way/211259414","_district":"район Тёплый Стан"}},{"type":"Feature","geometry":{"type":"Polygon","coordinates":[[[37.4255487,55.85129],[37.4255786,55.8512133],[37.4258316,55.8512444],[37.4258018,55.851321],[37.4255487,55.85129]]]},"properties":{"addr:housenumber":"10 c1","addr:street":"бульвар Яна Райниса","building":"service","building:colour":"white;brown","building:levels":"1","building:material":"plaster","location":"indoor","man_made":"heat_exchange_station","pipeline":"substation","roof:colour":"grey","roof:material":"metal","roof:shape":"flat","substance":"hot_water","substation":"distribution","_source":"real","_class":"heat_substation","_osm_id":"way/220239898","_district":"район Северное Тушино"}},{"type":"Feature","geometry":{"type":"Polygon","coordinates":[[[37.6030126,55.631724],[37.6030935,55.6318882],[37.6033076,55.6318546],[37.6032266,55.6316904],[37.6030126,55.631724]]]},"properties":{"addr:housenumber":"3 к1 с4","addr:street":"Чертановская улица","building":"yes","height":"6","man_made":"heat_exchange_station","_source":"real","_class":"heat_substation","_osm_id":"way/220665964","_district":"район Чертаново Северное"}},{"type":"Feature","geometry":{"type":"Polygon","coordinates":[[[37.6098263,55.6330749],[37.6099499,55.6330547],[37.609866,55.6328915],[37.6097425,55.6329117],[37.6098263,55.6330749]]]},"properties":{"addr:city":"Москва","addr:country":"RU","addr:housenumber":"5Б","addr:postcode":"117208","addr:street":"Сумской проезд","building":"service","man_made":"heat_exchange_station","_source":"real","_class":"heat_substation","_osm_id":"way/220667795","_district":"район Чертаново Северное"}},{"type":"Feature","geometry":{"type":"Polygon","coordinates":[[[37.6953692,55.7958016],[37.6952927,55.7958516],[37.6953845,55.795896],[37.695461,55.7958459],[37.6953692,55.7958016]]]},"properties":{"addr:housenumber":"7 к3 с2","addr:street":"Колодезная улица","building":"service","building:colour":"white;blue","building:levels":"1","building:material":"concrete","height":"6","location":"indoor","man_made":"heat_exchange_station","pipeline":"substation","roof:colour":"grey","roof:material":"tar_paper","roof:shape":"flat","substance":"hot_water","substation":"distribution","_source":"real","_class":"heat_substation","_osm_id":"way/221872176","_district":"район Сокольники"}},{"type":"Feature","geometry":{"type":"Polygon","coordinates":[[[37.7001113,55.868375],[37.7002576,55.8683192],[37.7001576,55.8682367],[37.7000113,55.8682926],[37.7001113,55.868375]]]},"properties":{"addr:housenumber":"7 с2","addr:street":"Федоскинская улица","building":"service","building:levels":"1","location":"indoor","man_made":"heat_exchange_station","pipeline":"substation","substance":"hot_water","substation":"distribution","_source":"real","_class":"heat_substation","_osm_id":"way/223512898","_district":"Ярославский район"}},{"type":"Feature","geometry":{"type":"Polygon","coordinates":[[[37.1118773,55.5954296],[37.1119517,55.5953484],[37.1112376,55.5951424],[37.1111618,55.5952242],[37.1117687,55.5953984],[37.1118773,55.5954296]]]},"properties":{"building":"industrial","building:material":"brick","height":"8","name":"Котельная","roof:colour":"black","_source":"real","_class":"heat_source","_osm_id":"way/227329975","_district":"район Внуково"}},{"type":"Feature","geometry":{"type":"Polygon","coordinates":[[[37.8930473,55.72223],[37.8928916,55.7221499],[37.8930899,55.7220276],[37.8932457,55.7221078],[37.8930473,55.72223]]]},"properties":{"addr:housenumber":"15 к2 с2","addr:street":"Лухмановская улица","building":"service","building:levels":"1","location":"indoor","man_made":"heat_exchange_station","pipeline":"substation","substance":"hot_water","substation":"distribution","_source":"real","_class":"heat_substation","_osm_id":"way/227484734","_district":"район Косино-Ухтомский"}},{"type":"Feature","geometry":{"type":"Polygon","coordinates":[[[37.8919945,55.7216464],[37.8918365,55.7215664],[37.8920323,55.7214438],[37.8921902,55.7215239],[37.8919945,55.7216464]]]},"properties":{"addr:housenumber":"15 к2 с1","addr:street":"Лухмановская улица","building":"service","building:levels":"1","location":"indoor","man_made":"heat_exchange_station","pipeline":"substation","substance":"hot_water","substation":"distribution","_source":"real","_class":"heat_substation","_osm_id":"way/227484735","_district":"район Косино-Ухтомский"}},{"type":"Feature","geometry":{"type":"Polygon","coordinates":[[[37.9020712,55.7229578],[37.9020334,55.7228463],[37.9022995,55.7228178],[37.9023372,55.7229292],[37.9020712,55.7229578]]]},"properties":{"addr:housenumber":"29 с1","addr:street":"Лухмановская улица","building":"service","building:levels":"1","location":"indoor","man_made":"heat_exchange_station","pipeline":"substation","substance":"hot_water","substation":"distribution","_source":"real","_class":"heat_substation","_osm_id":"way/227487553","_district":"район Косино-Ухтомский"}},{"type":"Feature","geometry":{"type":"Polygon","coordinates":[[[37.9058576,55.7240519],[37.9058457,55.7239417],[37.9061354,55.7239318],[37.9061473,55.7240419],[37.9058576,55.7240519]]]},"properties":{"addr:housenumber":"33 с2","addr:street":"Лухмановская улица","building":"service","building:levels":"1","location":"indoor","man_made":"heat_exchange_station","pipeline":"substation","substance":"hot_water","substation":"distribution","_source":"real","_class":"heat_substation","_osm_id":"way/227487757","_district":"район Косино-Ухтомский"}},{"type":"Feature","geometry":{"type":"Polygon","coordinates":[[[37.568613,55.6867],[37.568773,55.6866461],[37.5685419,55.6864283],[37.568382,55.6864822],[37.568613,55.6867]]]},"properties":{"addr:housenumber":"8 к2","addr:street":"Профсоюзная улица","building":"yes","height":"6","man_made":"heat_exchange_station","_source":"real","_class":"heat_substation","_osm_id":"way/227621872","_district":"Академический район"}},{"type":"Feature","geometry":{"type":"Polygon","coordinates":[[[37.4460015,55.8534271],[37.4461839,55.8533606],[37.4462208,55.8533926],[37.446307,55.8534671],[37.4463398,55.8534955],[37.4461573,55.8535619],[37.4460015,55.8534271]]]},"properties":{"addr:housenumber":"14 к2 с1","addr:street":"Химкинский бульвар","building":"service","building:colour":"white;pink","building:levels":"1","building:material":"concrete","location":"indoor","man_made":"heat_exchange_station","operator":"МОЭК филиал №9 предприятие №5","pipeline":"substation","ref":"09-06-124","roof:colour":"grey","roof:material":"tar_paper","roof:shape":"flat","substance":"hot_water","substation":"distribution","_source":"real","_class":"heat_substation","_osm_id":"way/227834687","_district":"район Северное Тушино"}},{"type":"Feature","geometry":{"type":"Polygon","coordinates":[[[37.7030427,55.7467697],[37.7030804,55.7466645],[37.702867,55.7466393],[37.7028301,55.7467449],[37.7030427,55.7467697]]]},"properties":{"addr:housenumber":"5 к1 с2","addr:street":"Шепелюгинская улица","building":"yes","man_made":"heat_exchange_station","_source":"real","_class":"heat_substation","_osm_id":"way/229337565","_district":"район Лефортово"}},{"type":"Feature","geometry":{"type":"Polygon","coordinates":[[[37.6666609,55.6391359],[37.6670431,55.6391157],[37.6670153,55.6389479],[37.6666331,55.638968],[37.6666609,55.6391359]]]},"properties":{"addr:city":"Москва","addr:housenumber":"16 к2 с3","addr:street":"Кантемировская улица","building":"yes","building:levels":"2","height":"6","man_made":"heat_exchange_station","_source":"real","_class":"heat_substation","_osm_id":"way/23426559","_district":"район Москворечье-Сабурово"}},{"type":"Feature","geometry":{"type":"Polygon","coordinates":[[[37.5748902,55.7904051],[37.575058,55.7903457],[37.5749462,55.7902451],[37.5747779,55.7903042],[37.5748902,55.7904051]]]},"properties":{"addr:housenumber":"25 с2","addr:street":"улица Расковой","building":"service","building:colour":"white","building:levels":"1","building:material":"concrete","location":"indoor","man_made":"heat_exchange_station","pipeline":"substation","roof:colour":"grey","roof:material":"tar_paper","roof:shape":"flat","substance":"hot_water","substation":"distribution","_source":"real","_class":"heat_substation","_osm_id":"way/242446775","_district":"район Беговой"}},{"type":"Feature","geometry":{"type":"Polygon","coordinates":[[[37.5962108,55.6130956],[37.595927,55.613132],[37.5959527,55.6131959],[37.5962365,55.6131594],[37.5962108,55.6130956]]]},"properties":{"addr:housenumber":"8 к1 с2","addr:street":"улица Красного Маяка","branch":"Филиал № 6 «Южный», предприятие № 9","building":"service","building:levels":"1","location":"indoor","man_made":"heat_exchange_station","official_short_type":"ЦТП","operator":"ПАО «МОЭК»","pipeline":"substation","pipeline:heat_transfer":"yes","ref":"06-09-024","substance":"hot_water","substation":"distribution","_source":"real","_class":"heat_substation","_osm_id":"way/242738703","_district":"район Чертаново Центральное"}},{"type":"Feature","geometry":{"type":"Polygon","coordinates":[[[37.4834967,55.5693738],[37.4841867,55.5697337],[37.4843962,55.5696058],[37.4836871,55.5692459],[37.4834967,55.5693738]]]},"properties":{"addr:city":"Коммунарка","addr:housenumber":"12с1","addr:street":"Фитарёвская улица","building":"yes","building:levels":"2","name":"Котельная","_source":"real","_class":"heat_source","_osm_id":"way/248696052","_district":"район Коммунарка"}},{"type":"Feature","geometry":{"type":"Polygon","coordinates":[[[37.61124,55.7728355],[37.6113844,55.7728606],[37.6115577,55.7725448],[37.6114953,55.772534],[37.6115062,55.772514],[37.6114876,55.7725108],[37.611451,55.7725044],[37.61144,55.7725244],[37.6114133,55.7725198],[37.61124,55.7728355]]]},"properties":{"addr:city":"Москва","addr:housenumber":"22 с4","addr:street":"Садовая-Каретная улица","building":"service","building:colour":"white","building:levels":"1","building:material":"brick","location":"indoor","man_made":"heat_exchange_station","pipeline":"substation","roof:colour":"lightgrey","roof:material":"metal","roof:shape":"flat","substance":"hot_water","substation":"distribution","_source":"real","_class":"heat_substation","_osm_id":"way/251236182","_district":"Тверской район"}},{"type":"Feature","geometry":{"type":"Polygon","coordinates":[[[37.6311805,55.7356304],[37.6312534,55.7356506],[37.6314538,55.735706],[37.6314979,55.7356555],[37.6315094,55.7356423],[37.6312361,55.7355667],[37.6312213,55.7355837],[37.6311805,55.7356304]]]},"properties":{"addr:housenumber":"24 с11","addr:street":"Новокузнецкая улица","building":"service","building:levels":"1","location":"indoor","man_made":"heat_exchange_station","pipeline":"substation","roof:colour":"lightgrey","roof:material":"metal","roof:shape":"flat","substance":"hot_water","substation":"distribution","_source":"real","_class":"heat_substation","_osm_id":"way/251760459","_district":"район Замоскворечье"}},{"type":"Feature","geometry":{"type":"Polygon","coordinates":[[[37.4953368,55.7964672],[37.4951468,55.7965279],[37.494969,55.7963521],[37.495159,55.7962914],[37.4953368,55.7964672]]]},"properties":{"addr:housenumber":"вл2","addr:street":"улица Маршала Рыбалко","building":"industrial","landuse":"industrial","power":"plant","_source":"real","_class":"heat_source","_osm_id":"way/258629347","_district":"район Щукино"}},{"type":"Feature","geometry":{"type":"Polygon","coordinates":[[[37.7564731,55.6360019],[37.7566734,55.6360533],[37.7568219,55.635869],[37.7566216,55.6358175],[37.7564731,55.6360019]]]},"properties":{"addr:housenumber":"10 к2 с2","addr:street":"Ключевая улица","building":"service","building:levels":"1","location":"indoor","man_made":"heat_exchange_station","pipeline":"substation","substance":"hot_water","substation":"distribution","_source":"real","_class":"heat_substation","_osm_id":"way/264633371","_district":"район Братеево"}},{"type":"Feature","geometry":{"type":"Polygon","coordinates":[[[37.5507132,55.871352],[37.5507258,55.8712831],[37.5512916,55.8713156],[37.551279,55.8713845],[37.5507132,55.871352]]]},"properties":{"addr:city":"Москва","addr:country":"RU","addr:housenumber":"90 к2 с1","addr:street":"Дмитровское шоссе","building":"service","building:colour":"white","building:levels":"1","building:material":"brick","location":"indoor","man_made":"heat_exchange_station","pipeline":"substation","roof:colour":"grey","roof:material":"tar_paper","roof:shape":"flat","substance":"hot_water","substation":"distribution","_source":"real","_class":"heat_substation","_osm_id":"way/26757538","_district":"Бескудниковский район"}},{"type":"Feature","geometry":{"type":"Polygon","coordinates":[[[37.5571018,55.6792662],[37.5569497,55.6791214],[37.55676,55.6791847],[37.5569121,55.6793295],[37.5571018,55.6792662]]]},"properties":{"addr:housenumber":"63 к2 с1","addr:street":"Нахимовский проспект","branch":"Филиал №7 Предприятие №3","building":"service","building:levels":"1","height":"6","man_made":"heat_exchange_station","operator":"ПАО \"МОЭК\"","pipeline":"substation","pipeline:heat_transfer":"yes","ref":"07-02-0808/134","substance":"hot_water","substation":"distribution","_source":"real","_class":"heat_substation","_osm_id":"way/271218627","_district":"район Черёмушки"}},{"type":"Feature","geometry":{"type":"Polygon","coordinates":[[[37.725164,55.6220553],[37.7253535,55.622087],[37.7254234,55.6219537],[37.7252339,55.621922],[37.725164,55.6220553]]]},"properties":{"addr:city":"Москва","addr:country":"RU","addr:housenumber":"25 к1 с2","addr:postcode":"109387","addr:street":"Шипиловская улица","building":"yes","building:levels":"2","fixme":"непонятно откудо здание сюда приехало","man_made":"heat_exchange_station","_source":"real","_class":"heat_substation","_osm_id":"way/27276534","_district":"район Орехово-Борисово Северное"}},{"type":"Feature","geometry":{"type":"LineString","coordinates":[[37.3572861,55.5839854],[37.3570506,55.5838565]]},"properties":{"layer":"1","location":"overhead","man_made":"pipeline","type":"heat","_source":"real","_class":"heat_pipe","_osm_id":"way/273316408","_district":"Филимонковский район","_length_km":0.021}},{"type":"Feature","geometry":{"type":"LineString","coordinates":[[37.3581126,55.584484],[37.3572861,55.5839854]]},"properties":{"location":"overground","man_made":"pipeline","type":"heat","_source":"real","_class":"heat_pipe","_osm_id":"way/273316409","_district":"Филимонковский район","_length_km":0.076}},{"type":"Feature","geometry":{"type":"LineString","coordinates":[[37.3570506,55.5838565],[37.3532605,55.5824556]]},"properties":{"location":"overground","man_made":"pipeline","substance":"heat","_source":"real","_class":"heat_pipe","_osm_id":"way/273316411","_district":"Филимонковский район","_length_km":0.285}},{"type":"Feature","geometry":{"type":"Polygon","coordinates":[[[37.5808905,55.8387413],[37.58111,55.8387686],[37.5811516,55.838663],[37.5809321,55.8386357],[37.5808905,55.8387413]]]},"properties":{"addr:city":"Москва","addr:country":"RU","building":"service","building:levels":"1","location":"indoor","man_made":"heat_exchange_station","pipeline":"substation","ref":"РТП 4474","substance":"hot_water","substation":"distribution","_source":"real","_class":"heat_substation","_osm_id":"way/27654264","_district":"Останкинский район"}},{"type":"Feature","geometry":{"type":"Polygon","coordinates":[[[37.3636411,55.8468947],[37.3637837,55.8469805],[37.3635273,55.8471149],[37.3633847,55.8470291],[37.3636411,55.8468947]]]},"properties":{"addr:city":"Москва","addr:country":"RU","addr:housenumber":"38 к1 с1","addr:street":"Митинская улица","building":"service","building:levels":"1","location":"indoor","man_made":"heat_exchange_station","pipeline":"substation","substance":"hot_water","substation":"distribution","_source":"real","_class":"heat_substation","_osm_id":"way/27736450","_district":"район Митино"}},{"type":"Feature","geometry":{"type":"Polygon","coordinates":[[[37.3656373,55.8478094],[37.3657772,55.8478923],[37.3655327,55.8480224],[37.3653927,55.8479397],[37.3656373,55.8478094]]]},"properties":{"addr:city":"Москва","addr:country":"RU","addr:housenumber":"25 к1 с1","addr:street":"Пятницкое шоссе","building":"service","building:levels":"1","location":"indoor","man_made":"heat_exchange_station","operator":"МОЭК","pipeline":"substation","substance":"hot_water","substation":"distribution","_source":"real","_class":"heat_substation","_osm_id":"way/27736498","_district":"район Митино"}},{"type":"Feature","geometry":{"type":"Polygon","coordinates":[[[37.3693156,55.8439793],[37.3690867,55.8440824],[37.3692303,55.8441829],[37.3694592,55.8440798],[37.3693156,55.8439793]]]},"properties":{"addr:city":"Москва","addr:country":"RU","addr:housenumber":"26 с3","addr:street":"Митинская улица","building":"service","building:levels":"1","location":"indoor","man_made":"heat_exchange_station","pipeline":"substation","substance":"hot_water","substation":"distribution","_source":"real","_class":"heat_substation","_osm_id":"way/27736549","_district":"район Митино"}},{"type":"Feature","geometry":{"type":"Polygon","coordinates":[[[37.3797494,55.839048],[37.3799878,55.8391981],[37.380153,55.8391153],[37.3799146,55.8389653],[37.3797494,55.839048]]]},"properties":{"addr:city":"Москва","addr:country":"RU","addr:housenumber":"8 с1","addr:street":"Новотушинский проезд","building":"service","building:levels":"1","location":"indoor","man_made":"heat_exchange_station","pipeline":"substation","roof:shape":"flat","substance":"hot_water","substation":"distribution","_source":"real","_class":"heat_substation","_osm_id":"way/27737461","_district":"район Митино"}},{"type":"Feature","geometry":{"type":"Polygon","coordinates":[[[37.3597518,55.8522464],[37.3600004,55.8524103],[37.3601784,55.8523252],[37.3599298,55.8521613],[37.3597518,55.8522464]]]},"properties":{"addr:city":"Москва","addr:country":"RU","building":"service","building:levels":"1","location":"indoor","man_made":"heat_exchange_station","pipeline":"substation","substance":"hot_water","substation":"distribution","_source":"real","_class":"heat_substation","_osm_id":"way/27737726","_district":"район Митино"}},{"type":"Feature","geometry":{"type":"Polygon","coordinates":[[[37.6980092,55.7332562],[37.6971511,55.733464],[37.6968458,55.7330642],[37.6977038,55.7328564],[37.6980092,55.7332562]]]},"properties":{"addr:city":"Москва","addr:housenumber":"27/26 с1","addr:postcode":"109029","addr:street":"Скотопрогонная улица","building":"office","building:colour":"beige","building:levels":"6","building:material":"porcelain_stoneware","name":"Бизнес-центр \"РТС\"","roof:colour":"grey","roof:material":"tar_paper","roof:shape":"flat","_source":"real","_class":"heat_source","_osm_id":"way/27752791","_district":"Нижегородский район"}},{"type":"Feature","geometry":{"type":"Polygon","coordinates":[[[37.4771761,55.8094656],[37.4771655,55.8096275],[37.4775069,55.8096346],[37.4775175,55.8094727],[37.4771761,55.8094656]]]},"properties":{"addr:housenumber":"8 с1","addr:street":"Щукинская улица","building":"service","building:levels":"1","location":"indoor","man_made":"heat_exchange_station","pipeline":"substation","ref":"308/034","substance":"hot_water","substation":"distribution","_source":"real","_class":"heat_substation","_osm_id":"way/27800668","_district":"район Щукино"}},{"type":"Feature","geometry":{"type":"Polygon","coordinates":[[[37.4683203,55.8048851],[37.4682993,55.8048908],[37.4681151,55.8049407],[37.4682933,55.8051281],[37.4684948,55.8050664],[37.4683203,55.8048851]]]},"properties":{"addr:housenumber":"9 к2 с1","addr:street":"улица Маршала Василевского","building":"service","building:levels":"1","location":"indoor","man_made":"heat_exchange_station","name":"ЦТП №308/017","name:uk":"ЦТП №308/017","pipeline":"substation","substance":"hot_water","substation":"distribution","_source":"real","_class":"heat_substation","_osm_id":"way/27830655","_district":"район Щукино"}},{"type":"Feature","geometry":{"type":"Polygon","coordinates":[[[37.5551813,55.8730311],[37.5552788,55.8729075],[37.5554769,55.8729567],[37.5553794,55.8730803],[37.5551813,55.8730311]]]},"properties":{"addr:city":"Москва","addr:housenumber":"32 к6 с1","addr:street":"Бескудниковский бульвар","building":"service","building:colour":"white;grey","building:levels":"1","building:material":"concrete","location":"indoor","man_made":"heat_exchange_station","pipeline":"substation","roof:colour":"grey","roof:material":"tar_paper","roof:shape":"flat","substance":"hot_water","substation":"distribution","_source":"real","_class":"heat_substation","_osm_id":"way/278665923","_district":"Бескудниковский район"}},{"type":"Feature","geometry":{"type":"Polygon","coordinates":[[[37.5526852,55.8691734],[37.5527721,55.8690664],[37.5529632,55.8691152],[37.5528763,55.8692223],[37.5526852,55.8691734]]]},"properties":{"addr:city":"Москва","addr:country":"RU","addr:housenumber":"5А","addr:postcode":"127474","addr:street":"Рогачёвский переулок","building":"service","building:colour":"beige;white","building:levels":"1","building:material":"concrete","location":"indoor","man_made":"heat_exchange_station","pipeline":"substation","roof:colour":"grey","roof:material":"tar_paper","roof:shape":"flat","substance":"hot_water","substation":"distribution","_source":"real","_class":"heat_substation","_osm_id":"way/28119594","_district":"Бескудниковский район"}},{"type":"Feature","geometry":{"type":"Polygon","coordinates":[[[37.7192916,55.8813052],[37.7194578,55.8812315],[37.7192415,55.8810779],[37.7190754,55.8811515],[37.7192916,55.8813052]]]},"properties":{"addr:housenumber":"2 с2","addr:street":"Холмогорская улица","building":"yes","building:levels":"1","description":"ЦТП","man_made":"heat_exchange_station","pipeline":"substation","ref":"03-02-0623/008","substance":"hot_water","substation":"distribution","_source":"real","_class":"heat_substation","_osm_id":"way/28172816","_district":"Ярославский район"}},{"type":"Feature","geometry":{"type":"Polygon","coordinates":[[[37.5163153,55.6433788],[37.516252,55.643328],[37.5165416,55.643213],[37.5166049,55.6432638],[37.5163153,55.6433788]]]},"properties":{"addr:housenumber":"5 к3 с1","addr:street":"улица Академика Арцимовича","building":"service","building:levels":"1","description":"Центральный тепловой пункт","location":"indoor","man_made":"heat_exchange_station","pipeline":"substation","ref":"07-01-1108/077","substance":"hot_water","substation":"distribution","_source":"real","_class":"heat_substation","_osm_id":"way/282484664","_district":"район Коньково"}},{"type":"Feature","geometry":{"type":"Polygon","coordinates":[[[37.5651521,55.8554975],[37.5651178,55.8553784],[37.5647603,55.8554109],[37.5647947,55.8555299],[37.5651521,55.8554975]]]},"properties":{"addr:city":"Москва","addr:country":"RU","addr:housenumber":"64 к5 с1","addr:postcode":"127560","addr:street":"Дмитровское шоссе","building":"service","building:colour":"white;black","building:levels":"1","building:material":"concrete","location":"indoor","man_made":"heat_exchange_station","pipeline":"substation","roof:colour":"grey","roof:material":"tar_paper","roof:shape":"flat","substance":"hot_water","substation":"distribution","_source":"real","_class":"heat_substation","_osm_id":"way/28413093","_district":"Бескудниковский район"}},{"type":"Feature","geometry":{"type":"Polygon","coordinates":[[[37.5637149,55.8588171],[37.5639242,55.8588162],[37.5639262,55.858979],[37.5637169,55.8589798],[37.5637149,55.8588171]]]},"properties":{"addr:city":"Москва","addr:country":"RU","addr:housenumber":"6 к3 с1","addr:postcode":"119049","addr:street":"Бескудниковский бульвар","building":"service","building:colour":"white;grey","building:levels":"1","building:material":"plaster","location":"indoor","man_made":"heat_exchange_station","pipeline":"substation","roof:colour":"grey","roof:material":"tar_paper","roof:shape":"flat","substance":"hot_water","substation":"distribution","_source":"real","_class":"heat_substation","_osm_id":"way/28476250","_district":"Бескудниковский район"}},{"type":"Feature","geometry":{"type":"Polygon","coordinates":[[[37.5242842,55.8808586],[37.5242044,55.8809342],[37.5245281,55.8810417],[37.5246079,55.8809662],[37.5242842,55.8808586]]]},"properties":{"addr:city":"Москва","addr:country":"RU","addr:housenumber":"20 к2 с1","addr:street":"Коровинское шоссе","building":"yes","building:levels":"1","operator":"МОЭК","plant:method":"combustion","plant:source":"gas","power":"plant","_source":"real","_class":"heat_source","_osm_id":"way/28573420","_district":"Дмитровский район"}},{"type":"Feature","geometry":{"type":"Polygon","coordinates":[[[37.4520899,55.6738913],[37.4522982,55.6738935],[37.4523026,55.6737649],[37.452191,55.6737637],[37.4520943,55.6737627],[37.4520899,55.6738913]]]},"properties":{"addr:housenumber":"29 к1 с1","addr:street":"Озёрная улица","building":"service","building:levels":"1","description":"Центральный тепловой пункт","man_made":"heat_exchange_station","pipeline":"substation","substance":"hot_water","substation":"distribution","_source":"real","_class":"heat_substation","_osm_id":"way/286822517","_district":"район Очаково-Матвеевское"}},{"type":"Feature","geometry":{"type":"Polygon","coordinates":[[[37.5380267,55.8671716],[37.5381555,55.8671092],[37.5379931,55.8670038],[37.5378643,55.8670662],[37.5380267,55.8671716]]]},"properties":{"addr:city":"Москва","addr:country":"RU","addr:housenumber":"7 к1 с4","addr:street":"Коровинское шоссе","building":"service","building:levels":"1","location":"indoor","man_made":"heat_exchange_station","pipeline":"substation","ref":"РТП-2","roof:shape":"flat","substance":"hot_water","substation":"distribution","_source":"real","_class":"heat_substation","_osm_id":"way/28751409","_district":"район Западное Дегунино"}},{"type":"Feature","geometry":{"type":"Polygon","coordinates":[[[37.5387312,55.8665089],[37.5388659,55.8665996],[37.539081,55.866499],[37.5389462,55.8664083],[37.5387312,55.8665089]]]},"properties":{"addr:city":"Москва","addr:country":"RU","addr:housenumber":"5 с2","addr:street":"Коровинское шоссе","building":"service","building:levels":"1","location":"indoor","man_made":"heat_exchange_station","pipeline":"substation","ref":"ЦТП-5","roof:shape":"flat","substance":"hot_water","substation":"distribution","_source":"real","_class":"heat_substation","_osm_id":"way/28751410","_district":"район Западное Дегунино"}},{"type":"Feature","geometry":{"type":"Polygon","coordinates":[[[37.6626226,55.8327503],[37.6627878,55.8326922],[37.6625204,55.8324525],[37.6623552,55.8325105],[37.6626226,55.8327503]]]},"properties":{"addr:housenumber":"8 с1","addr:street":"улица Бажова","building":"service","building:levels":"1","location":"indoor","man_made":"heat_exchange_station","pipeline":"substation","ref":"45","roof:shape":"flat","substance":"hot_water","substation":"distribution","_source":"real","_class":"heat_substation","_osm_id":"way/28828716","_district":"район Ростокино"}},{"type":"Feature","geometry":{"type":"Polygon","coordinates":[[[37.4466129,55.860169],[37.446899,55.8602009],[37.4469692,55.8600027],[37.4466831,55.8599708],[37.4466129,55.860169]]]},"properties":{"addr:city":"Москва","addr:country":"RU","addr:housenumber":"71 к1 с2","addr:postcode":"125481","addr:street":"улица Свободы","building":"service","building:colour":"grey","building:levels":"1","building:material":"concrete","location":"indoor","man_made":"heat_exchange_station","pipeline":"substation","roof:colour":"grey","roof:material":"tar_paper","roof:shape":"flat","substance":"hot_water","substation":"distribution","_source":"real","_class":"heat_substation","_osm_id":"way/28896682","_district":"район Северное Тушино"}},{"type":"Feature","geometry":{"type":"Polygon","coordinates":[[[37.4066591,55.8140064],[37.4065437,55.81409],[37.406262,55.8139672],[37.4063775,55.8138836],[37.4066591,55.8140064]]]},"properties":{"addr:city":"Москва","addr:country":"RU","addr:housenumber":"12 к1 с2","addr:postcode":"123181","addr:street":"улица Исаковского","building":"service","building:levels":"1","location":"indoor","man_made":"heat_exchange_station","pipeline":"substation","substance":"hot_water","substation":"distribution","_source":"real","_class":"heat_substation","_osm_id":"way/28970528","_district":"район Строгино"}},{"type":"Feature","geometry":{"type":"Polygon","coordinates":[[[37.3950631,55.8148899],[37.3949968,55.8147941],[37.3947432,55.8148495],[37.3948095,55.8149453],[37.3950631,55.8148899]]]},"properties":{"addr:city":"Москва","addr:country":"RU","addr:housenumber":"5 к1 с3","addr:street":"Неманский проезд","building":"service","building:levels":"1","location":"indoor","man_made":"heat_exchange_station","pipeline":"substation","substance":"hot_water","substation":"distribution","_source":"real","_class":"heat_substation","_osm_id":"way/28970610","_district":"район Строгино"}},{"type":"Feature","geometry":{"type":"Polygon","coordinates":[[[37.4522296,55.6902317],[37.4522296,55.6901087],[37.4525306,55.6901087],[37.4525306,55.6902317],[37.4522296,55.6902317]]]},"properties":{"addr:housenumber":"21 к3","addr:street":"Очаковское шоссе","building":"service","building:levels":"1","location":"indoor","man_made":"heat_exchange_station","pipeline":"substation","ref":"08-06-024","substance":"hot_water","substation":"distribution","_source":"real","_class":"heat_substation","_osm_id":"way/29008898","_district":"район Очаково-Матвеевское"}},{"type":"Feature","geometry":{"type":"Polygon","coordinates":[[[37.6609412,55.7462021],[37.6609401,55.7460406],[37.6612532,55.7460399],[37.6612543,55.7462014],[37.6609412,55.7462021]]]},"properties":{"addr:housenumber":"21 с19","addr:street":"улица Станиславского","building":"industrial","building:colour":"white","building:levels":"1","building:material":"plaster","landuse":"industrial","plant:output:hot_water":"yes","power":"plant","roof:colour":"grey","roof:material":"tar_paper","roof:shape":"flat","_source":"real","_class":"heat_source","_osm_id":"way/290275160","_district":"Таганский район"}},{"type":"Feature","geometry":{"type":"Polygon","coordinates":[[[37.5554374,55.6805536],[37.5555999,55.6804976],[37.5554461,55.6803557],[37.5552835,55.6804117],[37.5554374,55.6805536]]]},"properties":{"addr:housenumber":"67 к4 с1","addr:street":"Нахимовский проспект","branch":"Филиал №7 Предприятие №3","building":"service","building:levels":"1","height":"6","man_made":"heat_exchange_station","operator":"ПАО \"МОЭК\"","pipeline":"substation","pipeline:heat_transfer":"yes","ref":"07-02-0808/132","substance":"hot_water","substation":"distribution","_source":"real","_class":"heat_substation","_osm_id":"way/29093496","_district":"район Черёмушки"}},{"type":"Feature","geometry":{"type":"Polygon","coordinates":[[[37.7060628,55.6047872],[37.7062377,55.6048742],[37.7060955,55.6049655],[37.7059206,55.6048785],[37.7060628,55.6047872]]]},"properties":{"addr:city":"Москва","addr:country":"RU","addr:housenumber":"57 к1А","addr:postcode":"115191","addr:street":"Шипиловский проезд","building":"service","building:levels":"1","man_made":"heat_exchange_station","_source":"real","_class":"heat_substation","_osm_id":"way/29349667","_district":"Орехово-Борисово Южное"}},{"type":"Feature","geometry":{"type":"Polygon","coordinates":[[[37.5370508,55.8742807],[37.5368412,55.8742455],[37.5369377,55.8740648],[37.5371472,55.8741001],[37.5370508,55.8742807]]]},"properties":{"addr:city":"Москва","addr:country":"RU","addr:housenumber":"56 с2","addr:street":"Бескудниковский бульвар","building":"service","building:colour":"grey","building:levels":"1","building:material":"concrete","location":"indoor","man_made":"heat_exchange_station","pipeline":"substation","roof:colour":"grey","roof:material":"tar_paper","roof:shape":"flat","substance":"hot_water","substation":"distribution","_source":"real","_class":"heat_substation","_osm_id":"way/29369527","_district":"Бескудниковский район"}},{"type":"Feature","geometry":{"type":"Polygon","coordinates":[[[37.7041039,55.6064064],[37.7042416,55.6064299],[37.7041715,55.6065606],[37.7040338,55.6065371],[37.7041039,55.6064064]]]},"properties":{"addr:housenumber":"55 с2","addr:postcode":"115191","addr:street":"Шипиловский проезд","building":"yes","man_made":"heat_exchange_station","_source":"real","_class":"heat_substation","_osm_id":"way/29422477","_district":"Орехово-Борисово Южное"}},{"type":"Feature","geometry":{"type":"Polygon","coordinates":[[[37.5391832,55.6807421],[37.5393523,55.6806671],[37.5394839,55.6807616],[37.5393148,55.6808365],[37.5391832,55.6807421]]]},"properties":{"addr:housenumber":"83 к4 с1","addr:street":"Ленинский проспект","building":"service","building:levels":"1","man_made":"heat_exchange_station","operator":"МОЭК","power":"substation","_source":"real","_class":"heat_substation","_osm_id":"way/297168776","_district":"Ломоносовский район"}},{"type":"Feature","geometry":{"type":"Polygon","coordinates":[[[37.7976179,55.799591],[37.7976263,55.799426],[37.7984642,55.7994395],[37.7984558,55.7996045],[37.7976179,55.799591]]]},"properties":{"addr:city":"Москва","addr:housenumber":"51","addr:postcode":"105264","addr:street":"Верхняя Первомайская улица","building":"apartments","building:levels":"5","name":"АО РТСофт","_source":"real","_class":"heat_source","_osm_id":"way/30131545","_district":"район Измайлово"}},{"type":"Feature","geometry":{"type":"Polygon","coordinates":[[[37.6137234,55.7766698],[37.6139563,55.7766744],[37.6139607,55.7766048],[37.6137278,55.7766002],[37.6137234,55.7766698]]]},"properties":{"addr:housenumber":"9 с4","addr:street":"Делегатская улица","building":"service","building:levels":"1","location":"indoor","man_made":"heat_exchange_station","pipeline":"substation","substance":"hot_water","substation":"distribution","_source":"real","_class":"heat_substation","_osm_id":"way/301843610","_district":"Тверской район"}},{"type":"Feature","geometry":{"type":"Polygon","coordinates":[[[37.4793863,55.7630054],[37.4793863,55.7631221],[37.4797423,55.7631221],[37.4797423,55.7630054],[37.4793863,55.7630054]]]},"properties":{"addr:housenumber":"41 с2","addr:street":"Филёвский бульвар","building":"service","building:levels":"1","description":"Центральный тепловой пункт","man_made":"heat_exchange_station","pipeline":"substation","substance":"hot_water","substation":"distribution","_source":"real","_class":"heat_substation","_osm_id":"way/30423908","_district":"район Филёвский Парк"}},{"type":"Feature","geometry":{"type":"Polygon","coordinates":[[[37.6763901,55.7698934],[37.6764291,55.7700057],[37.6762221,55.7700284],[37.6761832,55.7699161],[37.6763901,55.7698934]]]},"properties":{"addr:housenumber":"15 с2","addr:street":"Плетешковский переулок","building":"service","building:levels":"1","location":"indoor","man_made":"heat_exchange_station","pipeline":"substation","roof:shape":"flat","substance":"hot_water","substation":"distribution","_source":"real","_class":"heat_substation","_osm_id":"way/306101946","_district":"Басманный район"}},{"type":"Feature","geometry":{"type":"Polygon","coordinates":[[[37.6978093,55.7228564],[37.697981,55.7228051],[37.6980537,55.7228821],[37.6981312,55.7228564],[37.6982063,55.7228323],[37.6983941,55.7227839],[37.6984477,55.7226872],[37.6989949,55.7225362],[37.6995742,55.7223912],[37.7009138,55.7221365],[37.701425,55.7227537],[37.7018455,55.7231959],[37.7018334,55.7233917],[37.7015354,55.7235163],[37.7013096,55.7235784],[37.7005728,55.7237595],[37.6979921,55.7252581],[37.6980206,55.725459],[37.6974477,55.7255709],[37.6966924,55.7256143],[37.6957276,55.7255908],[37.6947571,55.7255559],[37.6933496,55.7254475],[37.6933106,55.7252973],[37.692586,55.725333],[37.6917883,55.7253249],[37.6917557,55.7252685],[37.6913083,55.7252782],[37.690852,55.7252578],[37.6901828,55.7251366],[37.6900925,55.7250926],[37.6899847,55.72504],[37.689903,55.7249762],[37.690237,55.7248406],[37.6903382,55.7248104],[37.6904402,55.724777],[37.6904746,55.7247714],[37.6910401,55.7245879],[37.691187,55.7245478],[37.6914066,55.7246475],[37.6916898,55.7246959],[37.6918615,55.7247877],[37.6921791,55.7247297],[37.6925996,55.7245943],[37.692737,55.7244783],[37.6936182,55.7241844],[37.6934133,55.7239578],[37.693584,55.7239078],[37.6937975,55.7238469],[37.6938772,55.7239424],[37.6955741,55.7234667],[37.6955865,55.7234632],[37.6956752,55.7234347],[37.6957848,55.7235607],[37.6963773,55.7233922],[37.6962818,55.7232825],[37.6964448,55.7232312],[37.6978093,55.7228564]]]},"properties":{"addr:city":"Москва","addr:housenumber":"1","addr:postcode":"109316","addr:street":"Остаповский проезд","barrier":"fence","landuse":"industrial","name":"ТЭЦ-8","name:en":"Moscow-8 Power Plant","name:uk":"ТЕЦ-8","operator":"ОАО \"Мосэнерго\"","plant:method":"combustion","plant:output:electricity":"605 MW","plant:source":"gas","power":"plant","start_date":"1930","wikidata":"Q4449137","wikipedia":"ru:ТЭЦ-8","_source":"real","_class":"heat_source","_osm_id":"way/30684983","_district":"Нижегородский район"}},{"type":"Feature","geometry":{"type":"Polygon","coordinates":[[[37.869301,55.7223616],[37.8700012,55.7229867],[37.8698298,55.7230484],[37.8707523,55.7239328],[37.8721327,55.7234159],[37.8725352,55.7229384],[37.8724924,55.7228606],[37.872906,55.7223803],[37.8737713,55.7213757],[37.8739618,55.7210914],[37.8734664,55.7208593],[37.8698964,55.7221162],[37.8698964,55.7221457],[37.8697202,55.7222127],[37.8696535,55.7222087],[37.869301,55.7223616]]]},"properties":{"addr:housenumber":"вл4Б","addr:street":"Салтыковская улица","barrier":"fence","landuse":"industrial","name":"ГТЭС «Городецкая»","name:uk":"ГТЕС «Містецька»","operator":"ООО \"РОСМИКС\"","plant:source":"gas","power":"plant","_source":"real","_class":"heat_source","_osm_id":"way/307567792","_district":"район Косино-Ухтомский"}},{"type":"Feature","geometry":{"type":"Polygon","coordinates":[[[37.5413199,55.6791901],[37.5414465,55.6792805],[37.5416178,55.6792042],[37.5414913,55.6791138],[37.5413199,55.6791901]]]},"properties":{"addr:city":"Москва","addr:housenumber":"84 к4 с1","addr:postcode":"119261","addr:street":"улица Вавилова","branch":"Филиал №7 Предприятие №3","building":"service","building:levels":"1","man_made":"heat_exchange_station","operator":"ПАО \"МОЭК\"","pipeline":"substation","pipeline:heat_transfer":"yes","ref":"07-04-0806/184","substance":"hot_water","substation":"distribution","_source":"real","_class":"heat_substation","_osm_id":"way/307912094","_district":"Ломоносовский район"}},{"type":"Feature","geometry":{"type":"Polygon","coordinates":[[[37.6023441,55.8056688],[37.60184,55.8056564],[37.6018313,55.8057689],[37.6023354,55.8057812],[37.6023441,55.8056688]]]},"properties":{"building":"industrial","building:levels":"1","plant:method":"combustion","plant:output:hot_water":"yes","plant:source":"gas","power":"plant","_source":"real","_class":"heat_source","_osm_id":"way/308094484","_district":"район Марьина Роща"}},{"type":"Feature","geometry":{"type":"Polygon","coordinates":[[[37.5494564,55.8750753],[37.5496407,55.875126],[37.5497065,55.8750508],[37.5495222,55.8750001],[37.5494564,55.8750753]]]},"properties":{"addr:housenumber":"2 с1","addr:street":"Бескудниковский проезд","building":"service","building:colour":"white;blue","building:levels":"1","building:material":"brick","location":"indoor","man_made":"heat_exchange_station","pipeline":"substation","ref":"РТП-4","roof:colour":"grey","roof:material":"tar_paper","roof:shape":"flat","substance":"hot_water","substation":"distribution","_source":"real","_class":"heat_substation","_osm_id":"way/308893094","_district":"Бескудниковский район"}},{"type":"Feature","geometry":{"type":"Polygon","coordinates":[[[37.5499135,55.8751876],[37.5500075,55.8750768],[37.5502669,55.875146],[37.5501729,55.8752568],[37.5499135,55.8751876]]]},"properties":{"addr:housenumber":"2 с3","addr:street":"Бескудниковский проезд","building":"service","building:colour":"white;black","building:levels":"1","building:material":"plaster","location":"indoor","man_made":"heat_exchange_station","pipeline":"substation","ref":"ЦТП-3","roof:colour":"grey","roof:material":"tar_paper","roof:shape":"flat","substance":"hot_water","substation":"distribution","_source":"real","_class":"heat_substation","_osm_id":"way/308893095","_district":"Бескудниковский район"}},{"type":"Feature","geometry":{"type":"Polygon","coordinates":[[[37.5399194,55.5021628],[37.5396985,55.5020137],[37.5394604,55.5019473],[37.5392605,55.5020337],[37.5392072,55.5020567],[37.5393101,55.5021408],[37.539017,55.5022428],[37.5394057,55.5027029],[37.5398972,55.5025505],[37.5398535,55.5024622],[37.5399194,55.5021628]]]},"properties":{"barrier":"fence","name":"Котельная","plant:output:hot_water":"yes","power":"plant","_source":"real","_class":"heat_source","_osm_id":"way/310996977","_district":"район Щербинка"}},{"type":"Feature","geometry":{"type":"Polygon","coordinates":[[[37.6087158,55.7226989],[37.6087586,55.7226943],[37.608752,55.7226748],[37.608903,55.7226587],[37.6089393,55.7227665],[37.6087456,55.7227872],[37.6087325,55.7227485],[37.6087158,55.7226989]]]},"properties":{"addr:housenumber":"16 с4","addr:street":"улица Шаболовка","building":"service","building:colour":"pink","building:levels":"1","building:material":"plaster","location":"indoor","man_made":"heat_exchange_station","operator":"МОЭСК","pipeline":"substation","power":"substation","ref":"01-08-0803/076","roof:colour":"grey","roof:material":"tar_paper","roof:shape":"flat","substance":"hot_water","substation":"minor_distribution","_source":"real","_class":"heat_substation","_osm_id":"way/311564650","_district":"район Якиманка"}},{"type":"Feature","geometry":{"type":"Polygon","coordinates":[[[37.545733,55.7290685],[37.5456348,55.7291663],[37.545432,55.7291017],[37.5455302,55.7290039],[37.545733,55.7290685]]]},"properties":{"addr:housenumber":"2 сА","addr:street":"Воробьёвское шоссе","branch":"Филиал №7 Предприятие №3","building":"service","building:levels":"1","man_made":"heat_exchange_station","operator":"ПАО \"МОЭК\"","pipeline":"substation","pipeline:heat_transfer":"yes","ref":"1420","substance":"hot_water","substation":"distribution","_source":"real","_class":"heat_substation","_osm_id":"way/313554438","_district":"район Раменки"}},{"type":"Feature","geometry":{"type":"Polygon","coordinates":[[[37.352694,55.8441897],[37.3528393,55.84428],[37.3526264,55.844388],[37.352481,55.8442977],[37.352694,55.8441897]]]},"properties":{"addr:city":"Москва","addr:country":"RU","addr:housenumber":"20 с2","addr:street":"улица Барышиха","building":"service","building:levels":"1","location":"indoor","man_made":"heat_exchange_station","pipeline":"substation","substance":"hot_water","substation":"distribution","_source":"real","_class":"heat_substation","_osm_id":"way/31543753","_district":"район Митино"}},{"type":"Feature","geometry":{"type":"Polygon","coordinates":[[[37.3513712,55.8464265],[37.3510353,55.8464207],[37.3510289,55.8465368],[37.3513648,55.8465426],[37.3513712,55.8464265]]]},"properties":{"addr:city":"Москва","addr:country":"RU","addr:housenumber":"10 с1","addr:street":"3-й Митинский переулок","building":"service","building:levels":"1","location":"indoor","man_made":"heat_exchange_station","pipeline":"substation","roof:shape":"flat","substance":"hot_water","substation":"distribution","_source":"real","_class":"heat_substation","_osm_id":"way/31544192","_district":"район Митино"}},{"type":"Feature","geometry":{"type":"Polygon","coordinates":[[[37.4997366,55.6199928],[37.4999263,55.6200169],[37.4999701,55.6199069],[37.4997805,55.6198828],[37.4997366,55.6199928]]]},"properties":{"addr:housenumber":"3 к2 с1","addr:street":"улица Тёплый Стан","building":"service","building:levels":"1","location":"indoor","man_made":"heat_exchange_station","pipeline":"substation","substance":"hot_water","substation":"distribution","_source":"real","_class":"heat_substation","_osm_id":"way/316963797","_district":"район Тёплый Стан"}},{"type":"Feature","geometry":{"type":"Polygon","coordinates":[[[37.3939867,55.8087467],[37.3943355,55.8086912],[37.3942831,55.8085873],[37.3939343,55.8086428],[37.3939867,55.8087467]]]},"properties":{"addr:city":"Москва","addr:housenumber":"11 с3","addr:street":"Неманский проезд","building":"service","building:colour":"white","building:levels":"1","building:material":"plaster","name":"ЦТП","roof:colour":"grey","roof:material":"tar_paper","roof:shape":"flat","_source":"real","_class":"heat_substation","_osm_id":"way/31800046","_district":"район Строгино"}},{"type":"Feature","geometry":{"type":"Polygon","coordinates":[[[37.6392897,55.8579681],[37.6394524,55.8579577],[37.6394303,55.8578486],[37.6392676,55.857859],[37.6392897,55.8579681]]]},"properties":{"addr:city":"Москва","addr:housenumber":"13 с2","addr:street":"Игарский проезд","building":"service","building:colour":"beige","building:levels":"1","building:material":"plaster","official_short_type":"ЦТП","operator":"МОЭК","pipeline":"substation","roof:colour":"grey","roof:material":"tar_paper","roof:shape":"flat","substance":"hot_water","substation":"distribution","utility":"heating","_source":"real","_class":"heat_substation","_osm_id":"way/318101979","_district":"район Свиблово"}},{"type":"Feature","geometry":{"type":"Polygon","coordinates":[[[37.5953609,55.8653333],[37.5954706,55.8652987],[37.5954132,55.8652414],[37.5953034,55.865276],[37.5953609,55.8653333]]]},"properties":{"addr:housenumber":"18 с2","addr:street":"Каргопольская улица","building":"service","building:levels":"1","location":"indoor","man_made":"heat_exchange_station","pipeline":"substation","substance":"hot_water","substation":"distribution","_source":"real","_class":"heat_substation","_osm_id":"way/320059084","_district":"район Отрадное"}},{"type":"Feature","geometry":{"type":"Polygon","coordinates":[[[37.8155661,55.7298144],[37.8162369,55.7296097],[37.816144,55.7295132],[37.8154732,55.7297178],[37.8155661,55.7298144]]]},"properties":{"addr:housenumber":"5 с43","addr:street":"улица Юности","building":"service","building:levels":"1","description":"ЦТП","location":"indoor","man_made":"heat_exchange_station","pipeline":"substation","substance":"hot_water","substation":"distribution","_source":"real","_class":"heat_substation","_osm_id":"way/32281927","_district":"район Вешняки"}},{"type":"Feature","geometry":{"type":"Polygon","coordinates":[[[37.6024441,55.6930903],[37.6025617,55.6929935],[37.6027832,55.693079],[37.6026656,55.6931758],[37.6024441,55.6930903]]]},"properties":{"addr:housenumber":"10 к1 c2","addr:street":"Загородное шоссе","building":"service","building:colour":"white","building:levels":"1","building:material":"concrete","location":"indoor","man_made":"heat_exchange_station","pipeline":"substation","roof:colour":"grey","roof:material":"tar_paper","roof:shape":"flat","substance":"hot_water","substation":"distribution","_source":"real","_class":"heat_substation","_osm_id":"way/323876067","_district":"Донской район"}},{"type":"Feature","geometry":{"type":"Polygon","coordinates":[[[37.5909153,55.6296007],[37.5908553,55.6294989],[37.5909169,55.6294873],[37.5909633,55.6294786],[37.5910233,55.6295804],[37.5909755,55.6295894],[37.5909153,55.6296007]]]},"properties":{"addr:housenumber":"20","addr:street":"Сумской проезд","building":"service","building:levels":"1","location":"indoor","man_made":"heat_exchange_station","pipeline":"substation","substance":"hot_water","substation":"distribution","_source":"real","_class":"heat_substation","_osm_id":"way/326284143","_district":"район Чертаново Северное"}},{"type":"Feature","geometry":{"type":"Polygon","coordinates":[[[37.5673714,55.829505],[37.5673751,55.8293792],[37.5677276,55.8293825],[37.5677239,55.8295083],[37.5673714,55.829505]]]},"properties":{"addr:city":"Москва","addr:country":"RU","addr:housenumber":"33 к4 с1","addr:postcode":"127550","addr:street":"Дмитровское шоссе","building":"service","building:levels":"1","location":"indoor","man_made":"heat_exchange_station","pipeline":"substation","substance":"hot_water","substation":"distribution","_source":"real","_class":"heat_substation","_osm_id":"way/32791476","_district":"Тимирязевский район"}},{"type":"Feature","geometry":{"type":"Polygon","coordinates":[[[37.5972945,55.6802438],[37.597398,55.6803503],[37.5972171,55.6804062],[37.5971136,55.6802997],[37.5972945,55.6802438]]]},"properties":{"building":"yes","man_made":"heat_exchange_station","_source":"real","_class":"heat_substation","_osm_id":"way/32930122","_district":"район Котловка"}},{"type":"Feature","geometry":{"type":"Polygon","coordinates":[[[37.5302862,55.8236405],[37.5303246,55.8235414],[37.5302144,55.8235279],[37.530176,55.823627],[37.5302862,55.8236405]]]},"properties":{"addr:housenumber":"24A c1","addr:street":"Большая Академическая улица","building":"service","building:colour":"grey;blue","building:levels":"2","building:material":"brick","location":"indoor","man_made":"heat_exchange_station","operator":"моэк","pipeline":"substation","roof:colour":"grey","roof:material":"tar_paper","roof:shape":"flat","substance":"hot_water","substation":"distribution","_source":"real","_class":"heat_substation","_osm_id":"way/332105729","_district":"район Коптево"}},{"type":"Feature","geometry":{"type":"Polygon","coordinates":[[[37.6717273,55.7850225],[37.6718036,55.7849802],[37.6713081,55.7846976],[37.6711118,55.7848064],[37.6716071,55.7850889],[37.6717048,55.7850349],[37.6717273,55.7850225]]]},"properties":{"addr:housenumber":"13 с6","addr:street":"Русаковская улица","building":"service","building:colour":"white","building:levels":"2","building:material":"concrete","note":"Здание энергоблока. Подходят газовые трубы","operator":"ООО Бизнес комплекс на русаковской","power":"plant","roof:colour":"grey","roof:material":"tar_paper","roof:shape":"flat","substance":"gas","_source":"real","_class":"heat_source","_osm_id":"way/334329888","_district":"Красносельский район"}},{"type":"Feature","geometry":{"type":"Polygon","coordinates":[[[37.6486522,55.6640734],[37.6488216,55.6641011],[37.648721,55.6642968],[37.6485516,55.6642691],[37.6486522,55.6640734]]]},"properties":{"addr:housenumber":"31 с2","addr:street":"улица Академика Миллионщикова","building":"yes","height":"6","man_made":"heat_exchange_station","_source":"real","_class":"heat_substation","_osm_id":"way/34911940","_district":"район Нагатино-Садовники"}},{"type":"Feature","geometry":{"type":"Polygon","coordinates":[[[37.5398791,55.8065438],[37.5400147,55.8064958],[37.539939,55.8064284],[37.5398035,55.8064765],[37.5398791,55.8065438]]]},"properties":{"addr:housenumber":"42 с2","addr:street":"Планетная улица","building":"service","height":"6","man_made":"heat_exchange_station","_source":"real","_class":"heat_substation","_osm_id":"way/350089078","_district":"район Аэропорт"}},{"type":"Feature","geometry":{"type":"Polygon","coordinates":[[[37.5330308,55.8055272],[37.5328838,55.8055975],[37.532866,55.805606],[37.5327123,55.8055045],[37.532877,55.8054257],[37.5330308,55.8055272]]]},"properties":{"addr:housenumber":"9 к3 с2","addr:street":"улица Черняховского","building":"service","building:levels":"1","height":"5","location":"indoor","man_made":"heat_exchange_station","operator":"МОЭК","pipeline":"substation","substance":"hot_water","substation":"distribution","_source":"real","_class":"heat_substation","_osm_id":"way/350105049","_district":"район Аэропорт"}},{"type":"Feature","geometry":{"type":"Polygon","coordinates":[[[37.5474282,55.7989666],[37.547574,55.7988814],[37.5477417,55.7989721],[37.5475959,55.7990573],[37.5474282,55.7989666]]]},"properties":{"addr:city":"Москва","addr:housenumber":"10 к2 с3","addr:postcode":"125167","addr:street":"Красноармейская улица","building":"service","building:levels":"1","location":"indoor","man_made":"heat_exchange_station","pipeline":"substation","substance":"hot_water","substation":"distribution","_source":"real","_class":"heat_substation","_osm_id":"way/350126766","_district":"район Аэропорт"}},{"type":"Feature","geometry":{"type":"Polygon","coordinates":[[[37.6050802,55.8620398],[37.6052469,55.8622086],[37.6054377,55.8621492],[37.605271,55.8619804],[37.6050802,55.8620398]]]},"properties":{"building":"service","building:levels":"1","location":"indoor","man_made":"heat_exchange_station","pipeline":"substation","substance":"hot_water","substation":"distribution","_source":"real","_class":"heat_substation","_osm_id":"way/35101710","_district":"район Отрадное"}},{"type":"Feature","geometry":{"type":"Polygon","coordinates":[[[37.633627,55.785035],[37.633839,55.7850347],[37.6338381,55.7848293],[37.6336261,55.7848296],[37.633627,55.785035]]]},"properties":{"addr:housenumber":"48 с2","addr:street":"улица Гиляровского","building":"service","building:colour":"lightgrey","building:levels":"1","building:material":"concrete","location":"indoor","man_made":"heat_exchange_station","pipeline":"substation","roof:colour":"grey","roof:material":"tar_paper","roof:shape":"flat","substance":"hot_water","substation":"distribution","_source":"real","_class":"heat_substation","_osm_id":"way/35168366","_district":"Мещанский район"}},{"type":"Feature","geometry":{"type":"Polygon","coordinates":[[[37.5646883,55.8909928],[37.5647959,55.8909925],[37.5647966,55.8910662],[37.5646889,55.8910665],[37.5646883,55.8909928]]]},"properties":{"addr:housenumber":"71А с1","addr:street":"Керамический проезд","building":"service","building:levels":"1","location":"indoor","man_made":"heat_exchange_station","note":"Павильон № 3119л","operator":"ОАО \"Московская теплосетевая компания\"","pipeline":"substation","ref":"3119л","roof:shape":"flat","substance":"hot_water","substation":"distribution","_source":"real","_class":"heat_substation","_osm_id":"way/352341273","_district":"район Восточное Дегунино"}},{"type":"Feature","geometry":{"type":"Polygon","coordinates":[[[37.667608,55.888405],[37.6676032,55.8883297],[37.6678664,55.8883244],[37.6678712,55.8883998],[37.667608,55.888405]]]},"properties":{"building":"service","building:levels":"1","description":"Бойлерная","location":"indoor","man_made":"heat_exchange_station","pipeline":"substation","substance":"hot_water","substation":"distribution","_source":"real","_class":"heat_substation","_osm_id":"way/35318847","_district":"район Северное Медведково"}},{"type":"Feature","geometry":{"type":"Polygon","coordinates":[[[37.616135,55.712281],[37.616144,55.7124002],[37.6160828,55.7124016],[37.6159256,55.7124054],[37.6159165,55.7122862],[37.616135,55.712281]]]},"properties":{"addr:housenumber":"8 с2","addr:street":"улица Серпуховский Вал","building":"service","building:colour":"white","building:levels":"1","building:material":"plaster","height":"6","man_made":"heat_exchange_station","power":"substation","roof:colour":"grey","roof:material":"tar_paper","roof:shape":"flat","_source":"real","_class":"heat_substation","_osm_id":"way/35590646","_district":"Даниловский район"}},{"type":"Feature","geometry":{"type":"Polygon","coordinates":[[[37.5960881,55.7503904],[37.5961575,55.7503158],[37.5964247,55.7503946],[37.5963477,55.7504773],[37.5962058,55.7504355],[37.5962134,55.7504273],[37.5960881,55.7503904]]]},"properties":{"addr:housenumber":"19 с2","addr:street":"улица Арбат","building":"service","building:levels":"1","location":"indoor","man_made":"heat_exchange_station","pipeline":"substation","substance":"hot_water","substation":"distribution","_source":"real","_class":"heat_substation","_osm_id":"way/35814531","_district":"район Арбат"}},{"type":"Feature","geometry":{"type":"Polygon","coordinates":[[[37.5872177,55.7326848],[37.5873133,55.7326286],[37.5872341,55.7325859],[37.5871385,55.7326422],[37.5872177,55.7326848]]]},"properties":{"addr:housenumber":"7 с3","addr:street":"улица Льва Толстого","building":"service","building:levels":"1","location":"indoor","man_made":"heat_exchange_station","pipeline":"substation","ref":"ТП-14396","substance":"hot_water","substation":"distribution","_source":"real","_class":"heat_substation","_osm_id":"way/360157750","_district":"район Хамовники"}},{"type":"Feature","geometry":{"type":"Polygon","coordinates":[[[37.5542297,55.8705629],[37.5540323,55.8705146],[37.5539843,55.8705763],[37.5541817,55.8706246],[37.5542297,55.8705629]]]},"properties":{"addr:city":"Москва","addr:housenumber":"27 с1","addr:street":"Бескудниковский бульвар","building":"service","building:colour":"white;yellow","building:levels":"1","building:material":"plaster","location":"indoor","man_made":"heat_exchange_station","operator":"МОЭК","pipeline":"substation","roof:colour":"grey","roof:material":"tar_paper","roof:shape":"flat","substance":"hot_water","substation":"distribution","_source":"real","_class":"heat_substation","_osm_id":"way/360621278","_district":"Бескудниковский район"}},{"type":"Feature","geometry":{"type":"Polygon","coordinates":[[[37.5507211,55.8734808],[37.5509865,55.8734823],[37.5509893,55.873329],[37.550724,55.8733276],[37.5507211,55.8734808]]]},"properties":{"addr:housenumber":"35","addr:street":"Бескудниковский бульвар","building":"service","building:colour":"beige;brown","building:levels":"1","building:material":"brick","location":"indoor","man_made":"heat_exchange_station","operator":"МОЭК","pipeline":"substation","roof:colour":"grey","roof:material":"tar_paper","roof:shape":"flat","substance":"hot_water","substation":"distribution","_source":"real","_class":"heat_substation","_osm_id":"way/361581155","_district":"Бескудниковский район"}},{"type":"Feature","geometry":{"type":"Polygon","coordinates":[[[37.5137051,55.6762264],[37.5136866,55.6762511],[37.5136547,55.6762709],[37.5136129,55.6762836],[37.5135661,55.6762878],[37.5135213,55.6762834],[37.5134814,55.6762712],[37.5134503,55.6762525],[37.5134314,55.6762292],[37.5134266,55.6762037],[37.5134364,55.6761787],[37.5134598,55.6761567],[37.5134944,55.6761401],[37.5135365,55.6761305],[37.5135838,55.6761291],[37.5136294,55.6761365],[37.513668,55.6761521],[37.5136952,55.676174],[37.5137081,55.6761998],[37.5137051,55.6762264]]]},"properties":{"branch":"Филиал №8 Предприятие №2","building":"service","building:levels":"1","man_made":"heat_exchange_station","operator":"ПАО \"МОЭК\"","pipeline":"substation","pipeline:heat_transfer":"yes","substance":"hot_water","substation":"distribution","_source":"real","_class":"heat_substation","_osm_id":"way/365592102","_district":"район Проспект Вернадского"}},{"type":"Feature","geometry":{"type":"Polygon","coordinates":[[[37.3962336,55.818211],[37.3961628,55.8180999],[37.3964964,55.8180328],[37.3965672,55.8181439],[37.3962336,55.818211]]]},"properties":{"addr:city":"Москва","addr:country":"RU","addr:housenumber":"2 к1 с4","addr:postcode":"123181","addr:street":"улица Исаковского","building":"service","building:levels":"1","location":"indoor","man_made":"heat_exchange_station","pipeline":"substation","substance":"hot_water","substation":"distribution","_source":"real","_class":"heat_substation","_osm_id":"way/36774178","_district":"район Строгино"}},{"type":"Feature","geometry":{"type":"Polygon","coordinates":[[[37.6631783,55.6412215],[37.6632046,55.6413844],[37.6635122,55.6413686],[37.6634859,55.6412057],[37.6631783,55.6412215]]]},"properties":{"addr:housenumber":"20 к4 с2","addr:street":"Кантемировская улица","building":"yes","height":"6","man_made":"heat_exchange_station","_source":"real","_class":"heat_substation","_osm_id":"way/36868567","_district":"район Москворечье-Сабурово"}},{"type":"Feature","geometry":{"type":"Polygon","coordinates":[[[37.6239205,55.7238578],[37.623945,55.7237501],[37.6237128,55.7237334],[37.6236884,55.7238411],[37.6239205,55.7238578]]]},"properties":{"building":"service","building:levels":"1","location":"indoor","man_made":"heat_exchange_station","pipeline":"substation","substance":"hot_water","substation":"distribution","_source":"real","_class":"heat_substation","_osm_id":"way/368942303","_district":"район Замоскворечье"}},{"type":"Feature","geometry":{"type":"Polygon","coordinates":[[[37.605426,55.7764254],[37.6056286,55.7764621],[37.6057094,55.7763212],[37.6055068,55.7762845],[37.605426,55.7764254]]]},"properties":{"addr:housenumber":"9 с3","addr:street":"Краснопролетарская улица","building":"service","building:levels":"1","location":"indoor","man_made":"heat_exchange_station","pipeline":"substation","source":"Адресный реестр Москвы, data.mos.ru","substance":"hot_water","substation":"distribution","_source":"real","_class":"heat_substation","_osm_id":"way/37001668","_district":"Тверской район"}},{"type":"Feature","geometry":{"type":"Polygon","coordinates":[[[37.7361219,55.6053136],[37.7361891,55.6051998],[37.7365003,55.6052584],[37.7364332,55.6053722],[37.7361219,55.6053136]]]},"properties":{"addr:housenumber":"27/25 с2","addr:street":"Елецкая улица","building":"yes","man_made":"heat_exchange_station","_source":"real","_class":"heat_substation","_osm_id":"way/37120337","_district":"Орехово-Борисово Южное"}},{"type":"Feature","geometry":{"type":"Polygon","coordinates":[[[37.7394084,55.6060276],[37.7394794,55.6059314],[37.7398062,55.6060083],[37.7397353,55.6061045],[37.7394084,55.6060276]]]},"properties":{"addr:city":"Москва","addr:country":"RU","addr:housenumber":"33 к1 с3","addr:street":"Ясеневая улица","building":"yes","building:levels":"1","height":"6","man_made":"heat_exchange_station","_source":"real","_class":"heat_substation","_osm_id":"way/37120341","_district":"Орехово-Борисово Южное"}},{"type":"Feature","geometry":{"type":"Polygon","coordinates":[[[37.7427872,55.6085018],[37.742694,55.6086949],[37.742902,55.6087269],[37.7429952,55.6085339],[37.7427872,55.6085018]]]},"properties":{"addr:city":"Москва","addr:country":"RU","addr:housenumber":"41","addr:street":"Ясеневая улица","building":"yes","building:levels":"1","height":"6","man_made":"heat_exchange_station","operator":"МОЭСК Россети","_source":"real","_class":"heat_substation","_osm_id":"way/37120350","_district":"Орехово-Борисово Южное"}},{"type":"Feature","geometry":{"type":"Polygon","coordinates":[[[37.6002448,55.7772116],[37.6001751,55.7773258],[37.5999975,55.7772915],[37.5999608,55.7773517],[37.5999965,55.7773586],[37.5999762,55.7773918],[37.6000762,55.7774111],[37.6000964,55.7773779],[37.6003016,55.7774176],[37.6003346,55.7773635],[37.6004383,55.7773836],[37.6005119,55.7772632],[37.6002448,55.7772116]]]},"properties":{"addr:housenumber":"33 с13","addr:street":"Долгоруковская улица","building":"yes","landuse":"industrial","plant:output:hot_water":"yes","power":"plant","_source":"real","_class":"heat_source","_osm_id":"way/37131001","_district":"Тверской район"}},{"type":"Feature","geometry":{"type":"Polygon","coordinates":[[[37.738936,55.6014013],[37.7391835,55.6014529],[37.739256,55.601342],[37.7390085,55.6012904],[37.738936,55.6014013]]]},"properties":{"addr:housenumber":"35А","addr:street":"Елецкая улица","building":"service","building:levels":"1","location":"indoor","man_made":"heat_exchange_station","operator":"МОЭК","pipeline":"substation","substance":"hot_water","substation":"distribution","_source":"real","_class":"heat_substation","_osm_id":"way/37148094","_district":"Орехово-Борисово Южное"}},{"type":"Feature","geometry":{"type":"Polygon","coordinates":[[[37.7376328,55.6019366],[37.7378892,55.601978],[37.7379451,55.6018675],[37.7376887,55.6018261],[37.7376328,55.6019366]]]},"properties":{"addr:city":"Москва","addr:housenumber":"33 с2","addr:street":"Елецкая улица","building":"yes","building:levels":"2","height":"6","man_made":"heat_exchange_station","_source":"real","_class":"heat_substation","_osm_id":"way/37148095","_district":"Орехово-Борисово Южное"}},{"type":"Feature","geometry":{"type":"Polygon","coordinates":[[[37.5973081,55.6881142],[37.597063,55.6878892],[37.5971639,55.6878542],[37.5974091,55.6880793],[37.5973081,55.6881142]]]},"properties":{"addr:housenumber":"11 к3 с2","addr:street":"Большая Черёмушкинская улица","building":"service","building:colour":"white","building:levels":"1","building:material":"brick","location":"indoor","man_made":"heat_exchange_station","pipeline":"substation","roof:colour":"grey","roof:material":"tar_paper","roof:shape":"flat","substance":"hot_water","substation":"distribution","_source":"real","_class":"heat_substation","_osm_id":"way/371641988","_district":"район Котловка"}},{"type":"Feature","geometry":{"type":"Polygon","coordinates":[[[37.352112,55.8340179],[37.3524427,55.8339554],[37.3523777,55.8338468],[37.352047,55.8339093],[37.352112,55.8340179]]]},"properties":{"building":"service","building:levels":"1","location":"indoor","man_made":"heat_exchange_station","pipeline":"substation","substance":"hot_water","substation":"distribution","_source":"real","_class":"heat_substation","_osm_id":"way/372116116","_district":"район Митино"}},{"type":"Feature","geometry":{"type":"Polygon","coordinates":[[[37.7467833,55.6094512],[37.746984,55.6094011],[37.7468469,55.609226],[37.7466463,55.6092762],[37.7467833,55.6094512]]]},"properties":{"building":"yes","height":"6","man_made":"heat_exchange_station","_source":"real","_class":"heat_substation","_osm_id":"way/37214081","_district":"Орехово-Борисово Южное"}},{"type":"Feature","geometry":{"type":"Polygon","coordinates":[[[37.7587242,55.6110118],[37.7590938,55.6110886],[37.7591672,55.6109758],[37.7587977,55.6108991],[37.7587242,55.6110118]]]},"properties":{"building":"yes","height":"6","man_made":"heat_exchange_station","_source":"real","_class":"heat_substation","_osm_id":"way/37214089","_district":"Орехово-Борисово Южное"}},{"type":"Feature","geometry":{"type":"Polygon","coordinates":[[[37.7471898,55.6067416],[37.747398,55.6066857],[37.747252,55.6065123],[37.7470878,55.6065564],[37.7470437,55.6065682],[37.7471898,55.6067416]]]},"properties":{"addr:housenumber":"15 к2 с5","addr:street":"Гурьевский проезд","building":"service","height":"6","man_made":"heat_exchange_station","_source":"real","_class":"heat_substation","_osm_id":"way/37214107","_district":"Орехово-Борисово Южное"}},{"type":"Feature","geometry":{"type":"Polygon","coordinates":[[[37.7518887,55.607154],[37.7520838,55.6071135],[37.7519758,55.6069473],[37.7517807,55.6069877],[37.7518887,55.607154]]]},"properties":{"addr:housenumber":"21 с3","addr:street":"Гурьевский проезд","building":"yes","height":"6","man_made":"heat_exchange_station","_source":"real","_class":"heat_substation","_osm_id":"way/37214121","_district":"Орехово-Борисово Южное"}},{"type":"Feature","geometry":{"type":"Polygon","coordinates":[[[37.754887,55.6087929],[37.7550953,55.6087451],[37.7549742,55.6085768],[37.7547659,55.6086246],[37.754887,55.6087929]]]},"properties":{"addr:housenumber":"25","addr:street":"Гурьевский проезд","building":"yes","height":"6","man_made":"heat_exchange_station","_source":"real","_class":"heat_substation","_osm_id":"way/37214132","_district":"Орехово-Борисово Южное"}},{"type":"Feature","geometry":{"type":"LineString","coordinates":[[37.6842005,55.8838164],[37.6847167,55.8843814],[37.6847727,55.8843685],[37.684941,55.8845618],[37.6850814,55.8845318]]},"properties":{"location":"overground","man_made":"pipeline","substance":"heat","_source":"real","_class":"heat_pipe","_osm_id":"way/372172988","_district":"Лосиноостровский район","_length_km":0.108}},{"type":"Feature","geometry":{"type":"Polygon","coordinates":[[[37.8302585,55.821789],[37.8302547,55.8216724],[37.8305285,55.8216696],[37.8305323,55.8217862],[37.8302585,55.821789]]]},"properties":{"addr:housenumber":"29 c1","addr:street":"Алтайская улица","building":"service","building:colour":"white","building:levels":"1","building:material":"concrete","plant:output:hot_water":"yes","roof:colour":"grey","roof:material":"tar_paper","roof:shape":"flat","start_date":"1974","_source":"real","_class":"heat_source","_osm_id":"way/372964160","_district":"район Гольяново"}},{"type":"Feature","geometry":{"type":"Polygon","coordinates":[[[37.5561,55.9122815],[37.5562681,55.9122307],[37.5561999,55.9121598],[37.5561406,55.9120984],[37.5559727,55.9121491],[37.5561,55.9122815]]]},"properties":{"addr:housenumber":"14 к5 с1","addr:street":"Челобитьевское шоссе","building":"service","building:levels":"1.5","contact:phone":"+7 499 2072700","description":"Филиал №3, предприятие №4, Центральный тепловой пункт. Абонентский № 03-04-0932/021","name":"Центральный тепловой пункт","operator":"ПАО \"МОЭК\"","roof:shape":"flat","source":"bing;Яндекс.Панорамы","_source":"real","_class":"heat_substation","_osm_id":"way/376145838","_district":"район Северный"}},{"type":"Feature","geometry":{"type":"LineString","coordinates":[[37.6843079,55.8837915],[37.6842005,55.8838164],[37.6830466,55.8840838]]},"properties":{"location":"overground","man_made":"pipeline","substance":"heat","_source":"real","_class":"heat_pipe","_osm_id":"way/377874629","_district":"Лосиноостровский район","_length_km":0.085}},{"type":"Feature","geometry":{"type":"Polygon","coordinates":[[[37.4197851,55.8074754],[37.4196995,55.8073639],[37.4200252,55.8072849],[37.4201108,55.8073964],[37.4197851,55.8074754]]]},"properties":{"addr:housenumber":"27 к2 с2","addr:postcode":"123181","addr:street":"улица Исаковского","building":"yes","description":"ЦТП","indoor":"yes","man_made":"heat_exchange_station","pipeline":"substation","substance":"hot_water","substation":"distribution","_source":"real","_class":"heat_substation","_osm_id":"way/37808690","_district":"район Строгино"}},{"type":"Feature","geometry":{"type":"Polygon","coordinates":[[[37.6423917,55.8560985],[37.6427426,55.8560167],[37.6428336,55.8561396],[37.6424826,55.8562214],[37.6423917,55.8560985]]]},"properties":{"addr:city":"Москва","addr:housenumber":"25 к1 с1","addr:street":"проезд Русанова","building":"service","building:levels":"1","official_short_type":"ЦТП","operator":"МОЭК","pipeline":"substation","roof:shape":"flat","substance":"hot_water","substation":"distribution","utility":"heating","_source":"real","_class":"heat_substation","_osm_id":"way/378186617","_district":"район Свиблово"}},{"type":"Feature","geometry":{"type":"Polygon","coordinates":[[[37.4121494,55.8556119],[37.4124788,55.8556841],[37.4123995,55.8557981],[37.4120701,55.8557259],[37.4121494,55.8556119]]]},"properties":{"addr:city":"Москва","addr:country":"RU","addr:housenumber":"35 с1","addr:street":"улица Героев Панфиловцев","building":"service","building:colour":"orange;white","building:levels":"1","building:material":"plaster","location":"indoor","man_made":"heat_exchange_station","operator":"МОЭК","pipeline":"substation","roof:colour":"grey","roof:material":"tar_paper","roof:shape":"flat","substance":"hot_water","substation":"distribution","_source":"real","_class":"heat_substation","_osm_id":"way/37908192","_district":"район Северное Тушино"}},{"type":"Feature","geometry":{"type":"Polygon","coordinates":[[[37.4488179,55.8342599],[37.4488458,55.8343797],[37.4491918,55.8343542],[37.4491638,55.8342344],[37.4488179,55.8342599]]]},"properties":{"addr:city":"Москва","addr:country":"RU","addr:housenumber":"15 с1","addr:street":"Малая Набережная улица","building":"service","building:colour":"beige;white","building:levels":"1","building:material":"concrete","height":"5","man_made":"heat_exchange_station","name":"ЦТП","official_short_type":"ЦТП","pipeline":"substation","roof:colour":"grey","roof:material":"tar_paper","roof:shape":"flat","substance":"hot_water","substation":"minor_distribution","_source":"real","_class":"heat_substation","_osm_id":"way/37932801","_district":"район Покровское-Стрешнево"}},{"type":"Feature","geometry":{"type":"Polygon","coordinates":[[[37.4445746,55.8351126],[37.4445372,55.8349321],[37.4448878,55.8349091],[37.4448437,55.8346596],[37.4450214,55.8346492],[37.445017,55.8346229],[37.4452148,55.8346084],[37.4452268,55.8346617],[37.4454171,55.8346487],[37.4454155,55.8346396],[37.4455861,55.8346294],[37.4456006,55.8346956],[37.4452401,55.8347202],[37.4452698,55.8348615],[37.4453301,55.8348575],[37.4453141,55.8347865],[37.4453723,55.8347832],[37.4453655,55.8347489],[37.445421,55.834745],[37.445445,55.8348504],[37.4455244,55.8348451],[37.4455201,55.8348207],[37.4458508,55.8347992],[37.4458452,55.83477],[37.4461482,55.834751],[37.4461514,55.8347633],[37.4465383,55.8347381],[37.4465896,55.8349964],[37.4464949,55.8350023],[37.446511,55.835113],[37.4457619,55.8351577],[37.4457464,55.8350836],[37.4456838,55.8350878],[37.4456522,55.8350817],[37.4454564,55.8350946],[37.4454501,55.835067],[37.4451465,55.835086],[37.4451441,55.8350757],[37.4445746,55.8351126]]]},"properties":{"addr:city":"Москва","addr:country":"RU","addr:housenumber":"7 с10","addr:street":"Вишнёвая улица","building":"industrial","landuse":"industrial","name":"Котельная","power":"plant","start_date":"1965","_source":"real","_class":"heat_source","_osm_id":"way/37932836","_district":"район Покровское-Стрешнево"}},{"type":"Feature","geometry":{"type":"Polygon","coordinates":[[[37.4757661,55.856736],[37.4759544,55.8567758],[37.4761141,55.8565381],[37.4759258,55.8564983],[37.4757661,55.856736]]]},"properties":{"addr:housenumber":"9 с3","addr:street":"Фестивальная улица","building":"service","building:levels":"1","location":"indoor","man_made":"heat_exchange_station","name":"ТП № Т-29","name:uk":"ТП № Т-29","pipeline":"substation","ref":"ТП № Т-29","substance":"hot_water","substation":"distribution","_source":"real","_class":"heat_substation","_osm_id":"way/384738220","_district":"район Левобережный"}},{"type":"Feature","geometry":{"type":"Polygon","coordinates":[[[37.6209045,55.7982118],[37.6211934,55.7982195],[37.6212003,55.798138],[37.6209113,55.7981304],[37.6209045,55.7982118]]]},"properties":{"addr:housenumber":"10 с2","addr:street":"5-й проезд Марьиной Рощи","building":"service","building:levels":"1","location":"indoor","man_made":"heat_exchange_station","pipeline":"substation","substance":"hot_water","substation":"distribution","_source":"real","_class":"heat_substation","_osm_id":"way/386779750","_district":"район Марьина Роща"}},{"type":"Feature","geometry":{"type":"Polygon","coordinates":[[[37.7672268,55.7966284],[37.7674198,55.7965703],[37.7675324,55.7966884],[37.7673394,55.7967464],[37.7672268,55.7966284]]]},"properties":{"building":"service","building:levels":"1","location":"indoor","man_made":"heat_exchange_station","pipeline":"substation","substance":"hot_water","substation":"distribution","_source":"real","_class":"heat_substation","_osm_id":"way/386943831","_district":"район Измайлово"}},{"type":"Feature","geometry":{"type":"Polygon","coordinates":[[[37.631019,55.7849466],[37.6311498,55.784938],[37.6311088,55.7847416],[37.630978,55.7847502],[37.631019,55.7849466]]]},"properties":{"addr:housenumber":"47 с4","addr:street":"улица Гиляровского","building":"service","building:levels":"1","location":"indoor","man_made":"heat_exchange_station","pipeline":"substation","substance":"hot_water","substation":"distribution","_source":"real","_class":"heat_substation","_osm_id":"way/387158355","_district":"Мещанский район"}},{"type":"Feature","geometry":{"type":"Polygon","coordinates":[[[37.4743588,55.8587778],[37.4744027,55.8587168],[37.474098,55.8586476],[37.4740541,55.8587086],[37.47415,55.8587304],[37.4743588,55.8587778]]]},"properties":{"addr:housenumber":"15 к2 с2","addr:street":"Фестивальная улица","building":"service","building:levels":"1","location":"indoor","man_made":"heat_exchange_station","pipeline":"substation","source":"Адресный реестр Москвы, data.mos.ru","substance":"hot_water","substation":"distribution","_source":"real","_class":"heat_substation","_osm_id":"way/387368618","_district":"район Левобережный"}},{"type":"Feature","geometry":{"type":"Polygon","coordinates":[[[37.4884114,55.8161684],[37.4884744,55.8161669],[37.4884735,55.8161549],[37.4885344,55.8161535],[37.4885227,55.8159943],[37.4884553,55.8159959],[37.4884561,55.8160073],[37.4883996,55.8160086],[37.4884114,55.8161684]]]},"properties":{"addr:housenumber":"2 с2","addr:street":"5-й Войковский проезд","building":"service","building:levels":"1","location":"indoor","man_made":"heat_exchange_station","pipeline":"substation","source":"Адресный реестр Москвы, data.mos.ru","substance":"hot_water","substation":"distribution","_source":"real","_class":"heat_substation","_osm_id":"way/387380546","_district":"Войковский район"}},{"type":"Feature","geometry":{"type":"LineString","coordinates":[[37.4112608,55.7410194],[37.4125206,55.7418474],[37.4125534,55.7418285],[37.4133706,55.7414545],[37.413609,55.7413295],[37.4123565,55.7404846],[37.4112608,55.7410194]]},"properties":{"access":"private","barrier":"fence","name":"Районная тепловая станция Рублёво","_source":"real","_class":"heat_source","_osm_id":"way/38743202","_district":"район Кунцево"}},{"type":"Feature","geometry":{"type":"Polygon","coordinates":[[[37.6144511,55.7782385],[37.6145669,55.7782173],[37.6144874,55.7780794],[37.6143715,55.7781006],[37.6144511,55.7782385]]]},"properties":{"addr:housenumber":"12 с3","addr:street":"1-й Самотёчный переулок","building":"service","building:levels":"1","location":"indoor","man_made":"heat_exchange_station","pipeline":"substation","source":"Адресный реестр Москвы, data.mos.ru","substance":"hot_water","substation":"distribution","_source":"real","_class":"heat_substation","_osm_id":"way/387695365","_district":"Тверской район"}},{"type":"Feature","geometry":{"type":"Polygon","coordinates":[[[37.4798286,55.8662507],[37.4799536,55.8661408],[37.4800246,55.8661616],[37.4800992,55.8660968],[37.4800482,55.8660795],[37.481259,55.8649596],[37.4817227,55.864549],[37.4826805,55.8648655],[37.4827561,55.8649135],[37.4828114,55.864934],[37.4827372,55.8649972],[37.4821559,55.8656927],[37.4820219,55.8658273],[37.4820077,55.8659082],[37.4820122,55.8659932],[37.481966,55.866154],[37.4819315,55.8661509],[37.4819005,55.8662581],[37.4817032,55.8662401],[37.4815858,55.8663873],[37.4813889,55.8663682],[37.4811102,55.8662707],[37.4809538,55.8662291],[37.4806936,55.8664021],[37.480361,55.8663886],[37.4802323,55.866354],[37.4802001,55.8663194],[37.4798286,55.8662507]]]},"properties":{"name":"РТС «Химки-Ховрино»","power":"plant","_source":"real","_class":"heat_source","_osm_id":"way/390241592","_district":"район Ховрино"}},{"type":"Feature","geometry":{"type":"LineString","coordinates":[[37.6994737,55.5865574],[37.6994628,55.5863989]]},"properties":{"diameter":"1000","layer":"2","location":"overground","man_made":"pipeline","substance":"heat","_source":"real","_class":"heat_pipe","_osm_id":"way/390807213","_district":"район Бирюлёво Восточное","_length_km":0.018}},{"type":"Feature","geometry":{"type":"LineString","coordinates":[[37.6995207,55.5867594],[37.6995055,55.5865524]]},"properties":{"diameter":"1000","layer":"3","location":"overhead","man_made":"pipeline","substance":"heat","_source":"real","_class":"heat_pipe","_osm_id":"way/390807215","_district":"район Бирюлёво Восточное","_length_km":0.023}},{"type":"Feature","geometry":{"type":"LineString","coordinates":[[37.6995055,55.5865524],[37.6994958,55.5863981]]},"properties":{"diameter":"1000","layer":"2","location":"overground","man_made":"pipeline","substance":"heat","_source":"real","_class":"heat_pipe","_osm_id":"way/390807218","_district":"район Бирюлёво Восточное","_length_km":0.017}},{"type":"Feature","geometry":{"type":"LineString","coordinates":[[37.6994894,55.5867653],[37.6994737,55.5865574]]},"properties":{"diameter":"1000","layer":"3","location":"overhead","man_made":"pipeline","substance":"heat","_source":"real","_class":"heat_pipe","_osm_id":"way/390807220","_district":"район Бирюлёво Восточное","_length_km":0.023}},{"type":"Feature","geometry":{"type":"Polygon","coordinates":[[[37.5636797,55.8677571],[37.563869,55.8678051],[37.5639627,55.8676887],[37.5637734,55.8676407],[37.5636797,55.8677571]]]},"properties":{"addr:housenumber":"16 к1 с1","addr:street":"Дубнинская улица","building":"service","building:levels":"1","location":"indoor","man_made":"heat_exchange_station","pipeline":"substation","substance":"hot_water","substation":"distribution","_source":"real","_class":"heat_substation","_osm_id":"way/390841565","_district":"район Восточное Дегунино"}},{"type":"Feature","geometry":{"type":"Polygon","coordinates":[[[37.832315,55.8038415],[37.832315,55.8036411],[37.832543,55.8036411],[37.832543,55.8038415],[37.832315,55.8038415]]]},"properties":{"addr:housenumber":"20Б с10","addr:street":"16-я Парковая улица","building":"service","building:levels":"1","location":"indoor","man_made":"heat_exchange_station","operator":"МОЭК","pipeline":"substation","substance":"hot_water","substation":"distribution","_source":"real","_class":"heat_substation","_osm_id":"way/392447159","_district":"район Северное Измайлово"}},{"type":"Feature","geometry":{"type":"Polygon","coordinates":[[[37.5116554,55.6122754],[37.5121081,55.6124645],[37.5132109,55.6116222],[37.5127582,55.6114331],[37.5116554,55.6122754]]]},"properties":{"addr:housenumber":"8 к3 с2","addr:street":"Новоясеневский проспект","building":"yes","name":"Районная газовая тепловая станция (РТС) «Тёплый Стан» ОАО «МОЭК»","operator":"ОАО \"МОЭК\"","_source":"real","_class":"heat_source","_osm_id":"way/39425545","_district":"район Ясенево"}},{"type":"Feature","geometry":{"type":"Polygon","coordinates":[[[37.5995952,55.7642402],[37.5996527,55.7641934],[37.5996828,55.764169],[37.5995185,55.764105],[37.5994642,55.7641493],[37.5994309,55.7641763],[37.5995266,55.7642135],[37.5995952,55.7642402]]]},"properties":{"addr:housenumber":"10 с4","addr:street":"Большой Палашёвский переулок","building":"service","building:levels":"1","location":"indoor","man_made":"heat_exchange_station","pipeline":"substation","substance":"hot_water","substation":"distribution","_source":"real","_class":"heat_substation","_osm_id":"way/395406901","_district":"Пресненский район"}},{"type":"Feature","geometry":{"type":"Polygon","coordinates":[[[37.7059924,55.6186229],[37.7061958,55.618659],[37.7062292,55.6185993],[37.7060258,55.6185631],[37.7059924,55.6186229]]]},"properties":{"addr:city":"Москва","addr:housenumber":"13А","addr:street":"Шипиловская улица","building":"service","building:levels":"1","location":"indoor","man_made":"heat_exchange_station","operator":"МОЭК","pipeline":"substation","substance":"hot_water","substation":"distribution","_source":"real","_class":"heat_substation","_osm_id":"way/39623509","_district":"район Орехово-Борисово Северное"}},{"type":"Feature","geometry":{"type":"Polygon","coordinates":[[[37.8312007,55.7682637],[37.8312043,55.7684299],[37.8315086,55.7684289],[37.8315069,55.7682647],[37.8312007,55.7682637]]]},"properties":{"addr:housenumber":"7 к1 с2","addr:street":"Саянская улица","building":"service","building:colour":"lightgrey","building:levels":"1","building:material":"concrete","location":"indoor","man_made":"heat_exchange_station","pipeline":"substation","roof:colour":"grey","roof:material":"tar_paper","roof:shape":"flat","substance":"hot_water","substation":"distribution","_source":"real","_class":"heat_substation","_osm_id":"way/39757606","_district":"район Ивановское"}},{"type":"Feature","geometry":{"type":"Polygon","coordinates":[[[37.8347128,55.771789],[37.8349155,55.7717866],[37.8349105,55.7716537],[37.8347079,55.7716561],[37.8347128,55.771789]]]},"properties":{"addr:housenumber":"100 к5 с2","addr:street":"шоссе Энтузиастов","building":"service","building:levels":"1","location":"indoor","man_made":"heat_exchange_station","pipeline":"substation","substance":"hot_water","substation":"distribution","_source":"real","_class":"heat_substation","_osm_id":"way/39898888","_district":"район Ивановское"}},{"type":"Feature","geometry":{"type":"Polygon","coordinates":[[[37.8385273,55.772107],[37.8385305,55.7722154],[37.8388079,55.7722128],[37.8388046,55.7721043],[37.8385273,55.772107]]]},"properties":{"addr:housenumber":"4 к4 с2","addr:street":"улица Сталеваров","building":"service","building:colour":"lightblue;lightgreen","building:levels":"1","building:material":"concrete","location":"indoor","man_made":"heat_exchange_station","name":"ЦТП","operator":"МОЭК","pipeline":"substation","roof:colour":"grey","roof:material":"tar_paper","roof:shape":"flat","substance":"hot_water","substation":"distribution","_source":"real","_class":"heat_substation","_osm_id":"way/39898889","_district":"район Ивановское"}},{"type":"Feature","geometry":{"type":"Polygon","coordinates":[[[37.8277622,55.7694883],[37.8279744,55.7694883],[37.8279744,55.7693744],[37.8277622,55.7693744],[37.8277622,55.7694883]]]},"properties":{"addr:housenumber":"96 к4 с2","addr:street":"шоссе Энтузиастов","building":"service","building:levels":"1","location":"indoor","man_made":"heat_exchange_station","pipeline":"substation","substance":"hot_water","substation":"distribution","_source":"real","_class":"heat_substation","_osm_id":"way/39898912","_district":"район Ивановское"}},{"type":"Feature","geometry":{"type":"Polygon","coordinates":[[[37.8242006,55.7657545],[37.8244226,55.7657534],[37.82442,55.7655952],[37.824198,55.7655964],[37.8242006,55.7657545]]]},"properties":{"addr:housenumber":"7 к2 с1","addr:street":"Свободный проспект","building":"service","building:levels":"1","location":"indoor","man_made":"heat_exchange_station","pipeline":"substation","substance":"hot_water","substation":"distribution","_source":"real","_class":"heat_substation","_osm_id":"way/39898998","_district":"район Ивановское"}},{"type":"Feature","geometry":{"type":"Polygon","coordinates":[[[37.8344399,55.7684702],[37.8346598,55.7684683],[37.8346559,55.7683272],[37.834436,55.7683291],[37.8344399,55.7684702]]]},"properties":{"addr:housenumber":"11 к1 с2","addr:street":"Саянская улица","building":"service","building:colour":"lightgrey;blue","building:levels":"1","building:material":"concrete","location":"indoor","man_made":"heat_exchange_station","pipeline":"substation","roof:colour":"grey","roof:material":"tar_paper","roof:shape":"flat","substance":"hot_water","substation":"distribution","_source":"real","_class":"heat_substation","_osm_id":"way/39899992","_district":"район Ивановское"}},{"type":"Feature","geometry":{"type":"Polygon","coordinates":[[[37.8365208,55.7684817],[37.8367566,55.7684835],[37.8367604,55.7683229],[37.8365246,55.7683211],[37.8365208,55.7684817]]]},"properties":{"addr:housenumber":"13 к2 с2","addr:street":"Саянская улица","building":"service","building:colour":"lightgrey","building:levels":"1","building:material":"concrete","location":"indoor","man_made":"heat_exchange_station","pipeline":"substation","roof:colour":"grey","roof:material":"tar_paper","roof:shape":"flat","substance":"hot_water","substation":"distribution","_source":"real","_class":"heat_substation","_osm_id":"way/39899993","_district":"район Ивановское"}},{"type":"Feature","geometry":{"type":"Polygon","coordinates":[[[37.5982532,55.6128718],[37.598224,55.6128064],[37.5985112,55.6127655],[37.5985404,55.612831],[37.5982532,55.6128718]]]},"properties":{"addr:housenumber":"4 к3 с2","addr:street":"улица Красного Маяка","branch":"Филиал № 6 «Южный», предприятие № 9","building":"service","building:levels":"1","location":"indoor","man_made":"heat_exchange_station","official_short_type":"ЦТП","operator":"ПАО «МОЭК»","pipeline":"substation","pipeline:heat_transfer":"yes","ref":"06-09-023","substance":"hot_water","substation":"distribution","_source":"real","_class":"heat_substation","_osm_id":"way/399095652","_district":"район Чертаново Центральное"}},{"type":"Feature","geometry":{"type":"Polygon","coordinates":[[[37.8362207,55.766798],[37.8364044,55.766798],[37.8364044,55.7666748],[37.8362207,55.7666748],[37.8362207,55.766798]]]},"properties":{"addr:housenumber":"1 к1 с5","addr:street":"улица Молостовых","building":"service","building:colour":"white","building:levels":"1","building:material":"concrete","location":"indoor","man_made":"heat_exchange_station","pipeline":"substation","roof:colour":"grey","roof:material":"tar_paper","roof:shape":"flat","substance":"hot_water","substation":"distribution","_source":"real","_class":"heat_substation","_osm_id":"way/39963170","_district":"район Ивановское"}},{"type":"Feature","geometry":{"type":"Polygon","coordinates":[[[37.8354472,55.7616585],[37.8354472,55.7617761],[37.8356507,55.7617761],[37.8356507,55.7616585],[37.8354472,55.7616585]]]},"properties":{"addr:housenumber":"5 с2","addr:street":"улица Молостовых","building":"industrial","building:colour":"white","building:levels":"1","building:material":"concrete","plant:output:hot_water":"yes","plant:source":"gas","power":"plant","roof:colour":"grey","roof:material":"tar_paper","roof:shape":"flat","_source":"real","_class":"heat_source","_osm_id":"way/39963175","_district":"район Ивановское"}},{"type":"Feature","geometry":{"type":"Polygon","coordinates":[[[37.8277442,55.7654996],[37.8279471,55.7654979],[37.8279437,55.7653652],[37.8277408,55.7653669],[37.8277442,55.7654996]]]},"properties":{"addr:housenumber":"7 к2 с2","addr:street":"Свободный проспект","building":"service","building:levels":"1","location":"indoor","man_made":"heat_exchange_station","pipeline":"substation","substance":"hot_water","substation":"distribution","_source":"real","_class":"heat_substation","_osm_id":"way/40032728","_district":"район Ивановское"}},{"type":"Feature","geometry":{"type":"Polygon","coordinates":[[[37.8311239,55.7600078],[37.831338,55.760006],[37.8313403,55.7598837],[37.8311229,55.7598858],[37.8311239,55.7600078]]]},"properties":{"addr:housenumber":"10 с4","addr:street":"улица Молостовых","building":"industrial","building:colour":"white","building:levels":"1","building:material":"concrete","plant:output:hot_water":"yes","plant:source":"gas","power":"plant","roof:colour":"grey","roof:material":"tar_paper","roof:shape":"flat","_source":"real","_class":"heat_source","_osm_id":"way/40032756","_district":"район Ивановское"}},{"type":"Feature","geometry":{"type":"Polygon","coordinates":[[[37.8310345,55.7662802],[37.8312518,55.7662747],[37.831239,55.7661136],[37.8310217,55.7661191],[37.8310345,55.7662802]]]},"properties":{"addr:housenumber":"14 с1","addr:street":"Саянская улица","building":"service","building:colour":"lightgrey","building:levels":"1","building:material":"concrete","location":"indoor","man_made":"heat_exchange_station","pipeline":"substation","roof:colour":"grey","roof:material":"tar_paper","roof:shape":"flat","substance":"hot_water","substation":"distribution","_source":"real","_class":"heat_substation","_osm_id":"way/40032764","_district":"район Ивановское"}},{"type":"Feature","geometry":{"type":"Polygon","coordinates":[[[37.6281484,55.8758682],[37.6284221,55.8758429],[37.6283969,55.8757571],[37.6281232,55.8757824],[37.6281484,55.8758682]]]},"properties":{"building":"yes","building:levels":"1","man_made":"heat_exchange_station","_source":"real","_class":"heat_substation","_osm_id":"way/400804218","_district":"район Южное Медведково"}},{"type":"Feature","geometry":{"type":"Polygon","coordinates":[[[37.8338232,55.7738911],[37.833975,55.7738905],[37.8339734,55.7737798],[37.8338216,55.7737805],[37.8338232,55.7738911]]]},"properties":{"addr:housenumber":"100 к3 с4","addr:street":"шоссе Энтузиастов","building":"service","building:colour":"white","building:levels":"1","building:material":"concrete","location":"indoor","man_made":"heat_exchange_station","pipeline":"substation","roof:colour":"grey","roof:material":"tar_paper","roof:shape":"flat","substance":"hot_water","substation":"distribution","_source":"real","_class":"heat_substation","_osm_id":"way/40130131","_district":"район Ивановское"}},{"type":"Feature","geometry":{"type":"Polygon","coordinates":[[[37.8310997,55.7657981],[37.831329,55.7658037],[37.8313385,55.7656802],[37.8311092,55.7656746],[37.8310997,55.7657981]]]},"properties":{"addr:housenumber":"2 с3","addr:street":"улица Молостовых","building":"service","building:colour":"lightgrey","building:levels":"1","building:material":"concrete","location":"indoor","man_made":"heat_exchange_station","pipeline":"substation","roof:colour":"grey","roof:material":"tar_paper","roof:shape":"flat","substance":"hot_water","substation":"distribution","_source":"real","_class":"heat_substation","_osm_id":"way/40130135","_district":"район Ивановское"}},{"type":"Feature","geometry":{"type":"Polygon","coordinates":[[[37.6479785,55.7051411],[37.6485293,55.7060879],[37.6495631,55.7059199],[37.6490191,55.7049484],[37.6486465,55.7050166],[37.6485244,55.704805],[37.6483451,55.7048378],[37.6484126,55.7049547],[37.6484684,55.7050515],[37.6479785,55.7051411]]]},"properties":{"landuse":"industrial","name":"ТЭЦ ВТИ","name:uk":"ТЕЦ ТВІ","operator":"ОАО \"ВТИ\"","plant:output:electricity":"yes","plant:output:hot_water":"yes","plant:source":"gas","power":"plant","_source":"real","_class":"heat_source","_osm_id":"way/403248440","_district":"Даниловский район"}},{"type":"Feature","geometry":{"type":"Polygon","coordinates":[[[37.4506511,55.6724045],[37.4508478,55.6724057],[37.4508511,55.6722482],[37.4506544,55.6722469],[37.4506511,55.6724045]]]},"properties":{"addr:housenumber":"31 с1","addr:street":"Озёрная улица","building":"service","building:colour":"grey","building:levels":"1","building:material":"concrete","description":"Центральный тепловой пункт","man_made":"heat_exchange_station","pipeline":"substation","roof:colour":"grey","roof:material":"tar_paper","roof:shape":"flat","substance":"hot_water","substation":"distribution","_source":"real","_class":"heat_substation","_osm_id":"way/405667783","_district":"район Очаково-Матвеевское"}},{"type":"Feature","geometry":{"type":"Polygon","coordinates":[[[37.459077,55.6801205],[37.4592833,55.6802924],[37.459464,55.6802235],[37.4592576,55.6800516],[37.459077,55.6801205]]]},"properties":{"building":"service","building:levels":"1","description":"Центральный тепловой пункт","man_made":"heat_exchange_station","pipeline":"substation","substance":"hot_water","substation":"distribution","_source":"real","_class":"heat_substation","_osm_id":"way/405667784","_district":"район Очаково-Матвеевское"}},{"type":"Feature","geometry":{"type":"Polygon","coordinates":[[[37.4538631,55.6732367],[37.4538614,55.6733568],[37.4541341,55.6733581],[37.4541358,55.673238],[37.4538631,55.6732367]]]},"properties":{"building":"service","building:levels":"1","description":"Центральный тепловой пункт","man_made":"heat_exchange_station","pipeline":"substation","substance":"hot_water","substation":"distribution","_source":"real","_class":"heat_substation","_osm_id":"way/405667785","_district":"район Очаково-Матвеевское"}},{"type":"Feature","geometry":{"type":"Polygon","coordinates":[[[37.4577925,55.6787206],[37.4578045,55.6788793],[37.458057,55.6788732],[37.4580449,55.6787145],[37.4577925,55.6787206]]]},"properties":{"building":"service","building:levels":"1","description":"Центральный тепловой пункт","man_made":"heat_exchange_station","pipeline":"substation","substance":"hot_water","substation":"distribution","_source":"real","_class":"heat_substation","_osm_id":"way/405667786","_district":"район Очаково-Матвеевское"}},{"type":"Feature","geometry":{"type":"Polygon","coordinates":[[[37.6638711,55.8906221],[37.6640833,55.8906159],[37.6640691,55.8904233],[37.6638556,55.8904288],[37.6638711,55.8906221]]]},"properties":{"addr:city":"Москва","addr:housenumber":"16 с1","addr:postcode":"127282","addr:street":"улица Грекова","building":"service","building:levels":"1","description":"ЦТП","location":"indoor","man_made":"heat_exchange_station","pipeline":"substation","substance":"hot_water","substation":"distribution","_source":"real","_class":"heat_substation","_osm_id":"way/407652778","_district":"район Северное Медведково"}},{"type":"Feature","geometry":{"type":"Polygon","coordinates":[[[37.3996001,55.6397339],[37.3996554,55.6397484],[37.3996713,55.639725],[37.3997009,55.6397306],[37.3997385,55.6396759],[37.3996535,55.6396569],[37.3996001,55.6397339]]]},"properties":{"building":"service","building:levels":"1","location":"indoor","man_made":"heat_exchange_station","pipeline":"substation","substance":"hot_water","substation":"distribution","_source":"real","_class":"heat_substation","_osm_id":"way/408805796","_district":"район Солнцево"}},{"type":"Feature","geometry":{"type":"Polygon","coordinates":[[[37.4368672,55.8550299],[37.4366684,55.8550031],[37.4366798,55.8549763],[37.4366784,55.8549698],[37.4366689,55.8549654],[37.436649,55.8549627],[37.4366144,55.854958],[37.4365938,55.8549552],[37.4365816,55.8549556],[37.4365747,55.8549608],[37.4365324,55.8550597],[37.4365653,55.8550641],[37.4365496,55.8551008],[37.4367668,55.8551327],[37.4368672,55.8550299]]]},"properties":{"addr:housenumber":"5 с1","addr:street":"улица Героев Панфиловцев","building":"service","building:colour":"white","building:levels":"1","building:material":"plaster","location":"indoor","man_made":"heat_exchange_station","pipeline":"substation","roof:colour":"grey","roof:material":"tar_paper","roof:shape":"flat","substance":"hot_water","substation":"distribution","_source":"real","_class":"heat_substation","_osm_id":"way/411343453","_district":"район Северное Тушино"}},{"type":"Feature","geometry":{"type":"Polygon","coordinates":[[[37.6071955,55.6463586],[37.6074865,55.6463589],[37.6074869,55.6462421],[37.6071958,55.6462418],[37.6071955,55.6463586]]]},"properties":{"addr:housenumber":"10А","addr:street":"Черноморский бульвар","building":"heat_exchange_station","man_made":"heat_exchange_station","_source":"real","_class":"heat_substation","_osm_id":"way/411695131","_district":"Нагорный район"}},{"type":"Feature","geometry":{"type":"LineString","coordinates":[[37.7015831,55.5897505],[37.7009945,55.5891597],[37.7007303,55.5888876],[37.7000391,55.5881919],[37.700747,55.5879763],[37.7006413,55.5877275]]},"properties":{"diameter":"1000","layer":"2","location":"overground","man_made":"pipeline","substance":"heat","_source":"real","_class":"heat_pipe","_osm_id":"way/41593419","_district":"район Бирюлёво Восточное","_length_km":0.278}},{"type":"Feature","geometry":{"type":"Polygon","coordinates":[[[37.5249648,55.8851137],[37.5250236,55.8851325],[37.5250616,55.8850953],[37.5250027,55.8850764],[37.5249648,55.8851137]]]},"properties":{"building":"service","building:levels":"1","location":"indoor","man_made":"heat_exchange_station","pipeline":"substation","ref":"ТП 2","substance":"hot_water","substation":"distribution","_source":"real","_class":"heat_substation","_osm_id":"way/417514468","_district":"Дмитровский район"}},{"type":"Feature","geometry":{"type":"Polygon","coordinates":[[[37.529747,55.8376378],[37.5297821,55.8376804],[37.5298973,55.8376505],[37.5298622,55.8376079],[37.529747,55.8376378]]]},"properties":{"addr:country":"RU","addr:housenumber":"33 к1 с2","addr:street":"бульвар Матроса Железняка","building":"service","building:colour":"orange","building:levels":"1","building:material":"metal","location":"indoor","man_made":"heat_exchange_station","pipeline":"substation","roof:colour":"grey","roof:material":"metal","roof:shape":"flat","substance":"hot_water","substation":"distribution","_source":"real","_class":"heat_substation","_osm_id":"way/417598005","_district":"район Коптево"}},{"type":"Feature","geometry":{"type":"Polygon","coordinates":[[[37.8305954,55.7542372],[37.8305987,55.7540685],[37.8307711,55.7540695],[37.8307678,55.7542383],[37.8305954,55.7542372]]]},"properties":{"addr:housenumber":"14 с6","addr:street":"улица Молостовых","building":"service","building:colour":"white","building:levels":"1","building:material":"concrete","location":"indoor","man_made":"heat_exchange_station","operator":"МОЭК","pipeline":"substation","roof:colour":"grey","roof:material":"tar_paper","roof:shape":"flat","substance":"hot_water","substation":"distribution","_source":"real","_class":"heat_substation","_osm_id":"way/41863350","_district":"район Ивановское"}},{"type":"Feature","geometry":{"type":"Polygon","coordinates":[[[37.8338306,55.7550444],[37.8340355,55.7550428],[37.8340328,55.7549271],[37.8338278,55.7549286],[37.8338306,55.7550444]]]},"properties":{"addr:housenumber":"15 к1 с2","addr:street":"улица Молостовых","building":"service","building:colour":"white","building:levels":"1","building:material":"plaster","location":"indoor","man_made":"heat_exchange_station","operator":"МОЭК","pipeline":"substation","roof:colour":"grey","roof:material":"tar_paper","roof:shape":"flat","substance":"hot_water","substation":"distribution","_source":"real","_class":"heat_substation","_osm_id":"way/41875875","_district":"район Ивановское"}},{"type":"Feature","geometry":{"type":"Polygon","coordinates":[[[37.835568,55.7567064],[37.835865,55.7567002],[37.8358599,55.7566222],[37.8355628,55.7566284],[37.835568,55.7567064]]]},"properties":{"addr:housenumber":"11 к6 с2","addr:street":"улица Молостовых","building":"service","building:levels":"1","location":"indoor","man_made":"heat_exchange_station","operator":"МОЭК","pipeline":"substation","substance":"hot_water","substation":"distribution","_source":"real","_class":"heat_substation","_osm_id":"way/41875878","_district":"район Ивановское"}},{"type":"Feature","geometry":{"type":"Polygon","coordinates":[[[37.8248486,55.7631962],[37.8248553,55.7630507],[37.8251167,55.7630545],[37.82511,55.7632],[37.8248486,55.7631962]]]},"properties":{"addr:housenumber":"11 с5","addr:street":"Свободный проспект","building":"service","building:levels":"1","location":"indoor","man_made":"heat_exchange_station","pipeline":"substation","substance":"hot_water","substation":"distribution","_source":"real","_class":"heat_substation","_osm_id":"way/41921834","_district":"район Ивановское"}},{"type":"Feature","geometry":{"type":"Polygon","coordinates":[[[37.8222792,55.769646],[37.8223328,55.7695392],[37.8226934,55.7695986],[37.8226358,55.7697027],[37.8222792,55.769646]]]},"properties":{"addr:housenumber":"1 к1 с2","addr:street":"Свободный проспект","building":"service","building:levels":"1","location":"indoor","man_made":"heat_exchange_station","pipeline":"substation","substance":"hot_water","substation":"distribution","_source":"real","_class":"heat_substation","_osm_id":"way/41923226","_district":"район Ивановское"}},{"type":"Feature","geometry":{"type":"Polygon","coordinates":[[[37.8257239,55.768372],[37.8257172,55.7682764],[37.8259358,55.7682715],[37.8259425,55.7683671],[37.8257239,55.768372]]]},"properties":{"addr:housenumber":"3 к1 с2","addr:street":"Саянская улица","building":"service","building:levels":"1","location":"indoor","man_made":"heat_exchange_station","pipeline":"substation","substance":"hot_water","substation":"distribution","_source":"real","_class":"heat_substation","_osm_id":"way/41923227","_district":"район Ивановское"}},{"type":"Feature","geometry":{"type":"Polygon","coordinates":[[[37.8264068,55.769647],[37.8264035,55.7695218],[37.8266607,55.7695197],[37.826664,55.7696449],[37.8264068,55.769647]]]},"properties":{"addr:housenumber":"3 к2 с1","addr:street":"Саянская улица","building":"service","building:levels":"1","location":"indoor","man_made":"heat_exchange_station","pipeline":"substation","substance":"hot_water","substation":"distribution","_source":"real","_class":"heat_substation","_osm_id":"way/41923228","_district":"район Ивановское"}},{"type":"Feature","geometry":{"type":"Polygon","coordinates":[[[37.8342129,55.7692783],[37.8342102,55.7691596],[37.8344067,55.7691582],[37.8344094,55.7692769],[37.8342129,55.7692783]]]},"properties":{"addr:housenumber":"11 к2 с2","addr:street":"Саянская улица","building":"service","building:colour":"white","building:levels":"1","building:material":"concrete","location":"indoor","man_made":"heat_exchange_station","pipeline":"substation","roof:colour":"grey","roof:material":"tar_paper","roof:shape":"flat","substance":"hot_water","substation":"distribution","_source":"real","_class":"heat_substation","_osm_id":"way/41923229","_district":"район Ивановское"}},{"type":"Feature","geometry":{"type":"Polygon","coordinates":[[[37.8312252,55.7707269],[37.8312199,55.7706073],[37.8314047,55.7706046],[37.8314101,55.7707243],[37.8312252,55.7707269]]]},"properties":{"addr:housenumber":"98 к4 с1","addr:street":"шоссе Энтузиастов","building":"service","building:levels":"1","location":"indoor","man_made":"heat_exchange_station","pipeline":"substation","substance":"hot_water","substation":"distribution","_source":"real","_class":"heat_substation","_osm_id":"way/41923232","_district":"район Ивановское"}},{"type":"Feature","geometry":{"type":"Polygon","coordinates":[[[37.3499463,55.8520898],[37.3499664,55.8519411],[37.3497586,55.8519322],[37.3497385,55.852081],[37.3499463,55.8520898]]]},"properties":{"addr:city":"Москва","addr:country":"RU","addr:housenumber":"3 с1","addr:street":"Ангелов переулок","building":"service","building:levels":"1","location":"indoor","man_made":"heat_exchange_station","pipeline":"substation","roof:shape":"flat","substance":"hot_water","substation":"distribution","_source":"real","_class":"heat_substation","_osm_id":"way/41958220","_district":"район Митино"}},{"type":"Feature","geometry":{"type":"Polygon","coordinates":[[[37.3563786,55.8501772],[37.3565739,55.850217],[37.3564558,55.8503993],[37.3562606,55.8503595],[37.3563786,55.8501772]]]},"properties":{"addr:city":"Москва","addr:country":"RU","addr:housenumber":"48 с1","addr:street":"Митинская улица","building":"service","building:levels":"1","description":"ОАО МОЭК, филиал № 9, Северо‐зап. предприят. № 7","location":"indoor","man_made":"heat_exchange_station","pipeline":"substation","source":"Yahoo imagery ; extrapolation ; survey","substance":"hot_water","substation":"distribution","_source":"real","_class":"heat_substation","_osm_id":"way/41959161","_district":"район Митино"}},{"type":"Feature","geometry":{"type":"Polygon","coordinates":[[[37.4625595,55.7315867],[37.4634421,55.7317455],[37.4636266,55.731415],[37.4627395,55.7312588],[37.462585,55.7315403],[37.4625595,55.7315867]]]},"properties":{"barrier":"fence","branch":"Мосэнерго","operator":"Газпром","power":"plant","_source":"real","_class":"heat_source","_osm_id":"way/42237424","_district":"район Фили-Давыдково"}},{"type":"Feature","geometry":{"type":"Polygon","coordinates":[[[37.6970075,55.8669126],[37.6968797,55.8668129],[37.6970521,55.8667433],[37.6971799,55.8668429],[37.6970075,55.8669126]]]},"properties":{"addr:housenumber":"11 к2 с2","addr:street":"Палехская улица","building":"yes","man_made":"heat_exchange_station","pipeline":"substation","ref":"030206231019","substance":"hot_water","substation":"distribution","_source":"real","_class":"heat_substation","_osm_id":"way/42367082","_district":"Ярославский район"}},{"type":"Feature","geometry":{"type":"Polygon","coordinates":[[[37.7054898,55.8729825],[37.7053398,55.8728871],[37.7056026,55.8727571],[37.7057525,55.8728526],[37.7054898,55.8729825]]]},"properties":{"addr:housenumber":"21 с2","addr:street":"Палехская улица","building":"service","building:levels":"1","height":"7","location":"indoor","man_made":"heat_exchange_station","pipeline":"substation","ref":"03-02-0623/055","substance":"hot_water","substation":"distribution","_source":"real","_class":"heat_substation","_osm_id":"way/42371425","_district":"Ярославский район"}},{"type":"Feature","geometry":{"type":"Polygon","coordinates":[[[37.6997245,55.8661872],[37.6997405,55.8660218],[37.699939,55.8660279],[37.6999436,55.866028],[37.6999276,55.8661934],[37.6997245,55.8661872]]]},"properties":{"addr:housenumber":"63 с2","addr:street":"Ярославское шоссе","building":"yes","man_made":"heat_exchange_station","pipeline":"substation","substance":"hot_water","substation":"distribution","_source":"real","_class":"heat_substation","_osm_id":"way/42382859","_district":"Ярославский район"}},{"type":"Feature","geometry":{"type":"Polygon","coordinates":[[[37.5996959,55.8830025],[37.5998083,55.8829176],[37.6001014,55.8830398],[37.599989,55.8831246],[37.5996959,55.8830025]]]},"properties":{"addr:city":"Москва","addr:housenumber":"19 с2","addr:postcode":"127549","addr:street":"Бибиревская улица","building":"service","building:colour":"white","building:levels":"1","building:material":"plaster","height":"5","location":"indoor","man_made":"heat_exchange_station","pipeline":"substation","roof:colour":"grey","roof:material":"tar_paper","roof:shape":"flat","substance":"hot_water","substation":"distribution","_source":"real","_class":"heat_substation","_osm_id":"way/42455030","_district":"Алтуфьевский район"}},{"type":"Feature","geometry":{"type":"Polygon","coordinates":[[[37.790787,55.8109917],[37.7909912,55.8109954],[37.7909977,55.8108812],[37.7907936,55.8108775],[37.790787,55.8109917]]]},"properties":{"addr:housenumber":"55А","addr:street":"Щёлковское шоссе","building":"service","building:colour":"white","building:levels":"1","building:material":"concrete","location":"indoor","man_made":"heat_exchange_station","pipeline":"substation","roof:colour":"grey","roof:material":"tar_paper","roof:shape":"flat","substance":"hot_water","substation":"distribution","_source":"real","_class":"heat_substation","_osm_id":"way/425505014","_district":"район Гольяново"}},{"type":"Feature","geometry":{"type":"Polygon","coordinates":[[[37.7867818,55.8107484],[37.7867777,55.8108602],[37.7865647,55.8108577],[37.7865688,55.8107459],[37.7867818,55.8107484]]]},"properties":{"addr:housenumber":"43А","addr:street":"Щёлковское шоссе","building":"service","building:levels":"1","man_made":"heat_exchange_station","pipeline":"substation","ref":"ЦТП-3","substance":"hot_water","substation":"distribution","_source":"real","_class":"heat_substation","_osm_id":"way/425533010","_district":"район Гольяново"}},{"type":"Feature","geometry":{"type":"Polygon","coordinates":[[[37.5695257,55.8666847],[37.5697255,55.8667367],[37.569814,55.8666294],[37.5696142,55.8665775],[37.5695257,55.8666847]]]},"properties":{"addr:city":"Москва","addr:housenumber":"14 к2 с1","addr:street":"Дубнинская улица","building":"service","building:colour":"white","building:levels":"1","building:material":"concrete","location":"indoor","man_made":"heat_exchange_station","pipeline":"substation","roof:colour":"grey","roof:material":"tar_paper","roof:shape":"flat","substance":"hot_water","substation":"distribution","_source":"real","_class":"heat_substation","_osm_id":"way/425570321","_district":"район Восточное Дегунино"}},{"type":"Feature","geometry":{"type":"Polygon","coordinates":[[[37.9157605,55.6838033],[37.9157797,55.683609],[37.9159863,55.6836156],[37.915967,55.6838098],[37.9157605,55.6838033]]]},"properties":{"addr:housenumber":"1 с2","addr:postcode":"111674","addr:street":"1-я Вольская улица","building":"yes","building:levels":"2","name":"ЦТП","_source":"real","_class":"heat_substation","_osm_id":"way/42562914","_district":"район Некрасовка"}},{"type":"Feature","geometry":{"type":"Polygon","coordinates":[[[37.7977744,55.6331899],[37.7977756,55.6330391],[37.7981232,55.63304],[37.798122,55.6331908],[37.7977744,55.6331899]]]},"properties":{"addr:city":"Москва","addr:country":"RU","addr:quarter":"5-й квартал Капотня","addr:suburb":"Капотня","building":"service","building:levels":"1","location":"indoor","man_made":"heat_exchange_station","pipeline":"substation","substance":"hot_water","substation":"distribution","_source":"real","_class":"heat_substation","_osm_id":"way/42563688","_district":"район Капотня"}},{"type":"Feature","geometry":{"type":"Polygon","coordinates":[[[37.6418385,55.8831952],[37.6420275,55.8831422],[37.6418498,55.8829429],[37.6416608,55.8829959],[37.6418385,55.8831952]]]},"properties":{"addr:housenumber":"32 с2","addr:street":"Полярная улица","building":"yes","height":"6","man_made":"heat_exchange_station","_source":"real","_class":"heat_substation","_osm_id":"way/42637717","_district":"район Северное Медведково"}},{"type":"Feature","geometry":{"type":"Polygon","coordinates":[[[37.726603,55.7927464],[37.7267939,55.7927839],[37.7268882,55.7926324],[37.7266973,55.7925949],[37.726603,55.7927464]]]},"properties":{"building":"service","building:levels":"1","location":"indoor","man_made":"heat_exchange_station","pipeline":"substation","roof:shape":"gabled","substance":"hot_water","substation":"distribution","_source":"real","_class":"heat_substation","_osm_id":"way/42733030","_district":"район Преображенское"}},{"type":"Feature","geometry":{"type":"Polygon","coordinates":[[[37.6205792,55.8785987],[37.6207911,55.8785767],[37.6207232,55.8783706],[37.6205112,55.8783926],[37.6205792,55.8785987]]]},"properties":{"addr:housenumber":"32 с1","addr:street":"Ясный проезд","building":"service","building:colour":"orange","building:levels":"1","building:material":"plaster","name":"ЦТП 2","roof:colour":"grey","roof:material":"tar_paper","roof:shape":"flat","_source":"real","_class":"heat_substation","_osm_id":"way/430575768","_district":"район Южное Медведково"}},{"type":"Feature","geometry":{"type":"Polygon","coordinates":[[[37.5950634,55.7638194],[37.5949253,55.7637737],[37.5948487,55.7637484],[37.5948128,55.7637828],[37.5949657,55.7638334],[37.594926,55.7638713],[37.5949883,55.7638918],[37.5950634,55.7638194]]]},"properties":{"addr:housenumber":"4 с2","addr:street":"Малый Козихинский переулок","building":"service","building:levels":"1","location":"indoor","man_made":"heat_exchange_station","pipeline":"substation","substance":"hot_water","substation":"distribution","_source":"real","_class":"heat_substation","_osm_id":"way/430961604","_district":"Пресненский район"}},{"type":"Feature","geometry":{"type":"Polygon","coordinates":[[[37.4032271,55.8020674],[37.4035711,55.8019938],[37.4034903,55.8018746],[37.4031463,55.8019483],[37.4032271,55.8020674]]]},"properties":{"addr:housenumber":"26 к2 с2","addr:street":"Строгинский бульвар","building":"service","building:levels":"1","location":"indoor","man_made":"heat_exchange_station","pipeline":"substation","substance":"hot_water","substation":"distribution","_source":"real","_class":"heat_substation","_osm_id":"way/432582300","_district":"район Строгино"}},{"type":"Feature","geometry":{"type":"Polygon","coordinates":[[[37.8059463,55.8045908],[37.806134,55.8045908],[37.806134,55.8044792],[37.8060375,55.8044792],[37.8060375,55.8045184],[37.8059463,55.8045184],[37.8059463,55.8045908]]]},"properties":{"addr:housenumber":"42 к2 с2","addr:street":"11-я Парковая улица","building":"service","building:colour":"white;grey","building:levels":"1","building:material":"brick","location":"indoor","man_made":"heat_exchange_station","operator":"МОЭК","pipeline":"substation","roof:colour":"grey","roof:material":"tar_paper","roof:shape":"flat","substance":"hot_water","substation":"distribution","_source":"real","_class":"heat_substation","_osm_id":"way/432615232","_district":"район Северное Измайлово"}},{"type":"Feature","geometry":{"type":"Polygon","coordinates":[[[37.6413219,55.8530982],[37.6412699,55.8529804],[37.6409873,55.8530197],[37.6410393,55.8531375],[37.6413219,55.8530982]]]},"properties":{"addr:housenumber":"8 с2","addr:street":"улица Седова","building":"service","building:levels":"1","official_short_type":"ЦТП","operator":"МОЭК","pipeline":"substation","substance":"hot_water","substation":"distribution","utility":"heating","_source":"real","_class":"heat_substation","_osm_id":"way/43420250","_district":"район Свиблово"}},{"type":"Feature","geometry":{"type":"Polygon","coordinates":[[[37.6473457,55.8540751],[37.6471536,55.8539784],[37.647297,55.8538887],[37.6474891,55.8539854],[37.6473457,55.8540751]]]},"properties":{"addr:housenumber":"17 к2 с2","addr:street":"Снежная улица","building":"service","building:levels":"1","official_short_type":"ЦТП","operator":"МОЭК","pipeline":"substation","substance":"hot_water","substation":"distribution","utility":"heating","_source":"real","_class":"heat_substation","_osm_id":"way/43420251","_district":"район Свиблово"}},{"type":"Feature","geometry":{"type":"Polygon","coordinates":[[[37.7372296,55.7183851],[37.7375161,55.7183847],[37.7375168,55.7183162],[37.7372293,55.7183163],[37.7372296,55.7183851]]]},"properties":{"addr:housenumber":"4 с3А","addr:street":"Волжский бульвар","building":"service","building:levels":"1","location":"indoor","man_made":"heat_exchange_station","note:cadastre:id":"77:04:0002005:1143","pipeline":"substation","substance":"hot_water","substation":"distribution","_source":"real","_class":"heat_substation","_osm_id":"way/43569437","_district":"район Текстильщики"}},{"type":"Feature","geometry":{"type":"Polygon","coordinates":[[[37.6238067,55.7876435],[37.6240669,55.7877083],[37.6241498,55.7876032],[37.6238896,55.7875384],[37.6238067,55.7876435]]]},"properties":{"addr:housenumber":"22 с5","addr:street":"Олимпийский проспект","building":"service","building:levels":"1","location":"indoor","man_made":"heat_exchange_station","pipeline":"substation","roof:shape":"flat","substance":"hot_water","substation":"distribution","_source":"real","_class":"heat_substation","_osm_id":"way/438153844","_district":"Мещанский район"}},{"type":"Feature","geometry":{"type":"Polygon","coordinates":[[[37.689875,55.8627084],[37.6896399,55.8625448],[37.6898159,55.8624652],[37.690051,55.8626287],[37.689875,55.8627084]]]},"properties":{"addr:housenumber":"2 к2 с2","addr:street":"улица Дудинка","building":"yes","building:levels":"1","level":"1","location":"indoor","man_made":"heat_exchange_station","pipeline":"substation","substance":"hot_water","substation":"distribution","_source":"real","_class":"heat_substation","_osm_id":"way/44139217","_district":"Ярославский район"}},{"type":"Feature","geometry":{"type":"Polygon","coordinates":[[[37.7132879,55.871511],[37.7131595,55.8714009],[37.7132908,55.8713527],[37.7134193,55.8714627],[37.7132879,55.871511]]]},"properties":{"building":"service","building:levels":"1","location":"indoor","man_made":"heat_exchange_station","pipeline":"substation","substance":"hot_water","substation":"distribution","_source":"real","_class":"heat_substation","_osm_id":"way/44146676","_district":"Ярославский район"}},{"type":"Feature","geometry":{"type":"Polygon","coordinates":[[[37.6694738,55.7430543],[37.6695039,55.7429317],[37.6697057,55.7429474],[37.6696756,55.74307],[37.6694738,55.7430543]]]},"properties":{"addr:housenumber":"20 с2","addr:street":"Большая Андроньевская улица","building":"service","building:levels":"1","location":"indoor","man_made":"heat_exchange_station","pipeline":"substation","substance":"hot_water","substation":"distribution","_source":"real","_class":"heat_substation","_osm_id":"way/44158276","_district":"Таганский район"}},{"type":"Feature","geometry":{"type":"Polygon","coordinates":[[[37.6692031,55.7423699],[37.6692382,55.7422475],[37.6694408,55.7422659],[37.6694057,55.7423883],[37.6692031,55.7423699]]]},"properties":{"addr:housenumber":"10 с2","addr:street":"Большой Рогожский переулок","building":"service","building:levels":"1","location":"indoor","man_made":"heat_exchange_station","pipeline":"substation","substance":"hot_water","substation":"distribution","_source":"real","_class":"heat_substation","_osm_id":"way/44158277","_district":"Таганский район"}},{"type":"Feature","geometry":{"type":"Polygon","coordinates":[[[37.3478635,55.855237],[37.3478727,55.8550763],[37.3476554,55.8550725],[37.3476463,55.8552331],[37.3478635,55.855237]]]},"properties":{"addr:city":"Москва","addr:country":"RU","addr:housenumber":"6 к2 с1","addr:street":"Ангелов переулок","building":"service","building:levels":"1","location":"indoor","man_made":"heat_exchange_station","pipeline":"substation","substance":"hot_water","substation":"distribution","_source":"real","_class":"heat_substation","_osm_id":"way/44172341","_district":"район Митино"}},{"type":"Feature","geometry":{"type":"Polygon","coordinates":[[[37.7087119,55.6136592],[37.7089266,55.6136904],[37.7089788,55.6135759],[37.7087641,55.6135447],[37.7087119,55.6136592]]]},"properties":{"addr:city":"Москва","addr:housenumber":"3 с2","addr:postcode":"115551","addr:street":"Домодедовская улица","building":"service","building:levels":"1","location":"indoor","man_made":"heat_exchange_station","pipeline":"substation","roof:shape":"flat","substance":"hot_water","substation":"distribution","_source":"real","_class":"heat_substation","_osm_id":"way/441912819","_district":"район Орехово-Борисово Северное"}},{"type":"Feature","geometry":{"type":"Polygon","coordinates":[[[37.4898347,55.8186649],[37.4898422,55.8186019],[37.4901505,55.8186134],[37.490143,55.8186764],[37.4898347,55.8186649]]]},"properties":{"addr:city":"Москва","addr:housenumber":"11 с2","addr:postcode":"125171","addr:street":"3-я Радиаторская улица","building":"service","building:levels":"1","location":"indoor","man_made":"heat_exchange_station","pipeline":"substation","power":"substation","substance":"hot_water","substation":"distribution","_source":"real","_class":"heat_substation","_osm_id":"way/441995640","_district":"Войковский район"}},{"type":"Feature","geometry":{"type":"Polygon","coordinates":[[[37.4965909,55.7467501],[37.4968199,55.7468191],[37.4969278,55.7467055],[37.4966988,55.7466366],[37.4965909,55.7467501]]]},"properties":{"addr:city":"Москва","addr:housenumber":"18/19 с2","addr:street":"улица Барклая","building":"service","building:levels":"1","location":"indoor","man_made":"heat_exchange_station","pipeline":"substation","substance":"hot_water","substation":"distribution","_source":"real","_class":"heat_substation","_osm_id":"way/443742135","_district":"район Филёвский Парк"}},{"type":"Feature","geometry":{"type":"Polygon","coordinates":[[[37.568547,55.8698627],[37.5687562,55.869889],[37.568801,55.8697771],[37.5687161,55.8697664],[37.5685917,55.8697507],[37.568547,55.8698627]]]},"properties":{"addr:city":"Москва","addr:housenumber":"18 к1 с1","addr:street":"Дубнинская улица","building":"service","building:levels":"1","location":"indoor","man_made":"heat_exchange_station","pipeline":"substation","substance":"hot_water","substation":"distribution","_source":"real","_class":"heat_substation","_osm_id":"way/444917921","_district":"район Восточное Дегунино"}},{"type":"Feature","geometry":{"type":"Polygon","coordinates":[[[37.482191,55.6338794],[37.482368,55.6339702],[37.4824806,55.6339081],[37.4823063,55.6338127],[37.482191,55.6338794]]]},"properties":{"building":"service","building:levels":"1","location":"indoor","man_made":"heat_exchange_station","pipeline":"substation","substance":"hot_water","substation":"distribution","_source":"real","_class":"heat_substation","_osm_id":"way/445010761","_district":"район Тёплый Стан"}},{"type":"Feature","geometry":{"type":"Polygon","coordinates":[[[37.7096694,55.8741803],[37.7098379,55.8741146],[37.7096801,55.8739873],[37.7095116,55.874053],[37.7096694,55.8741803]]]},"properties":{"addr:housenumber":"1 к3 с2","addr:street":"Лосевская улица","building":"service","building:levels":"1","man_made":"heat_exchange_station","substance":"heat","substation":"distribution","_source":"real","_class":"heat_substation","_osm_id":"way/44611400","_district":"Ярославский район"}},{"type":"Feature","geometry":{"type":"Polygon","coordinates":[[[37.6845188,55.8712167],[37.6843607,55.8710998],[37.6842721,55.8711376],[37.6844302,55.8712544],[37.6845188,55.8712167]]]},"properties":{"addr:housenumber":"20 с2","addr:postcode":"129346","addr:street":"Изумрудная улица","building":"service","building:levels":"1","location":"indoor","man_made":"heat_exchange_station","pipeline":"substation","ref":"0308094","substance":"hot_water","substation":"distribution","_source":"real","_class":"heat_substation","_osm_id":"way/44664374","_district":"Лосиноостровский район"}},{"type":"Feature","geometry":{"type":"Polygon","coordinates":[[[37.6846809,55.8710385],[37.6844794,55.8709087],[37.684578,55.8708605],[37.6847796,55.8709903],[37.6846809,55.8710385]]]},"properties":{"addr:housenumber":"19 с2","addr:postcode":"129346","addr:street":"Янтарный проезд","building":"yes","building:levels":"1","man_made":"heat_exchange_station","pipeline":"substation","substance":"hot_water","_source":"real","_class":"heat_substation","_osm_id":"way/44664375","_district":"Лосиноостровский район"}},{"type":"Feature","geometry":{"type":"Polygon","coordinates":[[[37.674101,55.7829482],[37.6743204,55.7831126],[37.6745002,55.7830368],[37.6742807,55.7828723],[37.674101,55.7829482]]]},"properties":{"addr:housenumber":"10 с4","addr:street":"Русаковская улица","building":"service","building:colour":"white","building:levels":"1","building:material":"concrete","location":"indoor","man_made":"heat_exchange_station","pipeline":"substation","roof:colour":"grey","roof:material":"tar_paper","roof:shape":"flat","substance":"hot_water","substation":"distribution","_source":"real","_class":"heat_substation","_osm_id":"way/44773447","_district":"Красносельский район"}},{"type":"Feature","geometry":{"type":"Polygon","coordinates":[[[37.5306085,55.6847842],[37.5307466,55.684702],[37.5309063,55.6847873],[37.5307682,55.6848695],[37.5306085,55.6847842]]]},"properties":{"addr:housenumber":"9 с4","addr:street":"улица Строителей","building":"service","building:levels":"1","location":"indoor","man_made":"heat_exchange_station","operator":"МОЭК","pipeline":"substation","substance":"hot_water","substation":"distribution","_source":"real","_class":"heat_substation","_osm_id":"way/448008450","_district":"Ломоносовский район"}},{"type":"Feature","geometry":{"type":"Polygon","coordinates":[[[37.5510787,55.7769557],[37.5512689,55.7769027],[37.5512049,55.7768301],[37.5510148,55.7768831],[37.5510787,55.7769557]]]},"properties":{"building":"service","building:levels":"1","location":"indoor","man_made":"heat_exchange_station","pipeline":"substation","substance":"hot_water","substation":"distribution","_source":"real","_class":"heat_substation","_osm_id":"way/449500701","_district":"Хорошёвский район"}},{"type":"Feature","geometry":{"type":"Polygon","coordinates":[[[37.6615725,55.8377593],[37.6615175,55.8376463],[37.6618593,55.8375938],[37.6619143,55.8377069],[37.6615725,55.8377593]]]},"properties":{"addr:housenumber":"198 с4","addr:street":"проспект Мира","building":"service","building:levels":"1","location":"indoor","man_made":"heat_exchange_station","pipeline":"substation","ref":"55","roof:shape":"flat","substance":"hot_water","substation":"distribution","_source":"real","_class":"heat_substation","_osm_id":"way/44973481","_district":"район Ростокино"}},{"type":"Feature","geometry":{"type":"Polygon","coordinates":[[[37.4209749,55.7351686],[37.4210767,55.7351681],[37.4210759,55.7351093],[37.4209741,55.7351098],[37.4209749,55.7351686]]]},"properties":{"addr:city":"Москва","addr:street":"Молодогвардейская улица","building":"service","building:levels":"1","location":"indoor","man_made":"heat_exchange_station","pipeline":"substation","ref":"ТП-1","substance":"hot_water","substation":"distribution","_source":"real","_class":"heat_substation","_osm_id":"way/452053523","_district":"район Кунцево"}},{"type":"Feature","geometry":{"type":"Polygon","coordinates":[[[37.7460926,55.6278945],[37.7465486,55.6278945],[37.7465486,55.6277946],[37.7460926,55.6277945],[37.7460926,55.6278945]]]},"properties":{"addr:city":"Москва","addr:country":"RU","addr:housenumber":"9 к3 с2","addr:street":"улица Мусы Джалиля","building":"service","building:levels":"2","height":"7","man_made":"heat_exchange_station","_source":"real","_class":"heat_substation","_osm_id":"way/45339012","_district":"район Зябликово"}},{"type":"Feature","geometry":{"type":"Polygon","coordinates":[[[37.5561766,55.8769733],[37.5563965,55.8769739],[37.5563978,55.8768161],[37.5561779,55.8768154],[37.5561766,55.8769733]]]},"properties":{"addr:housenumber":"69 к2 с1","addr:street":"Дубнинская улица","building":"service","building:colour":"white;black","building:levels":"1","building:material":"plaster","location":"indoor","man_made":"heat_exchange_station","pipeline":"substation","roof:colour":"grey","roof:material":"tar_paper","roof:shape":"flat","substance":"hot_water","substation":"distribution","_source":"real","_class":"heat_substation","_osm_id":"way/456809609","_district":"Бескудниковский район"}},{"type":"Feature","geometry":{"type":"Polygon","coordinates":[[[37.6662599,55.5763292],[37.6663666,55.5761321],[37.6665913,55.576171],[37.6664847,55.5763681],[37.6662599,55.5763292]]]},"properties":{"addr:housenumber":"8 с4","addr:street":"Михневский проезд","building":"service","height":"6","man_made":"heat_exchange_station","_source":"real","_class":"heat_substation","_osm_id":"way/45738946","_district":"район Бирюлёво Восточное"}},{"type":"Feature","geometry":{"type":"Polygon","coordinates":[[[37.4802967,55.7828384],[37.4804894,55.7828096],[37.480451,55.7827283],[37.4802583,55.7827571],[37.4802967,55.7828384]]]},"properties":{"addr:housenumber":"29 к1 с2","addr:street":"улица Народного Ополчения","building":"yes","building:levels":"1","height":"6","man_made":"heat_exchange_station","_source":"real","_class":"heat_substation","_osm_id":"way/45740187","_district":"район Хорошёво-Мнёвники"}},{"type":"Feature","geometry":{"type":"Polygon","coordinates":[[[37.4904699,55.7700544],[37.4908127,55.7700037],[37.490756,55.7698822],[37.4904678,55.7699248],[37.4904131,55.7699329],[37.4904699,55.7700544]]]},"properties":{"addr:housenumber":"2 к4 с1","addr:street":"улица Демьяна Бедного","building":"service","building:levels":"1","description":"Центральный тепловой пункт","man_made":"heat_exchange_station","pipeline":"substation","roof:shape":"flat","substance":"hot_water","substation":"distribution","_source":"real","_class":"heat_substation","_osm_id":"way/45748951","_district":"район Хорошёво-Мнёвники"}},{"type":"Feature","geometry":{"type":"Polygon","coordinates":[[[37.6559665,55.7609968],[37.6560013,55.7609048],[37.6562885,55.7609391],[37.6562537,55.7610312],[37.6559665,55.7609968]]]},"properties":{"addr:housenumber":"14-16 с2","addr:street":"улица Земляной Вал","building":"service","building:levels":"1","location":"indoor","man_made":"heat_exchange_station","pipeline":"substation","substance":"hot_water","substation":"distribution","_source":"real","_class":"heat_substation","_osm_id":"way/45778222","_district":"Басманный район"}},{"type":"Feature","geometry":{"type":"Polygon","coordinates":[[[37.642044,55.779054],[37.6420358,55.7788535],[37.6422468,55.7788508],[37.6422506,55.7789439],[37.642255,55.7790513],[37.642044,55.779054]]]},"properties":{"addr:housenumber":"10/36 с2","addr:street":"Астраханский переулок","building":"service","building:colour":"white","building:levels":"1","building:material":"concrete","location":"indoor","man_made":"heat_exchange_station","pipeline":"substation","roof:colour":"grey","roof:material":"tar_paper","roof:shape":"flat","substance":"hot_water","substation":"distribution","_source":"real","_class":"heat_substation","_osm_id":"way/45828617","_district":"Красносельский район"}},{"type":"Feature","geometry":{"type":"Polygon","coordinates":[[[37.7375272,55.6273324],[37.7375211,55.6271229],[37.7378124,55.6271202],[37.7378186,55.6273296],[37.7375272,55.6273324]]]},"properties":{"addr:housenumber":"8 к2 с2","addr:street":"улица Мусы Джалиля","building":"service","building:levels":"2","man_made":"heat_exchange_station","operator":"МОЭК","_source":"real","_class":"heat_substation","_osm_id":"way/45897477","_district":"район Зябликово"}},{"type":"Feature","geometry":{"type":"Polygon","coordinates":[[[37.7363219,55.628384],[37.7363249,55.6281932],[37.7365931,55.6281946],[37.7365901,55.6283854],[37.7363219,55.628384]]]},"properties":{"addr:housenumber":"4 к4 с2","addr:street":"улица Мусы Джалиля","building":"service","building:levels":"2","man_made":"heat_exchange_station","_source":"real","_class":"heat_substation","_osm_id":"way/45897541","_district":"район Зябликово"}},{"type":"Feature","geometry":{"type":"Polygon","coordinates":[[[37.7406596,55.6250994],[37.7406724,55.6249087],[37.7409033,55.6249136],[37.7408906,55.6251043],[37.7406596,55.6250994]]]},"properties":{"building":"service","building:levels":"2","man_made":"heat_exchange_station","_source":"real","_class":"heat_substation","_osm_id":"way/45897563","_district":"район Зябликово"}},{"type":"Feature","geometry":{"type":"Polygon","coordinates":[[[37.73759,55.6251767],[37.7379159,55.6252019],[37.7379397,55.6250925],[37.7376207,55.6250695],[37.73759,55.6251767]]]},"properties":{"addr:housenumber":"13 к5","addr:street":"Ореховый проезд","building":"service","building:levels":"2","man_made":"heat_exchange_station","_source":"real","_class":"heat_substation","_osm_id":"way/45897571","_district":"район Зябликово"}},{"type":"Feature","geometry":{"type":"Polygon","coordinates":[[[37.4890704,55.6234586],[37.4892688,55.6234831],[37.4893487,55.6232771],[37.4891504,55.6232526],[37.4890704,55.6234586]]]},"properties":{"addr:housenumber":"15 к1 с1","addr:street":"улица Тёплый Стан","building":"service","building:levels":"1","location":"indoor","man_made":"heat_exchange_station","pipeline":"substation","ref":"07-07-032","substance":"hot_water","substation":"distribution","_source":"real","_class":"heat_substation","_osm_id":"way/45900531","_district":"район Тёплый Стан"}},{"type":"Feature","geometry":{"type":"Polygon","coordinates":[[[37.7478795,55.6171516],[37.7479117,55.6169516],[37.7480937,55.6169571],[37.7480639,55.6171584],[37.7478795,55.6171516]]]},"properties":{"building":"yes","building:levels":"2","man_made":"heat_exchange_station","_source":"real","_class":"heat_substation","_osm_id":"way/45980550","_district":"район Зябликово"}},{"type":"Feature","geometry":{"type":"Polygon","coordinates":[[[37.7489051,55.6214912],[37.748923,55.6213751],[37.749295,55.6213935],[37.7492771,55.6215096],[37.7489051,55.6214912]]]},"properties":{"addr:housenumber":"60 к1 с2","addr:street":"Шипиловская улица","building":"yes","height":"6","man_made":"heat_exchange_station","_source":"real","_class":"heat_substation","_osm_id":"way/45980604","_district":"район Зябликово"}},{"type":"Feature","geometry":{"type":"Polygon","coordinates":[[[37.7446412,55.6231953],[37.744677,55.623035],[37.7450314,55.6230602],[37.7449956,55.6232205],[37.7446412,55.6231953]]]},"properties":{"addr:city":"Москва","addr:housenumber":"51 с2","addr:street":"Шипиловская улица","building":"service","building:levels":"2","man_made":"heat_exchange_station","_source":"real","_class":"heat_substation","_osm_id":"way/45981240","_district":"район Зябликово"}},{"type":"Feature","geometry":{"type":"Polygon","coordinates":[[[37.7463908,55.6260214],[37.7464086,55.6259218],[37.7467097,55.6259391],[37.7466919,55.6260386],[37.7463908,55.6260214]]]},"properties":{"addr:housenumber":"14 к2 с2","addr:street":"Задонский проезд","building":"yes","building:levels":"2","man_made":"heat_exchange_station","_source":"real","_class":"heat_substation","_osm_id":"way/45981408","_district":"район Зябликово"}},{"type":"Feature","geometry":{"type":"Polygon","coordinates":[[[37.7487735,55.6254806],[37.7487847,55.6253837],[37.7491066,55.6253955],[37.7490954,55.6254924],[37.7487735,55.6254806]]]},"properties":{"addr:city":"Москва","addr:housenumber":"16 к1 с2","addr:street":"Задонский проезд","building":"service","building:levels":"1","height":"7","man_made":"heat_exchange_station","operator":"МОЭК","_source":"real","_class":"heat_substation","_osm_id":"way/45981456","_district":"район Зябликово"}},{"type":"Feature","geometry":{"type":"Polygon","coordinates":[[[37.736103,55.6256655],[37.7361082,55.6254945],[37.7363538,55.6254968],[37.7363486,55.6256679],[37.736103,55.6256655]]]},"properties":{"addr:housenumber":"9 с2","addr:street":"Ореховый проезд","building":"service","building:levels":"2","man_made":"heat_exchange_station","_source":"real","_class":"heat_substation","_osm_id":"way/45981480","_district":"район Зябликово"}},{"type":"Feature","geometry":{"type":"Polygon","coordinates":[[[37.7531366,55.636231],[37.7532183,55.6360362],[37.7534412,55.636066],[37.7533595,55.6362608],[37.7531366,55.636231]]]},"properties":{"building":"yes","building:levels":"2","height":"6","man_made":"heat_exchange_station","roof:shape":"flat","_source":"real","_class":"heat_substation","_osm_id":"way/45981928","_district":"район Братеево"}},{"type":"Feature","geometry":{"type":"Polygon","coordinates":[[[37.5880766,55.6539138],[37.5882053,55.6539138],[37.5882057,55.6542119],[37.5880771,55.6542119],[37.5880766,55.6539138]]]},"properties":{"addr:housenumber":"22 к1 с1","addr:street":"Одесская улица","building":"industrial","building:colour":"white","building:levels":"1","building:material":"plaster","location":"indoor","plant:output:hot_water":"yes","plant:source":"gas","power":"plant","roof:colour":"grey","roof:material":"tar_paper","_source":"real","_class":"heat_source","_osm_id":"way/46166571","_district":"район Зюзино"}},{"type":"Feature","geometry":{"type":"Polygon","coordinates":[[[37.6076285,55.7907405],[37.607637,55.7906278],[37.6079958,55.7906363],[37.6079926,55.7906786],[37.6079873,55.790749],[37.6076285,55.7907405]]]},"properties":{"addr:housenumber":"7А с1","addr:street":"2-й Вышеславцев переулок","building":"service","building:levels":"1","location":"indoor","man_made":"heat_exchange_station","pipeline":"substation","substance":"hot_water","substation":"distribution","_source":"real","_class":"heat_substation","_osm_id":"way/46414218","_district":"район Марьина Роща"}},{"type":"Feature","geometry":{"type":"Polygon","coordinates":[[[37.7692516,55.6358818],[37.7689425,55.6357931],[37.7690375,55.6356878],[37.7693466,55.6357765],[37.7692516,55.6358818]]]},"properties":{"addr:housenumber":"20 с1","addr:street":"Братеевская улица","building":"yes","building:levels":"2","height":"6","man_made":"heat_exchange_station","roof:shape":"flat","_source":"real","_class":"heat_substation","_osm_id":"way/46582742","_district":"район Братеево"}},{"type":"Feature","geometry":{"type":"Polygon","coordinates":[[[37.7745113,55.6429389],[37.7746869,55.6427429],[37.7749683,55.6428231],[37.7747926,55.6430192],[37.7745113,55.6429389]]]},"properties":{"addr:housenumber":"48 к1А","addr:street":"улица Борисовские Пруды","building":"service","building:levels":"1","height":"6","man_made":"heat_exchange_station","_source":"real","_class":"heat_substation","_osm_id":"way/46582764","_district":"район Братеево"}},{"type":"Feature","geometry":{"type":"Polygon","coordinates":[[[37.5586048,55.6782448],[37.5584965,55.6781415],[37.5587447,55.6780587],[37.558853,55.678162],[37.5586048,55.6782448]]]},"properties":{"addr:housenumber":"61 к1 с1","addr:street":"Нахимовский проспект","branch":"Филиал №7 Предприятие №3","building":"service","man_made":"heat_exchange_station","operator":"ПАО \"МОЭК\"","pipeline":"substation","pipeline:heat_transfer":"yes","ref":"07-02-0808/039","substance":"hot_water","substation":"distribution","_source":"real","_class":"heat_substation","_osm_id":"way/46657071","_district":"район Черёмушки"}},{"type":"Feature","geometry":{"type":"Polygon","coordinates":[[[37.5441248,55.6854356],[37.5438987,55.6852801],[37.5440634,55.6852041],[37.5442895,55.6853596],[37.5441248,55.6854356]]]},"properties":{"addr:housenumber":"77 к2 с1","addr:street":"Ленинский проспект","branch":"Филиал №7 Предприятие №3","building":"service","building:colour":"lightblue","building:levels":"1","building:material":"concrete","height":"6","man_made":"heat_exchange_station","operator":"ПАО \"МОЭК\"","pipeline":"substation","pipeline:heat_transfer":"yes","ref":"07-04-0806/001","roof:colour":"grey","roof:material":"tar_paper","roof:shape":"flat","substance":"hot_water","substation":"distribution","_source":"real","_class":"heat_substation","_osm_id":"way/46657119","_district":"Гагаринский район"}},{"type":"Feature","geometry":{"type":"Polygon","coordinates":[[[37.5883072,55.782877],[37.5883892,55.7828136],[37.5886835,55.782934],[37.5886016,55.7829974],[37.5883072,55.782877]]]},"properties":{"addr:housenumber":"11 с3","addr:street":"Новолесная улица","building":"service","building:colour":"pink","building:levels":"1","building:material":"brick","location":"indoor","man_made":"heat_exchange_station","pipeline":"substation","roof:colour":"grey","roof:material":"tar_paper","roof:shape":"flat","substance":"hot_water","substation":"distribution","_source":"real","_class":"heat_substation","_osm_id":"way/46738278","_district":"Тверской район"}},{"type":"Feature","geometry":{"type":"Polygon","coordinates":[[[37.6151519,55.7878473],[37.6151598,55.7877406],[37.6155285,55.7877493],[37.6155205,55.7878559],[37.6151519,55.7878473]]]},"properties":{"addr:housenumber":"7 к2","addr:street":"улица Советской Армии","building":"service","building:levels":"1","location":"indoor","man_made":"heat_exchange_station","pipeline":"substation","power":"substation","substance":"hot_water","substation":"distribution","_source":"real","_class":"heat_substation","_osm_id":"way/46740742","_district":"район Марьина Роща"}},{"type":"Feature","geometry":{"type":"Polygon","coordinates":[[[37.6001899,55.7790464],[37.5999317,55.7789995],[37.5999448,55.7789768],[37.5999567,55.778956],[37.5999945,55.7789629],[37.6000056,55.7789436],[37.600226,55.7789836],[37.6001899,55.7790464]]]},"properties":{"addr:housenumber":"3 с6","addr:street":"Новослободская улица","building":"service","building:levels":"1","location":"indoor","man_made":"heat_exchange_station","pipeline":"substation","substance":"hot_water","substation":"distribution","_source":"real","_class":"heat_substation","_osm_id":"way/468011372","_district":"Тверской район"}},{"type":"Feature","geometry":{"type":"Polygon","coordinates":[[[37.6236236,55.7914576],[37.6236418,55.7912395],[37.6238433,55.7912448],[37.6238252,55.7914629],[37.6236236,55.7914576]]]},"properties":{"addr:housenumber":"30 с2","addr:street":"Олимпийский проспект","building":"service","building:levels":"1","location":"indoor","man_made":"heat_exchange_station","pipeline":"substation","substance":"hot_water","substation":"distribution","_source":"real","_class":"heat_substation","_osm_id":"way/46975925","_district":"Мещанский район"}},{"type":"Feature","geometry":{"type":"Polygon","coordinates":[[[37.6303439,55.7907922],[37.6303455,55.7907212],[37.6306312,55.7907233],[37.63063,55.7907767],[37.6306296,55.7907942],[37.6303439,55.7907922]]]},"properties":{"addr:housenumber":"57 к1 с2","addr:street":"Трифоновская улица","building":"service","building:colour":"white","building:levels":"1","building:material":"brick","location":"indoor","man_made":"heat_exchange_station","pipeline":"substation","roof:colour":"grey","roof:material":"tar_paper","roof:shape":"flat","substance":"hot_water","substation":"distribution","_source":"real","_class":"heat_substation","_osm_id":"way/46975946","_district":"Мещанский район"}},{"type":"Feature","geometry":{"type":"Polygon","coordinates":[[[37.3004362,55.477481],[37.3015079,55.4769988],[37.3016949,55.4769146],[37.2998081,55.475615],[37.2985813,55.4762115],[37.3004362,55.477481]]]},"properties":{"landuse":"industrial","name":"Котельная","plant:output:hot_water":"yes","power":"plant","_source":"real","_class":"heat_source","_osm_id":"way/47028373","_district":"район Троицк"}},{"type":"Feature","geometry":{"type":"Polygon","coordinates":[[[37.5770179,55.7707895],[37.577278,55.7707627],[37.5772408,55.7706488],[37.5769807,55.7706756],[37.5770179,55.7707895]]]},"properties":{"addr:housenumber":"19 с2","addr:postcode":"123056","addr:street":"Малый Тишинский переулок","building":"service","building:levels":"1","location":"indoor","man_made":"heat_exchange_station","pipeline":"substation","ref":"01-05-0737/132","substance":"hot_water","substation":"distribution","_source":"real","_class":"heat_substation","_osm_id":"way/47070214","_district":"Пресненский район"}},{"type":"Feature","geometry":{"type":"Polygon","coordinates":[[[37.4065422,55.6517839],[37.4068764,55.6518477],[37.4069462,55.6517313],[37.406612,55.6516675],[37.4065422,55.6517839]]]},"properties":{"addr:city":"Москва","addr:street":"улица Главмосстроя","building":"service","building:colour":"yellow","building:levels":"1","building:material":"plaster","location":"indoor","man_made":"heat_exchange_station","pipeline":"substation","roof:colour":"grey","roof:material":"tar_paper","roof:shape":"flat","substance":"hot_water","substation":"distribution","_source":"real","_class":"heat_substation","_osm_id":"way/470941634","_district":"район Солнцево"}},{"type":"Feature","geometry":{"type":"Polygon","coordinates":[[[37.5649399,55.7598744],[37.5650161,55.7599875],[37.5653478,55.7599168],[37.5652716,55.7598037],[37.5649399,55.7598744]]]},"properties":{"addr:housenumber":"23 с2","addr:street":"Большой Предтеченский переулок","building":"yes","building:levels":"1","description":"ЦТП","location":"indoor","man_made":"heat_exchange_station","pipeline":"substation","substance":"hot_water","substation":"distribution","_source":"real","_class":"heat_substation","_osm_id":"way/47270590","_district":"Пресненский район"}},{"type":"Feature","geometry":{"type":"Polygon","coordinates":[[[37.7326826,55.6350729],[37.7326911,55.6349924],[37.7328742,55.6349986],[37.7328656,55.6350791],[37.7326826,55.6350729]]]},"properties":{"addr:housenumber":"6","addr:street":"улица Борисовские Пруды","building":"service","building:levels":"1","height":"6","man_made":"heat_exchange_station","operator":"МОЭК","ref":"1252","_source":"real","_class":"heat_substation","_osm_id":"way/47307322","_district":"район Братеево"}},{"type":"Feature","geometry":{"type":"Polygon","coordinates":[[[37.4540248,55.6822929],[37.4540447,55.6822079],[37.4538301,55.682192],[37.4538102,55.6822769],[37.4540248,55.6822929]]]},"properties":{"addr:housenumber":"24А","addr:street":"Большая Очаковская улица","building":"service","building:levels":"1","description":"Центральный тепловой пункт","man_made":"heat_exchange_station","pipeline":"substation","substance":"hot_water","substation":"distribution","_source":"real","_class":"heat_substation","_osm_id":"way/47475047","_district":"район Очаково-Матвеевское"}},{"type":"Feature","geometry":{"type":"Polygon","coordinates":[[[37.5128281,55.8712199],[37.5129342,55.8713124],[37.5131462,55.8712358],[37.51304,55.8711433],[37.5128281,55.8712199]]]},"properties":{"addr:city":"Москва","addr:housenumber":"6 с2","addr:street":"Ангарская улица","building":"service","building:colour":"white;blue","building:levels":"1","building:material":"plaster","location":"indoor","man_made":"heat_exchange_station","pipeline":"substation","roof:colour":"grey","roof:material":"tar_paper","roof:shape":"flat","substance":"hot_water","substation":"distribution","_source":"real","_class":"heat_substation","_osm_id":"way/475860881","_district":"район Западное Дегунино"}},{"type":"Feature","geometry":{"type":"Polygon","coordinates":[[[37.6238038,55.7726404],[37.6238182,55.7724159],[37.6235555,55.7724106],[37.6235412,55.7726351],[37.6235712,55.7726357],[37.6238038,55.7726404]]]},"properties":{"addr:housenumber":"35 с8","addr:street":"Трубная улица","building":"service","building:levels":"1","location":"indoor","man_made":"heat_exchange_station","pipeline":"substation","substance":"hot_water","substation":"distribution","_source":"real","_class":"heat_substation","_osm_id":"way/47642653","_district":"Мещанский район"}},{"type":"Feature","geometry":{"type":"LineString","coordinates":[[37.5020701,55.8896843],[37.5019828,55.889646],[37.5023204,55.8893844],[37.5021877,55.8893254]]},"properties":{"location":"overground","man_made":"pipeline","substance":"heat","_source":"real","_class":"heat_pipe","_osm_id":"way/478761760","_district":"Дмитровский район","_length_km":0.053}},{"type":"Feature","geometry":{"type":"LineString","coordinates":[[37.5023242,55.8897949],[37.5020701,55.8896843]]},"properties":{"layer":"1","location":"overhead","man_made":"pipeline","substance":"heat","_source":"real","_class":"heat_pipe","_osm_id":"way/478761761","_district":"Дмитровский район","_length_km":0.02}},{"type":"Feature","geometry":{"type":"LineString","coordinates":[[37.5029791,55.8905232],[37.5030677,55.8904586],[37.5032763,55.8903076],[37.5026439,55.8899698],[37.5024798,55.8898821],[37.5023242,55.8897949]]},"properties":{"location":"overground","man_made":"pipeline","substance":"hot_water","_source":"real","_class":"heat_pipe","_osm_id":"way/478761762","_district":"Дмитровский район","_length_km":0.113}},{"type":"Feature","geometry":{"type":"Polygon","coordinates":[[[37.4953062,55.8159894],[37.4957114,55.8159822],[37.4957074,55.81591],[37.4953022,55.8159171],[37.4953062,55.8159894]]]},"properties":{"addr:housenumber":"6 с2","addr:street":"1-й Войковский проезд","building":"service","building:levels":"1","location":"indoor","man_made":"heat_exchange_station","pipeline":"substation","substance":"hot_water","substation":"distribution","_source":"real","_class":"heat_substation","_osm_id":"way/478939463","_district":"Войковский район"}},{"type":"Feature","geometry":{"type":"Polygon","coordinates":[[[37.4460496,55.8612619],[37.4460976,55.8611416],[37.4463827,55.8611775],[37.4463347,55.8612978],[37.4460496,55.8612619]]]},"properties":{"addr:city":"Москва","addr:country":"RU","addr:housenumber":"75 к1 с1","addr:street":"улица Свободы","building":"service","building:colour":"white","building:levels":"1","building:material":"plaster","location":"indoor","man_made":"heat_exchange_station","pipeline":"substation","roof:colour":"grey","roof:material":"tar_paper","roof:shape":"flat","substance":"hot_water","substation":"distribution","_source":"real","_class":"heat_substation","_osm_id":"way/48200901","_district":"район Северное Тушино"}},{"type":"Feature","geometry":{"type":"Polygon","coordinates":[[[37.5481659,55.8430037],[37.5482902,55.8430379],[37.5484179,55.8428932],[37.5482937,55.8428607],[37.5481659,55.8430037]]]},"properties":{"addr:city":"Москва","addr:country":"RU","addr:housenumber":"10 с1","addr:street":"улица Лихоборские Бугры","building":"service","building:levels":"1","operator":"МОЭК","plant:source":"gas","power":"plant","_source":"real","_class":"heat_source","_osm_id":"way/48229168","_district":"район Коптево"}},{"type":"Feature","geometry":{"type":"Polygon","coordinates":[[[37.549482,55.8422142],[37.5496487,55.8422787],[37.549488,55.8424097],[37.5493212,55.8423452],[37.549482,55.8422142]]]},"properties":{"addr:city":"Москва","addr:country":"RU","addr:housenumber":"4 с1","addr:street":"улица Лихоборские Бугры","building":"service","building:levels":"1","operator":"МОЭК","plant:source":"gas","power":"plant","_source":"real","_class":"heat_source","_osm_id":"way/48229172","_district":"район Коптево"}},{"type":"Feature","geometry":{"type":"Polygon","coordinates":[[[37.5127167,55.8486991],[37.5129485,55.8487702],[37.5129951,55.8487215],[37.5130417,55.8486744],[37.5129795,55.8486553],[37.5128099,55.8486033],[37.5127167,55.8486991]]]},"properties":{"addr:city":"Москва","addr:country":"RU","addr:housenumber":"30 к3 с2","addr:postcode":"125499","addr:street":"Кронштадтский бульвар","building":"service","building:levels":"1","description":"Бойлерная системы центрального отопления близлежащих жилых домов","location":"indoor","man_made":"heat_exchange_station","pipeline":"substation","roof:shape":"flat","source":"Адресный реестр Москвы, data.mos.ru","substance":"hot_water","substation":"distribution","_source":"real","_class":"heat_substation","_osm_id":"way/48278536","_district":"Головинский район"}},{"type":"Feature","geometry":{"type":"Polygon","coordinates":[[[37.51,55.8479818],[37.5102485,55.8479789],[37.510244,55.8478578],[37.5099955,55.8478607],[37.51,55.8479818]]]},"properties":{"addr:city":"Москва","addr:country":"RU","addr:housenumber":"24 к1 с1","addr:postcode":"125499","addr:street":"Кронштадтский бульвар","building":"service","building:levels":"1","description":"Бойлерная системы центрального отопления близлежащих жилых домов","location":"indoor","man_made":"heat_exchange_station","pipeline":"substation","roof:shape":"flat","source":"Адресный реестр Москвы, data.mos.ru","substance":"hot_water","substation":"distribution","_source":"real","_class":"heat_substation","_osm_id":"way/48278697","_district":"Головинский район"}},{"type":"Feature","geometry":{"type":"Polygon","coordinates":[[[37.44077,55.8581787],[37.4409852,55.8582006],[37.4410105,55.8581227],[37.4407952,55.8581007],[37.44077,55.8581787]]]},"properties":{"addr:city":"Москва","addr:country":"RU","addr:housenumber":"16 к2 с1","addr:street":"улица Фомичёвой","building":"service","building:levels":"1","location":"indoor","man_made":"heat_exchange_station","operator":"МОЭК","pipeline":"substation","substance":"hot_water","substation":"distribution","_source":"real","_class":"heat_substation","_osm_id":"way/48289815","_district":"район Северное Тушино"}},{"type":"Feature","geometry":{"type":"Polygon","coordinates":[[[37.6716115,55.8022549],[37.6717879,55.8019945],[37.6720326,55.8020468],[37.6718563,55.8023072],[37.6716115,55.8022549]]]},"properties":{"addr:city":"Москва","addr:housenumber":"6","addr:postcode":"107113","addr:street":"4-й Лучевой просек","building":"service","building:levels":"1","location":"indoor","man_made":"heat_exchange_station","name":"Квартальная тепловая станция №40","name:uk":"Квартальна теплова станція №40","official_name":"МОЭК филиал 4 предприятие 2 Квартальная тепловая станция №40","operator":"МОЭК","pipeline":"substation","roof:colour":"grey","roof:shape":"flat","substance":"hot_water","substation":"distribution","_source":"real","_class":"heat_substation","_osm_id":"way/48547424","_district":"район Сокольники"}},{"type":"Feature","geometry":{"type":"Polygon","coordinates":[[[37.4304797,55.8640861],[37.4307674,55.8641122],[37.4308034,55.8639873],[37.4305157,55.8639612],[37.4304797,55.8640861]]]},"properties":{"addr:city":"Москва","addr:country":"RU","addr:housenumber":"5 к1 с1","addr:street":"улица Вилиса Лациса","building":"service","building:colour":"blue","building:levels":"1","building:material":"plaster","location":"indoor","man_made":"heat_exchange_station","pipeline":"substation","roof:colour":"grey","roof:material":"tar_paper","roof:shape":"flat","substance":"hot_water","substation":"distribution","_source":"real","_class":"heat_substation","_osm_id":"way/48554840","_district":"район Северное Тушино"}},{"type":"Feature","geometry":{"type":"Polygon","coordinates":[[[37.6623127,55.7888223],[37.6623307,55.788811],[37.6623719,55.788832],[37.6623562,55.7888418],[37.6624381,55.7888835],[37.6625027,55.7889163],[37.6624104,55.7889738],[37.6623999,55.7889803],[37.6623871,55.7889738],[37.6620777,55.7888164],[37.6621689,55.7887597],[37.6621782,55.7887539],[37.6621881,55.788759],[37.6623127,55.7888223]]]},"properties":{"addr:housenumber":"28А","addr:street":"3-я Рыбинская улица","building":"service","building:colour":"beige","building:levels":"1","building:material":"brick","name":"Малая котельная №133","name:uk":"Мала котельня №133","official_name":"МОЭК филиал №4 предприятие №2 Малая котельная №133 (мк-133)","operator":"МОЭК","power":"substation","roof:angle":"20","roof:colour":"grey","roof:material":"metal","roof:shape":"gabled","short_name":"МК-133","substation":"heat-exchanger","_source":"real","_class":"heat_substation","_osm_id":"way/48585233","_district":"район Сокольники"}},{"type":"Feature","geometry":{"type":"Polygon","coordinates":[[[37.6605274,55.7914936],[37.6604342,55.7913534],[37.6607159,55.7912942],[37.6608091,55.7914344],[37.6605274,55.7914936]]]},"properties":{"addr:housenumber":"1 с1","addr:street":"3-я Рыбинская улица","building":"yes","building:colour":"white","building:levels":"1","building:material":"plaster","height":"6","man_made":"heat_exchange_station","roof:colour":"grey","roof:material":"tar_paper","roof:shape":"flat","_source":"real","_class":"heat_substation","_osm_id":"way/48585260","_district":"район Сокольники"}},{"type":"Feature","geometry":{"type":"Polygon","coordinates":[[[37.6722667,55.7886476],[37.6723606,55.7885284],[37.672556,55.7885771],[37.6724621,55.7886962],[37.6722667,55.7886476]]]},"properties":{"addr:country":"RU","addr:housenumber":"16 с1","addr:postcode":"107113","addr:region":"Москва","addr:street":"Маленковская улица","building":"service","building:colour":"lightgrey","building:levels":"1","building:material":"brick","location":"indoor","man_made":"heat_exchange_station","operator":"МОЭК","pipeline":"substation","roof:colour":"grey","roof:material":"tar_paper","roof:shape":"flat","substance":"hot_water","substation":"distribution","_source":"real","_class":"heat_substation","_osm_id":"way/48587779","_district":"район Сокольники"}},{"type":"Feature","geometry":{"type":"Polygon","coordinates":[[[37.6930643,55.7945524],[37.6932733,55.7945771],[37.6933052,55.7944921],[37.6930961,55.7944673],[37.6930643,55.7945524]]]},"properties":{"addr:housenumber":"13 с1","addr:street":"улица Стромынка","building":"service","building:colour":"white","building:material":"concrete","roof:colour":"grey","roof:material":"tar_paper","roof:shape":"flat","substation":"heat-exchanger","_source":"real","_class":"heat_substation","_osm_id":"way/48612749","_district":"район Сокольники"}},{"type":"Feature","geometry":{"type":"Polygon","coordinates":[[[37.7508461,55.7027719],[37.7510222,55.7028094],[37.7511452,55.7026263],[37.7509691,55.7025888],[37.7508461,55.7027719]]]},"properties":{"addr:city":"Москва","addr:country":"RU","addr:housenumber":"114А к6 с2","addr:quarter":"Квартал 114А","addr:region":"Москва","addr:street":"Волжский бульвар","building":"service","building:levels":"1","location":"indoor","man_made":"heat_exchange_station","pipeline":"substation","roof:shape":"flat","substance":"hot_water","substation":"distribution","_source":"real","_class":"heat_substation","_osm_id":"way/48634154","_district":"район Кузьминки"}},{"type":"Feature","geometry":{"type":"LineString","coordinates":[[37.6628753,55.7900619],[37.6630476,55.78995],[37.6632165,55.7900254],[37.6630442,55.790139],[37.6628753,55.7900619]]},"properties":{"building":"service","building:colour":"white","building:levels":"1","building:material":"plaster","height":"6","man_made":"pipeline","official_name":"Центральный тепловой пункт","operator":"филиал 3 предприятие 2","pipeline":"substation","ref":"1903","roof:colour":"grey","roof:material":"tar_paper","roof:shape":"flat","substance":"hot_water","_source":"real","_class":"heat_pipe","_osm_id":"way/48648121","_district":"район Сокольники","_length_km":0.06}},{"type":"Feature","geometry":{"type":"Polygon","coordinates":[[[37.40018,55.89858],[37.40032,55.89858],[37.40032,55.8987],[37.40029,55.8987],[37.40018,55.8987],[37.40018,55.89858]]]},"properties":{"building":"service","building:levels":"1","location":"indoor","man_made":"heat_exchange_station","pipeline":"substation","substance":"hot_water","substation":"distribution","_source":"real","_class":"heat_substation","_osm_id":"way/48857699","_district":"район Куркино"}},{"type":"Feature","geometry":{"type":"Polygon","coordinates":[[[37.4971335,55.6445649],[37.4969644,55.6444369],[37.4971534,55.6443574],[37.4973224,55.6444855],[37.4971335,55.6445649]]]},"properties":{"addr:city":"Москва","addr:housenumber":"9 с1","addr:street":"улица Островитянова","building":"industrial","building:levels":"1","height":"5","name":"Индивидуальный тепловой пункт","_source":"real","_class":"heat_substation","_osm_id":"way/48892192","_district":"Обручевский район"}},{"type":"Feature","geometry":{"type":"Polygon","coordinates":[[[37.4653017,55.6099869],[37.4655639,55.6098246],[37.4659628,55.6100302],[37.4658255,55.6101151],[37.4658775,55.6101419],[37.4657526,55.6102192],[37.4653017,55.6099869]]]},"properties":{"building":"yes","building:levels":"1","name":"котельная","_source":"real","_class":"heat_source","_osm_id":"way/48979494","_district":"район Коммунарка"}},{"type":"Feature","geometry":{"type":"Polygon","coordinates":[[[37.639533,55.8550513],[37.6396809,55.8550239],[37.6398023,55.8552303],[37.6396545,55.8552577],[37.639533,55.8550513]]]},"properties":{"addr:housenumber":"27 к2 с2","addr:street":"проезд Русанова","building":"service","building:levels":"1","heating_station":"substation","industrial":"heating_station","landuse":"industrial","official_short_type":"ЦТП","_source":"real","_class":"heat_source","_osm_id":"way/490490057","_district":"район Свиблово"}},{"type":"Feature","geometry":{"type":"Polygon","coordinates":[[[37.4477726,55.843314],[37.4470425,55.8432486],[37.4470066,55.843375],[37.4477366,55.8434405],[37.4477726,55.843314]]]},"properties":{"addr:city":"Москва","addr:country":"RU","addr:housenumber":"35 с34","addr:street":"улица Свободы","building":"industrial","building:levels":"1","industrial":"heating_station","roof:colour":"grey","roof:material":"tar_paper","roof:shape":"flat","_source":"real","_class":"heat_source","_osm_id":"way/49093116","_district":"район Южное Тушино"}},{"type":"Feature","geometry":{"type":"Polygon","coordinates":[[[37.6483208,55.8546941],[37.6484103,55.8548118],[37.6485209,55.8547853],[37.6484314,55.8546676],[37.6483208,55.8546941]]]},"properties":{"addr:housenumber":"19 к3 с1","addr:street":"Снежная улица","building":"service","building:colour":"white","building:levels":"1","building:material":"plaster","official_short_type":"ЦТП","operator":"МОЭК","pipeline":"substation","roof:colour":"grey","roof:material":"tar_paper","roof:shape":"flat","substance":"hot_water","substation":"distribution","utility":"heating","_source":"real","_class":"heat_substation","_osm_id":"way/491893424","_district":"район Свиблово"}},{"type":"Feature","geometry":{"type":"Polygon","coordinates":[[[37.4394862,55.8634496],[37.4394654,55.8635164],[37.4397523,55.8635445],[37.439773,55.8634777],[37.4394862,55.8634496]]]},"properties":{"addr:city":"Москва","addr:country":"RU","addr:housenumber":"14 к4 с1","addr:postcode":"125481","addr:street":"Планерная улица","building":"service","building:colour":"blue;green","building:levels":"1","building:material":"plaster","location":"indoor","man_made":"heat_exchange_station","operator":"МОЭК","pipeline":"substation","roof:colour":"grey","roof:material":"tar_paper","roof:shape":"flat","substance":"hot_water","substation":"distribution","_source":"real","_class":"heat_substation","_osm_id":"way/49196770","_district":"район Северное Тушино"}},{"type":"Feature","geometry":{"type":"Polygon","coordinates":[[[37.5473711,55.8795413],[37.5469803,55.8794628],[37.5468568,55.879438],[37.5466981,55.8794061],[37.5467914,55.87926],[37.5467289,55.8792474],[37.5466704,55.8792357],[37.5466874,55.8792091],[37.5467047,55.879182],[37.5467632,55.8791938],[37.5468259,55.8792064],[37.5469304,55.8790427],[37.5470885,55.8790744],[37.5472092,55.8790987],[37.5476035,55.8791779],[37.5475006,55.8793391],[37.5475588,55.8793508],[37.547527,55.8794007],[37.5474686,55.879389],[37.5474136,55.8794752],[37.547468,55.8794861],[37.5474317,55.879543],[37.547377,55.879532],[37.5473711,55.8795413]]]},"properties":{"addr:city":"Москва","addr:country":"RU","addr:housenumber":"98","addr:street":"Дмитровское шоссе","building":"retail","building:levels":"8","name":"Торгово-развлекательный центр «РТС»","_source":"real","_class":"heat_source","_osm_id":"way/49199538","_district":"район Восточное Дегунино"}},{"type":"Feature","geometry":{"type":"Polygon","coordinates":[[[37.4706553,55.6139267],[37.4708055,55.6139055],[37.470873,55.6140583],[37.4707228,55.6140795],[37.4706553,55.6139267]]]},"properties":{"building":"service","building:levels":"1","description":"ЦТП","location":"indoor","man_made":"heat_exchange_station","pipeline":"substation","substance":"hot_water","substation":"distribution","_source":"real","_class":"heat_substation","_osm_id":"way/49430669","_district":"район Коммунарка"}},{"type":"Feature","geometry":{"type":"LineString","coordinates":[[37.4658376,55.6102833],[37.4658409,55.6103071],[37.465544,55.610292],[37.465543,55.6102617],[37.4650223,55.6100181],[37.465057,55.6099965],[37.4646359,55.609793]]},"properties":{"location":"overground","man_made":"pipeline","type":"heat","_source":"real","_class":"heat_pipe","_osm_id":"way/49432022","_district":"район Коммунарка","_length_km":0.106}},{"type":"Feature","geometry":{"type":"Polygon","coordinates":[[[37.3444115,55.8461886],[37.3446192,55.8461895],[37.3446171,55.8463526],[37.3444094,55.8463517],[37.3444115,55.8461886]]]},"properties":{"addr:city":"Москва","addr:country":"RU","addr:housenumber":"29 с1","addr:street":"улица Барышиха","building":"service","building:levels":"1","location":"indoor","man_made":"heat_exchange_station","pipeline":"substation","roof:shape":"flat","substance":"hot_water","substation":"distribution","_source":"real","_class":"heat_substation","_osm_id":"way/49601223","_district":"район Митино"}},{"type":"Feature","geometry":{"type":"Polygon","coordinates":[[[37.6312449,55.8364099],[37.63148,55.8365436],[37.6318824,55.8363205],[37.6316473,55.8361868],[37.6312449,55.8364099]]]},"properties":{"addr:housenumber":"119 с569","addr:street":"проспект Мира","building":"industrial","building:levels":"3","fixme":"resrvey","power":"plant","substance":"gas","_source":"real","_class":"heat_source","_osm_id":"way/49824740","_district":"Останкинский район"}},{"type":"Feature","geometry":{"type":"Polygon","coordinates":[[[37.6118225,55.7800131],[37.6116036,55.7800031],[37.6115873,55.780116],[37.6118063,55.780126],[37.6118225,55.7800131]]]},"properties":{"addr:housenumber":"30 с4","addr:street":"Селезнёвская улица","building":"service","building:colour":"white","building:levels":"1","building:material":"brick","location":"indoor","man_made":"heat_exchange_station","pipeline":"substation","roof:colour":"red","roof:material":"tar_paper","roof:shape":"flat","substance":"hot_water","substation":"distribution","_source":"real","_class":"heat_substation","_osm_id":"way/498306228","_district":"Тверской район"}},{"type":"Feature","geometry":{"type":"Polygon","coordinates":[[[37.5376369,55.7582743],[37.5377552,55.7583042],[37.5377962,55.7582527],[37.5376779,55.7582229],[37.5376369,55.7582743]]]},"properties":{"building":"service","building:levels":"1","description":"Бойлерная","location":"indoor","man_made":"heat_exchange_station","pipeline":"substation","substance":"hot_water","substation":"distribution","_source":"real","_class":"heat_substation","_osm_id":"way/499570520","_district":"Пресненский район"}},{"type":"Feature","geometry":{"type":"Polygon","coordinates":[[[37.5382773,55.7577407],[37.5383791,55.7577646],[37.5384934,55.7576106],[37.5383917,55.7575867],[37.5382773,55.7577407]]]},"properties":{"building":"service","building:levels":"1","description":"Бойлерная","location":"indoor","man_made":"heat_exchange_station","pipeline":"substation","substance":"hot_water","substation":"distribution","_source":"real","_class":"heat_substation","_osm_id":"way/499570527","_district":"Пресненский район"}},{"type":"Feature","geometry":{"type":"Polygon","coordinates":[[[37.3447133,55.8517529],[37.3449847,55.8517626],[37.3449722,55.8518719],[37.3447008,55.8518622],[37.3447133,55.8517529]]]},"properties":{"addr:city":"Москва","addr:country":"RU","addr:housenumber":"13 с1","addr:street":"Ангелов переулок","building":"service","building:levels":"1","location":"indoor","man_made":"heat_exchange_station","pipeline":"substation","substance":"hot_water","substation":"distribution","_source":"real","_class":"heat_substation","_osm_id":"way/50073792","_district":"район Митино"}},{"type":"Feature","geometry":{"type":"Polygon","coordinates":[[[37.3467125,55.8486167],[37.3467027,55.8487407],[37.3470637,55.8487497],[37.3470735,55.8486257],[37.3467125,55.8486167]]]},"properties":{"addr:city":"Москва","addr:country":"RU","addr:housenumber":"30 к1 с1","addr:street":"улица Барышиха","building":"service","building:levels":"1","location":"indoor","man_made":"heat_exchange_station","pipeline":"substation","substance":"hot_water","substation":"distribution","_source":"real","_class":"heat_substation","_osm_id":"way/50074694","_district":"район Митино"}},{"type":"Feature","geometry":{"type":"Polygon","coordinates":[[[37.345816,55.8504229],[37.3460193,55.8504303],[37.3460423,55.8502324],[37.345839,55.8502249],[37.345816,55.8504229]]]},"properties":{"addr:city":"Москва","addr:country":"RU","addr:housenumber":"9 к2 с1","addr:street":"Ангелов переулок","building":"service","building:levels":"1","location":"indoor","man_made":"heat_exchange_station","pipeline":"substation","substance":"hot_water","substation":"distribution","_source":"real","_class":"heat_substation","_osm_id":"way/50074702","_district":"район Митино"}},{"type":"Feature","geometry":{"type":"Polygon","coordinates":[[[37.3551435,55.8443743],[37.3549929,55.8444505],[37.3551741,55.8445634],[37.3553247,55.8444872],[37.3551435,55.8443743]]]},"properties":{"addr:city":"Москва","addr:country":"RU","addr:housenumber":"38 с1","addr:street":"Дубравная улица","building":"service","building:levels":"1","location":"indoor","man_made":"heat_exchange_station","pipeline":"substation","substance":"hot_water","substation":"distribution","_source":"real","_class":"heat_substation","_osm_id":"way/50075792","_district":"район Митино"}},{"type":"Feature","geometry":{"type":"Polygon","coordinates":[[[37.4557739,55.8455581],[37.4557181,55.8457464],[37.4559249,55.8457657],[37.4559807,55.8455774],[37.4558712,55.8455671],[37.4557739,55.8455581]]]},"properties":{"addr:city":"Москва","addr:country":"RU","addr:housenumber":"42 с1","addr:postcode":"125364","addr:street":"улица Свободы","building":"service","building:colour":"beige;grey","building:levels":"1","building:material":"concrete","description":"ЦТП","location":"indoor","man_made":"heat_exchange_station","pipeline":"substation","roof:colour":"grey","roof:material":"tar_paper","roof:shape":"flat","substance":"hot_water","substation":"distribution","_source":"real","_class":"heat_substation","_osm_id":"way/50079588","_district":"район Южное Тушино"}},{"type":"Feature","geometry":{"type":"Polygon","coordinates":[[[37.4548641,55.8480137],[37.4551162,55.8480408],[37.4550411,55.8482546],[37.454789,55.8482275],[37.4548641,55.8480137]]]},"properties":{"addr:city":"Москва","addr:country":"RU","addr:housenumber":"44 с1","addr:postcode":"125364","addr:street":"улица Свободы","building":"service","building:colour":"grey","building:levels":"1","building:material":"concrete","location":"indoor","man_made":"heat_exchange_station","pipeline":"substation","roof:colour":"grey","roof:material":"metal","roof:shape":"flat","substance":"hot_water","substation":"distribution","_source":"real","_class":"heat_substation","_osm_id":"way/50082987","_district":"район Южное Тушино"}},{"type":"Feature","geometry":{"type":"Polygon","coordinates":[[[37.4464742,55.8493119],[37.446657,55.8493303],[37.4465945,55.8495253],[37.4464118,55.8495069],[37.4464742,55.8493119]]]},"properties":{"addr:housenumber":"15 с1","addr:street":"Химкинский бульвар","building":"service","building:colour":"white","building:levels":"1","building:material":"concrete","location":"indoor","man_made":"heat_exchange_station","operator":"МОЭК филиал №9 предприятие №4","pipeline":"substation","roof:colour":"grey","roof:material":"metal","roof:shape":"flat","substance":"hot_water","substation":"distribution","_source":"real","_class":"heat_substation","_osm_id":"way/50303205","_district":"район Южное Тушино"}},{"type":"Feature","geometry":{"type":"Polygon","coordinates":[[[37.7045634,55.6808103],[37.7047205,55.6806466],[37.7045434,55.6805926],[37.7043864,55.6807563],[37.7045634,55.6808103]]]},"properties":{"addr:city":"Москва","addr:housenumber":"9 с6","addr:street":"Коломенская улица","building":"service","building:levels":"1","location":"indoor","man_made":"heat_exchange_station","pipeline":"substation","roof:shape":"flat","substance":"hot_water","substation":"distribution","_source":"real","_class":"heat_substation","_osm_id":"way/50338926","_district":"район Нагатинский Затон"}},{"type":"Feature","geometry":{"type":"Polygon","coordinates":[[[37.7066139,55.6831956],[37.7068054,55.6832613],[37.7069851,55.6830953],[37.7067936,55.6830295],[37.7066139,55.6831956]]]},"properties":{"addr:housenumber":"6 с3","addr:street":"Коломенская набережная","building":"service","building:levels":"1","location":"indoor","man_made":"heat_exchange_station","pipeline":"substation","substance":"hot_water","substation":"distribution","_source":"real","_class":"heat_substation","_osm_id":"way/50338928","_district":"район Нагатинский Затон"}},{"type":"Feature","geometry":{"type":"Polygon","coordinates":[[[37.6330085,55.6702834],[37.6331857,55.6704175],[37.633933,55.6709828],[37.6344328,55.6707726],[37.6339706,55.670423],[37.6335084,55.6700733],[37.6330085,55.6702834]]]},"properties":{"addr:city":"Москва","addr:housenumber":"7 с10","addr:street":"Хлебозаводский проезд","building":"commercial","building:levels":"8","name":"Бизнес-центр «РТС»","_source":"real","_class":"heat_source","_osm_id":"way/50344784","_district":"район Нагатино-Садовники"}},{"type":"Feature","geometry":{"type":"Polygon","coordinates":[[[37.6510511,55.6813701],[37.6509229,55.6814307],[37.6510848,55.6815396],[37.6512131,55.681479],[37.6510511,55.6813701]]]},"properties":{"addr:housenumber":"8 с2","addr:street":"Нагатинский бульвар","building":"yes","height":"6","man_made":"heat_exchange_station","_source":"real","_class":"heat_substation","_osm_id":"way/50344811","_district":"район Нагатино-Садовники"}},{"type":"Feature","geometry":{"type":"Polygon","coordinates":[[[37.7084807,55.8113274],[37.7087093,55.8112132],[37.7086336,55.8111654],[37.708405,55.8112795],[37.7084807,55.8113274]]]},"properties":{"building":"yes","building:levels":"1","man_made":"heat_exchange_station","pipeline":"substation","substance":"hot_water","_source":"real","_class":"heat_substation","_osm_id":"way/503837142","_district":"район Богородское"}},{"type":"Feature","geometry":{"type":"Polygon","coordinates":[[[37.7361579,55.7965465],[37.7362828,55.796553],[37.7362501,55.7967519],[37.7361252,55.7967454],[37.7361579,55.7965465]]]},"properties":{"building":"service","building:levels":"1","location":"indoor","man_made":"heat_exchange_station","pipeline":"substation","substance":"hot_water","substation":"distribution","_source":"real","_class":"heat_substation","_osm_id":"way/504285656","_district":"район Преображенское"}},{"type":"Feature","geometry":{"type":"Polygon","coordinates":[[[37.7118302,55.8161134],[37.7120187,55.8160555],[37.7121906,55.8162321],[37.7120664,55.8162684],[37.712002,55.81629],[37.7118302,55.8161134]]]},"properties":{"building":"service","building:levels":"1","man_made":"heat_exchange_station","pipeline":"substation","substance":"hot_water","_source":"real","_class":"heat_substation","_osm_id":"way/505145816","_district":"район Богородское"}},{"type":"Feature","geometry":{"type":"Polygon","coordinates":[[[37.7301596,55.7963338],[37.7304293,55.7963802],[37.7304687,55.7963079],[37.730199,55.7962615],[37.7301596,55.7963338]]]},"properties":{"addr:housenumber":"5 с1","addr:street":"2-я Пугачёвская улица","building":"service","building:levels":"1","location":"indoor","man_made":"heat_exchange_station","pipeline":"substation","substance":"hot_water","substation":"distribution","_source":"real","_class":"heat_substation","_osm_id":"way/506151512","_district":"район Преображенское"}},{"type":"Feature","geometry":{"type":"Polygon","coordinates":[[[37.8270767,55.7791079],[37.8274098,55.7791856],[37.8274863,55.77908],[37.8271541,55.7790026],[37.8270767,55.7791079]]]},"properties":{"addr:housenumber":"6 с2","addr:postcode":"105568","addr:street":"улица Чечулина","building":"service","building:levels":"1","location":"indoor","man_made":"heat_exchange_station","pipeline":"substation","substance":"hot_water","substation":"distribution","_source":"real","_class":"heat_substation","_osm_id":"way/50849505","_district":"район Ивановское"}},{"type":"Feature","geometry":{"type":"Polygon","coordinates":[[[37.7941239,55.632659],[37.7942695,55.6327309],[37.794335,55.6326919],[37.7941822,55.6326179],[37.7941239,55.632659]]]},"properties":{"addr:housenumber":"13 с1","addr:street":"4-й квартал Капотня","building":"service","building:levels":"1","location":"indoor","man_made":"heat_exchange_station","pipeline":"substation","substance":"hot_water","substation":"distribution","_source":"real","_class":"heat_substation","_osm_id":"way/510440368","_district":"район Капотня"}},{"type":"Feature","geometry":{"type":"Polygon","coordinates":[[[37.4282946,55.8545087],[37.4285822,55.8545403],[37.4285575,55.8546111],[37.4282698,55.8545794],[37.4282946,55.8545087]]]},"properties":{"addr:city":"Москва","addr:country":"RU","addr:housenumber":"4 к4 с1","addr:street":"бульвар Яна Райниса","building":"service","building:colour":"white","building:levels":"1","location":"indoor","man_made":"heat_exchange_station","operator":"МОЭК филиал №9 предприятие №5","pipeline":"substation","roof:shape":"flat","substance":"hot_water","substation":"distribution","_source":"real","_class":"heat_substation","_osm_id":"way/51139589","_district":"район Северное Тушино"}},{"type":"Feature","geometry":{"type":"Polygon","coordinates":[[[37.4717947,55.8596418],[37.4719915,55.8596841],[37.4720905,55.8595391],[37.4718938,55.8594968],[37.4717947,55.8596418]]]},"properties":{"addr:city":"Москва","addr:country":"RU","addr:housenumber":"10 к2 с2","addr:housenumber2":"10 к3 с2","addr:postcode":"125195","addr:street":"Беломорская улица","building":"service","building:levels":"1","location":"indoor","man_made":"heat_exchange_station","pipeline":"substation","substance":"hot_water","substation":"distribution","_source":"real","_class":"heat_substation","_osm_id":"way/51293749","_district":"район Левобережный"}},{"type":"Feature","geometry":{"type":"Polygon","coordinates":[[[37.4708369,55.8602217],[37.4707405,55.8602006],[37.4704916,55.8601463],[37.4704381,55.8602234],[37.4707835,55.8602988],[37.4708369,55.8602217]]]},"properties":{"addr:city":"Москва","addr:housenumber":"10 с3","addr:postcode":"125195","addr:street":"Беломорская улица","building":"service","building:colour":"white;grey","building:levels":"1","building:material":"brick","location":"indoor","man_made":"heat_exchange_station","pipeline":"substation","roof:colour":"grey","roof:material":"tar_paper","roof:shape":"flat","substance":"hot_water","substation":"distribution","_source":"real","_class":"heat_substation","_osm_id":"way/51293754","_district":"район Левобережный"}},{"type":"Feature","geometry":{"type":"Polygon","coordinates":[[[37.7125197,55.8120163],[37.7122796,55.8118639],[37.7123726,55.8118177],[37.7126127,55.81197],[37.7125197,55.8120163]]]},"properties":{"addr:housenumber":"3 к1 с1","addr:street":"Глебовская улица","building":"yes","building:levels":"1","man_made":"heat_exchange_station","pipeline":"substation","substance":"hot_water","_source":"real","_class":"heat_substation","_osm_id":"way/513020240","_district":"район Богородское"}},{"type":"Feature","geometry":{"type":"Polygon","coordinates":[[[37.7353713,55.751794],[37.7337804,55.751585],[37.7328086,55.7514496],[37.7303477,55.751034],[37.7288552,55.7507491],[37.7258866,55.7503243],[37.7256615,55.750332],[37.7253266,55.7504129],[37.724733,55.7506736],[37.7244215,55.7508625],[37.724049,55.7513625],[37.7249971,55.7517474],[37.7245059,55.7524418],[37.7244161,55.7525688],[37.7243565,55.7526531],[37.7328865,55.7543497],[37.7353713,55.751794]]]},"properties":{"barrier":"wall","landuse":"industrial","name":"ТЭЦ-11 им. М. Я. Уфаева","name:en":"Moscow-11 Power Plant","name:uk":"ТЕЦ-11 ім. М. Я. Уфаєва","operator":"ПАО «Мосэнерго»","plant:method":"combustion","plant:output:electricity":"330 MW","plant:output:hot_water":"896.673 MW","plant:output:steam":"279.12 MW","plant:source":"gas","power":"plant","start_date":"1936","wikidata":"Q4449125","wikipedia":"ru:ТЭЦ-11","_source":"real","_class":"heat_source","_osm_id":"way/51303538","_district":"район Перово"}},{"type":"Feature","geometry":{"type":"Polygon","coordinates":[[[37.7456637,55.7513396],[37.7458008,55.7513512],[37.7459088,55.7513603],[37.7461395,55.7513798],[37.7462376,55.751388],[37.746442,55.7514053],[37.7465451,55.7501557],[37.747049,55.7494759],[37.7468862,55.7493363],[37.7467424,55.7492196],[37.7446316,55.7497174],[37.7446213,55.7498186],[37.7445753,55.7502703],[37.7456637,55.7513396]]]},"properties":{"barrier":"wall","industrial":"oil","landuse":"industrial","man_made":"pumping_station","name":"Мазутоперекачивающая станция ТЭЦ-11","_source":"real","_class":"heat_source","_osm_id":"way/51303541","_district":"район Перово"}},{"type":"Feature","geometry":{"type":"Polygon","coordinates":[[[37.7436046,55.7485416],[37.7451235,55.7477388],[37.7459577,55.7478007],[37.7459845,55.7474097],[37.7472532,55.746753],[37.7476394,55.746599],[37.7484977,55.7463439],[37.7485889,55.7463273],[37.748664,55.7463364],[37.7487016,55.746362],[37.7487284,55.7464043],[37.7486855,55.746824],[37.7486265,55.7472165],[37.7483958,55.7474445],[37.7482885,55.7478339],[37.748082,55.7480996],[37.7480122,55.7481208],[37.747921,55.7482265],[37.7474195,55.7485284],[37.7466792,55.7488061],[37.745845,55.7490658],[37.7449813,55.7491941],[37.7435754,55.7491547],[37.7432168,55.749111],[37.7431002,55.748884],[37.7436046,55.7485416]]]},"properties":{"barrier":"wall","industrial":"oil","landuse":"industrial","name":"Мазутное хозяйство ТЭЦ-11","_source":"real","_class":"heat_source","_osm_id":"way/51303545","_district":"район Перово"}},{"type":"Feature","geometry":{"type":"Polygon","coordinates":[[[37.357812,55.8303169],[37.358042,55.8302861],[37.3579913,55.8301665],[37.3577612,55.8301972],[37.357812,55.8303169]]]},"properties":{"addr:city":"Москва","addr:country":"RU","addr:housenumber":"6 к1 с1","addr:street":"улица Рословка","building":"service","building:levels":"1","location":"indoor","man_made":"heat_exchange_station","pipeline":"substation","substance":"hot_water","substation":"distribution","_source":"real","_class":"heat_substation","_osm_id":"way/51349692","_district":"район Митино"}},{"type":"Feature","geometry":{"type":"Polygon","coordinates":[[[37.7668544,55.642046],[37.7671359,55.6421188],[37.7673095,55.6419052],[37.7670279,55.6418323],[37.7668544,55.642046]]]},"properties":{"addr:housenumber":"4 с2","addr:street":"Алма-Атинская улица","building":"service","building:levels":"1","location":"indoor","man_made":"heat_exchange_station","pipeline":"substation","substance":"hot_water","substation":"distribution","_source":"real","_class":"heat_substation","_osm_id":"way/514723859","_district":"район Братеево"}},{"type":"Feature","geometry":{"type":"Polygon","coordinates":[[[37.4926847,55.8202364],[37.4926289,55.8203043],[37.4927461,55.8203347],[37.4927852,55.8203448],[37.4927619,55.8203731],[37.4929329,55.8204175],[37.493012,55.8203212],[37.4926847,55.8202364]]]},"properties":{"addr:housenumber":"11 с2","addr:street":"1-я Радиаторская улица","building":"industrial","building:levels":"1","landuse":"industrial","plant:output:hot_water":"yes","power":"plant","_source":"real","_class":"heat_source","_osm_id":"way/514760964","_district":"Войковский район"}},{"type":"Feature","geometry":{"type":"Polygon","coordinates":[[[37.0928697,55.4108743],[37.0928549,55.4107712],[37.0932855,55.4107514],[37.0933002,55.4108545],[37.0928697,55.4108743]]]},"properties":{"landuse":"industrial","power":"plant","_source":"real","_class":"heat_source","_osm_id":"way/515565197","_district":"Краснопахорский район"}},{"type":"Feature","geometry":{"type":"Polygon","coordinates":[[[37.1586725,55.9991067],[37.1588189,55.9990121],[37.1585535,55.9988836],[37.1584071,55.9989781],[37.1586725,55.9991067]]]},"properties":{"addr:housenumber":"17 с7","addr:street":"Алабушевская улица","building":"yes","name":"ЦТП-16","_source":"real","_class":"heat_substation","_osm_id":"way/517564437","_district":"район Силино"}},{"type":"Feature","geometry":{"type":"Polygon","coordinates":[[[37.3486215,55.8478564],[37.3487756,55.8477749],[37.3485736,55.8476546],[37.3484196,55.8477361],[37.3486215,55.8478564]]]},"properties":{"addr:city":"Москва","addr:country":"RU","addr:housenumber":"3 к1 с1","addr:street":"3-й Митинский переулок","building":"service","building:levels":"1","location":"indoor","man_made":"heat_exchange_station","note:cadastre:id":"77:08:0002005:1048","pipeline":"substation","start_date":"1993","substance":"hot_water","substation":"distribution","_source":"real","_class":"heat_substation","_osm_id":"way/51807236","_district":"район Митино"}},{"type":"Feature","geometry":{"type":"Polygon","coordinates":[[[37.365371,55.5147545],[37.3655584,55.5146116],[37.36633,55.5149361],[37.3661426,55.515079],[37.365371,55.5147545]]]},"properties":{"addr:city":"Москва","addr:housenumber":"1","addr:postcode":"108836","addr:street":"Светлая улица","building":"yes","landuse":"industrial","power":"plant","_source":"real","_class":"heat_source","_osm_id":"way/518579430","_district":"район Троицк"}},{"type":"Feature","geometry":{"type":"Polygon","coordinates":[[[37.4874083,55.8486574],[37.4876576,55.8487136],[37.4877075,55.8486438],[37.4874582,55.8485876],[37.4874083,55.8486574]]]},"properties":{"addr:housenumber":"15 с2","addr:street":"Авангардная улица","building":"service","building:levels":"1","description":"Бойлерная","location":"indoor","man_made":"heat_exchange_station","pipeline":"substation","substance":"hot_water","substation":"distribution","_source":"real","_class":"heat_substation","_osm_id":"way/52025660","_district":"Головинский район"}},{"type":"Feature","geometry":{"type":"Polygon","coordinates":[[[37.5942964,55.7629291],[37.5943772,55.7628638],[37.5942369,55.7628089],[37.5941561,55.7628743],[37.5942964,55.7629291]]]},"properties":{"addr:housenumber":"23 с3","addr:street":"Малая Бронная улица","building":"service","building:levels":"1","location":"indoor","man_made":"heat_exchange_station","pipeline":"substation","substance":"hot_water","substation":"distribution","_source":"real","_class":"heat_substation","_osm_id":"way/52111050","_district":"Пресненский район"}},{"type":"Feature","geometry":{"type":"Polygon","coordinates":[[[37.6377919,55.858183],[37.6381603,55.8581517],[37.6381267,55.8580271],[37.6377583,55.8580584],[37.6377919,55.858183]]]},"properties":{"addr:city":"Москва","addr:housenumber":"17 с2","addr:street":"Игарский проезд","building":"service","building:levels":"1","official_short_type":"ЦТП","operator":"МОЭК","pipeline":"substation","roof:shape":"flat","substance":"hot_water","substation":"distribution","utility":"heating","_source":"real","_class":"heat_substation","_osm_id":"way/52402530","_district":"район Свиблово"}},{"type":"Feature","geometry":{"type":"Polygon","coordinates":[[[37.6371875,55.8587375],[37.6372104,55.858864],[37.6374896,55.8588481],[37.6374667,55.8587216],[37.6371875,55.8587375]]]},"properties":{"addr:city":"Москва","addr:housenumber":"1 к1 с1","addr:street":"Вересковая улица","building":"service","building:levels":"1","official_short_type":"ЦТП","operator":"МОЭК","pipeline":"substation","substance":"hot_water","substation":"distribution","utility":"heating","_source":"real","_class":"heat_substation","_osm_id":"way/52402537","_district":"район Свиблово"}},{"type":"Feature","geometry":{"type":"Polygon","coordinates":[[[37.4155186,55.8537052],[37.4157015,55.8537343],[37.4156407,55.8538545],[37.4154578,55.8538254],[37.4155186,55.8537052]]]},"properties":{"addr:housenumber":"25 к4 с1","addr:street":"Туристская улица","building":"service","building:levels":"1","location":"indoor","man_made":"heat_exchange_station","pipeline":"substation","substance":"hot_water","substation":"distribution","_source":"real","_class":"heat_substation","_osm_id":"way/52445241","_district":"район Северное Тушино"}},{"type":"Feature","geometry":{"type":"Polygon","coordinates":[[[37.6592871,55.7421953],[37.6592372,55.7422632],[37.6593289,55.7422858],[37.6594615,55.7423184],[37.6595118,55.7423307],[37.6595474,55.7422847],[37.6595652,55.7422616],[37.6595156,55.7422498],[37.6593828,55.7422182],[37.6593398,55.7422079],[37.6592871,55.7421953]]]},"properties":{"addr:housenumber":"7 с6","addr:street":"Товарищеский переулок","building":"service","building:cladding":"brick","building:colour":"pink","building:levels":"1","location":"indoor","man_made":"heat_exchange_station","pipeline":"substation","substance":"hot_water","substation":"distribution","_source":"real","_class":"heat_substation","_osm_id":"way/52453799","_district":"Таганский район"}},{"type":"Feature","geometry":{"type":"Polygon","coordinates":[[[37.6666763,55.5776832],[37.6667661,55.5775025],[37.6669831,55.577537],[37.6668933,55.5777177],[37.6666763,55.5776832]]]},"properties":{"addr:housenumber":"4 с2","addr:street":"Михневский проезд","building":"yes","height":"6","man_made":"heat_exchange_station","_source":"real","_class":"heat_substation","_osm_id":"way/52477321","_district":"район Бирюлёво Восточное"}},{"type":"Feature","geometry":{"type":"Polygon","coordinates":[[[37.6334725,55.7869413],[37.6336054,55.786946],[37.6336241,55.7867822],[37.6334912,55.7867774],[37.6334725,55.7869413]]]},"properties":{"addr:housenumber":"56 с2","addr:street":"улица Гиляровского","building":"service","building:levels":"1","location":"indoor","man_made":"heat_exchange_station","pipeline":"substation","substance":"hot_water","substation":"distribution","_source":"real","_class":"heat_substation","_osm_id":"way/524964714","_district":"Мещанский район"}},{"type":"Feature","geometry":{"type":"Polygon","coordinates":[[[37.5478534,55.7436773],[37.5477724,55.7437478],[37.5479142,55.7437994],[37.5479952,55.743729],[37.5478534,55.7436773]]]},"properties":{"building":"service","building:levels":"1","location":"indoor","man_made":"heat_exchange_station","pipeline":"substation","substance":"hot_water","substation":"distribution","_source":"real","_class":"heat_substation","_osm_id":"way/52527020","_district":"район Дорогомилово"}},{"type":"Feature","geometry":{"type":"Polygon","coordinates":[[[37.4872103,55.7908665],[37.4873249,55.7908674],[37.4873275,55.7907422],[37.4873283,55.7907039],[37.4872711,55.7907034],[37.4872137,55.790703],[37.4872103,55.7908665]]]},"properties":{"addr:city":"Москва","addr:housenumber":"37 к2 с1","addr:street":"улица Народного Ополчения","building":"water_works","building:levels":"1","name":"ЦТП №311/038","_source":"real","_class":"heat_substation","_osm_id":"way/52584107","_district":"район Щукино"}},{"type":"Feature","geometry":{"type":"Polygon","coordinates":[[[37.4897127,55.7925652],[37.4897504,55.7925888],[37.4897966,55.7926176],[37.4898158,55.7926079],[37.4900145,55.7925072],[37.4899306,55.7924549],[37.4897127,55.7925652]]]},"properties":{"addr:city":"Москва","addr:housenumber":"43 с1","addr:street":"улица Народного Ополчения","building":"service","building:levels":"1","location":"indoor","man_made":"heat_exchange_station","pipeline":"substation","ref":"317/071","substance":"hot_water","substation":"distribution","_source":"real","_class":"heat_substation","_osm_id":"way/52584112","_district":"район Щукино"}},{"type":"Feature","geometry":{"type":"Polygon","coordinates":[[[37.5356282,55.8023436],[37.5358758,55.8022472],[37.5358165,55.802199],[37.5355689,55.8022954],[37.5356282,55.8023436]]]},"properties":{"addr:city":"Москва","addr:housenumber":"27 с4","addr:street":"Красноармейская улица","building":"yes","generator:output:hot_water":"yes","power":"plant","_source":"real","_class":"heat_source","_osm_id":"way/52586334","_district":"район Аэропорт"}},{"type":"Feature","geometry":{"type":"Polygon","coordinates":[[[37.618417,55.7690911],[37.6183919,55.7690964],[37.6184305,55.7691548],[37.6185552,55.7691287],[37.6185737,55.7691567],[37.6186354,55.7691438],[37.6185783,55.7690574],[37.618417,55.7690911]]]},"properties":{"addr:housenumber":"8-16 с18","addr:street":"3-й Колобовский переулок","building":"service","building:levels":"1","location":"indoor","man_made":"heat_exchange_station","pipeline":"substation","substance":"hot_water","substation":"distribution","_source":"real","_class":"heat_substation","_osm_id":"way/52613494","_district":"Тверской район"}},{"type":"Feature","geometry":{"type":"Polygon","coordinates":[[[37.61805,55.7681023],[37.6178513,55.7681547],[37.6179702,55.7683217],[37.6180228,55.7683956],[37.6181525,55.7683657],[37.6181137,55.7683123],[37.6180271,55.7681939],[37.6180117,55.7681727],[37.6180867,55.7681529],[37.6180555,55.7681099],[37.61805,55.7681023]]]},"properties":{"addr:country":"RU","addr:housenumber":"19/2 с5","addr:housenumber2":"2/19 с5","addr:street":"Петровский бульвар","addr:street2":"3-й Колобовский переулок","building":"service","building:levels":"1","location":"indoor","man_made":"heat_exchange_station","pipeline":"substation","substance":"hot_water","substation":"distribution","_source":"real","_class":"heat_substation","_osm_id":"way/52613499","_district":"Тверской район"}},{"type":"Feature","geometry":{"type":"Polygon","coordinates":[[[37.7279593,55.797129],[37.7281825,55.7970966],[37.728101,55.7969192],[37.7279696,55.7969383],[37.7280201,55.7970482],[37.7279283,55.7970615],[37.7279593,55.797129]]]},"properties":{"addr:housenumber":"4 к2 с1","addr:street":"2-я Пугачёвская улица","building":"service","building:colour":"beige","building:levels":"1","building:material":"concrete","location":"indoor","man_made":"heat_exchange_station","pipeline":"substation","roof:colour":"grey","roof:material":"tar_paper","roof:shape":"flat","substance":"hot_water","substation":"distribution","_source":"real","_class":"heat_substation","_osm_id":"way/526701660","_district":"район Преображенское"}},{"type":"Feature","geometry":{"type":"Polygon","coordinates":[[[37.4287408,55.8599841],[37.4289966,55.8599829],[37.4289977,55.860056],[37.4287419,55.8600573],[37.4287408,55.8599841]]]},"properties":{"addr:city":"Москва","addr:country":"RU","addr:housenumber":"12 с2","addr:street":"улица Героев Панфиловцев","building":"service","building:levels":"1","location":"indoor","man_made":"heat_exchange_station","operator":"МОЭК","pipeline":"substation","substance":"hot_water","substation":"distribution","_source":"real","_class":"heat_substation","_osm_id":"way/52679563","_district":"район Северное Тушино"}},{"type":"Feature","geometry":{"type":"Polygon","coordinates":[[[37.4284503,55.8614016],[37.4286649,55.8614257],[37.4286112,55.8615763],[37.4283967,55.8615522],[37.4284503,55.8614016]]]},"properties":{"addr:city":"Москва","addr:country":"RU","addr:housenumber":"7 к4 с1","addr:street":"улица Вилиса Лациса","building":"service","building:levels":"1","location":"indoor","man_made":"heat_exchange_station","pipeline":"substation","ref":"09-06-033","substance":"hot_water","substation":"distribution","_source":"real","_class":"heat_substation","_osm_id":"way/52679566","_district":"район Северное Тушино"}},{"type":"Feature","geometry":{"type":"LineString","coordinates":[[37.7683582,55.8167759],[37.7688732,55.8170035],[37.7682912,55.8174179],[37.767634,55.8178459]]},"properties":{"location":"overground","man_made":"pipeline","substance":"heat","_source":"real","_class":"heat_pipe","_osm_id":"way/528200510","_district":"район Гольяново","_length_km":0.163}},{"type":"Feature","geometry":{"type":"LineString","coordinates":[[37.767634,55.8178459],[37.7672424,55.8180689],[37.7671992,55.8181449]]},"properties":{"location":"overhead","man_made":"pipeline","substance":"heat","_source":"real","_class":"heat_pipe","_osm_id":"way/528200511","_district":"район Гольяново","_length_km":0.044}},{"type":"Feature","geometry":{"type":"Polygon","coordinates":[[[37.6197313,55.7726351],[37.6198368,55.7726446],[37.6198378,55.7726409],[37.6198489,55.772602],[37.6197435,55.7725925],[37.6197313,55.7726351]]]},"properties":{"building":"service","building:levels":"1","location":"indoor","man_made":"heat_exchange_station","pipeline":"substation","roof:shape":"gabled","substance":"hot_water","substation":"distribution","_source":"real","_class":"heat_substation","_osm_id":"way/528244668","_district":"Тверской район"}},{"type":"Feature","geometry":{"type":"Polygon","coordinates":[[[37.6118675,55.866572],[37.6121308,55.8666111],[37.6121819,55.8665027],[37.6119186,55.8664636],[37.6118675,55.866572]]]},"properties":{"addr:city":"Москва","addr:housenumber":"9 с2","addr:street":"улица Пестеля","building":"service","building:levels":"1","description":"Бойлерная","location":"indoor","man_made":"heat_exchange_station","pipeline":"substation","substance":"hot_water","substation":"distribution","_source":"real","_class":"heat_substation","_osm_id":"way/52825900","_district":"район Отрадное"}},{"type":"Feature","geometry":{"type":"Polygon","coordinates":[[[37.6116504,55.866689],[37.6118472,55.8667219],[37.6119091,55.8666054],[37.6117124,55.8665725],[37.6116504,55.866689]]]},"properties":{"addr:city":"Москва","addr:housenumber":"9 с4","addr:street":"улица Пестеля","building":"service","building:levels":"1","location":"indoor","man_made":"heat_exchange_station","pipeline":"substation","substance":"hot_water","substation":"distribution","_source":"real","_class":"heat_substation","_osm_id":"way/52825902","_district":"район Отрадное"}},{"type":"Feature","geometry":{"type":"Polygon","coordinates":[[[37.6567572,55.7367571],[37.6569482,55.736816],[37.6570847,55.7366756],[37.6568936,55.7366167],[37.6567572,55.7367571]]]},"properties":{"addr:housenumber":"15 с2","addr:street":"улица Большие Каменщики","building":"service","building:levels":"1","location":"indoor","man_made":"heat_exchange_station","pipeline":"substation","substance":"hot_water","substation":"distribution","_source":"real","_class":"heat_substation","_osm_id":"way/52829946","_district":"Таганский район"}},{"type":"Feature","geometry":{"type":"Polygon","coordinates":[[[37.6670219,55.7404109],[37.6672326,55.7403965],[37.6672074,55.7402797],[37.6669967,55.7402941],[37.6670219,55.7404109]]]},"properties":{"addr:housenumber":"27 с2","addr:street":"Большой Факельный переулок","building":"service","building:colour":"white","building:levels":"1","building:material":"brick","location":"indoor","man_made":"heat_exchange_station","pipeline":"substation","roof:colour":"grey","roof:material":"tar_paper","roof:shape":"flat","source:addr":"survey","substance":"hot_water","substation":"distribution","year_of_construction":"1973","_source":"real","_class":"heat_substation","_osm_id":"way/52910145","_district":"Таганский район"}},{"type":"Feature","geometry":{"type":"Polygon","coordinates":[[[37.5835238,55.8190787],[37.5836398,55.8191036],[37.583741,55.8189546],[37.583625,55.8189297],[37.5835238,55.8190787]]]},"properties":{"addr:housenumber":"6А с2","addr:street":"улица Фонвизина","building":"service","building:colour":"lightgrey","building:levels":"1","building:material":"concrete","operator":"МОЭК","power":"plant","roof:colour":"grey","roof:material":"tar_paper","roof:shape":"flat","_source":"real","_class":"heat_source","_osm_id":"way/529720322","_district":"Бутырский район"}},{"type":"Feature","geometry":{"type":"Polygon","coordinates":[[[37.6370444,55.7548425],[37.6373086,55.754679],[37.637147,55.7545753],[37.6368615,55.7547571],[37.6370444,55.7548425]]]},"properties":{"addr:housenumber":"9/1 с17","addr:street":"Большой Спасоглинищевский переулок","building":"service","building:levels":"1","location":"indoor","man_made":"heat_exchange_station","pipeline":"substation","ref":"01-10-0103/023","roof:colour":"black","roof:material":"metal","roof:shape":"flat","start_date":"1840","substance":"hot_water","substation":"distribution","_source":"real","_class":"heat_substation","_osm_id":"way/52977868","_district":"Басманный район"}},{"type":"Feature","geometry":{"type":"Polygon","coordinates":[[[37.5844581,55.8403107],[37.5845722,55.8403109],[37.5845724,55.8402633],[37.5844421,55.8402631],[37.5844581,55.8403107]]]},"properties":{"addr:city":"Москва","addr:country":"RU","building":"service","building:levels":"1","location":"indoor","man_made":"heat_exchange_station","pipeline":"substation","substance":"hot_water","substation":"distribution","_source":"real","_class":"heat_substation","_osm_id":"way/53017225","_district":"район Марфино"}},{"type":"Feature","geometry":{"type":"Polygon","coordinates":[[[37.6445232,55.7578763],[37.6446702,55.7578763],[37.6446702,55.7577541],[37.6445232,55.7577541],[37.6445232,55.7578763]]]},"properties":{"addr:housenumber":"4/17 с14","addr:street":"Покровский бульвар","building":"service","building:colour":"lightgrey","building:levels":"5","building:material":"plaster","location":"indoor","man_made":"heat_exchange_station","pipeline":"substation","roof:colour":"grey","roof:material":"tar_paper","roof:shape":"flat","substance":"hot_water","substation":"distribution","_source":"real","_class":"heat_substation","_osm_id":"way/53088929","_district":"Басманный район"}},{"type":"Feature","geometry":{"type":"Polygon","coordinates":[[[37.4319059,55.8565065],[37.4321151,55.8565302],[37.4321578,55.8564114],[37.4320733,55.8564018],[37.4319486,55.8563877],[37.4319059,55.8565065]]]},"properties":{"addr:city":"Москва","addr:country":"RU","addr:housenumber":"9 к1 с1","addr:street":"улица Героев Панфиловцев","building":"service","building:colour":"grey;blue","building:levels":"1","building:material":"plaster","location":"indoor","man_made":"heat_exchange_station","operator":"МОЭК","pipeline":"substation","roof:colour":"grey","roof:material":"tar_paper","roof:shape":"flat","substance":"hot_water","substation":"distribution","_source":"real","_class":"heat_substation","_osm_id":"way/53158236","_district":"район Северное Тушино"}},{"type":"Feature","geometry":{"type":"Polygon","coordinates":[[[36.9073638,55.4427669],[36.9080542,55.4428219],[36.9080935,55.4426634],[36.9074031,55.4426084],[36.9073638,55.4427669]]]},"properties":{"landuse":"industrial","power":"plant","_source":"real","_class":"heat_source","_osm_id":"way/533905189","_district":"район Бекасово"}},{"type":"Feature","geometry":{"type":"Polygon","coordinates":[[[37.4356885,55.8441471],[37.4360467,55.8441291],[37.436067,55.8442562],[37.4357088,55.8442742],[37.435706,55.8442564],[37.4356885,55.8441471]]]},"properties":{"addr:city":"Москва","addr:country":"RU","addr:housenumber":"36  к1 с1","addr:street":"улица Фабрициуса","building":"service","building:colour":"beige;grey","building:levels":"1","building:material":"brick","location":"indoor","man_made":"heat_exchange_station","pipeline":"substation","roof:colour":"grey","roof:material":"tar_paper","roof:shape":"flat","substance":"hot_water","substation":"distribution","_source":"real","_class":"heat_substation","_osm_id":"way/53806065","_district":"район Южное Тушино"}},{"type":"Feature","geometry":{"type":"Polygon","coordinates":[[[37.6808337,55.7561175],[37.6810273,55.7560812],[37.6809416,55.7559364],[37.680748,55.7559727],[37.6808337,55.7561175]]]},"properties":{"addr:housenumber":"14 с4","addr:street":"Волочаевская улица","building":"service","building:levels":"1","location":"indoor","man_made":"heat_exchange_station","pipeline":"substation","source":"Адресный реестр Москвы, data.mos.ru","substance":"hot_water","substation":"distribution","_source":"real","_class":"heat_substation","_osm_id":"way/53845529","_district":"район Лефортово"}},{"type":"Feature","geometry":{"type":"Polygon","coordinates":[[[37.6061409,55.7596137],[37.6061959,55.7595877],[37.606156,55.7595609],[37.6061009,55.7595869],[37.6061409,55.7596137]]]},"properties":{"building":"service","building:levels":"1","location":"indoor","man_made":"heat_exchange_station","operator":"МОЭСК","pipeline":"substation","ref":"01-05-0117/052","substance":"hot_water","substation":"distribution","_source":"real","_class":"heat_substation","_osm_id":"way/539026229","_district":"Пресненский район"}},{"type":"Feature","geometry":{"type":"Polygon","coordinates":[[[37.6879224,55.7742619],[37.6881448,55.7741681],[37.6880772,55.7741174],[37.6878548,55.7742112],[37.6879224,55.7742619]]]},"properties":{"addr:housenumber":"1/33 с2","addr:street":"Большая Почтовая улица","building":"service","building:colour":"white","building:levels":"1","building:material":"brick","location":"indoor","man_made":"heat_exchange_station","pipeline":"substation","roof:colour":"grey","roof:material":"tar_paper","roof:shape":"flat","substance":"hot_water","substation":"distribution","_source":"real","_class":"heat_substation","_osm_id":"way/54057296","_district":"Басманный район"}},{"type":"Feature","geometry":{"type":"Polygon","coordinates":[[[37.3682659,55.7043297],[37.3686257,55.7044162],[37.3689857,55.7039408],[37.368626,55.7038543],[37.3682659,55.7043297]]]},"properties":{"addr:housenumber":"9","addr:street":"улица Калинина","building":"service","building:levels":"2","name":"Квартальная котельная","_source":"real","_class":"heat_source","_osm_id":"way/54160905","_district":"Можайский район"}},{"type":"Feature","geometry":{"type":"Polygon","coordinates":[[[37.6766875,55.7876113],[37.6765891,55.7877159],[37.6767743,55.787771],[37.6768727,55.7876663],[37.6766875,55.7876113]]]},"properties":{"addr:housenumber":"29 с2","addr:street":"Русаковская улица","building":"service","building:colour":"white;grey;blue","building:levels":"1","building:material":"concrete","location":"indoor","man_made":"heat_exchange_station","pipeline":"substation","roof:colour":"grey","roof:material":"tar_paper","roof:shape":"flat","substance":"hot_water","substation":"distribution","_source":"real","_class":"heat_substation","_osm_id":"way/542270512","_district":"район Сокольники"}},{"type":"Feature","geometry":{"type":"Polygon","coordinates":[[[37.4489723,55.8537534],[37.4489123,55.8539503],[37.4491278,55.853971],[37.4491879,55.8537741],[37.4489723,55.8537534]]]},"properties":{"addr:city":"Москва","addr:country":"RU","addr:housenumber":"4 с2","addr:street":"Химкинский бульвар","building":"service","building:colour":"white;grey","building:levels":"1","building:material":"concrete","location":"indoor","man_made":"heat_exchange_station","operator":"МОЭК","pipeline":"substation","roof:colour":"grey","roof:material":"metal","roof:shape":"flat","substance":"hot_water","substation":"distribution","_source":"real","_class":"heat_substation","_osm_id":"way/54364284","_district":"район Северное Тушино"}},{"type":"Feature","geometry":{"type":"Polygon","coordinates":[[[37.4204677,55.8473427],[37.4206761,55.8473665],[37.4206213,55.8475174],[37.4204129,55.8474936],[37.4204677,55.8473427]]]},"properties":{"addr:city":"Москва","addr:country":"RU","addr:housenumber":"32 с1","addr:street":"проезд Донелайтиса","building":"service","building:colour":"blue;grey","building:levels":"1","building:material":"plaster","location":"indoor","man_made":"heat_exchange_station","pipeline":"substation","roof:angle":"30","roof:colour":"grey","roof:material":"metal","roof:shape":"gabled","substance":"hot_water","substation":"distribution","_source":"real","_class":"heat_substation","_osm_id":"way/54367522","_district":"район Южное Тушино"}},{"type":"Feature","geometry":{"type":"Polygon","coordinates":[[[37.4209983,55.8420003],[37.4212822,55.8419859],[37.421317,55.842202],[37.4210331,55.8422165],[37.4209983,55.8420003]]]},"properties":{"addr:city":"Москва","addr:country":"RU","addr:housenumber":"20 с1","addr:street":"проезд Донелайтиса","building":"service","building:colour":"white;pink","building:levels":"1","building:material":"plaster","location":"indoor","man_made":"heat_exchange_station","pipeline":"substation","roof:colour":"grey","roof:material":"tar_paper","roof:shape":"flat","substance":"hot_water","substation":"distribution","utility":"heating","_source":"real","_class":"heat_substation","_osm_id":"way/54374677","_district":"район Южное Тушино"}},{"type":"Feature","geometry":{"type":"Polygon","coordinates":[[[37.6568641,55.6891772],[37.6569473,55.6891359],[37.6568748,55.6890895],[37.6567916,55.6891308],[37.6568641,55.6891772]]]},"properties":{"building":"service","building:levels":"1","location":"indoor","man_made":"heat_exchange_station","pipeline":"substation","roof:shape":"flat","substance":"hot_water","substation":"distribution","_source":"real","_class":"heat_substation","_osm_id":"way/544548250","_district":"Даниловский район"}},{"type":"Feature","geometry":{"type":"Polygon","coordinates":[[[37.4014493,55.8386539],[37.4018186,55.8386214],[37.4018554,55.8387533],[37.4014861,55.8387858],[37.4014493,55.8386539]]]},"properties":{"addr:city":"Москва","addr:country":"RU","addr:housenumber":"13 к2 с1","addr:street":"улица Василия Петушкова","building":"service","building:colour":"lightgrey","building:levels":"1","building:material":"plaster","man_made":"heat_exchange_station","pipeline":"substation","roof:colour":"grey","roof:material":"tar_paper","roof:shape":"flat","substance":"hot_water","_source":"real","_class":"heat_substation","_osm_id":"way/54490110","_district":"район Южное Тушино"}},{"type":"Feature","geometry":{"type":"Polygon","coordinates":[[[37.6524502,55.8544648],[37.652375,55.8545089],[37.6525878,55.8546212],[37.6526557,55.8545755],[37.6524502,55.8544648]]]},"properties":{"addr:housenumber":"14 с2","addr:street":"проезд Нансена","building":"service","building:colour":"blue","building:levels":"1","building:material":"plaster","official_short_type":"ЦТП","operator":"МОЭК","pipeline":"substation","roof:colour":"grey","roof:material":"tar_paper","roof:shape":"flat","substance":"hot_water","substation":"distribution","utility":"heating","_source":"real","_class":"heat_substation","_osm_id":"way/54675228","_district":"район Свиблово"}},{"type":"Feature","geometry":{"type":"Polygon","coordinates":[[[37.7198595,55.6367736],[37.7201271,55.6367699],[37.7201223,55.6366582],[37.7198548,55.6366619],[37.7198595,55.6367736]]]},"properties":{"addr:city":"Москва","addr:country":"RU","addr:housenumber":"13 к2 с2","addr:street":"улица Борисовские Пруды","building":"yes","building:levels":"2","height":"6","man_made":"heat_exchange_station","roof:shape":"flat","_source":"real","_class":"heat_substation","_osm_id":"way/54834863","_district":"район Москворечье-Сабурово"}},{"type":"Feature","geometry":{"type":"Polygon","coordinates":[[[37.6563188,55.7865555],[37.6565155,55.7865242],[37.656476,55.7864456],[37.6562792,55.7864769],[37.6563188,55.7865555]]]},"properties":{"addr:housenumber":"12 с2","addr:street":"Малая Красносельская улица","building":"service","building:levels":"1","operator":"МОЭК","power":"plant","ref":"МК-131 01-09-075","roof:shape":"flat","substance":"gas","_source":"real","_class":"heat_source","_osm_id":"way/548622179","_district":"Красносельский район"}},{"type":"Feature","geometry":{"type":"Polygon","coordinates":[[[37.7164494,55.7673616],[37.716639,55.7673784],[37.7166819,55.7672245],[37.7164923,55.7672077],[37.7164494,55.7673616]]]},"properties":{"addr:housenumber":"20 с2","addr:street":"Боровая улица","building":"service","building:levels":"1","location":"indoor","man_made":"heat_exchange_station","pipeline":"substation","substance":"hot_water","substation":"distribution","_source":"real","_class":"heat_substation","_osm_id":"way/548947693","_district":"район Лефортово"}},{"type":"Feature","geometry":{"type":"Polygon","coordinates":[[[37.5912908,55.7505286],[37.5914919,55.7505633],[37.591554,55.7504494],[37.5913528,55.7504147],[37.5913193,55.7504763],[37.5912908,55.7505286]]]},"properties":{"addr:housenumber":"9 с3","addr:street":"Малый Николопесковский переулок","building":"service","building:levels":"1","location":"indoor","man_made":"heat_exchange_station","pipeline":"substation","substance":"hot_water","substation":"distribution","_source":"real","_class":"heat_substation","_osm_id":"way/549808112","_district":"район Арбат"}},{"type":"Feature","geometry":{"type":"LineString","coordinates":[[37.7292813,55.8032906],[37.7294396,55.8027735],[37.7293082,55.8027479],[37.7294423,55.8024811],[37.7293404,55.802469],[37.7291606,55.8023409],[37.7292241,55.802232],[37.7295844,55.8016142],[37.7302201,55.8017303],[37.7308665,55.8009856],[37.7311482,55.8010232]]},"properties":{"layer":"-1","location":"underground","man_made":"pipeline","substance":"heat","_source":"real","_class":"heat_pipe","_osm_id":"way/550014890","_district":"район Преображенское","_length_km":0.36}},{"type":"Feature","geometry":{"type":"Polygon","coordinates":[[[37.456099,55.8337627],[37.4561138,55.8338348],[37.4558342,55.8338529],[37.4558194,55.8337808],[37.456099,55.8337627]]]},"properties":{"addr:city":"Москва","addr:country":"RU","addr:housenumber":"7 с1","addr:street":"Малая Набережная улица","building":"service","building:colour":"white;beige","building:levels":"1","building:material":"brick","location":"indoor","man_made":"heat_exchange_station","pipeline:heat_transfer":"yes","roof:colour":"grey","roof:material":"metal","roof:shape":"flat","substance":"hot_water","substation":"distribution","_source":"real","_class":"heat_substation","_osm_id":"way/55140912","_district":"район Покровское-Стрешнево"}},{"type":"Feature","geometry":{"type":"Polygon","coordinates":[[[37.4533575,55.8239003],[37.4536775,55.8238292],[37.4537555,55.8239399],[37.4534354,55.824011],[37.4533575,55.8239003]]]},"properties":{"addr:housenumber":"1 с1","addr:street":"Большая Набережная улица","building":"service","building:levels":"1","location":"indoor","man_made":"heat_exchange_station","name":"ЦТП-101","official_short_type":"ЦТП","operator":"ПАО «МОЭК»","pipeline":"substation","pipeline:heat_transfer":"yes","ref":"101","substance":"hot_water","substation":"distribution","_source":"real","_class":"heat_substation","_osm_id":"way/55217280","_district":"район Покровское-Стрешнево"}},{"type":"Feature","geometry":{"type":"Polygon","coordinates":[[[37.4338074,55.8253165],[37.434138,55.8252285],[37.4342278,55.8253349],[37.4338972,55.8254229],[37.4338074,55.8253165]]]},"properties":{"addr:city":"Москва","addr:country":"RU","addr:housenumber":"94 с1","addr:street":"Волоколамское шоссе","building":"service","building:levels":"1","location":"indoor","man_made":"heat_exchange_station","official_short_type":"ЦТП","pipeline":"substation","substance":"hot_water","substation":"distribution","_source":"real","_class":"heat_substation","_osm_id":"way/55488892","_district":"район Покровское-Стрешнево"}},{"type":"Feature","geometry":{"type":"Polygon","coordinates":[[[37.4621165,55.8400081],[37.4616459,55.8400377],[37.4616596,55.8401077],[37.4619361,55.8400924],[37.4619424,55.8401367],[37.4621371,55.8401244],[37.4621165,55.8400081]]]},"properties":{"addr:housenumber":"31 к4 с1","addr:street":"Лодочная улица","building":"service","building:levels":"1","location":"indoor","man_made":"heat_exchange_station","pipeline":"substation","ref":"09-05-015","substance":"hot_water","substation":"distribution","_source":"real","_class":"heat_substation","_osm_id":"way/555145551","_district":"район Южное Тушино"}},{"type":"Feature","geometry":{"type":"Polygon","coordinates":[[[37.6613726,55.8229206],[37.6615664,55.8229921],[37.6614174,55.8231195],[37.6612236,55.823048],[37.6613726,55.8229206]]]},"properties":{"addr:housenumber":"19 с3","addr:street":"улица Бориса Галушкина","building":"service","building:colour":"white","building:levels":"1","building:material":"concrete","location":"indoor","man_made":"heat_exchange_station","pipeline":"substation","roof:colour":"grey","roof:material":"tar_paper","roof:shape":"flat","substance":"hot_water","substation":"distribution","_source":"real","_class":"heat_substation","_osm_id":"way/555943952","_district":"Алексеевский район"}},{"type":"Feature","geometry":{"type":"Polygon","coordinates":[[[37.1632679,55.9929843],[37.1639653,55.9930803],[37.1643944,55.9931283],[37.1659607,55.9907291],[37.1661704,55.9904149],[37.1653506,55.9902505],[37.1647931,55.9900712],[37.1646149,55.9902641],[37.1635115,55.9899654],[37.1622636,55.9918447],[37.1619957,55.9917487],[37.1613519,55.9929968],[37.1613693,55.9930636],[37.1632679,55.9929843]]]},"properties":{"barrier":"wall","name":"РТС-2","power":"plant","_source":"real","_class":"heat_source","_osm_id":"way/55784778","_district":"район Силино"}},{"type":"Feature","geometry":{"type":"Polygon","coordinates":[[[37.6372961,55.7898331],[37.6373525,55.7899436],[37.6371448,55.7899771],[37.6370885,55.7898665],[37.6372961,55.7898331]]]},"properties":{"addr:housenumber":"74 с3","addr:street":"проспект Мира","building":"commercial","building:colour":"white","building:levels":"1","building:material":"plaster","description":"ЦТП","location":"indoor","man_made":"heat_exchange_station","note:cadastre:id":"77:01:0003052:1035","pipeline":"substation","roof:colour":"grey","roof:material":"tar_paper","roof:shape":"flat","start_date":"1972","substance":"hot_water","substation":"distribution","_source":"real","_class":"heat_substation","_osm_id":"way/559767475","_district":"Мещанский район"}},{"type":"Feature","geometry":{"type":"Polygon","coordinates":[[[37.1996341,55.9684883],[37.2019623,55.9683622],[37.201855,55.9676477],[37.2009807,55.9656473],[37.2008652,55.9653454],[37.2007079,55.9653664],[37.2006181,55.9653784],[37.2003369,55.9644727],[37.198776,55.964562],[37.1989159,55.9652855],[37.1991304,55.9663145],[37.1992439,55.9668705],[37.1994545,55.9678927],[37.1994647,55.9679483],[37.1995074,55.9681815],[37.1995392,55.9683547],[37.1996341,55.9684883]]]},"properties":{"name":"РТС-4","power":"plant","_source":"real","_class":"heat_source","_osm_id":"way/56755447","_district":"район Крюково"}},{"type":"Feature","geometry":{"type":"Polygon","coordinates":[[[37.6309246,55.8203225],[37.6313056,55.8203199],[37.6312966,55.8199042],[37.6312942,55.819796],[37.6309136,55.8197986],[37.6309133,55.8197986],[37.6309246,55.8203225]]]},"properties":{"addr:city":"Москва","addr:housenumber":"14","addr:street":"улица Цандера","building":"industrial","building:colour":"grey","building:levels":"4","building:material":"brick","name":"Квартальная тепловая станция № 8","roof:colour":"grey","roof:material":"tar_paper","roof:shape":"flat","_source":"real","_class":"heat_source","_osm_id":"way/568743447","_district":"Останкинский район"}},{"type":"Feature","geometry":{"type":"LineString","coordinates":[[37.6986763,55.7959204],[37.6990666,55.7960818]]},"properties":{"location":"overground","man_made":"pipeline","substance":"heat","_source":"real","_class":"heat_pipe","_osm_id":"way/572168506","_district":"район Сокольники","_length_km":0.03}},{"type":"Feature","geometry":{"type":"Polygon","coordinates":[[[37.4084152,55.6568841],[37.4087015,55.6569412],[37.4087383,55.6568825],[37.4084519,55.6568254],[37.4084152,55.6568841]]]},"properties":{"addr:housenumber":"24А","addr:street":"улица Главмосстроя","building":"yes","building:colour":"#BC5F45","building:levels":"2","building:material":"brick","landuse":"industrial","power":"plant","roof:colour":"grey","roof:shape":"flat","_source":"real","_class":"heat_source","_osm_id":"way/57395372","_district":"район Солнцево"}},{"type":"Feature","geometry":{"type":"Polygon","coordinates":[[[37.7130149,55.8192456],[37.7131571,55.8191726],[37.7130015,55.819077],[37.7128593,55.81915],[37.7130149,55.8192456]]]},"properties":{"addr:housenumber":"42 c1","addr:street":"бульвар Маршала Рокоссовского","building":"service","building:colour":"white;grey","building:levels":"1","building:material":"concrete","man_made":"heat_exchange_station","pipeline":"substation","roof:colour":"grey","roof:material":"tar_paper","roof:shape":"flat","substance":"hot_water","_source":"real","_class":"heat_substation","_osm_id":"way/576233246","_district":"район Богородское"}},{"type":"Feature","geometry":{"type":"Polygon","coordinates":[[[37.5568041,55.7677326],[37.5569457,55.7676528],[37.5568196,55.7675819],[37.556678,55.7676617],[37.5568041,55.7677326]]]},"properties":{"addr:housenumber":"8 с4","addr:street":"Большая Декабрьская улица","building":"service","building:colour":"yellow","building:levels":"1","building:material":"plaster","contact:phone":"+7 499 7404110","description":"филиал №9б, предприятие №9","location":"indoor","man_made":"heat_exchange_station","operator":"МОЭСК","pipeline":"substation","ref":"01-05-0360/059","roof:colour":"grey","roof:material":"tar_paper","roof:shape":"flat","substance":"hot_water","substation":"distribution","_source":"real","_class":"heat_substation","_osm_id":"way/577827940","_district":"Пресненский район"}},{"type":"Feature","geometry":{"type":"Polygon","coordinates":[[[37.5147741,55.8192833],[37.514953,55.819329],[37.5150383,55.8192238],[37.5148593,55.819178],[37.5147741,55.8192833]]]},"properties":{"addr:housenumber":"7 с1","addr:street":"Вокзальный переулок","building":"service","building:levels":"1","location":"indoor","man_made":"heat_exchange_station","pipeline":"substation","substance":"hot_water","substation":"distribution","_source":"real","_class":"heat_substation","_osm_id":"way/579896666","_district":"Войковский район"}},{"type":"Feature","geometry":{"type":"Polygon","coordinates":[[[37.7025455,55.8864438],[37.7027507,55.8864395],[37.702737,55.8862318],[37.7025318,55.886236],[37.7025455,55.8864438]]]},"properties":{"addr:housenumber":"9 к1 с2","addr:street":"Стартовая улица","building":"service","building:levels":"1","contact:phone":"+7 499 2072700","location":"indoor","man_made":"heat_exchange_station","operator":"филиал 3, предприятие 3 МОЭСК","pipeline":"substation","ref":"03-02-0911/085","roof:shape":"flat","substance":"hot_water","substation":"distribution","_source":"real","_class":"heat_substation","_osm_id":"way/58742221","_district":"Лосиноостровский район"}},{"type":"Feature","geometry":{"type":"Polygon","coordinates":[[[37.6974672,55.8858013],[37.6974573,55.8856094],[37.6972585,55.8856126],[37.6972683,55.8858045],[37.6974672,55.8858013]]]},"properties":{"addr:housenumber":"15 к2","addr:street":"Стартовая улица","building":"service","building:levels":"1","location":"indoor","man_made":"heat_exchange_station","pipeline":"substation","substance":"hot_water","substation":"distribution","_source":"real","_class":"heat_substation","_osm_id":"way/58742224","_district":"Лосиноостровский район"}},{"type":"Feature","geometry":{"type":"Polygon","coordinates":[[[37.6988359,55.8856368],[37.6988295,55.8854391],[37.698618,55.8854412],[37.6986244,55.885639],[37.6988359,55.8856368]]]},"properties":{"addr:housenumber":"11 с2","addr:street":"Стартовая улица","building":"service","building:levels":"1","location":"indoor","man_made":"heat_exchange_station","pipeline":"substation","roof:shape":"flat","substance":"hot_water","substation":"distribution","_source":"real","_class":"heat_substation","_osm_id":"way/58742242","_district":"Лосиноостровский район"}},{"type":"Feature","geometry":{"type":"Polygon","coordinates":[[[37.709393,55.8856123],[37.7095344,55.885696],[37.7096903,55.8856132],[37.7096223,55.8855702],[37.7095489,55.8855294],[37.709393,55.8856123]]]},"properties":{"addr:housenumber":"1 с6","addr:street":"Стартовая улица","building":"service","building:levels":"1","description":"ЦТП Филиал №3, предприятие №3 МОЭСК, Аб.номер №03-02-0911/126","location":"indoor","man_made":"heat_exchange_station","pipeline":"substation","substance":"hot_water","substation":"distribution","_source":"real","_class":"heat_substation","_osm_id":"way/58742246","_district":"Лосиноостровский район"}},{"type":"Feature","geometry":{"type":"Polygon","coordinates":[[[37.5274861,55.841275],[37.5274683,55.8413093],[37.5276097,55.8413324],[37.5276275,55.8412981],[37.5274861,55.841275]]]},"properties":{"addr:housenumber":"28А","addr:street":"проезд Черепановых","building":"service","building:colour":"white","building:levels":"1","building:material":"plaster","description":"Тепловой пункт","location":"indoor","man_made":"heat_exchange_station","pipeline":"substation","roof:angle":"30","roof:colour":"lightgrey","roof:material":"slate","roof:shape":"gabled","substance":"hot_water","substation":"distribution","wikidata":"Q116860427","_source":"real","_class":"heat_substation","_osm_id":"way/588341162","_district":"район Коптево"}},{"type":"Feature","geometry":{"type":"Polygon","coordinates":[[[37.5288749,55.8400432],[37.528891,55.840109],[37.5286184,55.8401301],[37.5286023,55.8400643],[37.5288749,55.8400432]]]},"properties":{"addr:housenumber":"24 с1","addr:street":"Михалковская улица","building":"yes","building:levels":"1","location":"indoor","man_made":"heat_exchange_station","pipeline":"substation","ref":"1213/006","substance":"hot_water","substation":"distribution","_source":"real","_class":"heat_substation","_osm_id":"way/588421147","_district":"район Коптево"}},{"type":"Feature","geometry":{"type":"Polygon","coordinates":[[[37.6312902,55.8685904],[37.6314196,55.8686948],[37.6317087,55.868582],[37.6315793,55.8684776],[37.6312902,55.8685904]]]},"properties":{"addr:housenumber":"4 с2","addr:street":"Заповедная улица","building":"service","building:levels":"1","location":"indoor","man_made":"heat_exchange_station","pipeline":"substation","ref":"03-03-0905/006","substance":"hot_water","substation":"distribution","utility":"heating","_source":"real","_class":"heat_substation","_osm_id":"way/58865678","_district":"район Южное Медведково"}},{"type":"Feature","geometry":{"type":"Polygon","coordinates":[[[37.5971884,55.6225319],[37.5975245,55.622477],[37.5975586,55.6225436],[37.5972919,55.6225872],[37.597274,55.6225522],[37.5972046,55.6225635],[37.5971884,55.6225319]]]},"properties":{"building":"service","building:levels":"1","location":"indoor","man_made":"heat_exchange_station","pipeline":"substation","substance":"hot_water","substation":"distribution","_source":"real","_class":"heat_substation","_osm_id":"way/590967749","_district":"район Чертаново Центральное"}},{"type":"Feature","geometry":{"type":"Polygon","coordinates":[[[37.6918149,55.8802784],[37.6917572,55.8803979],[37.6919599,55.8804287],[37.6920176,55.8803093],[37.6918149,55.8802784]]]},"properties":{"addr:housenumber":"17 с2","addr:street":"1-я Напрудная улица","building":"yes","building:levels":"1","location":"indoor","man_made":"heat_exchange_station","pipeline":"substation","substance":"hot_water","substation":"distribution","_source":"real","_class":"heat_substation","_osm_id":"way/590996295","_district":"Лосиноостровский район"}},{"type":"Feature","geometry":{"type":"Polygon","coordinates":[[[37.4879404,55.6242165],[37.4882821,55.6242499],[37.488249,55.6243575],[37.4879073,55.6243241],[37.4879404,55.6242165]]]},"properties":{"addr:housenumber":"3 с2","addr:street":"улица Генерала Тюленева","building":"service","building:levels":"1","location":"indoor","man_made":"heat_exchange_station","pipeline":"substation","ref":"07-07-033","substance":"hot_water","substation":"distribution","_source":"real","_class":"heat_substation","_osm_id":"way/592726704","_district":"район Тёплый Стан"}},{"type":"Feature","geometry":{"type":"LineString","coordinates":[[37.5746547,55.6986721],[37.5744551,55.6987731],[37.5744779,55.6987859]]},"properties":{"count":"2","location":"surface","man_made":"pipeline","substance":"hot_water","_source":"real","_class":"heat_pipe","_osm_id":"way/592827493","_district":"Академический район","_length_km":0.019}},{"type":"Feature","geometry":{"type":"LineString","coordinates":[[37.5744779,55.6987859],[37.574508,55.6988028]]},"properties":{"count":"2","location":"underground","man_made":"pipeline","substance":"hot_water","_source":"real","_class":"heat_pipe","_osm_id":"way/592827495","_district":"Академический район","_length_km":0.003}},{"type":"Feature","geometry":{"type":"LineString","coordinates":[[37.574508,55.6988028],[37.5753043,55.6992504]]},"properties":{"count":"2","location":"surface","man_made":"pipeline","substance":"hot_water","_source":"real","_class":"heat_pipe","_osm_id":"way/592827496","_district":"Академический район","_length_km":0.071}},{"type":"Feature","geometry":{"type":"Polygon","coordinates":[[[37.7337029,55.7177495],[37.7337184,55.7179252],[37.733596,55.7179286],[37.7335805,55.7177529],[37.7337029,55.7177495]]]},"properties":{"addr:housenumber":"16 к3А с2","addr:street":"Грайвороновская улица","building":"service","building:levels":"1","location":"indoor","man_made":"heat_exchange_station","note:cadastre:id":"77:04:0002005:1144","pipeline":"substation","ref":"0203/017","substance":"hot_water","substation":"distribution","year_of_construction":"1969","_source":"real","_class":"heat_substation","_osm_id":"way/594663533","_district":"район Текстильщики"}},{"type":"Feature","geometry":{"type":"Polygon","coordinates":[[[37.7258275,55.8199827],[37.7259564,55.8199389],[37.726026,55.8200035],[37.7258971,55.8200473],[37.7258275,55.8199827]]]},"properties":{"building":"industrial","building:colour":"beige","building:levels":"1","building:material":"porcelain_stoneware","man_made":"works","name":"Котельная","roof:angle":"30","roof:colour":"#6478BF","roof:material":"metal","roof:shape":"gabled","_source":"real","_class":"heat_source","_osm_id":"way/595863757","_district":"район Богородское"}},{"type":"Feature","geometry":{"type":"Polygon","coordinates":[[[37.7761044,55.699816],[37.7761733,55.6999731],[37.7759619,55.7000035],[37.7759242,55.6999209],[37.7758914,55.6998456],[37.7761044,55.699816]]]},"properties":{"addr:housenumber":"14 с2","addr:street":"Есенинский бульвар","building":"yes","building:levels":"1","location":"indoor","man_made":"heat_exchange_station","note:cadastre:id":"77:04:0004003:1024","operator":"МОЭК","pipeline":"substation","substance":"hot_water","substation":"distribution","_source":"real","_class":"heat_substation","_osm_id":"way/606816323","_district":"район Кузьминки"}},{"type":"Feature","geometry":{"type":"Polygon","coordinates":[[[37.7419449,55.6978975],[37.7418998,55.6980722],[37.7420278,55.6980827],[37.742073,55.697908],[37.7419449,55.6978975]]]},"properties":{"addr:housenumber":"18 к1 с2","addr:street":"улица Чистова","building":"service","building:levels":"1","location":"indoor","man_made":"heat_exchange_station","pipeline":"substation","ref":"0208/006","substance":"hot_water","substation":"distribution","_source":"real","_class":"heat_substation","_osm_id":"way/607311571","_district":"район Текстильщики"}},{"type":"Feature","geometry":{"type":"Polygon","coordinates":[[[37.7441388,55.6976071],[37.7441659,55.6975049],[37.744465,55.6975301],[37.744438,55.6976323],[37.7441388,55.6976071]]]},"properties":{"building":"service","building:levels":"1","location":"indoor","man_made":"heat_exchange_station","pipeline":"substation","ref":"0208/053","substance":"hot_water","substation":"distribution","_source":"real","_class":"heat_substation","_osm_id":"way/607311593","_district":"район Текстильщики"}},{"type":"Feature","geometry":{"type":"Polygon","coordinates":[[[37.7267349,55.6916697],[37.7265583,55.6917201],[37.7266565,55.6918292],[37.7268331,55.6917788],[37.7267349,55.6916697]]]},"properties":{"addr:housenumber":"4 к1 с2","addr:street":"Шоссейная улица","building":"service","building:levels":"1","location":"indoor","man_made":"heat_exchange_station","pipeline":"substation","ref":"211/34","substance":"hot_water","substation":"distribution","_source":"real","_class":"heat_substation","_osm_id":"way/607334905","_district":"район Печатники"}},{"type":"Feature","geometry":{"type":"Polygon","coordinates":[[[37.726383,55.6908566],[37.7265078,55.6910096],[37.7263864,55.691041],[37.7262616,55.690888],[37.726383,55.6908566]]]},"properties":{"addr:housenumber":"8 с2","addr:street":"Шоссейная улица","building":"yes","building:levels":"1","location":"indoor","man_made":"heat_exchange_station","pipeline":"substation","ref":"211/17","substance":"hot_water","substation":"distribution","_source":"real","_class":"heat_substation","_osm_id":"way/607334908","_district":"район Печатники"}},{"type":"Feature","geometry":{"type":"Polygon","coordinates":[[[37.6661884,55.7746908],[37.6662637,55.7745835],[37.6660954,55.7745461],[37.6660201,55.7746534],[37.6661884,55.7746908]]]},"properties":{"addr:housenumber":"6 с3","addr:street":"1-й Ольховский тупик","building":"service","building:levels":"1","location":"indoor","man_made":"heat_exchange_station","pipeline":"substation","substance":"hot_water","substation":"distribution","_source":"real","_class":"heat_substation","_osm_id":"way/60903150","_district":"Красносельский район"}},{"type":"Feature","geometry":{"type":"Polygon","coordinates":[[[37.6771283,55.7720038],[37.677066,55.7718985],[37.6769927,55.7719122],[37.6770174,55.7719539],[37.6769646,55.7719638],[37.6770023,55.7720274],[37.6771283,55.7720038]]]},"properties":{"building":"service","building:levels":"1","location":"indoor","man_made":"heat_exchange_station","pipeline":"substation","substance":"hot_water","substation":"distribution","_source":"real","_class":"heat_substation","_osm_id":"way/60911152","_district":"Басманный район"}},{"type":"Feature","geometry":{"type":"Polygon","coordinates":[[[37.6814907,55.7751703],[37.6816837,55.7752183],[37.6818265,55.7750367],[37.6816334,55.7749887],[37.6814907,55.7751703]]]},"properties":{"addr:housenumber":"26 с2А","addr:street":"Спартаковский переулок","building":"service","building:levels":"1","location":"indoor","man_made":"heat_exchange_station","pipeline":"substation","substance":"hot_water","substation":"distribution","_source":"real","_class":"heat_substation","_osm_id":"way/60911172","_district":"Басманный район"}},{"type":"Feature","geometry":{"type":"Polygon","coordinates":[[[37.6839177,55.7719902],[37.6839038,55.772093],[37.6841337,55.7721029],[37.6841477,55.7720001],[37.6839177,55.7719902]]]},"properties":{"addr:housenumber":"2 с2","addr:street":"Волховский переулок","building":"service","building:levels":"1","location":"indoor","man_made":"heat_exchange_station","pipeline":"substation","substance":"hot_water","substation":"distribution","_source":"real","_class":"heat_substation","_osm_id":"way/60911177","_district":"Басманный район"}},{"type":"Feature","geometry":{"type":"Polygon","coordinates":[[[37.5920581,55.6475496],[37.5919029,55.6474984],[37.5917675,55.6476289],[37.5919227,55.6476801],[37.5920581,55.6475496]]]},"properties":{"addr:city":"Москва","addr:housenumber":"7 с1","addr:street":"Большая Юшуньская улица","building":"yes","building:levels":"1","man_made":"heat_exchange_station","roof:levels":"1","roof:shape":"flat","_source":"real","_class":"heat_substation","_osm_id":"way/61186246","_district":"район Зюзино"}},{"type":"Feature","geometry":{"type":"Polygon","coordinates":[[[37.5398781,55.7996498],[37.5398111,55.7995963],[37.539917,55.7995544],[37.539984,55.799608],[37.5398781,55.7996498]]]},"properties":{"building":"service","building:levels":"1","location":"indoor","man_made":"heat_exchange_station","pipeline":"substation","substance":"hot_water","substation":"distribution","_source":"real","_class":"heat_substation","_osm_id":"way/617713556","_district":"район Аэропорт"}},{"type":"Feature","geometry":{"type":"Polygon","coordinates":[[[37.552867,55.8672429],[37.5529331,55.8672409],[37.5529295,55.8672034],[37.5528634,55.8672054],[37.552867,55.8672429]]]},"properties":{"building":"service","building:levels":"1","location":"indoor","man_made":"heat_exchange_station","pipeline":"substation","roof:shape":"flat","substance":"hot_water","substation":"distribution","_source":"real","_class":"heat_substation","_osm_id":"way/626018497","_district":"Бескудниковский район"}},{"type":"Feature","geometry":{"type":"Polygon","coordinates":[[[37.5821136,55.8213906],[37.581918,55.8213445],[37.5817879,55.8215185],[37.5819835,55.8215646],[37.5821136,55.8213906]]]},"properties":{"addr:housenumber":"18 с1","addr:street":"улица Яблочкова","building":"service","building:colour":"white","building:material":"concrete","operator":"МОЭК","pipeline":"substation","power":"plant","roof:colour":"grey","roof:material":"tar_paper","roof:shape":"flat","substance":"gas","_source":"real","_class":"heat_source","_osm_id":"way/627187138","_district":"Бутырский район"}},{"type":"Feature","geometry":{"type":"Polygon","coordinates":[[[37.363304,55.586544],[37.364738,55.587356],[37.365104,55.587142],[37.365322,55.587257],[37.365451,55.587177],[37.3651782,55.5870119],[37.36536,55.586914],[37.364116,55.586216],[37.363803,55.586387],[37.363689,55.586334],[37.363304,55.586544]]]},"properties":{"building:levels":"4","landuse":"industrial","power":"plant","source":"Moskovskiy map. http://www.dukess.ru","_source":"real","_class":"heat_source","_osm_id":"way/63094539","_district":"Филимонковский район"}},{"type":"Feature","geometry":{"type":"Polygon","coordinates":[[[37.352043,55.599681],[37.351924,55.599704],[37.352176,55.600238],[37.352355,55.600219],[37.35242,55.600425],[37.3534873,55.6002715],[37.353717,55.600238],[37.353389,55.599456],[37.352966,55.599411],[37.352073,55.599494],[37.35205,55.599544],[37.352043,55.599681]]]},"properties":{"barrier":"fence","landuse":"industrial","plant:output:hot_water":"yes","power":"plant","source":"Moskovskiy map. http://www.dukess.ru","_source":"real","_class":"heat_source","_osm_id":"way/63096162","_district":"Филимонковский район"}},{"type":"Feature","geometry":{"type":"Polygon","coordinates":[[[37.3419244,55.5989211],[37.3421903,55.599013],[37.3426925,55.5985493],[37.3424266,55.5984574],[37.3419244,55.5989211]]]},"properties":{"building":"yes","name":"Котельная","source":"Moskovskiy map. http://www.dukess.ru","_source":"real","_class":"heat_source","_osm_id":"way/63103730","_district":"Филимонковский район"}},{"type":"Feature","geometry":{"type":"Polygon","coordinates":[[[37.3749859,55.5875853],[37.3757336,55.5872283],[37.3755451,55.5871022],[37.3747974,55.5874592],[37.3749859,55.5875853]]]},"properties":{"addr:city":"Московский","addr:housenumber":"4","addr:postcode":"108813","addr:street":"Передельцевский проезд","building":"yes","building:levels":"4","name":"Котельная","source":"Moskovskiy map. http://www.dukess.ru","_source":"real","_class":"heat_source","_osm_id":"way/63104106","_district":"Филимонковский район"}},{"type":"Feature","geometry":{"type":"Polygon","coordinates":[[[37.561743,55.7818506],[37.5618694,55.7817973],[37.5617932,55.7817402],[37.5616668,55.7817934],[37.561743,55.7818506]]]},"properties":{"addr:housenumber":"28 с2","addr:street":"Беговая улица","building":"service","building:levels":"1","location":"indoor","man_made":"heat_exchange_station","pipeline":"substation","substance":"hot_water","substation":"distribution","_source":"real","_class":"heat_substation","_osm_id":"way/635360319","_district":"район Беговой"}},{"type":"Feature","geometry":{"type":"LineString","coordinates":[[37.6177602,55.7176576],[37.6177524,55.7166925],[37.6177152,55.7165595],[37.6177276,55.7144148]]},"properties":{"count":"2","layer":"-1","location":"underground","man_made":"pipeline","substance":"hot_water","usage":"distribution","_source":"real","_class":"heat_pipe","_osm_id":"way/639314847","_district":"Даниловский район","_length_km":0.361}},{"type":"Feature","geometry":{"type":"Polygon","coordinates":[[[37.6645808,55.73741],[37.6647257,55.7373269],[37.6645754,55.7372439],[37.6644306,55.7373269],[37.6645808,55.73741]]]},"properties":{"addr:housenumber":"5 с2","addr:street":"Марксистская улица","building":"service","building:levels":"1","location":"indoor","man_made":"heat_exchange_station","pipeline":"substation","substance":"hot_water","substation":"distribution","_source":"real","_class":"heat_substation","_osm_id":"way/640129180","_district":"Таганский район"}},{"type":"Feature","geometry":{"type":"Polygon","coordinates":[[[37.0263954,55.7078083],[37.0268759,55.7077977],[37.0268828,55.7078973],[37.0269945,55.7078948],[37.0269829,55.7077288],[37.0263908,55.7077419],[37.0263954,55.7078083]]]},"properties":{"building":"industrial","power":"plant","_source":"real","_class":"heat_source","_osm_id":"way/640956389","_district":"район Кунцево"}},{"type":"Feature","geometry":{"type":"Polygon","coordinates":[[[37.668153,55.586189],[37.6682687,55.5860754],[37.6684769,55.586143],[37.6685778,55.5861759],[37.6684621,55.5862896],[37.668153,55.586189]]]},"properties":{"addr:housenumber":"45 к3","addr:street":"Бирюлёвская улица","building":"yes","building:levels":"1","man_made":"heat_exchange_station","note:cadastre:id":"77:05:0010004:73","pipeline":"substation","substance":"hot_water","substation":"distribution","_source":"real","_class":"heat_substation","_osm_id":"way/643662150","_district":"район Бирюлёво Восточное"}},{"type":"Feature","geometry":{"type":"Polygon","coordinates":[[[37.6698609,55.5840702],[37.6700492,55.5838994],[37.6702337,55.5839644],[37.6700453,55.5841352],[37.6698609,55.5840702]]]},"properties":{"addr:housenumber":"47 к1 с3","addr:street":"Бирюлёвская улица","building":"yes","building:levels":"1","man_made":"heat_exchange_station","note:cadastre:id":"77:05:0010004:1163","pipeline":"substation","substance":"hot_water","substation":"distribution","_source":"real","_class":"heat_substation","_osm_id":"way/644895858","_district":"район Бирюлёво Восточное"}},{"type":"Feature","geometry":{"type":"Polygon","coordinates":[[[37.6722542,55.5838104],[37.6724902,55.5836597],[37.672653,55.5837412],[37.672417,55.5838919],[37.6722542,55.5838104]]]},"properties":{"addr:housenumber":"49 к5","addr:street":"Бирюлёвская улица","building":"yes","building:levels":"1","man_made":"heat_exchange_station","note:cadastre:id":"77:05:0010004:1166","pipeline":"substation","substance":"hot_water","substation":"distribution","_source":"real","_class":"heat_substation","_osm_id":"way/644895866","_district":"район Бирюлёво Восточное"}},{"type":"Feature","geometry":{"type":"Polygon","coordinates":[[[37.6962845,55.644486],[37.6963073,55.6446949],[37.6973319,55.6454562],[37.6974338,55.6454184],[37.6986864,55.6464174],[37.6996171,55.6467292],[37.7001965,55.6471287],[37.7006954,55.6469577],[37.699872,55.6457135],[37.6985228,55.6446601],[37.6985545,55.6444938],[37.6972316,55.643854],[37.6966939,55.644134],[37.6970522,55.6444905],[37.6967921,55.6445743],[37.6966855,55.6446086],[37.6964682,55.6444421],[37.696428,55.6444361],[37.6962845,55.644486]]]},"properties":{"barrier":"wall","landuse":"industrial","name":"Районная тепловая станция \"Курьяново\"","name:uk":"Районна теплова станція \"Кур'янове\"","plant:output:electricity":"yes","plant:output:hot_water":"yes","power":"plant","_source":"real","_class":"heat_source","_osm_id":"way/645257726","_district":"район Марьино"}},{"type":"Feature","geometry":{"type":"Polygon","coordinates":[[[37.7360883,55.6805923],[37.7361506,55.6805901],[37.7362694,55.680586],[37.7362665,55.6805592],[37.7362597,55.6804971],[37.7361249,55.6805018],[37.7360785,55.6805034],[37.736082,55.6805349],[37.7360838,55.6805518],[37.7360883,55.6805923]]]},"properties":{"addr:housenumber":"вл48 с3","addr:street":"Люблинская улица","building":"service","building:levels":"1","location":"indoor","man_made":"heat_exchange_station","pipeline":"substation","substance":"hot_water","substation":"distribution","_source":"real","_class":"heat_substation","_osm_id":"way/645441080","_district":"район Люблино"}},{"type":"Feature","geometry":{"type":"Polygon","coordinates":[[[37.543165,55.4670229],[37.5432495,55.4670238],[37.5432517,55.4669581],[37.5431672,55.4669572],[37.543165,55.4670229]]]},"properties":{"landuse":"industrial","power":"plant","_source":"real","_class":"heat_source","_osm_id":"way/660131863","_district":"район Щербинка"}},{"type":"Feature","geometry":{"type":"Polygon","coordinates":[[[37.5444041,55.4670408],[37.5444496,55.4670413],[37.54445,55.4670307],[37.5444803,55.467031],[37.5444822,55.4669739],[37.5444063,55.4669731],[37.5444041,55.4670408]]]},"properties":{"landuse":"industrial","power":"plant","_source":"real","_class":"heat_source","_osm_id":"way/660131864","_district":"район Щербинка"}},{"type":"Feature","geometry":{"type":"Polygon","coordinates":[[[37.544363,55.4666431],[37.5443828,55.4666433],[37.5443826,55.4666536],[37.5444289,55.4666539],[37.54443,55.4666096],[37.5443639,55.4666091],[37.544363,55.4666431]]]},"properties":{"landuse":"industrial","power":"plant","_source":"real","_class":"heat_source","_osm_id":"way/660131865","_district":"район Щербинка"}},{"type":"Feature","geometry":{"type":"Polygon","coordinates":[[[37.5438012,55.4670342],[37.543845,55.4670354],[37.5438461,55.4670225],[37.5438775,55.4670234],[37.5438822,55.4669688],[37.543807,55.4669667],[37.5438012,55.4670342]]]},"properties":{"landuse":"industrial","power":"plant","_source":"real","_class":"heat_source","_osm_id":"way/660131874","_district":"район Щербинка"}},{"type":"Feature","geometry":{"type":"Polygon","coordinates":[[[37.5435609,55.4683001],[37.5435935,55.468301],[37.5435921,55.4683177],[37.5436237,55.4683186],[37.5436252,55.4683027],[37.5436398,55.4683031],[37.543645,55.4682442],[37.543566,55.4682419],[37.5435609,55.4683001]]]},"properties":{"landuse":"industrial","power":"plant","_source":"real","_class":"heat_source","_osm_id":"way/660131922","_district":"район Щербинка"}},{"type":"Feature","geometry":{"type":"Polygon","coordinates":[[[37.5441932,55.4682739],[37.5442424,55.4682748],[37.5442405,55.4683069],[37.5442649,55.4683073],[37.5442726,55.4683285],[37.54419,55.4683269],[37.5441932,55.4682739]]]},"properties":{"landuse":"industrial","power":"plant","_source":"real","_class":"heat_source","_osm_id":"way/660131931","_district":"район Щербинка"}},{"type":"Feature","geometry":{"type":"Polygon","coordinates":[[[37.5432788,55.4679883],[37.5433721,55.46799],[37.5433746,55.4679445],[37.5432813,55.4679429],[37.5432788,55.4679883]]]},"properties":{"landuse":"industrial","power":"plant","_source":"real","_class":"heat_source","_osm_id":"way/660131934","_district":"район Щербинка"}},{"type":"Feature","geometry":{"type":"Polygon","coordinates":[[[37.5437816,55.4680065],[37.5438539,55.4680074],[37.5438554,55.4679717],[37.5437831,55.4679708],[37.5437816,55.4680065]]]},"properties":{"landuse":"industrial","power":"plant","_source":"real","_class":"heat_source","_osm_id":"way/660131935","_district":"район Щербинка"}},{"type":"Feature","geometry":{"type":"Polygon","coordinates":[[[37.3682061,55.848078],[37.3683841,55.8480189],[37.3685274,55.8481548],[37.3683495,55.8482139],[37.3682061,55.848078]]]},"properties":{"addr:city":"Москва","addr:country":"RU","addr:housenumber":"23 к2 с1","addr:street":"Пятницкое шоссе","building":"service","building:levels":"1","location":"indoor","man_made":"heat_exchange_station","operator":"МОЭК","pipeline":"substation","substance":"hot_water","substation":"distribution","_source":"real","_class":"heat_substation","_osm_id":"way/66666421","_district":"район Митино"}},{"type":"Feature","geometry":{"type":"Polygon","coordinates":[[[36.8759096,55.4173723],[36.8760062,55.4174058],[36.8760491,55.4173602],[36.8760839,55.4173708],[36.8761161,55.4173373],[36.8759874,55.4172932],[36.8759096,55.4173723]]]},"properties":{"building":"industrial","building:levels":"1","name":"Котельная","_source":"real","_class":"heat_source","_osm_id":"way/668288786","_district":"район Бекасово"}},{"type":"Feature","geometry":{"type":"Polygon","coordinates":[[[36.8990771,55.4029288],[36.8995624,55.4030978],[36.8998886,55.4027956],[36.8994033,55.4026267],[36.8990771,55.4029288]]]},"properties":{"building":"industrial","building:levels":"1","name":"Котельная","_source":"real","_class":"heat_source","_osm_id":"way/668289205","_district":"район Бекасово"}},{"type":"Feature","geometry":{"type":"Polygon","coordinates":[[[36.9081738,55.3833039],[36.9082337,55.3833205],[36.9083298,55.3832087],[36.90827,55.3831921],[36.9081738,55.3833039]]]},"properties":{"building":"industrial","building:levels":"1","name":"котельная","_source":"real","_class":"heat_source","_osm_id":"way/668291243","_district":"район Бекасово"}},{"type":"Feature","geometry":{"type":"Polygon","coordinates":[[[37.4550376,55.7832238],[37.4552414,55.7831917],[37.4552989,55.7833075],[37.455095,55.7833396],[37.4550376,55.7832238]]]},"properties":{"addr:housenumber":"5 к1 с1","addr:street":"Живописная улица","building":"yes","building:levels":"2","height":"6","man_made":"heat_exchange_station","roof:shape":"flat","_source":"real","_class":"heat_substation","_osm_id":"way/66860744","_district":"район Хорошёво-Мнёвники"}},{"type":"Feature","geometry":{"type":"Polygon","coordinates":[[[37.4567807,55.7925294],[37.4570181,55.792532],[37.4570165,55.7925859],[37.4567786,55.7925833],[37.456775,55.7927032],[37.4567946,55.7927035],[37.4567965,55.7926754],[37.4568706,55.7926761],[37.4568687,55.7927043],[37.4570139,55.7927059],[37.4570122,55.7927559],[37.4567727,55.7927535],[37.4566083,55.7927517],[37.4566146,55.7925282],[37.4567807,55.7925294]]]},"properties":{"addr:housenumber":"32 к2 с1","addr:street":"Живописная улица","building":"service","building:colour":"white","building:levels":"1","building:material":"brick","location":"indoor","man_made":"heat_exchange_station","name":"ЦТП №317/064","name:uk":"ЦТП №317/064","pipeline":"substation","roof:colour":"grey","roof:material":"tar_paper","roof:shape":"flat","substance":"hot_water","substation":"distribution","_source":"real","_class":"heat_substation","_osm_id":"way/66860768","_district":"район Щукино"}},{"type":"Feature","geometry":{"type":"LineString","coordinates":[[37.508505,55.6865872],[37.5080757,55.6868861]]},"properties":{"layer":"1","man_made":"pipeline","substance":"hot_water","_source":"real","_class":"heat_pipe","_osm_id":"way/671106401","_district":"район Раменки","_length_km":0.043}},{"type":"Feature","geometry":{"type":"Polygon","coordinates":[[[37.5149094,55.7945804],[37.5150368,55.7947374],[37.5148401,55.7947878],[37.5147503,55.7946772],[37.514843,55.7946534],[37.5148054,55.7946071],[37.5149094,55.7945804]]]},"properties":{"addr:city":"Москва","addr:housenumber":"6 с3","addr:postcode":"125252","addr:street":"2-я Песчаная улица","building":"service","building:levels":"1","description":"Тепловой пункт МОЭК","location":"indoor","man_made":"heat_exchange_station","pipeline":"substation","substance":"hot_water","substation":"distribution","_source":"real","_class":"heat_substation","_osm_id":"way/673316163","_district":"район Сокол"}},{"type":"Feature","geometry":{"type":"Polygon","coordinates":[[[37.6576362,55.6795078],[37.6574386,55.6795694],[37.6573326,55.6794614],[37.6575302,55.6793998],[37.6576362,55.6795078]]]},"properties":{"addr:housenumber":"12 с1","addr:street":"Высокая улица","building":"yes","height":"6","man_made":"heat_exchange_station","_source":"real","_class":"heat_substation","_osm_id":"way/67491783","_district":"район Нагатино-Садовники"}},{"type":"Feature","geometry":{"type":"Polygon","coordinates":[[[37.1536964,55.5401847],[37.1536052,55.5398023],[37.1533396,55.5398226],[37.1534307,55.540205],[37.1536964,55.5401847]]]},"properties":{"addr:city":"Первомайское","addr:housenumber":"13с1","building":"yes","height":"6","name":"Котельная","_source":"real","_class":"heat_source","_osm_id":"way/675635452","_district":"Филимонковский район"}},{"type":"Feature","geometry":{"type":"Polygon","coordinates":[[[37.3496371,55.326816],[37.3505759,55.3267885],[37.3505491,55.3261598],[37.3495245,55.3262117],[37.3496371,55.326816]]]},"properties":{"landuse":"industrial","plant:output:hot_water":"yes","power":"plant","_source":"real","_class":"heat_source","_osm_id":"way/676217447","_district":"район Вороново"}},{"type":"Feature","geometry":{"type":"Polygon","coordinates":[[[37.5872782,55.8493979],[37.5873805,55.8493972],[37.5873788,55.8493211],[37.5872765,55.8493218],[37.5872782,55.8493979]]]},"properties":{"addr:city":"Москва","addr:housenumber":"2 с3","addr:street":"Алтуфьевское шоссе","building":"service","building:levels":"1","location":"indoor","man_made":"heat_exchange_station","pipeline":"substation","substance":"hot_water","substation":"distribution","_source":"real","_class":"heat_substation","_osm_id":"way/681803566","_district":"район Отрадное"}},{"type":"Feature","geometry":{"type":"Polygon","coordinates":[[[37.716102,55.7489858],[37.7161618,55.748896],[37.7163577,55.7489374],[37.7162979,55.7490272],[37.716102,55.7489858]]]},"properties":{"addr:city":"Москва","addr:country":"RU","addr:housenumber":"6 с2","addr:street":"2-я Кабельная улица","building":"service","building:levels":"1","height":"5","location":"indoor","man_made":"heat_exchange_station","operator":"МОЭК","pipeline":"substation","substance":"hot_water","substation":"distribution","_source":"real","_class":"heat_substation","_osm_id":"way/682988545","_district":"район Лефортово"}},{"type":"Feature","geometry":{"type":"LineString","coordinates":[[37.5080757,55.6868861],[37.5077339,55.687124]]},"properties":{"layer":"1","location":"overhead","man_made":"pipeline","note":"По решетке над трубой можно перейти овраг. Безопасно с поручнями","substance":"hot_water","_source":"real","_class":"heat_pipe","_osm_id":"way/686262672","_district":"район Раменки","_length_km":0.034}},{"type":"Feature","geometry":{"type":"LineString","coordinates":[[37.5077339,55.687124],[37.5077022,55.6871461]]},"properties":{"layer":"1","man_made":"pipeline","substance":"hot_water","_source":"real","_class":"heat_pipe","_osm_id":"way/686262674","_district":"район Раменки","_length_km":0.003}},{"type":"Feature","geometry":{"type":"Polygon","coordinates":[[[37.6449177,55.6814898],[37.6452011,55.6815],[37.645209,55.68143],[37.6449256,55.6814198],[37.6449177,55.6814898]]]},"properties":{"addr:housenumber":"12 к3 с2","addr:street":"Нагатинская набережная","building":"yes","height":"6","man_made":"heat_exchange_station","_source":"real","_class":"heat_substation","_osm_id":"way/69306601","_district":"район Нагатино-Садовники"}},{"type":"Feature","geometry":{"type":"Polygon","coordinates":[[[37.6526304,55.6800966],[37.6526897,55.6799734],[37.6524805,55.6799414],[37.6524212,55.6800645],[37.6526304,55.6800966]]]},"properties":{"building":"service","building:colour":"beige","building:levels":"1","building:material":"brick","height":"6","man_made":"heat_exchange_station","roof:colour":"grey","roof:material":"tar_paper","roof:shape":"flat","_source":"real","_class":"heat_substation","_osm_id":"way/69306603","_district":"район Нагатино-Садовники"}},{"type":"Feature","geometry":{"type":"Polygon","coordinates":[[[37.6523034,55.6805814],[37.6522246,55.6804832],[37.6520794,55.6805203],[37.6521582,55.6806185],[37.6523034,55.6805814]]]},"properties":{"addr:housenumber":"6 с3","addr:street":"Нагатинская набережная","building":"yes","height":"6","man_made":"heat_exchange_station","_source":"real","_class":"heat_substation","_osm_id":"way/69306610","_district":"район Нагатино-Садовники"}},{"type":"Feature","geometry":{"type":"Polygon","coordinates":[[[37.5080089,55.7053853],[37.5081444,55.7053082],[37.5079756,55.705214],[37.5079289,55.7052406],[37.5078401,55.7052911],[37.5080089,55.7053853]]]},"properties":{"addr:housenumber":"4 c1","addr:street":"улица Столетова","building":"service","building:levels":"1","height":"1","location":"indoor","man_made":"heat_exchange_station","operator":"МОЭК","pipeline":"substation","substance":"hot_water","substation":"distribution","_source":"real","_class":"heat_substation","_osm_id":"way/696252169","_district":"район Раменки"}},{"type":"Feature","geometry":{"type":"Polygon","coordinates":[[[36.8660663,55.4259195],[36.8658427,55.4257998],[36.8661602,55.4256087],[36.8663838,55.4257284],[36.8660663,55.4259195]]]},"properties":{"building":"apartments","name":"котельная","_source":"real","_class":"heat_source","_osm_id":"way/70266599","_district":"район Бекасово"}},{"type":"Feature","geometry":{"type":"Polygon","coordinates":[[[37.4042951,55.7188549],[37.4045674,55.7189016],[37.4046047,55.7188324],[37.4043324,55.7187858],[37.4042951,55.7188549]]]},"properties":{"addr:housenumber":"6А","addr:street":"улица Толбухина","building":"service","building:colour":"beige","building:levels":"1","building:material":"brick","man_made":"heat_exchange_station","ref":"ЦТП №2/13","roof:colour":"grey","roof:material":"tar_paper","roof:shape":"flat","_source":"real","_class":"heat_substation","_osm_id":"way/71171865","_district":"Можайский район"}},{"type":"Feature","geometry":{"type":"Polygon","coordinates":[[[37.4124608,55.7163042],[37.4128034,55.7163673],[37.4128648,55.7162616],[37.4125222,55.7161985],[37.4124608,55.7163042]]]},"properties":{"addr:housenumber":"3 к1А","addr:street":"Витебская улица","building":"service","building:levels":"1","description":"ЦТП № 2/42","man_made":"heat_exchange_station","pipeline":"substation","ref":"2/42","substance":"hot_water","substation":"distribution","_source":"real","_class":"heat_substation","_osm_id":"way/71175297","_district":"Можайский район"}},{"type":"Feature","geometry":{"type":"Polygon","coordinates":[[[37.5688581,55.5093423],[37.5691264,55.509348],[37.5691312,55.5092759],[37.5688629,55.5092702],[37.5688581,55.5093423]]]},"properties":{"building":"service","building:levels":"1","location":"indoor","man_made":"heat_exchange_station","pipeline":"substation","substance":"hot_water","substation":"distribution","_source":"real","_class":"heat_substation","_osm_id":"way/72058758","_district":"район Щербинка"}},{"type":"Feature","geometry":{"type":"Polygon","coordinates":[[[37.5724421,55.5100699],[37.5723788,55.5098824],[37.5725384,55.5098651],[37.5726017,55.5100526],[37.5724421,55.5100699]]]},"properties":{"addr:housenumber":"2а с1","addr:street":"Симферопольская улица","building":"service","building:colour":"white","building:levels":"1","building:material":"brick","location":"indoor","man_made":"heat_exchange_station","pipeline":"substation","roof:colour":"grey","roof:material":"tar_paper","roof:shape":"flat","substance":"hot_water","substation":"distribution","_source":"real","_class":"heat_substation","_osm_id":"way/72058848","_district":"район Щербинка"}},{"type":"Feature","geometry":{"type":"Polygon","coordinates":[[[37.6214066,55.7281916],[37.6217593,55.7281712],[37.6217374,55.7280508],[37.6216254,55.7280573],[37.6213847,55.7280712],[37.6214066,55.7281916]]]},"properties":{"addr:housenumber":"2 с2","addr:street":"Люсиновская улица","building":"service","building:levels":"1","location":"indoor","man_made":"heat_exchange_station","pipeline":"substation","substance":"hot_water","substation":"distribution","_source":"real","_class":"heat_substation","_osm_id":"way/722048608","_district":"район Замоскворечье"}},{"type":"Feature","geometry":{"type":"Polygon","coordinates":[[[37.2746829,55.614531],[37.273081,55.6156457],[37.2714124,55.6148806],[37.2706969,55.6145606],[37.2705967,55.6145543],[37.2701293,55.6143453],[37.2697081,55.614157],[37.2695139,55.6141637],[37.2692563,55.614336],[37.2677149,55.6136294],[37.2684394,55.6131262],[37.2693606,55.6124864],[37.2708672,55.6127623],[37.2711649,55.6128927],[37.2716283,55.6127976],[37.2731735,55.6134889],[37.2737146,55.6137463],[37.2737855,55.61378],[37.2743164,55.6140325],[37.2747079,55.6142259],[37.2747895,55.6144565],[37.2746829,55.614531]]]},"properties":{"industrial":"oil","landuse":"industrial","name":"РТС Внуково","_source":"real","_class":"heat_source","_osm_id":"way/738035052","_district":"район Внуково"}},{"type":"Feature","geometry":{"type":"Polygon","coordinates":[[[37.262848,55.6117187],[37.2622014,55.6114223],[37.2620259,55.6113418],[37.2623765,55.6110861],[37.261744,55.610787],[37.2615338,55.6106875],[37.2621713,55.6102391],[37.2608853,55.6097017],[37.2619662,55.6089397],[37.2632147,55.6095093],[37.2643522,55.6100283],[37.2648557,55.610258],[37.2645653,55.6104594],[37.263872,55.6109791],[37.2634386,55.6113039],[37.262848,55.6117187]]]},"properties":{"landuse":"industrial","name":"ГТЭС Внуково","plant:method":"combustion","plant:output:electricity":"90 MW","plant:source":"gas","power":"plant","start_date":"2013","_source":"real","_class":"heat_source","_osm_id":"way/738035058","_district":"район Внуково"}},{"type":"Feature","geometry":{"type":"Polygon","coordinates":[[[37.7370882,55.7694296],[37.7372439,55.7692625],[37.737465,55.7693277],[37.7373092,55.7694947],[37.7370882,55.7694296]]]},"properties":{"addr:housenumber":"15 с20","addr:street":"8-я улица Соколиной Горы","building":"service","building:levels":"1","location":"indoor","man_made":"heat_exchange_station","pipeline":"substation","ref":"ЦТП-1","substance":"hot_water","substation":"distribution","_source":"real","_class":"heat_substation","_osm_id":"way/74747217","_district":"район Соколиная Гора"}},{"type":"Feature","geometry":{"type":"Polygon","coordinates":[[[37.4604416,55.5955052],[37.4605332,55.5953634],[37.4608625,55.5954313],[37.4607708,55.5955732],[37.4604416,55.5955052]]]},"properties":{"addr:housenumber":"6","addr:region":"Москва","addr:street":"улица Сервантеса","building":"yes","landuse":"industrial","power":"plant","_source":"real","_class":"heat_source","_osm_id":"way/758317256","_district":"район Коммунарка"}},{"type":"Feature","geometry":{"type":"Polygon","coordinates":[[[37.6825784,55.792184],[37.6827795,55.7922227],[37.6828908,55.7920403],[37.6826897,55.7920015],[37.6825784,55.792184]]]},"properties":{"addr:housenumber":"2 с3","addr:street":"2-й Полевой переулок","building":"service","building:colour":"white","building:levels":"1","building:material":"concrete","location":"indoor","man_made":"heat_exchange_station","pipeline":"substation","roof:colour":"grey","roof:material":"tar_paper","roof:shape":"flat","substance":"hot_water","substation":"distribution","_source":"real","_class":"heat_substation","_osm_id":"way/760072783","_district":"район Сокольники"}},{"type":"Feature","geometry":{"type":"Polygon","coordinates":[[[37.5647034,55.7954628],[37.5647409,55.7954213],[37.5646721,55.7954016],[37.5646345,55.7954431],[37.5647034,55.7954628]]]},"properties":{"addr:city":"Москва","addr:country":"RU","addr:housenumber":"26 с1","addr:street":"Мишина улица","building":"service","building:levels":"1","location":"indoor","man_made":"heat_exchange_station","pipeline":"substation","roof:shape":"flat","substance":"hot_water","substation":"distribution","_source":"real","_class":"heat_substation","_osm_id":"way/760941881","_district":"Савёловский район"}},{"type":"Feature","geometry":{"type":"Polygon","coordinates":[[[37.6681727,55.7901193],[37.6682838,55.7901345],[37.6683896,55.7898901],[37.6682785,55.7898749],[37.6681727,55.7901193]]]},"properties":{"addr:housenumber":"7 c1","addr:street":"улица Шумкина","building":"service","building:colour":"red","building:levels":"1","building:material":"brick","official_name":"МОЭК филиал №4 предприятие №2 Центральный тепловой пункт","operator":"МОЭК","power":"substation","roof:colour":"grey","roof:material":"tar_paper","roof:shape":"flat","substation":"heat-exchanger","_source":"real","_class":"heat_substation","_osm_id":"way/767313624","_district":"район Сокольники"}},{"type":"Feature","geometry":{"type":"Polygon","coordinates":[[[37.5646095,55.7953686],[37.5647048,55.7953959],[37.5647694,55.7953246],[37.5646741,55.7952973],[37.5646095,55.7953686]]]},"properties":{"building":"service","building:levels":"1","location":"indoor","man_made":"heat_exchange_station","pipeline":"substation","roof:shape":"flat","substance":"hot_water","substation":"distribution","_source":"real","_class":"heat_substation","_osm_id":"way/767696798","_district":"Савёловский район"}},{"type":"Feature","geometry":{"type":"Polygon","coordinates":[[[37.828157,55.7764509],[37.8282758,55.7762983],[37.8285268,55.7763609],[37.8284093,55.7765133],[37.828157,55.7764509]]]},"properties":{"addr:housenumber":"12 с3","addr:street":"Магнитогорская улица","building":"service","building:levels":"1","location":"indoor","man_made":"heat_exchange_station","pipeline":"substation","substance":"hot_water","substation":"distribution","_source":"real","_class":"heat_substation","_osm_id":"way/77503627","_district":"район Ивановское"}},{"type":"Feature","geometry":{"type":"Polygon","coordinates":[[[37.8289192,55.7755305],[37.8289176,55.7755326],[37.8289119,55.7755313],[37.8289831,55.7754346],[37.8289888,55.775436],[37.8289873,55.7754381],[37.8292065,55.7754895],[37.8292081,55.7754874],[37.8292138,55.7754887],[37.8291426,55.7755853],[37.8291368,55.775584],[37.8291384,55.7755818],[37.8289192,55.7755305]]]},"properties":{"addr:housenumber":"19 с2","addr:street":"Магнитогорская улица","building":"service","building:levels":"1","location":"indoor","man_made":"heat_exchange_station","pipeline":"substation","substance":"hot_water","substation":"distribution","_source":"real","_class":"heat_substation","_osm_id":"way/77503632","_district":"район Ивановское"}},{"type":"Feature","geometry":{"type":"Polygon","coordinates":[[[37.5323527,55.8900936],[37.5325123,55.8900301],[37.532635,55.890127],[37.5324754,55.8901906],[37.5323527,55.8900936]]]},"properties":{"addr:housenumber":"10 с11","addr:street":"Лобненская улица","building":"service","building:levels":"1","location":"indoor","man_made":"heat_exchange_station","pipeline":"substation","ref":"13492; 13493","substance":"hot_water","substation":"distribution","_source":"real","_class":"heat_substation","_osm_id":"way/77863993","_district":"Дмитровский район"}},{"type":"Feature","geometry":{"type":"Polygon","coordinates":[[[37.3566324,55.854089],[37.3568993,55.8539585],[37.3567671,55.8538733],[37.3565002,55.8540038],[37.3566324,55.854089]]]},"properties":{"addr:city":"Москва","addr:country":"RU","addr:housenumber":"37 с2","addr:street":"Пятницкое шоссе","building":"service","building:levels":"1","location":"indoor","man_made":"heat_exchange_station","pipeline":"substation","substance":"hot_water","substation":"distribution","_source":"real","_class":"heat_substation","_osm_id":"way/78004657","_district":"район Митино"}},{"type":"Feature","geometry":{"type":"Polygon","coordinates":[[[37.3624117,55.8512864],[37.3625733,55.8512042],[37.3623425,55.8510612],[37.3621809,55.8511433],[37.3624117,55.8512864]]]},"properties":{"addr:city":"Москва","addr:country":"RU","addr:housenumber":"31 с1","addr:street":"Пятницкое шоссе","building":"service","building:levels":"1","location":"indoor","man_made":"heat_exchange_station","pipeline":"substation","substance":"hot_water","substation":"distribution","_source":"real","_class":"heat_substation","_osm_id":"way/78004658","_district":"район Митино"}},{"type":"Feature","geometry":{"type":"Polygon","coordinates":[[[37.363955,55.8405637],[37.3642005,55.840466],[37.3640845,55.840374],[37.363839,55.8404716],[37.363955,55.8405637]]]},"properties":{"addr:city":"Москва","addr:country":"RU","addr:housenumber":"8 к1 с1","addr:street":"улица Барышиха","building":"service","building:levels":"1","location":"indoor","man_made":"heat_exchange_station","pipeline":"substation","substance":"hot_water","substation":"distribution","_source":"real","_class":"heat_substation","_osm_id":"way/78004660","_district":"район Митино"}},{"type":"Feature","geometry":{"type":"Polygon","coordinates":[[[37.6064314,55.6787539],[37.6063564,55.6788063],[37.6066478,55.6789389],[37.6067228,55.6788866],[37.6064314,55.6787539]]]},"properties":{"building":"yes","building:levels":"1","man_made":"heat_exchange_station","_source":"real","_class":"heat_substation","_osm_id":"way/78482323","_district":"район Котловка"}},{"type":"Feature","geometry":{"type":"Polygon","coordinates":[[[37.6065416,55.6810608],[37.6064252,55.6811564],[37.6065709,55.6812118],[37.6066927,55.6811162],[37.6065416,55.6810608]]]},"properties":{"addr:city":"Москва","addr:country":"RU","addr:housenumber":"14 к1","addr:street":"Нагорная улица","building":"yes","building:levels":"2","man_made":"heat_exchange_station","roof:shape":"flat","_source":"real","_class":"heat_substation","_osm_id":"way/78482327","_district":"район Котловка"}},{"type":"Feature","geometry":{"type":"Polygon","coordinates":[[[37.6191118,55.6686229],[37.619122,55.6687689],[37.6191241,55.6687985],[37.6195344,55.6687894],[37.6195373,55.6688301],[37.6198213,55.6688238],[37.6198163,55.6687525],[37.6202979,55.6687419],[37.6202878,55.6685968],[37.6191118,55.6686229]]]},"properties":{"addr:housenumber":"4А","addr:street":"Криворожская улица","building":"industrial","building:levels":"1","location":"indoor","name":"КТС-18 Филиал ТЭЦ-20 ПАО Мосэнерго","pipeline":"substation","substance":"heat","_source":"real","_class":"heat_source","_osm_id":"way/78482461","_district":"Нагорный район"}},{"type":"Feature","geometry":{"type":"LineString","coordinates":[[37.7016131,55.5897801],[37.7016013,55.5897687],[37.7015831,55.5897505]]},"properties":{"diameter":"1000","location":"indoor","man_made":"pipeline","substance":"heat","_source":"real","_class":"heat_pipe","_osm_id":"way/794912699","_district":"район Бирюлёво Восточное","_length_km":0.004}},{"type":"Feature","geometry":{"type":"LineString","coordinates":[[37.7026966,55.5908211],[37.7026485,55.5907765],[37.702123,55.5902738],[37.7016131,55.5897801]]},"properties":{"diameter":"1000","layer":"2","location":"overground","man_made":"pipeline","substance":"heat","_source":"real","_class":"heat_pipe","_osm_id":"way/794912700","_district":"район Бирюлёво Восточное","_length_km":0.135}},{"type":"Feature","geometry":{"type":"LineString","coordinates":[[37.7016432,55.5897704],[37.7016315,55.5897592],[37.701613,55.5897408]]},"properties":{"diameter":"1000","location":"indoor","man_made":"pipeline","substance":"heat","_source":"real","_class":"heat_pipe","_osm_id":"way/794912701","_district":"район Бирюлёво Восточное","_length_km":0.004}},{"type":"Feature","geometry":{"type":"LineString","coordinates":[[37.7027246,55.5908123],[37.7026753,55.5907642],[37.7021518,55.5902609],[37.7016432,55.5897704]]},"properties":{"diameter":"1000","layer":"2","location":"overground","man_made":"pipeline","substance":"heat","_source":"real","_class":"heat_pipe","_osm_id":"way/794912702","_district":"район Бирюлёво Восточное","_length_km":0.135}},{"type":"Feature","geometry":{"type":"LineString","coordinates":[[37.700162,55.5909057],[37.7002886,55.5912204],[37.7007477,55.5921553]]},"properties":{"diameter":"1000","layer":"2","location":"overground","man_made":"pipeline","substance":"heat","_source":"real","_class":"heat_pipe","_osm_id":"way/794912707","_district":"район Бирюлёво Восточное","_length_km":0.144}},{"type":"Feature","geometry":{"type":"LineString","coordinates":[[37.7000992,55.5908228],[37.700162,55.5909057]]},"properties":{"diameter":"1000","location":"indoor","man_made":"pipeline","substance":"heat","_source":"real","_class":"heat_pipe","_osm_id":"way/794912708","_district":"район Бирюлёво Восточное","_length_km":0.01}},{"type":"Feature","geometry":{"type":"LineString","coordinates":[[37.7001947,55.5908979],[37.7003431,55.5912207],[37.7007761,55.5921515]]},"properties":{"diameter":"1000","layer":"2","location":"overground","man_made":"pipeline","substance":"heat","_source":"real","_class":"heat_pipe","_osm_id":"way/794912709","_district":"район Бирюлёво Восточное","_length_km":0.144}},{"type":"Feature","geometry":{"type":"LineString","coordinates":[[37.7001342,55.5908144],[37.7001947,55.5908979]]},"properties":{"diameter":"1000","location":"indoor","man_made":"pipeline","substance":"heat","_source":"real","_class":"heat_pipe","_osm_id":"way/794912710","_district":"район Бирюлёво Восточное","_length_km":0.01}},{"type":"Feature","geometry":{"type":"LineString","coordinates":[[37.7028481,55.5909717],[37.7026966,55.5908211]]},"properties":{"diameter":"1000","location":"indoor","man_made":"pipeline","substance":"heat","_source":"real","_class":"heat_pipe","_osm_id":"way/794912711","_district":"район Бирюлёво Восточное","_length_km":0.019}},{"type":"Feature","geometry":{"type":"LineString","coordinates":[[37.7059802,55.5936349],[37.7055462,55.5933067],[37.7049435,55.5928234],[37.7038222,55.5919248],[37.7028481,55.5909717]]},"properties":{"diameter":"1000","layer":"2","location":"overground","man_made":"pipeline","substance":"heat","_source":"real","_class":"heat_pipe","_osm_id":"way/794912712","_district":"район Бирюлёво Восточное","_length_km":0.357}},{"type":"Feature","geometry":{"type":"LineString","coordinates":[[37.7028784,55.5909622],[37.7027246,55.5908123]]},"properties":{"diameter":"1000","location":"indoor","man_made":"pipeline","substance":"heat","_source":"real","_class":"heat_pipe","_osm_id":"way/794912713","_district":"район Бирюлёво Восточное","_length_km":0.019}},{"type":"Feature","geometry":{"type":"LineString","coordinates":[[37.7060052,55.593623],[37.7055784,55.5932968],[37.7049673,55.5928123],[37.7038505,55.59191],[37.7028784,55.5909622]]},"properties":{"diameter":"1000","layer":"2","location":"overground","man_made":"pipeline","substance":"heat","_source":"real","_class":"heat_pipe","_osm_id":"way/794912714","_district":"район Бирюлёво Восточное","_length_km":0.356}},{"type":"Feature","geometry":{"type":"LineString","coordinates":[[37.6978066,55.5891746],[37.6978416,55.5892053]]},"properties":{"diameter":"1000","layer":"2","location":"indoor","man_made":"pipeline","substance":"heat","_source":"real","_class":"heat_pipe","_osm_id":"way/794912715","_district":"район Бирюлёво Восточное","_length_km":0.004}},{"type":"Feature","geometry":{"type":"LineString","coordinates":[[37.6968698,55.5882774],[37.6968761,55.5882955],[37.6978066,55.5891746]]},"properties":{"diameter":"1000","layer":"2","location":"overground","man_made":"pipeline","substance":"heat","_source":"real","_class":"heat_pipe","_osm_id":"way/794912716","_district":"район Бирюлёво Восточное","_length_km":0.116}},{"type":"Feature","geometry":{"type":"LineString","coordinates":[[37.6977792,55.5891855],[37.6978129,55.5892167]]},"properties":{"diameter":"1000","layer":"2","location":"indoor","man_made":"pipeline","substance":"heat","_source":"real","_class":"heat_pipe","_osm_id":"way/794912717","_district":"район Бирюлёво Восточное","_length_km":0.004}},{"type":"Feature","geometry":{"type":"LineString","coordinates":[[37.6968281,55.5882824],[37.6968333,55.5882966],[37.6977792,55.5891855]]},"properties":{"diameter":"1000","layer":"2","location":"overground","man_made":"pipeline","substance":"heat","_source":"real","_class":"heat_pipe","_osm_id":"way/794912718","_district":"район Бирюлёво Восточное","_length_km":0.117}},{"type":"Feature","geometry":{"type":"LineString","coordinates":[[37.7099729,55.5964414],[37.7099544,55.5964234],[37.7086247,55.5950836],[37.7060629,55.594236],[37.7021972,55.5931513],[37.7017304,55.5929563],[37.7014411,55.5927912],[37.7010645,55.5925185],[37.7008239,55.5923268],[37.7007613,55.5921829]]},"properties":{"diameter":"1000","layer":"-1","location":"underground","man_made":"pipeline","substance":"heat","_source":"real","_class":"heat_pipe","_osm_id":"way/794912719","_district":"район Бирюлёво Восточное","_length_km":0.776}},{"type":"Feature","geometry":{"type":"LineString","coordinates":[[37.7100217,55.5964238],[37.7100027,55.5964045],[37.7086498,55.595069],[37.7060794,55.5942186],[37.7022244,55.5931157],[37.7017576,55.5929369],[37.7014654,55.592771],[37.7010917,55.5925056],[37.700854,55.5923195],[37.7007897,55.5921806]]},"properties":{"diameter":"1000","layer":"-1","location":"underground","man_made":"pipeline","substance":"heat","_source":"real","_class":"heat_pipe","_osm_id":"way/794912720","_district":"район Бирюлёво Восточное","_length_km":0.775}},{"type":"Feature","geometry":{"type":"LineString","coordinates":[[37.7104397,55.5968954],[37.7099729,55.5964414]]},"properties":{"diameter":"1000","layer":"3","location":"overground","man_made":"pipeline","substance":"heat","_source":"real","_class":"heat_pipe","_osm_id":"way/794912721","_district":"район Бирюлёво Восточное","_length_km":0.058}},{"type":"Feature","geometry":{"type":"LineString","coordinates":[[37.7105091,55.5969628],[37.7104766,55.5969314],[37.7104397,55.5968954]]},"properties":{"diameter":"1000","location":"indoor","man_made":"pipeline","substance":"heat","_source":"real","_class":"heat_pipe","_osm_id":"way/794912722","_district":"район Бирюлёво Восточное","_length_km":0.009}},{"type":"Feature","geometry":{"type":"LineString","coordinates":[[37.7104749,55.5968831],[37.7100217,55.5964238]]},"properties":{"diameter":"1000","layer":"3","location":"overground","man_made":"pipeline","substance":"heat","_source":"real","_class":"heat_pipe","_osm_id":"way/794912723","_district":"район Бирюлёво Восточное","_length_km":0.059}},{"type":"Feature","geometry":{"type":"LineString","coordinates":[[37.7105431,55.596951],[37.7105111,55.5969198],[37.7104749,55.5968831]]},"properties":{"diameter":"1000","location":"indoor","man_made":"pipeline","substance":"heat","_source":"real","_class":"heat_pipe","_osm_id":"way/794912724","_district":"район Бирюлёво Восточное","_length_km":0.009}},{"type":"Feature","geometry":{"type":"LineString","coordinates":[[37.7106819,55.5968066],[37.7099517,55.5960885],[37.7091444,55.5953072],[37.7080353,55.5942524],[37.7076122,55.5938458],[37.7066584,55.5941172],[37.7060375,55.5936476]]},"properties":{"diameter":"1000","layer":"2","location":"overground","man_made":"pipeline","substance":"heat","_source":"real","_class":"heat_pipe","_osm_id":"way/794912725","_district":"район Бирюлёво Восточное","_length_km":0.515}},{"type":"Feature","geometry":{"type":"LineString","coordinates":[[37.7107494,55.5968728],[37.7107179,55.596842],[37.7106819,55.5968066]]},"properties":{"diameter":"1000","location":"indoor","man_made":"pipeline","substance":"heat","_source":"real","_class":"heat_pipe","_osm_id":"way/794912726","_district":"район Бирюлёво Восточное","_length_km":0.009}},{"type":"Feature","geometry":{"type":"LineString","coordinates":[[37.7106425,55.596819],[37.7099155,55.5960976],[37.7091148,55.5953148],[37.7080004,55.59426],[37.7075981,55.5938716],[37.7066466,55.594146],[37.7060124,55.5936595]]},"properties":{"diameter":"1000","layer":"2","location":"overground","man_made":"pipeline","substance":"heat","_source":"real","_class":"heat_pipe","_osm_id":"way/794912727","_district":"район Бирюлёво Восточное","_length_km":0.515}},{"type":"Feature","geometry":{"type":"LineString","coordinates":[[37.7107105,55.596885],[37.7106766,55.5968529],[37.7106425,55.596819]]},"properties":{"diameter":"1000","location":"indoor","man_made":"pipeline","substance":"heat","_source":"real","_class":"heat_pipe","_osm_id":"way/794912728","_district":"район Бирюлёво Восточное","_length_km":0.009}},{"type":"Feature","geometry":{"type":"LineString","coordinates":[[37.6929713,55.5870947],[37.6946708,55.5870271],[37.6964986,55.58695],[37.6966184,55.5872869],[37.6966694,55.5875916],[37.6967968,55.5880691],[37.696839,55.5881896]]},"properties":{"diameter":"1000","layer":"2","location":"overground","man_made":"pipeline","substance":"heat","_source":"real","_class":"heat_pipe","_osm_id":"way/794912729","_district":"район Бирюлёво Восточное","_length_km":0.363}},{"type":"Feature","geometry":{"type":"LineString","coordinates":[[37.6927762,55.5871024],[37.6929713,55.5870947]]},"properties":{"diameter":"1000","location":"indoor","man_made":"pipeline","substance":"heat","_source":"real","_class":"heat_pipe","_osm_id":"way/794912730","_district":"район Бирюлёво Восточное","_length_km":0.012}},{"type":"Feature","geometry":{"type":"LineString","coordinates":[[37.6929736,55.5871138],[37.6946775,55.5870471],[37.6964513,55.5869903],[37.6965635,55.5872862],[37.6966265,55.5876022],[37.6967686,55.5881199],[37.696796,55.5881947]]},"properties":{"diameter":"1000","layer":"2","location":"overground","man_made":"pipeline","substance":"heat","_source":"real","_class":"heat_pipe","_osm_id":"way/794912731","_district":"район Бирюлёво Восточное","_length_km":0.356}},{"type":"Feature","geometry":{"type":"LineString","coordinates":[[37.6927785,55.5871214],[37.6929736,55.5871138]]},"properties":{"diameter":"1000","location":"indoor","man_made":"pipeline","substance":"heat","_source":"real","_class":"heat_pipe","_osm_id":"way/794912732","_district":"район Бирюлёво Восточное","_length_km":0.012}},{"type":"Feature","geometry":{"type":"LineString","coordinates":[[37.6978416,55.5892053],[37.6978596,55.5892213],[37.6988489,55.589798],[37.6993981,55.5901447],[37.6998494,55.5905271],[37.7001342,55.5908144]]},"properties":{"diameter":"1000","layer":"2","location":"overground","man_made":"pipeline","substance":"heat","_source":"real","_class":"heat_pipe","_osm_id":"way/794912733","_district":"район Бирюлёво Восточное","_length_km":0.231}},{"type":"Feature","geometry":{"type":"LineString","coordinates":[[37.696839,55.5881896],[37.6968698,55.5882774]]},"properties":{"diameter":"1000","location":"indoor","man_made":"pipeline","substance":"heat","_source":"real","_class":"heat_pipe","_osm_id":"way/794912734","_district":"район Бирюлёво Восточное","_length_km":0.01}},{"type":"Feature","geometry":{"type":"LineString","coordinates":[[37.6978129,55.5892167],[37.6978318,55.5892323],[37.6988229,55.5898244],[37.6993556,55.5901485],[37.6997985,55.5905316],[37.7000992,55.5908228]]},"properties":{"diameter":"1000","layer":"2","location":"overground","man_made":"pipeline","substance":"heat","_source":"real","_class":"heat_pipe","_osm_id":"way/794912735","_district":"район Бирюлёво Восточное","_length_km":0.231}},{"type":"Feature","geometry":{"type":"LineString","coordinates":[[37.696796,55.5881947],[37.6968281,55.5882824]]},"properties":{"diameter":"1000","location":"indoor","man_made":"pipeline","substance":"heat","_source":"real","_class":"heat_pipe","_osm_id":"way/794912736","_district":"район Бирюлёво Восточное","_length_km":0.01}},{"type":"Feature","geometry":{"type":"LineString","coordinates":[[37.6994628,55.5863989],[37.699461,55.5863706]]},"properties":{"diameter":"1000","location":"indoor","man_made":"pipeline","substance":"heat","_source":"real","_class":"heat_pipe","_osm_id":"way/794912737","_district":"район Бирюлёво Восточное","_length_km":0.003}},{"type":"Feature","geometry":{"type":"LineString","coordinates":[[37.6994958,55.5863981],[37.6994944,55.5863699]]},"properties":{"diameter":"1000","location":"indoor","man_made":"pipeline","substance":"heat","_source":"real","_class":"heat_pipe","_osm_id":"way/794912738","_district":"район Бирюлёво Восточное","_length_km":0.003}},{"type":"Feature","geometry":{"type":"LineString","coordinates":[[37.7006467,55.5876574],[37.7002665,55.5867824],[37.6995255,55.5868095],[37.6995207,55.5867594]]},"properties":{"diameter":"1000","layer":"2","location":"overground","man_made":"pipeline","substance":"heat","_source":"real","_class":"heat_pipe","_osm_id":"way/794912739","_district":"район Бирюлёво Восточное","_length_km":0.153}},{"type":"Feature","geometry":{"type":"LineString","coordinates":[[37.7006749,55.587723],[37.7006632,55.5876955],[37.7006467,55.5876574]]},"properties":{"diameter":"1000","location":"indoor","man_made":"pipeline","substance":"heat","_source":"real","_class":"heat_pipe","_osm_id":"way/794912740","_district":"район Бирюлёво Восточное","_length_km":0.008}},{"type":"Feature","geometry":{"type":"LineString","coordinates":[[37.7006131,55.5876619],[37.7002407,55.5868019],[37.6994959,55.5868268],[37.6994894,55.5867653]]},"properties":{"diameter":"1000","layer":"2","location":"overground","man_made":"pipeline","substance":"heat","_source":"real","_class":"heat_pipe","_osm_id":"way/794912741","_district":"район Бирюлёво Восточное","_length_km":0.152}},{"type":"Feature","geometry":{"type":"LineString","coordinates":[[37.7006413,55.5877275],[37.700627,55.5876939],[37.7006131,55.5876619]]},"properties":{"diameter":"1000","location":"indoor","man_made":"pipeline","substance":"heat","_source":"real","_class":"heat_pipe","_osm_id":"way/794912742","_district":"район Бирюлёво Восточное","_length_km":0.008}},{"type":"Feature","geometry":{"type":"LineString","coordinates":[[37.7007477,55.5921553],[37.7007613,55.5921829]]},"properties":{"diameter":"1000","layer":"2","location":"indoor","man_made":"pipeline","substance":"heat","_source":"real","_class":"heat_pipe","_osm_id":"way/794912743","_district":"район Бирюлёво Восточное","_length_km":0.003}},{"type":"Feature","geometry":{"type":"LineString","coordinates":[[37.7007761,55.5921515],[37.7007897,55.5921806]]},"properties":{"diameter":"1000","layer":"2","location":"indoor","man_made":"pipeline","substance":"heat","_source":"real","_class":"heat_pipe","_osm_id":"way/794912744","_district":"район Бирюлёво Восточное","_length_km":0.003}},{"type":"Feature","geometry":{"type":"LineString","coordinates":[[37.7060124,55.5936595],[37.7059971,55.5936477],[37.7059802,55.5936349]]},"properties":{"diameter":"1000","layer":"2","location":"indoor","man_made":"pipeline","substance":"heat","_source":"real","_class":"heat_pipe","_osm_id":"way/794912745","_district":"район Бирюлёво Восточное","_length_km":0.003}},{"type":"Feature","geometry":{"type":"LineString","coordinates":[[37.7114752,55.5988372],[37.7113372,55.5987653],[37.7121166,55.5982378],[37.7120344,55.5981571],[37.7118504,55.5979779],[37.7114752,55.5976199],[37.7108891,55.5970546],[37.7107105,55.596885]]},"properties":{"diameter":"1000","layer":"2","location":"overground","man_made":"pipeline","substance":"heat","_source":"real","_class":"heat_pipe","_osm_id":"way/794912746","_district":"Орехово-Борисово Южное","_length_km":0.263}},{"type":"Feature","geometry":{"type":"LineString","coordinates":[[37.7060375,55.5936476],[37.7060239,55.5936373],[37.7060052,55.593623]]},"properties":{"diameter":"1000","layer":"2","location":"indoor","man_made":"pipeline","substance":"heat","_source":"real","_class":"heat_pipe","_osm_id":"way/794912747","_district":"район Бирюлёво Восточное","_length_km":0.003}},{"type":"Feature","geometry":{"type":"LineString","coordinates":[[37.7114993,55.598819],[37.7113937,55.5987621],[37.7121592,55.5982424],[37.7120519,55.5981351],[37.7118776,55.5979636],[37.711506,55.5976116],[37.7109267,55.5970463],[37.7107494,55.5968728]]},"properties":{"diameter":"1000","layer":"2","location":"overground","man_made":"pipeline","substance":"heat","_source":"real","_class":"heat_pipe","_osm_id":"way/794912748","_district":"Орехово-Борисово Южное","_length_km":0.261}},{"type":"Feature","geometry":{"type":"Polygon","coordinates":[[[37.6727165,55.7649069],[37.6729145,55.7648844],[37.6728432,55.7646861],[37.6726452,55.7647086],[37.6727165,55.7649069]]]},"properties":{"addr:housenumber":"16 с3","addr:street":"Доброслободская улица","building":"yes","height":"6","man_made":"heat_exchange_station","_source":"real","_class":"heat_substation","_osm_id":"way/79683953","_district":"Басманный район"}},{"type":"Feature","geometry":{"type":"Polygon","coordinates":[[[37.479354,55.7999655],[37.4795061,55.7998865],[37.4796533,55.7999761],[37.4795012,55.8000551],[37.479354,55.7999655]]]},"properties":{"addr:city":"Москва","addr:country":"RU","addr:housenumber":"43 с1","addr:postcode":"123060","addr:street":"улица Маршала Бирюзова","building":"service","building:levels":"1","location":"indoor","man_made":"heat_exchange_station","pipeline":"substation","ref":"308/033","substance":"hot_water","substation":"distribution","_source":"real","_class":"heat_substation","_osm_id":"way/79802550","_district":"район Щукино"}},{"type":"Feature","geometry":{"type":"Polygon","coordinates":[[[37.5217679,55.7578997],[37.5219919,55.7579548],[37.5220712,55.7578527],[37.5218472,55.7577976],[37.5217679,55.7578997]]]},"properties":{"addr:housenumber":"13 с1","addr:street":"Шелепихинское шоссе","building":"service","building:levels":"1","location":"indoor","man_made":"heat_exchange_station","pipeline":"substation","substance":"hot_water","substation":"distribution","_source":"real","_class":"heat_substation","_osm_id":"way/800820156","_district":"Пресненский район"}},{"type":"Feature","geometry":{"type":"Polygon","coordinates":[[[37.3493466,55.831426],[37.3495432,55.8313946],[37.3494587,55.8312277],[37.3492621,55.8312591],[37.3493466,55.831426]]]},"properties":{"addr:city":"Москва","addr:country":"RU","addr:housenumber":"2 с1","addr:street":"Уваровский переулок","building":"service","building:levels":"1","location":"indoor","man_made":"heat_exchange_station","pipeline":"substation","substance":"hot_water","substation":"distribution","_source":"real","_class":"heat_substation","_osm_id":"way/80203377","_district":"район Митино"}},{"type":"Feature","geometry":{"type":"Polygon","coordinates":[[[37.3491992,55.8272925],[37.3493826,55.8273572],[37.3495413,55.8272154],[37.3493579,55.8271507],[37.3491992,55.8272925]]]},"properties":{"addr:city":"Москва","addr:country":"RU","addr:housenumber":"10 к1 с1","addr:street":"Уваровский переулок","building":"service","building:levels":"1","location":"indoor","man_made":"heat_exchange_station","pipeline":"substation","roof:shape":"flat","substance":"hot_water","substation":"distribution","_source":"real","_class":"heat_substation","_osm_id":"way/80204064","_district":"район Митино"}},{"type":"Feature","geometry":{"type":"Polygon","coordinates":[[[37.5468895,55.6821208],[37.5470459,55.6822368],[37.5469321,55.6822856],[37.5467758,55.6821696],[37.5468895,55.6821208]]]},"properties":{"addr:housenumber":"70 к1 с1","addr:street":"улица Вавилова","branch":"Филиал №7 Предприятие №3","building":"service","building:levels":"1","height":"3","man_made":"heat_exchange_station","operator":"ПАО \"МОЭК\"","pipeline":"substation","pipeline:heat_transfer":"yes","ref":"07-02-0806/086","substance":"hot_water","substation":"distribution","_source":"real","_class":"heat_substation","_osm_id":"way/807898593","_district":"Гагаринский район"}},{"type":"Feature","geometry":{"type":"Polygon","coordinates":[[[37.7182577,55.8792966],[37.7183494,55.8793706],[37.7185935,55.8792753],[37.7185018,55.8792014],[37.7182577,55.8792966]]]},"properties":{"addr:housenumber":"1 с2","addr:street":"Холмогорская улица","building":"yes","building:levels":"1","man_made":"heat_exchange_station","pipeline":"substation","substance":"hot_water","substation":"distribution","_source":"real","_class":"heat_substation","_osm_id":"way/81041987","_district":"Ярославский район"}},{"type":"Feature","geometry":{"type":"Polygon","coordinates":[[[37.4165283,55.760756],[37.4165154,55.7608755],[37.4161475,55.760863],[37.4161603,55.7607435],[37.4165283,55.760756]]]},"properties":{"addr:housenumber":"39 к2А","addr:street":"улица Крылатские Холмы","building":"service","building:levels":"1","location":"indoor","man_made":"heat_exchange_station","pipeline":"substation","substance":"hot_water","substation":"distribution","_source":"real","_class":"heat_substation","_osm_id":"way/81151012","_district":"район Крылатское"}},{"type":"Feature","geometry":{"type":"Polygon","coordinates":[[[37.657309,55.6398399],[37.6575693,55.6398284],[37.6575445,55.6396485],[37.6572842,55.6396599],[37.657309,55.6398399]]]},"properties":{"addr:housenumber":"21 к2 с2","addr:street":"Кантемировская улица","building":"yes","building:levels":"2","height":"6","man_made":"heat_exchange_station","_source":"real","_class":"heat_substation","_osm_id":"way/81244595","_district":"район Москворечье-Сабурово"}},{"type":"Feature","geometry":{"type":"Polygon","coordinates":[[[37.6442102,55.7743594],[37.6441144,55.7742847],[37.6441635,55.7742647],[37.644278,55.7742183],[37.6443738,55.774293],[37.6442901,55.774327],[37.6442102,55.7743594]]]},"properties":{"addr:housenumber":"15","addr:street":"Докучаев переулок","building":"service","building:levels":"1","location":"indoor","man_made":"heat_exchange_station","pipeline":"substation","substance":"hot_water","substation":"distribution","_source":"real","_class":"heat_substation","_osm_id":"way/812643846","_district":"Красносельский район"}},{"type":"Feature","geometry":{"type":"Polygon","coordinates":[[[37.5234744,55.5033262],[37.5236889,55.5034526],[37.5242993,55.5031203],[37.5240847,55.5029939],[37.5234744,55.5033262]]]},"properties":{"addr:housenumber":"8","addr:street":"Остафьевское шоссе","building":"service","landuse":"industrial","plant:method":"combustion","plant:output:hot_water":"96.8 MW","plant:source":"gas","plant:type":"boiler","power":"plant","_source":"real","_class":"heat_source","_osm_id":"way/812783673","_district":"район Щербинка"}},{"type":"Feature","geometry":{"type":"Polygon","coordinates":[[[37.6644005,55.6247331],[37.6646038,55.6247833],[37.6644651,55.6249624],[37.6642617,55.6249122],[37.6644005,55.6247331]]]},"properties":{"addr:housenumber":"4 к1 с3","addr:street":"Луганская улица","building":"service","building:levels":"2","height":"6","man_made":"heat_exchange_station","_source":"real","_class":"heat_substation","_osm_id":"way/81519791","_district":"район Царицыно"}},{"type":"Feature","geometry":{"type":"Polygon","coordinates":[[[37.6095402,55.6271975],[37.6094697,55.6270526],[37.6091887,55.6270962],[37.6091271,55.6271058],[37.6091976,55.6272507],[37.6095402,55.6271975]]]},"properties":{"addr:housenumber":"8 к4 с2","addr:street":"Кировоградская улица","building":"yes","building:levels":"1","man_made":"heat_exchange_station","_source":"real","_class":"heat_substation","_osm_id":"way/81776347","_district":"район Чертаново Северное"}},{"type":"Feature","geometry":{"type":"Polygon","coordinates":[[[37.5872584,55.6006351],[37.5873113,55.6007389],[37.5875783,55.6006955],[37.5875254,55.6005917],[37.5872584,55.6006351]]]},"properties":{"building":"yes","height":"6","man_made":"heat_exchange_station","_source":"real","_class":"heat_substation","_osm_id":"way/81853912","_district":"район Чертаново Южное"}},{"type":"Feature","geometry":{"type":"Polygon","coordinates":[[[37.4954354,55.7397274],[37.4953444,55.7398348],[37.4955727,55.739897],[37.495583,55.7398854],[37.4956656,55.7397892],[37.4954354,55.7397274]]]},"properties":{"addr:housenumber":"12 с2","addr:street":"Кастанаевская улица","building":"service","building:levels":"1","location":"indoor","man_made":"heat_exchange_station","pipeline":"substation","substance":"hot_water","substation":"distribution","_source":"real","_class":"heat_substation","_osm_id":"way/81887282","_district":"район Филёвский Парк"}},{"type":"Feature","geometry":{"type":"LineString","coordinates":[[37.562744,55.5067104],[37.562349,55.5067084],[37.5619014,55.5066351],[37.5609147,55.506732]]},"properties":{"layer":"1","location":"overground","man_made":"pipeline","substance":"hot_water","_source":"real","_class":"heat_pipe","_osm_id":"way/81947727","_district":"район Щербинка","_length_km":0.118}},{"type":"Feature","geometry":{"type":"Polygon","coordinates":[[[37.5983181,55.6426867],[37.5986544,55.6426695],[37.5986351,55.6425495],[37.5982988,55.6425667],[37.5983181,55.6426867]]]},"properties":{"addr:housenumber":"18 к2 с2","addr:street":"Балаклавский проспект","building":"service","building:levels":"1","location":"indoor","man_made":"heat_exchange_station","pipeline":"substation","substance":"hot_water","substation":"distribution","_source":"real","_class":"heat_substation","_osm_id":"way/83020238","_district":"район Зюзино"}},{"type":"Feature","geometry":{"type":"Polygon","coordinates":[[[37.661779,55.7300852],[37.6622204,55.7301862],[37.6623095,55.7300627],[37.6618681,55.7299617],[37.661779,55.7300852]]]},"properties":{"addr:housenumber":"15 c2","addr:street":"3-й Крутицкий переулок","building":"service","building:colour":"white","building:levels":"1","building:material":"brick","location":"indoor","man_made":"heat_exchange_station","pipeline":"substation","roof:colour":"grey","roof:material":"tar_paper","roof:shape":"flat","substance":"hot_water","substation":"distribution","_source":"real","_class":"heat_substation","_osm_id":"way/831140765","_district":"Южнопортовый район"}},{"type":"Feature","geometry":{"type":"LineString","coordinates":[[37.6260817,55.7049516],[37.6260227,55.7050389],[37.6252495,55.7051428]]},"properties":{"man_made":"pipeline","substance":"heat","_source":"real","_class":"heat_pipe","_osm_id":"way/832376215","_district":"Донской район","_length_km":0.06}},{"type":"Feature","geometry":{"type":"Polygon","coordinates":[[[37.486825,55.7763618],[37.4868317,55.7762911],[37.4871889,55.7763018],[37.4871821,55.7763725],[37.486825,55.7763618]]]},"properties":{"addr:housenumber":"18 с4","addr:street":"проспект Маршала Жукова","building":"yes","building:levels":"1","description":"ЦТП","man_made":"heat_exchange_station","pipeline":"substation","roof:shape":"flat","substance":"hot_water","_source":"real","_class":"heat_substation","_osm_id":"way/83258016","_district":"район Хорошёво-Мнёвники"}},{"type":"Feature","geometry":{"type":"Polygon","coordinates":[[[37.4557264,55.8205307],[37.4559326,55.8208067],[37.4562128,55.8207406],[37.4560066,55.8204646],[37.4557264,55.8205307]]]},"properties":{"addr:city":"Москва","addr:country":"RU","addr:housenumber":"84 с13","addr:street":"Волоколамское шоссе","building":"yes","name":"Котельная","name:uk":"Котельня","plant:output:heat":"yes","power":"plant","_source":"real","_class":"heat_source","_osm_id":"way/83291307","_district":"район Покровское-Стрешнево"}},{"type":"Feature","geometry":{"type":"Polygon","coordinates":[[[37.3951041,55.7178647],[37.3953095,55.7178652],[37.3953104,55.7177588],[37.395105,55.7177582],[37.3951041,55.7178647]]]},"properties":{"addr:housenumber":"3А","addr:street":"улица Говорова","building":"service","building:levels":"1","location":"indoor","man_made":"heat_exchange_station","pipeline":"substation","substance":"hot_water","substation":"distribution","_source":"real","_class":"heat_substation","_osm_id":"way/83351093","_district":"Можайский район"}},{"type":"Feature","geometry":{"type":"Polygon","coordinates":[[[37.3589409,55.8411928],[37.3592892,55.8412051],[37.3593023,55.8410891],[37.358954,55.8410767],[37.3589409,55.8411928]]]},"properties":{"addr:city":"Москва","addr:country":"RU","addr:housenumber":"12 к1 с1","addr:street":"улица Барышиха","building":"service","building:levels":"1","location":"indoor","man_made":"heat_exchange_station","pipeline":"substation","substance":"hot_water","substation":"distribution","_source":"real","_class":"heat_substation","_osm_id":"way/83429643","_district":"район Митино"}},{"type":"Feature","geometry":{"type":"Polygon","coordinates":[[[37.3675682,55.8412453],[37.3677095,55.8413353],[37.3679198,55.8412311],[37.3677785,55.8411412],[37.3675682,55.8412453]]]},"properties":{"addr:city":"Москва","addr:country":"RU","addr:housenumber":"2 с1","addr:street":"улица Барышиха","building":"service","building:levels":"1","location":"indoor","man_made":"heat_exchange_station","pipeline":"substation","substance":"hot_water","substation":"distribution","_source":"real","_class":"heat_substation","_osm_id":"way/83429652","_district":"район Митино"}},{"type":"Feature","geometry":{"type":"Polygon","coordinates":[[[37.3768078,55.8448859],[37.3769557,55.8448137],[37.376853,55.8447474],[37.3767051,55.8448196],[37.3768078,55.8448859]]]},"properties":{"addr:city":"Москва","addr:country":"RU","building":"service","building:levels":"1","location":"indoor","man_made":"heat_exchange_station","pipeline":"substation","substance":"hot_water","substation":"distribution","_source":"real","_class":"heat_substation","_osm_id":"way/83432529","_district":"район Митино"}},{"type":"Feature","geometry":{"type":"Polygon","coordinates":[[[37.3483958,55.8577212],[37.3485576,55.8576423],[37.3483753,55.8575245],[37.3482134,55.8576034],[37.3483958,55.8577212]]]},"properties":{"addr:city":"Москва","addr:country":"RU","addr:housenumber":"45 с1","addr:street":"Пятницкое шоссе","building":"service","building:levels":"1","location":"indoor","man_made":"heat_exchange_station","pipeline":"substation","substance":"hot_water","substation":"distribution","_source":"real","_class":"heat_substation","_osm_id":"way/83469956","_district":"район Митино"}},{"type":"Feature","geometry":{"type":"Polygon","coordinates":[[[37.344965,55.8583489],[37.3451259,55.8584423],[37.3453422,55.8583249],[37.3451812,55.8582315],[37.344965,55.8583489]]]},"properties":{"addr:city":"Москва","addr:country":"RU","addr:housenumber":"50 с1","addr:street":"улица Барышиха","building":"service","building:levels":"1","description":"ЦТП","location":"indoor","man_made":"heat_exchange_station","pipeline":"substation","substance":"hot_water","substation":"distribution","_source":"real","_class":"heat_substation","_osm_id":"way/83469967","_district":"район Митино"}},{"type":"Feature","geometry":{"type":"Polygon","coordinates":[[[37.3514031,55.8565293],[37.3516188,55.8564283],[37.3514855,55.8563386],[37.3512699,55.8564396],[37.3514031,55.8565293]]]},"properties":{"addr:city":"Москва","addr:country":"RU","addr:housenumber":"41 с1","addr:street":"Пятницкое шоссе","building":"service","building:levels":"1","location":"indoor","man_made":"heat_exchange_station","pipeline":"substation","substance":"hot_water","substation":"distribution","_source":"real","_class":"heat_substation","_osm_id":"way/83469972","_district":"район Митино"}},{"type":"Feature","geometry":{"type":"Polygon","coordinates":[[[37.3548153,55.8529148],[37.3549277,55.8529159],[37.3549294,55.8528555],[37.354817,55.8528545],[37.3548153,55.8529148]]]},"properties":{"addr:city":"Москва","addr:country":"RU","building":"service","building:levels":"1","power":"substation","substation":"heat-exchanger","_source":"real","_class":"heat_substation","_osm_id":"way/83484708","_district":"район Митино"}},{"type":"Feature","geometry":{"type":"Polygon","coordinates":[[[37.5880187,55.7820528],[37.5878655,55.7821321],[37.5876765,55.7820167],[37.5878297,55.7819374],[37.587942,55.782006],[37.5880187,55.7820528]]]},"properties":{"addr:housenumber":"3 с3","addr:street":"Приютский переулок","building":"service","building:colour":"white","building:levels":"1","building:material":"concrete","location":"indoor","man_made":"heat_exchange_station","pipeline":"substation","roof:colour":"grey","roof:material":"tar_paper","roof:shape":"flat","substance":"hot_water","substation":"distribution","_source":"real","_class":"heat_substation","_osm_id":"way/83700631","_district":"Тверской район"}},{"type":"Feature","geometry":{"type":"Polygon","coordinates":[[[37.4808968,55.7654253],[37.4808918,55.7655587],[37.4812594,55.765563],[37.4812643,55.7654297],[37.4808968,55.7654253]]]},"properties":{"addr:housenumber":"23А","addr:street":"Филёвский бульвар","building":"service","building:levels":"1","description":"Центральный тепловой пункт","man_made":"heat_exchange_station","pipeline":"substation","substance":"hot_water","substation":"distribution","_source":"real","_class":"heat_substation","_osm_id":"way/83872638","_district":"район Филёвский Парк"}},{"type":"Feature","geometry":{"type":"Polygon","coordinates":[[[37.4856632,55.7641485],[37.4853105,55.7641485],[37.4853105,55.7642554],[37.4856632,55.7642554],[37.4856632,55.7641485]]]},"properties":{"addr:housenumber":"12А","addr:street":"Филёвский бульвар","building":"service","building:levels":"1","description":"Центральный тепловой пункт","man_made":"heat_exchange_station","pipeline":"substation","substance":"hot_water","substation":"distribution","_source":"real","_class":"heat_substation","_osm_id":"way/83872652","_district":"район Филёвский Парк"}},{"type":"Feature","geometry":{"type":"Polygon","coordinates":[[[37.4796189,55.7651621],[37.4799856,55.765164],[37.4799896,55.7650452],[37.4796192,55.7650438],[37.4796189,55.7651621]]]},"properties":{"addr:housenumber":"20А","addr:street":"Филёвский бульвар","building":"service","building:levels":"1","description":"Центральный тепловой пункт","man_made":"heat_exchange_station","pipeline":"substation","substance":"hot_water","substation":"distribution","_source":"real","_class":"heat_substation","_osm_id":"way/83872653","_district":"район Филёвский Парк"}},{"type":"Feature","geometry":{"type":"Polygon","coordinates":[[[37.4925804,55.7627812],[37.492459,55.7628961],[37.4927314,55.7629872],[37.4928528,55.7628723],[37.4925804,55.7627812]]]},"properties":{"addr:housenumber":"34 с2","addr:street":"Филёвский бульвар","building":"service","building:levels":"1","description":"Центральный тепловой пункт","man_made":"heat_exchange_station","pipeline":"substation","roof:shape":"gabled","substance":"hot_water","substation":"distribution","_source":"real","_class":"heat_substation","_osm_id":"way/83872660","_district":"район Филёвский Парк"}},{"type":"Feature","geometry":{"type":"Polygon","coordinates":[[[37.4893328,55.76416],[37.4891423,55.764158],[37.4891355,55.7643641],[37.489326,55.7643661],[37.4893328,55.76416]]]},"properties":{"addr:housenumber":"5А","addr:street":"Филёвский бульвар","building":"service","building:levels":"1","description":"Центральный тепловой пункт","man_made":"heat_exchange_station","pipeline":"substation","substance":"hot_water","substation":"distribution","_source":"real","_class":"heat_substation","_osm_id":"way/83872674","_district":"район Филёвский Парк"}},{"type":"Feature","geometry":{"type":"Polygon","coordinates":[[[37.507232,55.7459748],[37.5070694,55.7459511],[37.5070009,55.7461003],[37.5071635,55.746124],[37.507232,55.7459748]]]},"properties":{"addr:housenumber":"4А","addr:street":"Тучковская улица","building":"yes","man_made":"heat_exchange_station","power":"substation","_source":"real","_class":"heat_substation","_osm_id":"way/83876804","_district":"район Филёвский Парк"}},{"type":"Feature","geometry":{"type":"LineString","coordinates":[[37.7670022,55.8190392],[37.7675845,55.8185925]]},"properties":{"layer":"1","location":"overhead","man_made":"pipeline","substance":"heat","_source":"real","_class":"heat_pipe","_osm_id":"way/841057500","_district":"район Метрогородок","_length_km":0.062}},{"type":"Feature","geometry":{"type":"LineString","coordinates":[[37.7671551,55.8190771],[37.7673759,55.8189276]]},"properties":{"layer":"1","location":"overhead","man_made":"pipeline","substance":"heat","_source":"real","_class":"heat_pipe","_osm_id":"way/841057501","_district":"район Метрогородок","_length_km":0.022}},{"type":"Feature","geometry":{"type":"LineString","coordinates":[[37.7673759,55.8189276],[37.7677286,55.8186888],[37.7676294,55.8185403],[37.7678171,55.8183957],[37.7681443,55.8184635],[37.7688819,55.8179824]]},"properties":{"layer":"1","location":"overground","man_made":"pipeline","substance":"heat","_source":"real","_class":"heat_pipe","_osm_id":"way/841057502","_district":"район Метрогородок","_length_km":0.165}},{"type":"Feature","geometry":{"type":"LineString","coordinates":[[37.7688819,55.8179824],[37.7690617,55.8178649]]},"properties":{"layer":"1","location":"overhead","man_made":"pipeline","substance":"heat","_source":"real","_class":"heat_pipe","_osm_id":"way/841057503","_district":"район Гольяново","_length_km":0.017}},{"type":"Feature","geometry":{"type":"LineString","coordinates":[[37.7672839,55.8181993],[37.7671588,55.8183739],[37.7675845,55.8185925]]},"properties":{"layer":"1","location":"overhead","man_made":"pipeline","substance":"heat","_source":"real","_class":"heat_pipe","_osm_id":"way/841057646","_district":"район Метрогородок","_length_km":0.057}},{"type":"Feature","geometry":{"type":"LineString","coordinates":[[37.6818134,55.8871342],[37.6814012,55.8871673]]},"properties":{"layer":"0","location":"overhead","man_made":"pipeline","substance":"heat","_source":"real","_class":"heat_pipe","_osm_id":"way/84517917","_district":"район Северное Медведково","_length_km":0.026}},{"type":"Feature","geometry":{"type":"LineString","coordinates":[[37.6814012,55.8871673],[37.6799105,55.8872873]]},"properties":{"layer":"-1","location":"underground","man_made":"pipeline","substance":"heat","tunnel":"yes","_source":"real","_class":"heat_pipe","_osm_id":"way/84517918","_district":"район Северное Медведково","_length_km":0.094}},{"type":"Feature","geometry":{"type":"LineString","coordinates":[[37.6819712,55.8871215],[37.6829353,55.8870655],[37.6829426,55.8871048]]},"properties":{"layer":"-1","location":"underground","man_made":"pipeline","substance":"heat","tunnel":"yes","_source":"real","_class":"heat_pipe","_osm_id":"way/84517919","_district":"Лосиноостровский район","_length_km":0.065}},{"type":"Feature","geometry":{"type":"Polygon","coordinates":[[[37.6409027,55.6496449],[37.6386111,55.6488422],[37.6391018,55.6484482],[37.6399597,55.6477595],[37.6404358,55.6473709],[37.6426263,55.6482031],[37.6419432,55.64891],[37.6409027,55.6496449]]]},"properties":{"barrier":"fence","landuse":"industrial","name":"ГТЭС Коломенская","name:en":"GTPP Kolomenskoye","name:uk":"ГТЕС Коломенська","official_name":"Газотурбинная теплоэлектростанция «Коломенское»","official_short_type":"ГТЭС","plant:method":"combustion","plant:output:electricity":"136 MW","plant:source":"gas","power":"plant","start_date":"2009-05-26","wikipedia":"ru:ГТЭС «Коломенское»","_source":"real","_class":"heat_source","_osm_id":"way/846200938","_district":"район Москворечье-Сабурово"}},{"type":"Feature","geometry":{"type":"Polygon","coordinates":[[[37.5851675,55.7041187],[37.5848805,55.7039268],[37.5843333,55.703516],[37.5831364,55.7028188],[37.5833223,55.7027091],[37.5827922,55.7023952],[37.582585,55.7025143],[37.5814355,55.7018909],[37.5814402,55.7018],[37.5816649,55.7015619],[37.5814504,55.7015029],[37.5814605,55.7013846],[37.5815151,55.701306],[37.5814318,55.7012564],[37.5812105,55.7010717],[37.5812124,55.7009925],[37.5812826,55.7009745],[37.5814551,55.7010284],[37.5815981,55.7009015],[37.5827072,55.6998525],[37.5824868,55.6997788],[37.5830121,55.6993002],[37.5831827,55.6991964],[37.5833185,55.6992546],[37.5839325,55.698795],[37.5840155,55.6986876],[37.5839724,55.6986696],[37.584605,55.6981909],[37.5849377,55.6980982],[37.5848118,55.6978812],[37.5848336,55.6976064],[37.5849124,55.6975185],[37.5849204,55.6974687],[37.5849741,55.6974082],[37.5852718,55.6974263],[37.5854542,55.6973644],[37.5855373,55.6972419],[37.5855347,55.6971119],[37.5861703,55.6971119],[37.5864064,55.6970953],[37.5864589,55.6970787],[37.5867353,55.6970584],[37.5867406,55.6969389],[37.5889137,55.6970002],[37.589839,55.697085],[37.5899257,55.6969475],[37.5900968,55.6969656],[37.5904892,55.6968517],[37.5905224,55.6968885],[37.5906163,55.6968625],[37.5906847,55.6969399],[37.5914211,55.6967229],[37.5917329,55.6966149],[37.5918605,55.6965288],[37.5925898,55.6957312],[37.5928154,55.6957363],[37.5929499,55.6957633],[37.5932416,55.6955013],[37.5933032,55.6955206],[37.5938137,55.6949978],[37.5939618,55.695044],[37.5946356,55.6944694],[37.594836,55.6945226],[37.5948769,55.6944916],[37.5950908,55.6945494],[37.595062,55.6945751],[37.5955668,55.6947004],[37.5964355,55.6949107],[37.5952827,55.6958655],[37.5946477,55.6963903],[37.5948031,55.6964622],[37.5949132,55.6965131],[37.5921116,55.6980932],[37.59226,55.6981822],[37.5924139,55.6982209],[37.5921136,55.6983683],[37.5916365,55.6987335],[37.5911444,55.6988836],[37.5908759,55.6990214],[37.5901047,55.6997032],[37.5893603,55.7004516],[37.5891872,55.7003975],[37.5883968,55.7012255],[37.5875459,55.7023325],[37.5868167,55.7033102],[37.5865522,55.7035345],[37.5858585,55.7039003],[37.585636,55.7038929],[37.5851675,55.7041187]]]},"properties":{"landuse":"industrial","name":"ТЭЦ-20","name:en":"Moscow CHP-20 Power Plant","name:uk":"ТЕЦ-20","operator":"ПАО \"Мосэнерго\"","plant:method":"combustion","plant:output:electricity":"1110 MW","plant:source":"gas","power":"plant","start_date":"1952","wikidata":"Q4449129","_source":"real","_class":"heat_source","_osm_id":"way/846258941","_district":"Академический район"}},{"type":"Feature","geometry":{"type":"Polygon","coordinates":[[[37.4310851,55.6070464],[37.4320909,55.6067115],[37.431987,55.6066119],[37.4321755,55.6065492],[37.4323405,55.6067072],[37.4332711,55.6070888],[37.4334508,55.6072661],[37.4332604,55.6076888],[37.4333811,55.6078045],[37.4326654,55.6080428],[37.4326373,55.6081041],[37.4328075,55.6082672],[37.4327318,55.6082882],[37.4322975,55.6084084],[37.4319791,55.6081033],[37.4322185,55.6080236],[37.4313052,55.6071482],[37.4311736,55.6071358],[37.4311289,55.6070906],[37.4310851,55.6070464]]]},"properties":{"barrier":"fence","industrial":"heating_station","landuse":"industrial","name":"Районная тепловая станция","plant:output:hot_water":"yes","power":"plant","_source":"real","_class":"heat_source","_osm_id":"way/847284504","_district":"район Коммунарка"}},{"type":"Feature","geometry":{"type":"Polygon","coordinates":[[[37.5721185,55.7770939],[37.5720048,55.7771887],[37.5722239,55.7772718],[37.5723377,55.777177],[37.5721185,55.7770939]]]},"properties":{"addr:housenumber":"34 к3 с2","addr:street":"Скаковая улица","building":"service","building:levels":"1","location":"indoor","man_made":"heat_exchange_station","pipeline":"substation","roof:shape":"flat","substance":"hot_water","substation":"distribution","_source":"real","_class":"heat_substation","_osm_id":"way/85072288","_district":"район Беговой"}},{"type":"Feature","geometry":{"type":"Polygon","coordinates":[[[37.7908368,55.6983481],[37.7908192,55.6982947],[37.7906919,55.698308],[37.7907095,55.6983614],[37.7908368,55.6983481]]]},"properties":{"building":"service","building:levels":"1","location":"indoor","man_made":"heat_exchange_station","pipeline":"substation","substance":"hot_water","substation":"distribution","_source":"real","_class":"heat_substation","_osm_id":"way/85397814","_district":"район Кузьминки"}},{"type":"Feature","geometry":{"type":"Polygon","coordinates":[[[37.7596926,55.7023581],[37.7598992,55.7023318],[37.7598399,55.7021838],[37.7596334,55.7022101],[37.7596926,55.7023581]]]},"properties":{"addr:housenumber":"55 с2","addr:street":"улица Юных Ленинцев","building":"service","building:levels":"1","location":"indoor","man_made":"heat_exchange_station","pipeline":"substation","substance":"hot_water","substation":"distribution","_source":"real","_class":"heat_substation","_osm_id":"way/85397822","_district":"район Кузьминки"}},{"type":"Feature","geometry":{"type":"Polygon","coordinates":[[[37.8112825,55.7045428],[37.8116519,55.7045111],[37.8116193,55.7043905],[37.8112499,55.7044222],[37.8112825,55.7045428]]]},"properties":{"addr:housenumber":"17 к5 с2","addr:street":"Сормовская улица","building":"yes","building:levels":"1","name":"ЦТП","_source":"real","_class":"heat_substation","_osm_id":"way/85405241","_district":"район Выхино-Жулебино"}},{"type":"Feature","geometry":{"type":"Polygon","coordinates":[[[37.5744036,55.7883114],[37.5745338,55.78841],[37.5746074,55.7883793],[37.5744772,55.7882807],[37.5744036,55.7883114]]]},"properties":{"addr:housenumber":"22 к2 с1","addr:street":"улица Расковой","building":"service","building:colour":"lightgrey","building:levels":"1","building:material":"brick","location":"indoor","man_made":"heat_exchange_station","pipeline":"substation","roof:colour":"grey","roof:material":"tar_paper","roof:shape":"flat","substance":"hot_water","substation":"distribution","_source":"real","_class":"heat_substation","_osm_id":"way/855158430","_district":"район Беговой"}},{"type":"Feature","geometry":{"type":"Polygon","coordinates":[[[37.5784541,55.7820113],[37.5785624,55.7821144],[37.5782606,55.7822147],[37.5781523,55.7821117],[37.5784541,55.7820113]]]},"properties":{"addr:city":"Москва","addr:housenumber":"15 с2","addr:street":"3-я улица Ямского Поля","building":"service","building:levels":"1","location":"indoor","man_made":"heat_exchange_station","pipeline":"substation","substance":"hot_water","substation":"distribution","_source":"real","_class":"heat_substation","_osm_id":"way/85553271","_district":"район Беговой"}},{"type":"Feature","geometry":{"type":"Polygon","coordinates":[[[37.3501294,55.8488434],[37.350271,55.8489287],[37.3504754,55.8488216],[37.3503337,55.8487364],[37.3501294,55.8488434]]]},"properties":{"addr:city":"Москва","addr:country":"RU","addr:housenumber":"1 с2","addr:street":"3-й Митинский переулок","building":"service","building:levels":"1","location":"indoor","man_made":"heat_exchange_station","pipeline":"substation","substance":"hot_water","substation":"distribution","_source":"real","_class":"heat_substation","_osm_id":"way/85661064","_district":"район Митино"}},{"type":"Feature","geometry":{"type":"Polygon","coordinates":[[[37.448554,55.6797413],[37.4486887,55.6798344],[37.4489111,55.6797321],[37.4487764,55.679639],[37.448554,55.6797413]]]},"properties":{"addr:housenumber":"21 с1","addr:street":"улица Наташи Ковшовой","building":"service","building:levels":"1","description":"Центральный тепловой пункт","man_made":"heat_exchange_station","pipeline":"substation","roof:shape":"flat","substance":"hot_water","substation":"distribution","_source":"real","_class":"heat_substation","_osm_id":"way/85827467","_district":"район Очаково-Матвеевское"}},{"type":"Feature","geometry":{"type":"Polygon","coordinates":[[[37.4454887,55.6767651],[37.4456263,55.6768575],[37.4458498,55.6767517],[37.4457122,55.6766593],[37.4454887,55.6767651]]]},"properties":{"addr:housenumber":"42 с2","addr:street":"Большая Очаковская улица","building":"service","building:colour":"beige","building:levels":"1","building:material":"concrete","description":"Центральный тепловой пункт","man_made":"heat_exchange_station","pipeline":"substation","roof:colour":"grey","roof:material":"tar_paper","roof:shape":"flat","substance":"hot_water","substation":"distribution","_source":"real","_class":"heat_substation","_osm_id":"way/85827468","_district":"район Очаково-Матвеевское"}},{"type":"Feature","geometry":{"type":"Polygon","coordinates":[[[37.4446239,55.6773516],[37.444767,55.6774384],[37.4449739,55.67733],[37.4448309,55.6772432],[37.4446239,55.6773516]]]},"properties":{"addr:housenumber":"42 к1 с1","addr:postcode":"119361","addr:street":"Большая Очаковская улица","building":"service","building:colour":"yellow","building:levels":"1","building:material":"concrete","description":"Центральный тепловой пункт","man_made":"heat_exchange_station","pipeline":"substation","roof:colour":"grey","roof:material":"tar_paper","roof:shape":"flat","substance":"hot_water","substation":"distribution","_source":"real","_class":"heat_substation","_osm_id":"way/85827470","_district":"район Очаково-Матвеевское"}},{"type":"Feature","geometry":{"type":"LineString","coordinates":[[37.6396232,55.5811315],[37.6387265,55.5812019],[37.6382699,55.5821587],[37.6373898,55.5839878],[37.6367883,55.5851268],[37.6374496,55.5852298],[37.6370545,55.5860181],[37.6364772,55.5859246],[37.6361148,55.5866391]]},"properties":{"diameter":"3 метра","man_made":"pipeline","substance":"hot_water","_source":"real","_class":"heat_pipe","_osm_id":"way/859424369","_district":"район Бирюлёво Западное","_length_km":0.766}},{"type":"Feature","geometry":{"type":"LineString","coordinates":[[37.6358402,55.5886241],[37.6354849,55.5886725],[37.6356322,55.5904504],[37.6359211,55.5919524],[37.6361152,55.5927875],[37.6363465,55.5930685],[37.6363459,55.593187]]},"properties":{"diameter":"3 метра","man_made":"pipeline","substance":"hot_water","_source":"real","_class":"heat_pipe","_osm_id":"way/859424370","_district":"район Бирюлёво Западное","_length_km":0.531}},{"type":"Feature","geometry":{"type":"LineString","coordinates":[[37.4993132,55.8900107],[37.4992497,55.8899608],[37.4995251,55.8898324],[37.4996002,55.8898798],[37.5002288,55.8895865],[37.4999551,55.889298],[37.5007184,55.8890393],[37.501174,55.8892374]]},"properties":{"location":"overground","man_made":"pipeline","substance":"heat","_source":"real","_class":"heat_pipe","_osm_id":"way/85951495","_district":"район Западное Дегунино","_length_km":0.216}},{"type":"Feature","geometry":{"type":"LineString","coordinates":[[37.4980166,55.8905109],[37.4982522,55.8903697],[37.4983368,55.8904198],[37.4987984,55.8902406],[37.4993132,55.8900107]]},"properties":{"location":"overground","man_made":"pipeline","substance":"heat","_source":"real","_class":"heat_pipe","_osm_id":"way/85951504","_district":"район Западное Дегунино","_length_km":0.105}},{"type":"Feature","geometry":{"type":"LineString","coordinates":[[37.501174,55.8892374],[37.5018987,55.8895466]]},"properties":{"layer":"1","location":"overhead","man_made":"pipeline","substance":"heat","_source":"real","_class":"heat_pipe","_osm_id":"way/85951513","_district":"район Западное Дегунино","_length_km":0.057}},{"type":"Feature","geometry":{"type":"LineString","coordinates":[[37.5018987,55.8895466],[37.5021319,55.8893647],[37.5021877,55.8893254],[37.5022272,55.8892976],[37.5041529,55.8879404],[37.5046802,55.8876698],[37.5046765,55.8874227],[37.5053281,55.8872857],[37.5059837,55.8871664],[37.5061795,55.88713],[37.5067755,55.8873657],[37.5073345,55.8875867],[37.5093013,55.8894243],[37.5097409,55.8893802],[37.5098936,55.889497]]},"properties":{"location":"overground","man_made":"pipeline","substance":"hot_water","_source":"real","_class":"heat_pipe","_osm_id":"way/85951521","_district":"Дмитровский район","_length_km":0.771}},{"type":"Feature","geometry":{"type":"LineString","coordinates":[[37.4953557,55.8906218],[37.4958023,55.890207],[37.4975108,55.8908209],[37.4980166,55.8905109]]},"properties":{"layer":"1","location":"overhead","man_made":"pipeline","substance":"heat","_source":"real","_class":"heat_pipe","_osm_id":"way/85951565","_district":"район Западное Дегунино","_length_km":0.228}},{"type":"Feature","geometry":{"type":"Polygon","coordinates":[[[37.4412063,55.8599178],[37.4414234,55.8599422],[37.4413815,55.8600592],[37.4411645,55.8600347],[37.4412063,55.8599178]]]},"properties":{"addr:city":"Москва","addr:country":"RU","addr:housenumber":"14 к3 с1","addr:street":"улица Фомичёвой","building":"service","building:levels":"1","location":"indoor","man_made":"heat_exchange_station","pipeline":"substation","substance":"hot_water","substation":"distribution","_source":"real","_class":"heat_substation","_osm_id":"way/86217112","_district":"район Северное Тушино"}},{"type":"Feature","geometry":{"type":"Polygon","coordinates":[[[37.4409927,55.8602109],[37.4412765,55.8602449],[37.4413017,55.8601785],[37.4410179,55.8601445],[37.4409927,55.8602109]]]},"properties":{"addr:city":"Москва","addr:country":"RU","addr:housenumber":"14 к3 с2","addr:street":"улица Фомичёвой","building":"service","building:levels":"1","location":"indoor","man_made":"heat_exchange_station","pipeline":"substation","substance":"hot_water","substation":"distribution","_source":"real","_class":"heat_substation","_osm_id":"way/86217327","_district":"район Северное Тушино"}},{"type":"Feature","geometry":{"type":"Polygon","coordinates":[[[37.481761,55.7761964],[37.4817677,55.7761257],[37.4821249,55.7761364],[37.4821181,55.7762071],[37.481761,55.7761964]]]},"properties":{"addr:housenumber":"24 к3 с3","addr:street":"проспект Маршала Жукова","building":"yes","building:levels":"1","description":"ЦТП","man_made":"heat_exchange_station","pipeline":"substation","roof:shape":"flat","substance":"hot_water","_source":"real","_class":"heat_substation","_osm_id":"way/86305903","_district":"район Хорошёво-Мнёвники"}},{"type":"Feature","geometry":{"type":"Polygon","coordinates":[[[37.6552427,55.8081835],[37.655361,55.8083245],[37.6555458,55.8082755],[37.6554274,55.8081346],[37.6552427,55.8081835]]]},"properties":{"addr:housenumber":"2 с13","addr:postcode":"129626","addr:street":"1-й Рижский переулок","building":"industrial","building:levels":"1","industrial":"heating_station","start_date":"1963","_source":"real","_class":"heat_source","_osm_id":"way/866405682","_district":"Алексеевский район"}},{"type":"Feature","geometry":{"type":"Polygon","coordinates":[[[37.4334603,55.8546093],[37.4336568,55.8546298],[37.433649,55.8546534],[37.433815,55.8546708],[37.4337201,55.8549568],[37.4333448,55.8549175],[37.4333661,55.8548531],[37.4334175,55.8548585],[37.4334717,55.8546953],[37.4334331,55.8546913],[37.4334603,55.8546093]]]},"properties":{"addr:city":"Москва","addr:country":"RU","addr:housenumber":"9 к5","addr:postcode":"125480","addr:street":"улица Героев Панфиловцев","building":"service","building:colour":"orange;yellow","building:levels":"1","building:material":"brick","location":"indoor","man_made":"heat_exchange_station","operator":"МОЭК","pipeline":"substation","roof:colour":"grey","roof:material":"tar_paper","roof:shape":"flat","substance":"hot_water","substation":"distribution","_source":"real","_class":"heat_substation","_osm_id":"way/86701233","_district":"район Северное Тушино"}},{"type":"Feature","geometry":{"type":"Polygon","coordinates":[[[37.4332656,55.8536395],[37.4334855,55.8536605],[37.433448,55.853778],[37.433228,55.8537569],[37.4332656,55.8536395]]]},"properties":{"addr:city":"Москва","addr:country":"RU","addr:housenumber":"9 к3 с1","addr:street":"улица Героев Панфиловцев","building":"service","building:colour":"beige","building:levels":"1","location":"indoor","man_made":"heat_exchange_station","operator":"МОЭК","pipeline":"substation","roof:shape":"flat","substance":"hot_water","substation":"distribution","_source":"real","_class":"heat_substation","_osm_id":"way/86701988","_district":"район Северное Тушино"}},{"type":"Feature","geometry":{"type":"Polygon","coordinates":[[[37.4352053,55.8519897],[37.4354174,55.8520133],[37.4353626,55.8521681],[37.4351505,55.8521445],[37.4352053,55.8519897]]]},"properties":{"addr:city":"Москва","addr:country":"RU","addr:housenumber":"1 к2 с1","addr:street":"улица Героев Панфиловцев","building":"service","building:colour":"white;pink","building:levels":"1","building:material":"concrete","location":"indoor","man_made":"heat_exchange_station","operator":"МОЭК","pipeline":"substation","power":"substation","roof:colour":"grey","roof:material":"metal","roof:shape":"flat","substance":"hot_water","substation":"minor_distribution","_source":"real","_class":"heat_substation","_osm_id":"way/86702281","_district":"район Северное Тушино"}},{"type":"Feature","geometry":{"type":"Polygon","coordinates":[[[37.3897314,55.8836063],[37.3900881,55.883516],[37.3900248,55.8834329],[37.3898062,55.8834926],[37.3897789,55.8834539],[37.389638,55.8834886],[37.3897314,55.8836063]]]},"properties":{"addr:city":"Москва","addr:country":"RU","addr:housenumber":"14 с2","addr:street":"Ландышевая улица","building":"yes","building:levels":"1","plant:method":"combustion","plant:output:hot_water":"yes","plant:source":"gas","power":"plant","_source":"real","_class":"heat_source","_osm_id":"way/86970353","_district":"район Куркино"}},{"type":"Feature","geometry":{"type":"Polygon","coordinates":[[[37.6626947,55.7802885],[37.6629718,55.7803976],[37.6630423,55.7803424],[37.6630937,55.7803009],[37.6628119,55.7801941],[37.6626947,55.7802885]]]},"properties":{"addr:city":"Москва","addr:housenumber":"32 c1","addr:postcode":"107140","addr:street":"Верхняя Красносельская улица","building":"service","building:levels":"1","location":"indoor","man_made":"heat_exchange_station","operator":"МОЭК","pipeline":"substation","roof:colour":"grey","roof:material":"tar_paper","roof:shape":"flat","substance":"hot_water","substation":"distribution","_source":"real","_class":"heat_substation","_osm_id":"way/86985807","_district":"Красносельский район"}},{"type":"Feature","geometry":{"type":"Polygon","coordinates":[[[37.8231873,55.8037886],[37.8231871,55.8038681],[37.8234674,55.8038684],[37.8234676,55.8037889],[37.8231873,55.8037886]]]},"properties":{"addr:city":"Москва","addr:housenumber":"67 с1","addr:street":"Сиреневый бульвар","building":"service","building:levels":"1","location":"indoor","man_made":"heat_exchange_station","pipeline":"substation","substance":"hot_water","substation":"distribution","_source":"real","_class":"heat_substation","_osm_id":"way/870337353","_district":"район Северное Измайлово"}},{"type":"Feature","geometry":{"type":"Polygon","coordinates":[[[37.3439362,55.507968],[37.3442439,55.5079932],[37.3442715,55.5078852],[37.3439638,55.50786],[37.3439362,55.507968]]]},"properties":{"landuse":"industrial","power":"plant","start_date":"2020-11","_source":"real","_class":"heat_source","_osm_id":"way/870675087","_district":"район Троицк"}},{"type":"Feature","geometry":{"type":"Polygon","coordinates":[[[37.6649885,55.7782624],[37.6650791,55.7781932],[37.6652566,55.7782667],[37.665166,55.7783359],[37.6649885,55.7782624]]]},"properties":{"addr:housenumber":"22-24 с3","addr:street":"Краснопрудная улица","building":"service","building:colour":"white;blue","building:levels":"1","building:material":"concrete","location":"indoor","man_made":"heat_exchange_station","pipeline":"substation","roof:colour":"grey","roof:material":"tar_paper","roof:shape":"flat","substance":"hot_water","substation":"distribution","_source":"real","_class":"heat_substation","_osm_id":"way/87349417","_district":"Красносельский район"}},{"type":"Feature","geometry":{"type":"Polygon","coordinates":[[[37.4451077,55.5843559],[37.4448904,55.584168],[37.4455529,55.5839239],[37.4471194,55.5856111],[37.4469691,55.5856884],[37.4465454,55.5854762],[37.4460616,55.585282],[37.4460062,55.585261],[37.4455824,55.5851291],[37.4448851,55.5849972],[37.4443647,55.5848971],[37.4439651,55.5848244],[37.4451077,55.5843559]]]},"properties":{"barrier":"fence","landuse":"industrial","name":"Районная тепловая станция \"Прокшино\"","plant:output:hot_water":"yes","power":"plant","_source":"real","_class":"heat_source","_osm_id":"way/876034062","_district":"район Коммунарка"}},{"type":"Feature","geometry":{"type":"Polygon","coordinates":[[[37.3454466,55.8535905],[37.345657,55.8535953],[37.3456684,55.8534379],[37.345458,55.8534331],[37.3454466,55.8535905]]]},"properties":{"addr:city":"Москва","addr:country":"RU","addr:housenumber":"8 с1","addr:street":"Ангелов переулок","building":"service","building:levels":"1","location":"indoor","man_made":"heat_exchange_station","pipeline":"substation","substance":"hot_water","substation":"distribution","_source":"real","_class":"heat_substation","_osm_id":"way/87699769","_district":"район Митино"}},{"type":"Feature","geometry":{"type":"Polygon","coordinates":[[[37.6481132,55.8101744],[37.6478624,55.810137],[37.6478105,55.8102469],[37.6480614,55.8102843],[37.6481132,55.8101744]]]},"properties":{"addr:housenumber":"13 к1 с3","addr:street":"Новоалексеевская улица","building":"service","building:levels":"1","location":"indoor","man_made":"heat_exchange_station","pipeline":"substation","power":"substation","substance":"hot_water","substation":"minor_distribution","_source":"real","_class":"heat_substation","_osm_id":"way/88126847","_district":"Алексеевский район"}},{"type":"Feature","geometry":{"type":"Polygon","coordinates":[[[37.3423576,55.5982352],[37.3412204,55.5993323],[37.341346,55.5994009],[37.341551,55.5995656],[37.3416598,55.5995224],[37.3417173,55.5995685],[37.3416297,55.5996033],[37.3418739,55.5997994],[37.3419321,55.5997763],[37.3419059,55.5997552],[37.3421111,55.5996737],[37.342149,55.5997041],[37.3429318,55.5993929],[37.343629,55.5990899],[37.3434573,55.5989565],[37.3433554,55.5989959],[37.3432857,55.5989444],[37.3433715,55.598908],[37.3425937,55.598317],[37.3424729,55.5982594],[37.3423576,55.5982352]]]},"properties":{"industrial":"heating_station","landuse":"industrial","_source":"real","_class":"heat_source","_osm_id":"way/881358004","_district":"Филимонковский район"}},{"type":"Feature","geometry":{"type":"Polygon","coordinates":[[[37.4919014,55.8724248],[37.4921741,55.8724792],[37.492238,55.8723784],[37.4919654,55.8723239],[37.4919014,55.8724248]]]},"properties":{"addr:city":"Москва","addr:country":"RU","addr:housenumber":"27 к2 с2","addr:postcode":"125475","addr:street":"Зеленоградская улица","building":"service","building:levels":"1","location":"indoor","man_made":"heat_exchange_station","pipeline":"substation","substance":"hot_water","substation":"distribution","_source":"real","_class":"heat_substation","_osm_id":"way/89018698","_district":"район Ховрино"}},{"type":"Feature","geometry":{"type":"Polygon","coordinates":[[[37.6456671,55.8590656],[37.645824,55.8589776],[37.6459916,55.8590716],[37.6458347,55.8591597],[37.6456671,55.8590656]]]},"properties":{"addr:housenumber":"6 к1 с1","addr:street":"Ивовая улица","building":"service","building:levels":"1","official_short_type":"ЦТП","pipeline":"substation","substance":"hot_water","substation":"distribution","utility":"heating","_source":"real","_class":"heat_substation","_osm_id":"way/89078089","_district":"район Свиблово"}},{"type":"Feature","geometry":{"type":"Polygon","coordinates":[[[37.6020928,55.7948454],[37.6022869,55.7948515],[37.6022984,55.7947344],[37.6021042,55.7947284],[37.6020928,55.7948454]]]},"properties":{"addr:housenumber":"8 с2","addr:street":"Стрелецкая улица","building":"service","building:levels":"1","location":"indoor","man_made":"heat_exchange_station","pipeline":"substation","substance":"hot_water","substation":"distribution","_source":"real","_class":"heat_substation","_osm_id":"way/89482082","_district":"район Марьина Роща"}},{"type":"Feature","geometry":{"type":"Polygon","coordinates":[[[37.505384,55.7058193],[37.5056188,55.7058193],[37.5056188,55.7056831],[37.5053865,55.7056843],[37.505384,55.7058193]]]},"properties":{"addr:city":"Москва","addr:housenumber":"10 с1","addr:street":"улица Столетова","building":"service","building:levels":"1","height":"5","location":"indoor","man_made":"heat_exchange_station","operator":"МОЭК","pipeline":"substation","substance":"hot_water","substation":"distribution","_source":"real","_class":"heat_substation","_osm_id":"way/895380759","_district":"район Раменки"}},{"type":"Feature","geometry":{"type":"Polygon","coordinates":[[[37.5773882,55.8214631],[37.5774204,55.8212656],[37.5771249,55.8212504],[37.5770926,55.8214478],[37.5773882,55.8214631]]]},"properties":{"addr:housenumber":"21 к2 с2","addr:street":"улица Яблочкова","building":"service","building:colour":"white","building:levels":"1","building:material":"concrete","location":"indoor","man_made":"heat_exchange_station","operator":"МОЭК","pipeline":"substation","roof:colour":"grey","roof:material":"tar_paper","roof:shape":"flat","substance":"hot_water","substation":"distribution","_source":"real","_class":"heat_substation","_osm_id":"way/900328311","_district":"Бутырский район"}},{"type":"Feature","geometry":{"type":"Polygon","coordinates":[[[37.3527903,55.829873],[37.3530011,55.8298617],[37.3529731,55.8296968],[37.3527623,55.8297081],[37.3527903,55.829873]]]},"properties":{"addr:city":"Москва","addr:country":"RU","addr:housenumber":"30 с1","addr:street":"улица Генерала Белобородова","building":"service","building:levels":"1","location":"indoor","man_made":"heat_exchange_station","pipeline":"substation","roof:shape":"flat","substance":"hot_water","substation":"distribution","_source":"real","_class":"heat_substation","_osm_id":"way/90255726","_district":"район Митино"}},{"type":"Feature","geometry":{"type":"Polygon","coordinates":[[[37.5130628,55.8136149],[37.5134323,55.8135932],[37.5134122,55.8134847],[37.5130427,55.8135064],[37.5130628,55.8136149]]]},"properties":{"building":"house","plant:method":"combustion","plant:output:hot_water":"yes","plant:source":"gas","power":"plant","_source":"real","_class":"heat_source","_osm_id":"way/904962401","_district":"район Сокол"}},{"type":"Feature","geometry":{"type":"Polygon","coordinates":[[[37.523692,55.8233999],[37.523876,55.8234486],[37.5239673,55.8233396],[37.5237834,55.8232909],[37.523692,55.8233999]]]},"properties":{"addr:housenumber":"36Б с1","addr:street":"улица Зои и Александра Космодемьянских","building":"service","building:colour":"white;grey","building:levels":"1","building:material":"plaster","location":"indoor","man_made":"heat_exchange_station","pipeline":"substation","roof:colour":"grey","roof:material":"tar_paper","roof:shape":"flat","substance":"hot_water","substation":"distribution","_source":"real","_class":"heat_substation","_osm_id":"way/908465909","_district":"район Коптево"}},{"type":"Feature","geometry":{"type":"Polygon","coordinates":[[[37.5234909,55.5494474],[37.5235511,55.5494336],[37.5251575,55.5498488],[37.5257419,55.5499983],[37.5259523,55.5500511],[37.5240133,55.5525041],[37.5236381,55.5524074],[37.5237199,55.5522946],[37.5233139,55.5521863],[37.5233759,55.5521008],[37.5233185,55.5520881],[37.5231772,55.5520568],[37.5231054,55.5519825],[37.5220397,55.5517233],[37.5217009,55.5515736],[37.5225423,55.550521],[37.5230882,55.5498363],[37.5231706,55.5498583],[37.5232122,55.5498048],[37.5234909,55.5494474]]]},"properties":{"barrier":"wall","landuse":"industrial","name":"Районная тепловая станция \"Южное Бутово\"","name:uk":"Районна теплова станція \"Південне Бутове\"","plant:method":"combustion","plant:output:electricity":"yes","plant:output:hot_water":"yes","plant:source":"gas","power":"plant","_source":"real","_class":"heat_source","_osm_id":"way/90856509","_district":"район Южное Бутово"}},{"type":"Feature","geometry":{"type":"Polygon","coordinates":[[[37.5834837,55.7013524],[37.5838964,55.701487],[37.5839472,55.7015027],[37.5848955,55.7018114],[37.5858938,55.70084],[37.5851005,55.7005862],[37.5851636,55.7005254],[37.5855434,55.700648],[37.5860598,55.7001328],[37.5857076,55.7000154],[37.5857664,55.6999532],[37.5858754,55.6999829],[37.5859116,55.6999593],[37.5864284,55.7001319],[37.5879995,55.6986571],[37.5875157,55.6984899],[37.5872871,55.6984116],[37.5872349,55.6984543],[37.5871704,55.6984328],[37.5870944,55.6984074],[37.5867611,55.698296],[37.5866661,55.6982642],[37.5852414,55.6996421],[37.5852171,55.6996681],[37.5851482,55.6997317],[37.5843399,55.700513],[37.584308,55.7005446],[37.583512,55.7013248],[37.5834837,55.7013524]]]},"properties":{"addr:housenumber":"13 с1","addr:street":"улица Вавилова","building":"industrial","building:levels":"6","plant:method":"combustion","plant:source":"gas","power":"plant","_source":"real","_class":"heat_source","_osm_id":"way/90863721","_district":"Академический район"}},{"type":"Feature","geometry":{"type":"Polygon","coordinates":[[[37.5730363,55.8914611],[37.573041,55.8915779],[37.5733231,55.8915744],[37.5733184,55.8914576],[37.5730363,55.8914611]]]},"properties":{"addr:city":"Москва","addr:country":"RU","building":"service","building:levels":"1","location":"indoor","man_made":"heat_exchange_station","pipeline":"substation","roof:shape":"flat","substance":"hot_water","substation":"distribution","_source":"real","_class":"heat_substation","_osm_id":"way/91144618","_district":"район Лианозово"}},{"type":"Feature","geometry":{"type":"Polygon","coordinates":[[[37.606377,55.8992922],[37.6065814,55.8992955],[37.6065926,55.8990822],[37.6063882,55.8990788],[37.606377,55.8992922]]]},"properties":{"addr:city":"Москва","addr:housenumber":"4 с2","addr:street":"Мелиховская улица","building":"yes","building:levels":"1","description":"ЦТП","location":"indoor","man_made":"heat_exchange_station","pipeline":"substation","substance":"hot_water","substation":"distribution","_source":"real","_class":"heat_substation","_osm_id":"way/91144659","_district":"район Бибирево"}},{"type":"Feature","geometry":{"type":"Polygon","coordinates":[[[37.694245,55.8859075],[37.694245,55.8856999],[37.6944488,55.8856999],[37.6944511,55.8859075],[37.694245,55.8859075]]]},"properties":{"addr:housenumber":"21 с2","addr:street":"Стартовая улица","building":"service","building:levels":"1","location":"indoor","man_made":"heat_exchange_station","pipeline":"substation","substance":"hot_water","substation":"distribution","_source":"real","_class":"heat_substation","_osm_id":"way/91528508","_district":"Лосиноостровский район"}},{"type":"Feature","geometry":{"type":"LineString","coordinates":[[37.4922931,55.7576273],[37.4970809,55.7577571],[37.4970782,55.757825],[37.497561,55.7578416],[37.4975663,55.7577722],[37.4987948,55.757819],[37.4987626,55.7581133],[37.4996746,55.7581329],[37.499688,55.7579065],[37.5003317,55.7579125],[37.500785,55.7583049],[37.5010076,55.7587245]]},"properties":{"location":"overhead","man_made":"pipeline","substance":"heat","_source":"real","_class":"heat_pipe","_osm_id":"way/919207038","_district":"район Филёвский Парк","_length_km":0.681}},{"type":"Feature","geometry":{"type":"LineString","coordinates":[[37.4928095,55.7543455],[37.4931597,55.7543559]]},"properties":{"location":"overhead","man_made":"pipeline","substance":"heat","_source":"real","_class":"heat_pipe","_osm_id":"way/919207047","_district":"район Филёвский Парк","_length_km":0.022}},{"type":"Feature","geometry":{"type":"LineString","coordinates":[[37.4822084,55.7542735],[37.4832403,55.7542999],[37.4849961,55.7543449],[37.4849985,55.754315],[37.4865332,55.7543542],[37.486547,55.7541825],[37.4872958,55.7542017],[37.487284,55.7543474],[37.4886128,55.7543814],[37.4886774,55.754383],[37.4886707,55.7544663],[37.4888986,55.7544722],[37.4889057,55.7543837],[37.4905656,55.7544262],[37.4905582,55.7545185],[37.4907891,55.7545244],[37.4907968,55.7544283],[37.4920394,55.7544601],[37.4920248,55.7546411],[37.4922631,55.7546472],[37.492275,55.7545006],[37.4927954,55.7545139],[37.4928095,55.7543455],[37.4928488,55.7538532]]},"properties":{"location":"overhead","man_made":"pipeline","substance":"heat","_source":"real","_class":"heat_pipe","_osm_id":"way/919207048","_district":"район Филёвский Парк","_length_km":0.854}},{"type":"Feature","geometry":{"type":"LineString","coordinates":[[37.4853309,55.7571866],[37.4853629,55.7568469],[37.4852404,55.7568433],[37.4852505,55.7567362],[37.4853763,55.7567399],[37.4854517,55.7559402],[37.4853267,55.7559364],[37.4853379,55.7558172],[37.4854697,55.7558211],[37.4855098,55.7553958],[37.4855863,55.7545847],[37.4848934,55.754564]]},"properties":{"location":"overhead","man_made":"pipeline","substance":"heat","_source":"real","_class":"heat_pipe","_osm_id":"way/919207050","_district":"район Филёвский Парк","_length_km":0.365}},{"type":"Feature","geometry":{"type":"LineString","coordinates":[[37.4840129,55.7555408],[37.4840108,55.7555626],[37.4848562,55.7555882],[37.4848764,55.7553766],[37.4855098,55.7553958],[37.4855631,55.7553974],[37.4858385,55.7554057],[37.4858429,55.7553595],[37.4859717,55.7553634],[37.4859674,55.7554087],[37.486554,55.7554264],[37.4865594,55.7553705],[37.486679,55.7553742],[37.4866737,55.7554297],[37.4871559,55.7554443],[37.4876502,55.7554592],[37.4876551,55.7554083],[37.4877765,55.7554119],[37.4877717,55.7554624],[37.4885072,55.7554847],[37.4886128,55.7543814]]},"properties":{"location":"overhead","man_made":"pipeline","substance":"heat","_source":"real","_class":"heat_pipe","_osm_id":"way/919207052","_district":"район Филёвский Парк","_length_km":0.464}},{"type":"Feature","geometry":{"type":"Polygon","coordinates":[[[37.4848958,55.7545309],[37.4848934,55.754564],[37.4848773,55.7547829],[37.4848208,55.7555594],[37.4840129,55.7555408],[37.4837427,55.7555346],[37.4837576,55.7553301],[37.4843141,55.7553429],[37.4843435,55.7549397],[37.4845172,55.7549437],[37.4845295,55.7547749],[37.4836013,55.7547535],[37.4836197,55.7545014],[37.4845626,55.7545232],[37.4848958,55.7545309]]]},"properties":{"building":"industrial","industrial":"heating_station","_source":"real","_class":"heat_source","_osm_id":"way/919346792","_district":"район Филёвский Парк"}},{"type":"Feature","geometry":{"type":"LineString","coordinates":[[37.4871559,55.7554443],[37.4871492,55.7555142]]},"properties":{"location":"overhead","man_made":"pipeline","substance":"heat","_source":"real","_class":"heat_pipe","_osm_id":"way/921000867","_district":"район Филёвский Парк","_length_km":0.008}},{"type":"Feature","geometry":{"type":"LineString","coordinates":[[37.4845626,55.7545232],[37.484563,55.7544939],[37.4856546,55.7545196],[37.4855631,55.7553974]]},"properties":{"location":"overhead","man_made":"pipeline","substance":"heat","_source":"real","_class":"heat_pipe","_osm_id":"way/921000869","_district":"район Филёвский Парк","_length_km":0.17}},{"type":"Feature","geometry":{"type":"Polygon","coordinates":[[[37.5711671,55.7951776],[37.5711707,55.7951621],[37.5712033,55.7950202],[37.5710456,55.7950088],[37.5710094,55.7951661],[37.5711671,55.7951776]]]},"properties":{"addr:housenumber":"26 с5","addr:street":"2-я улица Бебеля","building":"service","building:levels":"1","location":"indoor","man_made":"heat_exchange_station","pipeline":"substation","roof:shape":"skillion","substance":"hot_water","substation":"distribution","_source":"real","_class":"heat_substation","_osm_id":"way/923332663","_district":"Савёловский район"}},{"type":"Feature","geometry":{"type":"Polygon","coordinates":[[[37.6965857,55.5855505],[37.6967509,55.5854216],[37.6965856,55.5853539],[37.6964204,55.5854828],[37.6965857,55.5855505]]]},"properties":{"addr:housenumber":"38 с3","addr:street":"Лебедянская улица","building":"yes","building:levels":"2","height":"6","man_made":"heat_exchange_station","_source":"real","_class":"heat_substation","_osm_id":"way/92809894","_district":"район Бирюлёво Восточное"}},{"type":"Feature","geometry":{"type":"Polygon","coordinates":[[[37.6602612,55.7864413],[37.660287,55.7864514],[37.6603749,55.786486],[37.6604422,55.7864319],[37.6603285,55.7863872],[37.6602612,55.7864413]]]},"properties":{"building":"industrial","power":"plant","substance":"gas","_source":"real","_class":"heat_source","_osm_id":"way/930753282","_district":"Красносельский район"}},{"type":"Feature","geometry":{"type":"Polygon","coordinates":[[[37.6902078,55.8701539],[37.6902947,55.8700978],[37.6905557,55.870232],[37.69046,55.8702906],[37.6904416,55.8702806],[37.6902078,55.8701539]]]},"properties":{"addr:housenumber":"42 с2","addr:street":"улица Коминтерна","building":"yes","building:levels":"1","man_made":"heat_exchange_station","pipeline":"substation","ref":"0308098","substance":"hot_water","substation":"distribution","_source":"real","_class":"heat_substation","_osm_id":"way/93491537","_district":"Лосиноостровский район"}},{"type":"Feature","geometry":{"type":"LineString","coordinates":[[37.3586896,55.5847258],[37.3589243,55.5845879],[37.3595613,55.584575],[37.3610664,55.5854373],[37.3610082,55.5854698],[37.3610808,55.5855114],[37.361139,55.5854789],[37.3612189,55.5855247],[37.3621672,55.586024],[37.3621323,55.5860451],[37.3622033,55.5860825],[37.3622382,55.5860614],[37.3626217,55.5862948]]},"properties":{"location":"overground","man_made":"pipeline","type":"heat","_source":"real","_class":"heat_pipe","_osm_id":"way/935560884","_district":"Филимонковский район","_length_km":0.35}},{"type":"Feature","geometry":{"type":"Polygon","coordinates":[[[37.7075646,55.6253045],[37.7078476,55.6253519],[37.7079085,55.6252361],[37.7076255,55.6251887],[37.7075646,55.6253045]]]},"properties":{"building":"service","building:levels":"1","description":"ЦТП","location":"indoor","man_made":"heat_exchange_station","pipeline":"substation","substance":"hot_water","substation":"distribution","_source":"real","_class":"heat_substation","_osm_id":"way/93583995","_district":"район Орехово-Борисово Северное"}},{"type":"Feature","geometry":{"type":"Polygon","coordinates":[[[37.6340893,55.8683432],[37.634379,55.8683715],[37.6344117,55.8682662],[37.6341219,55.8682379],[37.6340893,55.8683432]]]},"properties":{"addr:housenumber":"8 с2","addr:street":"Заповедная улица","building":"service","building:levels":"1","official_short_type":"ЦТП","pipeline":"substation","substance":"hot_water","substation":"distribution","utility":"heating","_source":"real","_class":"heat_substation","_osm_id":"way/936616137","_district":"район Южное Медведково"}},{"type":"Feature","geometry":{"type":"Polygon","coordinates":[[[37.7067666,55.7726416],[37.7068039,55.7726163],[37.7067167,55.7725756],[37.7066794,55.7726009],[37.7067666,55.7726416]]]},"properties":{"building":"service","building:levels":"1","location":"indoor","man_made":"heat_exchange_station","operator":"МОЭК","pipeline":"substation","roof:shape":"flat","substance":"hot_water","substation":"distribution","_source":"real","_class":"heat_substation","_osm_id":"way/938097694","_district":"Басманный район"}},{"type":"Feature","geometry":{"type":"Polygon","coordinates":[[[37.7281672,55.8073954],[37.7283048,55.8073189],[37.7281449,55.8072281],[37.7280074,55.8073046],[37.7281672,55.8073954]]]},"properties":{"building:levels":"1","building:part":"service","location":"indoor","man_made":"heat_exchange_station","pipeline":"substation","substance":"hot_water","substation":"distribution","_source":"real","_class":"heat_substation","_osm_id":"way/941067203","_district":"район Преображенское"}},{"type":"Feature","geometry":{"type":"Polygon","coordinates":[[[37.3539796,55.8418806],[37.3540292,55.8419123],[37.3540752,55.8419417],[37.3541294,55.841915],[37.3542236,55.8418685],[37.354128,55.8418074],[37.3539796,55.8418806]]]},"properties":{"addr:city":"Москва","addr:country":"RU","addr:housenumber":"45","addr:street":"Дубравная улица","building":"service","building:levels":"1","location":"indoor","man_made":"heat_exchange_station","pipeline":"substation","roof:shape":"flat","substance":"hot_water","substation":"distribution","_source":"real","_class":"heat_substation","_osm_id":"way/94218716","_district":"район Митино"}},{"type":"Feature","geometry":{"type":"Polygon","coordinates":[[[37.5439907,55.8028188],[37.5441306,55.8029065],[37.5443296,55.8027932],[37.5441855,55.8027139],[37.5439907,55.8028188]]]},"properties":{"addr:housenumber":"29 с2","addr:street":"Планетная улица","building":"service","building:levels":"1","description":"Тепловой узел ОАО МОЭК","location":"indoor","man_made":"heat_exchange_station","operator":"ОАО \"МОЭК\"","pipeline":"substation","roof:shape":"gabled","substance":"hot_water","substation":"distribution","_source":"real","_class":"heat_substation","_osm_id":"way/94253594","_district":"район Аэропорт"}},{"type":"Feature","geometry":{"type":"Polygon","coordinates":[[[37.771031,55.8089033],[37.7711007,55.8088166],[37.7709008,55.8087658],[37.7708311,55.8088525],[37.771031,55.8089033]]]},"properties":{"building":"service","building:colour":"lightgrey","building:levels":"1","building:material":"brick","location":"indoor","man_made":"heat_exchange_station","pipeline":"substation","roof:colour":"grey","roof:material":"tar_paper","roof:shape":"flat","substance":"hot_water","substation":"distribution","_source":"real","_class":"heat_substation","_osm_id":"way/943792326","_district":"район Гольяново"}},{"type":"Feature","geometry":{"type":"Polygon","coordinates":[[[37.6558672,55.737649],[37.6556986,55.7378481],[37.6557877,55.7378745],[37.6559129,55.7379114],[37.6559731,55.7378443],[37.6559275,55.7378322],[37.6560461,55.7376963],[37.6558672,55.737649]]]},"properties":{"addr:housenumber":"9 сН","addr:street":"улица Большие Каменщики","building":"industrial","building:levels":"2","power":"plant","power:output:hot_water":"yes","_source":"real","_class":"heat_source","_osm_id":"way/947890909","_district":"Таганский район"}},{"type":"Feature","geometry":{"type":"Polygon","coordinates":[[[37.7382456,55.7983062],[37.7383706,55.7982944],[37.7383104,55.7980928],[37.7381855,55.7981045],[37.7382456,55.7983062]]]},"properties":{"addr:housenumber":"26 к3 с1","addr:street":"Большая Черкизовская улица","building":"service","building:colour":"beige;white","building:levels":"1","building:material":"concrete","location":"indoor","man_made":"heat_exchange_station","pipeline":"substation","roof:colour":"grey","roof:material":"tar_paper","roof:shape":"flat","substance":"hot_water","substation":"distribution","_source":"real","_class":"heat_substation","_osm_id":"way/95004971","_district":"район Преображенское"}},{"type":"Feature","geometry":{"type":"Polygon","coordinates":[[[37.7377362,55.7986368],[37.7379346,55.7986699],[37.7379903,55.7985647],[37.7377919,55.7985315],[37.7377362,55.7986368]]]},"properties":{"addr:housenumber":"26 к1 с1","addr:street":"Большая Черкизовская улица","building":"service","building:colour":"lightgrey","building:levels":"1","building:material":"concrete","location":"indoor","man_made":"heat_exchange_station","pipeline":"substation","roof:colour":"grey","roof:material":"tar_paper","roof:shape":"flat","substance":"hot_water","substation":"distribution","_source":"real","_class":"heat_substation","_osm_id":"way/95004974","_district":"район Преображенское"}},{"type":"Feature","geometry":{"type":"Polygon","coordinates":[[[37.7361572,55.7954638],[37.736546,55.7954687],[37.7365505,55.795355],[37.7361618,55.7953501],[37.7361572,55.7954638]]]},"properties":{"addr:housenumber":"24 к3 с1","addr:street":"Большая Черкизовская улица","building":"service","building:levels":"1","location":"indoor","man_made":"heat_exchange_station","pipeline":"substation","substance":"hot_water","substation":"distribution","_source":"real","_class":"heat_substation","_osm_id":"way/95005874","_district":"район Преображенское"}},{"type":"Feature","geometry":{"type":"Polygon","coordinates":[[[37.4936933,55.7922337],[37.4937974,55.7920786],[37.4941357,55.7921507],[37.494027,55.7923084],[37.4936933,55.7922337]]]},"properties":{"addr:housenumber":"8 с1","addr:street":"улица Маршала Малиновского","building":"service","building:levels":"1","location":"indoor","man_made":"heat_exchange_station","pipeline":"substation","ref":"317/059","substance":"hot_water","substation":"distribution","_source":"real","_class":"heat_substation","_osm_id":"way/95250325","_district":"район Щукино"}},{"type":"Feature","geometry":{"type":"Polygon","coordinates":[[[37.7254659,55.8787651],[37.7256375,55.8786997],[37.725787,55.8788232],[37.7256153,55.8788886],[37.7254659,55.8787651]]]},"properties":{"addr:housenumber":"10А","addr:street":"улица Ротерта","building":"yes","building:levels":"1","location":"indoor","man_made":"heat_exchange_station","pipeline":"substation","substance":"hot_water","substation":"distribution","_source":"real","_class":"heat_substation","_osm_id":"way/95311974","_district":"Ярославский район"}},{"type":"Feature","geometry":{"type":"Polygon","coordinates":[[[37.7239226,55.8790468],[37.7240938,55.8789802],[37.7243007,55.8791474],[37.7241295,55.879214],[37.7239226,55.8790468]]]},"properties":{"addr:housenumber":"144 с2","addr:street":"Ярославское шоссе","building:levels":"1","location":"indoor","man_made":"heat_exchange_station","pipeline":"substation","substance":"hot_water","substation":"distribution","_source":"real","_class":"heat_substation","_osm_id":"way/95311980","_district":"Ярославский район"}},{"type":"Feature","geometry":{"type":"Polygon","coordinates":[[[37.7249823,55.87598],[37.725161,55.8759183],[37.7253515,55.876092],[37.7251727,55.8761537],[37.7249823,55.87598]]]},"properties":{"addr:housenumber":"11 с2","addr:postcode":"129347","addr:street":"улица Ротерта","building":"yes","building:levels":"1","location":"indoor","man_made":"heat_exchange_station","note":"Трансформаторная подстанция","pipeline":"substation","substance":"hot_water","substation":"distribution","_source":"real","_class":"heat_substation","_osm_id":"way/95313853","_district":"Ярославский район"}},{"type":"Feature","geometry":{"type":"Polygon","coordinates":[[[37.4463628,55.8598709],[37.4463877,55.8597972],[37.4461966,55.8597769],[37.4461718,55.8598506],[37.4463628,55.8598709]]]},"properties":{"addr:housenumber":"2 с1","addr:street":"улица Фомичёвой","building":"service","building:colour":"grey;blue","building:levels":"1","building:material":"brick","location":"indoor","man_made":"heat_exchange_station","operator":"МОЭК","pipeline":"substation","roof:colour":"grey","roof:material":"tar_paper","roof:shape":"flat","substance":"hot_water","substation":"distribution","_source":"real","_class":"heat_substation","_osm_id":"way/95394637","_district":"район Северное Тушино"}},{"type":"Feature","geometry":{"type":"Polygon","coordinates":[[[37.4935326,55.7887371],[37.4936501,55.7887414],[37.4936558,55.788692],[37.4935384,55.7886876],[37.4935326,55.7887371]]]},"properties":{"addr:city":"Москва","addr:housenumber":"1 с2","addr:street":"улица Маршала Малиновского","building":"service","building:levels":"1","location":"indoor","man_made":"heat_exchange_station","name":"Насосная станция","name:uk":"Насосна станція","pipeline":"substation","substance":"hot_water","substation":"distribution","_source":"real","_class":"heat_substation","_osm_id":"way/95426429","_district":"район Щукино"}},{"type":"Feature","geometry":{"type":"Polygon","coordinates":[[[37.4550416,55.801152],[37.4550985,55.8010466],[37.4549241,55.8010168],[37.4548672,55.8011222],[37.4550416,55.801152]]]},"properties":{"addr:city":"Москва","addr:housenumber":"19 к1 с1","addr:postcode":"123182","addr:street":"улица Гамалеи","building":"service","building:levels":"1","location":"indoor","man_made":"heat_exchange_station","pipeline":"substation","ref":"317/167","substance":"hot_water","substation":"distribution","_source":"real","_class":"heat_substation","_osm_id":"way/95497409","_district":"район Щукино"}},{"type":"Feature","geometry":{"type":"Polygon","coordinates":[[[37.4636191,55.7966987],[37.4636182,55.7965781],[37.4638077,55.7965777],[37.4638085,55.7966983],[37.4636191,55.7966987]]]},"properties":{"addr:city":"Москва","addr:housenumber":"2 с1","addr:street":"улица Рогова","building":"service","building:levels":"1","location":"indoor","man_made":"heat_exchange_station","pipeline":"substation","ref":"317/62","substance":"hot_water","substation":"distribution","_source":"real","_class":"heat_substation","_osm_id":"way/95503550","_district":"район Щукино"}},{"type":"Feature","geometry":{"type":"Polygon","coordinates":[[[37.6431574,55.8734552],[37.643362,55.8734744],[37.6433153,55.8736312],[37.6431107,55.873612],[37.6431574,55.8734552]]]},"properties":{"addr:housenumber":"3 к3 с2","addr:street":"проезд Шокальского","building":"service","building:levels":"1","location":"indoor","man_made":"heat_exchange_station","pipeline":"substation","substance":"hot_water","substation":"distribution","_source":"real","_class":"heat_substation","_osm_id":"way/95843545","_district":"район Южное Медведково"}},{"type":"Feature","geometry":{"type":"Polygon","coordinates":[[[37.5746853,55.7959198],[37.5747184,55.795717],[37.5748122,55.7957219],[37.5747791,55.7959247],[37.5746853,55.7959198]]]},"properties":{"addr:city":"Москва","addr:country":"RU","addr:housenumber":"6 с2","addr:street":"Полтавская улица","building":"service","building:colour":"white","building:levels":"1","building:material":"plaster","location":"indoor","man_made":"heat_exchange_station","operator":"МОЭК","pipeline":"substation","roof:colour":"grey","roof:material":"tar_paper","roof:shape":"flat","substance":"hot_water","substation":"distribution","_source":"real","_class":"heat_substation","_osm_id":"way/95975085","_district":"Савёловский район"}},{"type":"Feature","geometry":{"type":"Polygon","coordinates":[[[37.4892333,55.8025682],[37.4893327,55.8024525],[37.4895098,55.8025005],[37.4894104,55.8026162],[37.4892927,55.8025843],[37.4892333,55.8025682]]]},"properties":{"addr:city":"Москва","addr:housenumber":"13 с1","addr:street":"1-й Волоколамский проезд","building":"service","building:levels":"1","location":"indoor","man_made":"heat_exchange_station","pipeline":"substation","ref":"312/056","roof:shape":"flat","substance":"hot_water","substation":"distribution","_source":"real","_class":"heat_substation","_osm_id":"way/96021118","_district":"район Щукино"}},{"type":"Feature","geometry":{"type":"Polygon","coordinates":[[[37.3638929,55.8551381],[37.3640459,55.8550602],[37.3638109,55.8549148],[37.3636579,55.8549927],[37.3638929,55.8551381]]]},"properties":{"addr:housenumber":"36 к1 с1","addr:street":"Пятницкое шоссе","building":"service","building:levels":"1","location":"indoor","man_made":"heat_exchange_station","pipeline":"substation","substance":"hot_water","substation":"distribution","_source":"real","_class":"heat_substation","_osm_id":"way/96275985","_district":"район Митино"}},{"type":"Feature","geometry":{"type":"Polygon","coordinates":[[[37.616488,55.714968],[37.6166895,55.71497],[37.6166889,55.7150886],[37.6164853,55.7150889],[37.616488,55.714968]]]},"properties":{"addr:housenumber":"8 с2","addr:street":"улица Лестева","building":"service","building:levels":"1","height":"6","man_made":"heat_exchange_station","roof:shape":"flat","_source":"real","_class":"heat_substation","_osm_id":"way/96711372","_district":"Даниловский район"}},{"type":"Feature","geometry":{"type":"Polygon","coordinates":[[[37.6602846,55.6215238],[37.6600881,55.621372],[37.6599121,55.6214445],[37.6601086,55.6215964],[37.6602271,55.6215475],[37.6602846,55.6215238]]]},"properties":{"addr:housenumber":"11 с2","addr:street":"Севанская улица","building":"yes","building:levels":"1","height":"6","man_made":"heat_exchange_station","_source":"real","_class":"heat_substation","_osm_id":"way/97201271","_district":"район Царицыно"}},{"type":"Feature","geometry":{"type":"Polygon","coordinates":[[[37.4408973,55.8552351],[37.4405335,55.8551967],[37.4405578,55.855124],[37.4406463,55.8551333],[37.4409216,55.8551624],[37.4408973,55.8552351]]]},"properties":{"addr:city":"Москва","addr:country":"RU","addr:housenumber":"11 с2","addr:street":"улица Фомичёвой","building":"service","building:colour":"white","building:levels":"1","building:material":"brick","location":"indoor","man_made":"heat_exchange_station","pipeline":"substation","roof:colour":"grey","roof:material":"tar_paper","roof:shape":"flat","substance":"hot_water","substation":"distribution","_source":"real","_class":"heat_substation","_osm_id":"way/973136991","_district":"район Северное Тушино"}},{"type":"Feature","geometry":{"type":"Polygon","coordinates":[[[37.676948,55.6361564],[37.6772525,55.6361418],[37.6772384,55.6360481],[37.6769339,55.6360626],[37.676948,55.6361564]]]},"properties":{"addr:housenumber":"5 к4 с2","addr:street":"Кантемировская улица","building":"yes","height":"6","man_made":"heat_exchange_station","_source":"real","_class":"heat_substation","_osm_id":"way/97337347","_district":"район Царицыно"}},{"type":"Feature","geometry":{"type":"Polygon","coordinates":[[[37.6556077,55.626012],[37.6555872,55.6261351],[37.6558084,55.6261468],[37.6558289,55.6260238],[37.6556077,55.626012]]]},"properties":{"addr:housenumber":"8 с2","addr:postcode":"115516","addr:street":"Бакинская улица","building":"yes","building:colour":"beige","building:levels":"1","building:material":"concrete","height":"6","man_made":"heat_exchange_station","roof:angle":"20","roof:colour":"grey","roof:material":"metal","roof:shape":"gabled","_source":"real","_class":"heat_substation","_osm_id":"way/97520212","_district":"район Царицыно"}},{"type":"Feature","geometry":{"type":"Polygon","coordinates":[[[37.6145308,55.6384645],[37.6147751,55.6384741],[37.6147884,55.6383663],[37.6145441,55.6383567],[37.6145308,55.6384645]]]},"properties":{"building":"yes","building:levels":"1","height":"6","man_made":"heat_exchange_station","_source":"real","_class":"heat_substation","_osm_id":"way/97716803","_district":"район Чертаново Северное"}},{"type":"Feature","geometry":{"type":"Polygon","coordinates":[[[37.4983331,55.8037893],[37.4984315,55.8036795],[37.4984558,55.8036863],[37.4984707,55.8036698],[37.4985638,55.8036961],[37.498549,55.8037127],[37.4986167,55.8037318],[37.4985184,55.8038416],[37.4983331,55.8037893]]]},"properties":{"addr:city":"Москва","addr:country":"RU","addr:housenumber":"13 с2","addr:street":"улица Брюллова","building":"service","building:levels":"1","location":"indoor","man_made":"heat_exchange_station","pipeline":"substation","substance":"hot_water","substation":"distribution","_source":"real","_class":"heat_substation","_osm_id":"way/97821312","_district":"район Сокол"}},{"type":"Feature","geometry":{"type":"Polygon","coordinates":[[[37.3737075,55.5100359],[37.3739971,55.5100412],[37.3739971,55.5099434],[37.3737122,55.5099381],[37.3737075,55.5100359]]]},"properties":{"landuse":"industrial","power":"plant","_source":"real","_class":"heat_source","_osm_id":"way/982059341","_district":"район Троицк"}},{"type":"Feature","geometry":{"type":"Polygon","coordinates":[[[37.7428789,55.674057],[37.7429076,55.6739035],[37.743055,55.6739123],[37.7430263,55.6740658],[37.7428789,55.674057]]]},"properties":{"addr:housenumber":"7 к2 с2","addr:street":"улица Судакова","building":"yes","man_made":"heat_exchange_station","_source":"real","_class":"heat_substation","_osm_id":"way/98712699","_district":"район Люблино"}},{"type":"Feature","geometry":{"type":"Polygon","coordinates":[[[37.4785035,55.7907649],[37.4785085,55.7906115],[37.4785624,55.7906121],[37.4785627,55.7906022],[37.4786173,55.7906028],[37.4786124,55.7907559],[37.4785599,55.7907553],[37.4785596,55.7907654],[37.4785035,55.7907649]]]},"properties":{"addr:city":"Москва","addr:country":"RU","addr:housenumber":"3 к2 с1","addr:postcode":"123060","addr:street":"улица Расплетина","building":"service","building:levels":"1","location":"indoor","man_made":"heat_exchange_station","pipeline":"substation","ref":"322/037","substance":"hot_water","substation":"distribution","_source":"real","_class":"heat_substation","_osm_id":"way/98787776","_district":"район Щукино"}},{"type":"Feature","geometry":{"type":"Polygon","coordinates":[[[37.5472933,55.6739917],[37.5474681,55.6739325],[37.547415,55.6738826],[37.5472402,55.6739418],[37.5472933,55.6739917]]]},"properties":{"addr:city":"Москва","addr:housenumber":"27 с1","addr:street":"улица Архитектора Власова","branch":"Филиал №7 Предприятие №3","building":"yes","building:levels":"1","man_made":"heat_exchange_station","operator":"ПАО \"МОЭК\"","pipeline":"substation","pipeline:heat_transfer":"yes","ref":"07-02-0808/036","substance":"hot_water","substation":"distribution","_source":"real","_class":"heat_substation","_osm_id":"way/98886901","_district":"район Черёмушки"}},{"type":"Feature","geometry":{"type":"Polygon","coordinates":[[[37.4469973,55.8569489],[37.4473659,55.8569934],[37.4473913,55.8569272],[37.4474176,55.8568587],[37.447319,55.8568467],[37.4472394,55.8568371],[37.4470491,55.8568141],[37.4470114,55.8569124],[37.4469973,55.8569489]]]},"properties":{"addr:city":"Москва","addr:country":"RU","addr:housenumber":"67 к4 с1","addr:street":"улица Свободы","building":"service","building:colour":"white","building:levels":"1","building:material":"brick","location":"indoor","man_made":"heat_exchange_station","operator":"МОЭК","pipeline":"substation","roof:colour":"grey","roof:material":"tar_paper","roof:shape":"flat","substance":"hot_water","substation":"distribution","_source":"real","_class":"heat_substation","_osm_id":"way/994001818","_district":"район Северное Тушино"}},{"type":"Feature","geometry":{"type":"Polygon","coordinates":[[[37.710632,55.7702508],[37.7107988,55.7703145],[37.7111226,55.7700448],[37.7109573,55.7699818],[37.7108674,55.7700566],[37.7108863,55.7700639],[37.7108423,55.7700999],[37.7108079,55.7700867],[37.7107517,55.7701322],[37.7107873,55.7701463],[37.7107382,55.7701872],[37.7107178,55.7701794],[37.710632,55.7702508]]]},"properties":{"addr:housenumber":"4","addr:street":"Ухтомский переулок","building":"yes","height":"6","man_made":"heat_exchange_station","source":"Адресный реестр Москвы, data.mos.ru","_source":"real","_class":"heat_substation","_osm_id":"way/99510196","_district":"район Лефортово"}}]}