{"type":"FeatureCollection","features":[{"type":"Feature","geometry":{"type":"LineString","coordinates":[[30.4389223,60.0330779],[30.4392879,60.0331314]]},"properties":{"layer":"-1","location":"underground","man_made":"pipeline","_source":"candidate","_class":"pipe_untagged","_osm_id":"way/1026994226","_district":"Красногвардейский район","_length_km":0.021}},{"type":"Feature","geometry":{"type":"LineString","coordinates":[[30.4389437,60.0342793],[30.4390772,60.0343175]]},"properties":{"location":"overground","man_made":"pipeline","_source":"candidate","_class":"pipe_untagged","_osm_id":"way/1026994227","_district":"Красногвардейский район","_length_km":0.009}},{"type":"Feature","geometry":{"type":"LineString","coordinates":[[30.6655183,59.7832643],[30.6653129,59.7833689]]},"properties":{"location":"overground","man_made":"pipeline","_source":"candidate","_class":"pipe_untagged","_osm_id":"way/102867137","_district":"Колпинский район","_length_km":0.016}},{"type":"Feature","geometry":{"type":"LineString","coordinates":[[30.3357352,59.913583],[30.3357763,59.9135446]]},"properties":{"location":"overground","man_made":"pipeline","_source":"candidate","_class":"pipe_untagged","_osm_id":"way/1040782134","_district":"Фрунзенский район","_length_km":0.005}},{"type":"Feature","geometry":{"type":"LineString","coordinates":[[30.3347697,59.9144854],[30.3357352,59.913583]]},"properties":{"bridge":"yes","bridge:structure":"beam","layer":"1","location":"overground","man_made":"pipeline","_source":"candidate","_class":"pipe_untagged","_osm_id":"way/1040782135","_district":"Адмиралтейский район","_length_km":0.114}},{"type":"Feature","geometry":{"type":"LineString","coordinates":[[30.3357636,59.9135906],[30.3348001,59.9144935]]},"properties":{"bridge":"yes","bridge:structure":"beam","layer":"1","location":"overground","man_made":"pipeline","_source":"candidate","_class":"pipe_untagged","_osm_id":"way/1040782136","_district":"Адмиралтейский район","_length_km":0.114}},{"type":"Feature","geometry":{"type":"LineString","coordinates":[[30.3358041,59.9135527],[30.3357636,59.9135906]]},"properties":{"location":"overground","man_made":"pipeline","_source":"candidate","_class":"pipe_untagged","_osm_id":"way/1040782137","_district":"Фрунзенский район","_length_km":0.005}},{"type":"Feature","geometry":{"type":"LineString","coordinates":[[30.3348001,59.9144935],[30.3346826,59.9146036],[30.3344348,59.9145581]]},"properties":{"location":"overground","man_made":"pipeline","_source":"candidate","_class":"pipe_untagged","_osm_id":"way/1040782138","_district":"Адмиралтейский район","_length_km":0.029}},{"type":"Feature","geometry":{"type":"LineString","coordinates":[[30.2700305,60.0465232],[30.2696322,60.0464266]]},"properties":{"location":"overground","man_made":"pipeline","_source":"candidate","_class":"pipe_untagged","_osm_id":"way/1047196810","_district":"Приморский район","_length_km":0.025}},{"type":"Feature","geometry":{"type":"LineString","coordinates":[[30.2703015,60.046591],[30.2700305,60.0465232]]},"properties":{"bridge":"yes","location":"overground","man_made":"pipeline","_source":"candidate","_class":"pipe_untagged","_osm_id":"way/1053447409","_district":"Приморский район","_length_km":0.017}},{"type":"Feature","geometry":{"type":"LineString","coordinates":[[30.4326821,59.8698619],[30.432139,59.8697525]]},"properties":{"location":"underground","man_made":"pipeline","_source":"candidate","_class":"pipe_untagged","_osm_id":"way/1057711014","_district":"Невский район","_length_km":0.033}},{"type":"Feature","geometry":{"type":"LineString","coordinates":[[30.4336558,59.8701348],[30.4329436,59.869977],[30.4326821,59.8698619]]},"properties":{"location":"overground","man_made":"pipeline","_source":"candidate","_class":"pipe_untagged","_osm_id":"way/1057711015","_district":"Невский район","_length_km":0.063}},{"type":"Feature","geometry":{"type":"LineString","coordinates":[[30.4324809,59.8692459],[30.4325742,59.8691136]]},"properties":{"location":"underground","man_made":"pipeline","_source":"candidate","_class":"pipe_untagged","_osm_id":"way/1057711016","_district":"Невский район","_length_km":0.016}},{"type":"Feature","geometry":{"type":"LineString","coordinates":[[30.4328142,59.8688433],[30.4328451,59.8688059]]},"properties":{"location":"underground","man_made":"pipeline","_source":"candidate","_class":"pipe_untagged","_osm_id":"way/1057711017","_district":"Невский район","_length_km":0.005}},{"type":"Feature","geometry":{"type":"LineString","coordinates":[[30.4328451,59.8688059],[30.4329054,59.8687255],[30.4329845,59.8685686]]},"properties":{"location":"overground","man_made":"pipeline","_source":"candidate","_class":"pipe_untagged","_osm_id":"way/1057711018","_district":"Невский район","_length_km":0.028}},{"type":"Feature","geometry":{"type":"LineString","coordinates":[[30.4325742,59.8691136],[30.4328142,59.8688433]]},"properties":{"location":"overground","man_made":"pipeline","_source":"candidate","_class":"pipe_untagged","_osm_id":"way/1057711019","_district":"Невский район","_length_km":0.033}},{"type":"Feature","geometry":{"type":"LineString","coordinates":[[30.432139,59.8697525],[30.4320665,59.869737],[30.4324809,59.8692459]]},"properties":{"location":"overground","man_made":"pipeline","_source":"candidate","_class":"pipe_untagged","_osm_id":"way/1057711020","_district":"Невский район","_length_km":0.064}},{"type":"Feature","geometry":{"type":"LineString","coordinates":[[30.4740676,59.9944259],[30.474069,59.9944474],[30.4738186,59.9944459],[30.4738156,59.9945667],[30.4737415,59.9945682],[30.4736408,59.9946126],[30.4724636,59.9941292],[30.4717566,59.9945819],[30.4711599,59.9945879],[30.4711069,59.994553],[30.4710277,59.9945774],[30.4710798,59.9946129],[30.4697747,59.9950292],[30.4698188,59.9950681],[30.4697454,59.9950956],[30.4696972,59.9950539],[30.468094,59.9955652],[30.4681423,59.9956045],[30.4680542,59.9956324],[30.4680054,59.9955935],[30.4662979,59.996138],[30.4663389,59.9961765],[30.466262,59.9962001],[30.466219,59.9961632],[30.4646217,59.9966726],[30.4646656,59.9967094],[30.4645861,59.9967341],[30.4645398,59.9966988],[30.4628061,59.9972517],[30.4628549,59.9972893],[30.4627839,59.9973112],[30.4627379,59.9972734],[30.4611441,59.9977817],[30.4611954,59.9978282],[30.4611101,59.9978558],[30.4610487,59.9978121],[30.4593422,59.9983564],[30.4593961,59.9983975],[30.4593222,59.9984195],[30.4592688,59.9983798],[30.4576756,59.9988879],[30.45774,59.9989334],[30.4576413,59.998963],[30.4575754,59.9989204],[30.4562273,59.9993581],[30.456284,59.9993952],[30.4562095,59.9994208],[30.4561582,59.9993805],[30.4561206,59.9993974]]},"properties":{"location":"overground","man_made":"pipeline","_source":"candidate","_class":"pipe_untagged","_osm_id":"way/1068764841","_district":"Красногвардейский район","_length_km":1.324}},{"type":"Feature","geometry":{"type":"LineString","coordinates":[[29.8208534,59.8915545],[29.8202841,59.8913447],[29.8193296,59.8901467]]},"properties":{"layer":"2","location":"overhead","man_made":"pipeline","_source":"candidate","_class":"pipe_untagged","_osm_id":"way/1087706969","_district":"Петродворцовый район","_length_km":0.183}},{"type":"Feature","geometry":{"type":"LineString","coordinates":[[29.8208534,59.8915545],[29.8212069,59.892338]]},"properties":{"layer":"-1","location":"underground","man_made":"pipeline","_source":"candidate","_class":"pipe_untagged","_osm_id":"way/1087706970","_district":"Петродворцовый район","_length_km":0.09}},{"type":"Feature","geometry":{"type":"LineString","coordinates":[[30.1224075,59.8469394],[30.1223329,59.8468851],[30.121968,59.8464428],[30.1223615,59.8463616],[30.1222669,59.8462299],[30.1223531,59.8454258],[30.122256,59.8454245],[30.1222704,59.8453001],[30.1223787,59.8453031],[30.1224104,59.8450203],[30.123119,59.8442056],[30.1226726,59.8440738],[30.1230279,59.8437879],[30.1241689,59.8428523],[30.1244271,59.8424488],[30.1245218,59.8422778],[30.1245292,59.8421531],[30.1244482,59.8421519],[30.1226237,59.8421243]]},"properties":{"location":"overground","man_made":"pipeline","_source":"candidate","_class":"pipe_untagged","_osm_id":"way/109208509","_district":"Красносельский район","_length_km":0.723}},{"type":"Feature","geometry":{"type":"LineString","coordinates":[[30.2157791,59.8464793],[30.2157722,59.8465],[30.2157335,59.8465633],[30.2157143,59.8465604]]},"properties":{"man_made":"pipeline","_source":"candidate","_class":"pipe_untagged","_osm_id":"way/1102833616","_district":"Кировский район","_length_km":0.011}},{"type":"Feature","geometry":{"type":"LineString","coordinates":[[30.215713,59.8465626],[30.215733,59.8465656],[30.2157367,59.8465653],[30.2157771,59.8464994],[30.2157835,59.84648]]},"properties":{"man_made":"pipeline","_source":"candidate","_class":"pipe_untagged","_osm_id":"way/1102833617","_district":"Кировский район","_length_km":0.011}},{"type":"Feature","geometry":{"type":"LineString","coordinates":[[30.2157884,59.8464807],[30.2157809,59.8464999],[30.2157355,59.8465735],[30.2157323,59.8465744],[30.2157085,59.8465705]]},"properties":{"man_made":"pipeline","_source":"candidate","_class":"pipe_untagged","_osm_id":"way/1102833618","_district":"Кировский район","_length_km":0.012}},{"type":"Feature","geometry":{"type":"LineString","coordinates":[[30.2157073,59.8465725],[30.2157345,59.846577],[30.2157379,59.846576],[30.2157851,59.8465],[30.2157926,59.8464813]]},"properties":{"man_made":"pipeline","_source":"candidate","_class":"pipe_untagged","_osm_id":"way/1102833619","_district":"Кировский район","_length_km":0.013}},{"type":"Feature","geometry":{"type":"LineString","coordinates":[[30.6655917,59.7832263],[30.6655183,59.7832643]]},"properties":{"location":"overhead","man_made":"pipeline","_source":"candidate","_class":"pipe_untagged","_osm_id":"way/1119230985","_district":"Колпинский район","_length_km":0.006}},{"type":"Feature","geometry":{"type":"LineString","coordinates":[[30.6661275,59.782944],[30.6655917,59.7832263]]},"properties":{"location":"overground","man_made":"pipeline","_source":"candidate","_class":"pipe_untagged","_osm_id":"way/1119230986","_district":"Колпинский район","_length_km":0.044}},{"type":"Feature","geometry":{"type":"LineString","coordinates":[[30.4541222,59.9999996],[30.4542776,60.0001137],[30.4543574,60.0001137],[30.45436,60.0001587],[30.4542854,60.00016],[30.4542892,60.0010124],[30.4543767,60.0010124],[30.4543741,60.0010703],[30.4542944,60.0010703],[30.4543072,60.0016505],[30.4551237,60.0016459],[30.4551416,60.002575],[30.4551929,60.002575],[30.4551952,60.0026253],[30.4551416,60.0026264],[30.4551594,60.0031647]]},"properties":{"location":"overground","man_made":"pipeline","_source":"candidate","_class":"pipe_untagged","_osm_id":"way/1135408729","_district":"Красногвардейский район","_length_km":0.425}},{"type":"Feature","geometry":{"type":"LineString","coordinates":[[30.4551617,60.0033177],[30.4551661,60.0040346],[30.4552264,60.0040357],[30.455222,60.0040893],[30.4551684,60.0040904],[30.4551706,60.0047158],[30.4552912,60.0047147],[30.4552912,60.004756]]},"properties":{"location":"overground","man_made":"pipeline","_source":"candidate","_class":"pipe_untagged","_osm_id":"way/1135408730","_district":"Красногвардейский район","_length_km":0.173}},{"type":"Feature","geometry":{"type":"LineString","coordinates":[[30.4551594,60.0031647],[30.4551617,60.0033177]]},"properties":{"layer":"-1","location":"underground","man_made":"pipeline","_source":"candidate","_class":"pipe_untagged","_osm_id":"way/1135408731","_district":"Красногвардейский район","_length_km":0.017}},{"type":"Feature","geometry":{"type":"LineString","coordinates":[[30.4556371,59.9996461],[30.455467,59.999597],[30.4545459,59.999864],[30.4545868,59.9998952],[30.4545339,59.999912],[30.4544883,59.9998817],[30.4541222,59.9999996],[30.4540863,60.0000112]]},"properties":{"location":"overground","man_made":"pipeline","_source":"candidate","_class":"pipe_untagged","_osm_id":"way/1135408732","_district":"Красногвардейский район","_length_km":0.109}},{"type":"Feature","geometry":{"type":"LineString","coordinates":[[30.4561206,59.9993974],[30.4556371,59.9996461]]},"properties":{"layer":"-1","location":"underground","man_made":"pipeline","_source":"candidate","_class":"pipe_untagged","_osm_id":"way/1135408733","_district":"Красногвардейский район","_length_km":0.039}},{"type":"Feature","geometry":{"type":"LineString","coordinates":[[29.7417128,60.0099978],[29.7417588,60.0100366],[29.7417742,60.0100495],[29.7422234,60.0099162],[29.7420877,60.0098018],[29.7425141,60.0096754],[29.7426267,60.0097703],[29.7426424,60.0097836],[29.7427281,60.0098559],[29.7427941,60.0099115]]},"properties":{"man_made":"pipeline","_source":"candidate","_class":"pipe_untagged","_osm_id":"way/1141944457","_district":"Кронштадтский район","_length_km":0.109}},{"type":"Feature","geometry":{"type":"LineString","coordinates":[[29.7426267,60.0097703],[29.7431007,60.0096365],[29.7431747,60.009702],[29.7432754,60.0096735]]},"properties":{"man_made":"pipeline","_source":"candidate","_class":"pipe_untagged","_osm_id":"way/1141944458","_district":"Кронштадтский район","_length_km":0.045}},{"type":"Feature","geometry":{"type":"LineString","coordinates":[[29.7427281,60.0098559],[29.7428247,60.0098246]]},"properties":{"man_made":"pipeline","_source":"candidate","_class":"pipe_untagged","_osm_id":"way/1141944459","_district":"Кронштадтский район","_length_km":0.006}},{"type":"Feature","geometry":{"type":"LineString","coordinates":[[29.7410094,60.0101516],[29.7411484,60.010109],[29.7412582,60.0101957],[29.741311,60.0102374],[29.7411671,60.0102799]]},"properties":{"man_made":"pipeline","_source":"candidate","_class":"pipe_untagged","_osm_id":"way/1141944460","_district":"Кронштадтский район","_length_km":0.035}},{"type":"Feature","geometry":{"type":"LineString","coordinates":[[29.7412582,60.0101957],[29.7413282,60.0101753],[29.7413626,60.0102048],[29.7415982,60.0101361],[29.7415522,60.0100967],[29.7417588,60.0100366]]},"properties":{"man_made":"pipeline","_source":"candidate","_class":"pipe_untagged","_osm_id":"way/1141944461","_district":"Кронштадтский район","_length_km":0.042}},{"type":"Feature","geometry":{"type":"LineString","coordinates":[[29.7413694,60.0100616],[29.7414479,60.0100369],[29.7414738,60.0100575],[29.741651,60.0100018]]},"properties":{"man_made":"pipeline","_source":"candidate","_class":"pipe_untagged","_osm_id":"way/1141944462","_district":"Кронштадтский район","_length_km":0.02}},{"type":"Feature","geometry":{"type":"LineString","coordinates":[[29.7424925,60.0098316],[29.7426424,60.0097836]]},"properties":{"man_made":"pipeline","_source":"candidate","_class":"pipe_untagged","_osm_id":"way/1141944463","_district":"Кронштадтский район","_length_km":0.01}},{"type":"Feature","geometry":{"type":"LineString","coordinates":[[29.7426615,60.0099543],[29.7427941,60.0099115]]},"properties":{"man_made":"pipeline","_source":"candidate","_class":"pipe_untagged","_osm_id":"way/1141944464","_district":"Кронштадтский район","_length_km":0.009}},{"type":"Feature","geometry":{"type":"LineString","coordinates":[[30.2799806,59.8678634],[30.2805948,59.8676763],[30.2827433,59.8675739],[30.2827755,59.8677099],[30.2829029,59.8677052],[30.2828747,59.8675659],[30.2841192,59.8675174],[30.2844867,59.8677988],[30.2845779,59.8685367],[30.2861014,59.8684815],[30.2861255,59.8686551],[30.2867022,59.8686363]]},"properties":{"layer":"1","location":"overground","man_made":"pipeline","_source":"candidate","_class":"pipe_untagged","_osm_id":"way/1144512279","_district":"Кировский район","_length_km":0.526}},{"type":"Feature","geometry":{"type":"LineString","coordinates":[[30.4930355,59.8659375],[30.492948,59.8659191]]},"properties":{"location":"overground","man_made":"pipeline","_source":"candidate","_class":"pipe_untagged","_osm_id":"way/1148346274","_district":"Невский район","_length_km":0.005}},{"type":"Feature","geometry":{"type":"LineString","coordinates":[[30.4931639,59.8659645],[30.4930355,59.8659375]]},"properties":{"location":"overhead","man_made":"pipeline","_source":"candidate","_class":"pipe_untagged","_osm_id":"way/1148346275","_district":"Невский район","_length_km":0.008}},{"type":"Feature","geometry":{"type":"LineString","coordinates":[[30.4925175,59.8658363],[30.4907164,59.865466],[30.4906762,59.8655027],[30.4892211,59.8652061],[30.4888362,59.8652323],[30.4885639,59.8654]]},"properties":{"location":"overground","man_made":"pipeline","_source":"candidate","_class":"pipe_untagged","_osm_id":"way/1148346276","_district":"Невский район","_length_km":0.248}},{"type":"Feature","geometry":{"type":"LineString","coordinates":[[30.492948,59.8659191],[30.4925175,59.8658363]]},"properties":{"location":"overhead","man_made":"pipeline","_source":"candidate","_class":"pipe_untagged","_osm_id":"way/1148346277","_district":"Невский район","_length_km":0.026}},{"type":"Feature","geometry":{"type":"LineString","coordinates":[[30.4935341,59.8660423],[30.4931639,59.8659645]]},"properties":{"location":"overground","man_made":"pipeline","_source":"candidate","_class":"pipe_untagged","_osm_id":"way/1148346278","_district":"Невский район","_length_km":0.022}},{"type":"Feature","geometry":{"type":"LineString","coordinates":[[30.4936092,59.8659534],[30.4935341,59.8660423]]},"properties":{"location":"overhead","man_made":"pipeline","_source":"candidate","_class":"pipe_untagged","_osm_id":"way/1148346279","_district":"Невский район","_length_km":0.011}},{"type":"Feature","geometry":{"type":"LineString","coordinates":[[30.4804683,59.8769905],[30.4801968,59.8770238]]},"properties":{"layer":"1","location":"overhead","man_made":"pipeline","_source":"candidate","_class":"pipe_untagged","_osm_id":"way/1149656898","_district":"Невский район","_length_km":0.016}},{"type":"Feature","geometry":{"type":"LineString","coordinates":[[30.5214733,59.9803027],[30.5208303,59.9804137],[30.5208212,59.9804003],[30.5207768,59.9804079],[30.520786,59.9804213],[30.5204368,59.9804816],[30.5204279,59.9804682],[30.5203834,59.9804756],[30.5203924,59.9804892],[30.5191455,59.9806966],[30.5180281,59.9808531],[30.5180361,59.9808667],[30.517991,59.9808733],[30.517983,59.9808597],[30.5168787,59.9810213],[30.5168683,59.9810043],[30.5159067,59.9811509],[30.5159232,59.9811829],[30.51444,59.9813744],[30.514445,59.9813841]]},"properties":{"location":"overground","man_made":"pipeline","_source":"candidate","_class":"pipe_untagged","_osm_id":"way/1157287045","_district":"Красногвардейский район","_length_km":0.427}},{"type":"Feature","geometry":{"type":"LineString","coordinates":[[30.3125725,59.9842619],[30.3127675,59.9839286]]},"properties":{"bridge":"yes","layer":"1","man_made":"pipeline","_source":"candidate","_class":"pipe_untagged","_osm_id":"way/1158307653","_district":"Приморский район","_length_km":0.039}},{"type":"Feature","geometry":{"type":"LineString","coordinates":[[30.2753102,60.0276464],[30.2753162,60.0277821]]},"properties":{"location":"underground","man_made":"pipeline","_source":"candidate","_class":"pipe_untagged","_osm_id":"way/1159021899","_district":"Приморский район","_length_km":0.015}},{"type":"Feature","geometry":{"type":"LineString","coordinates":[[30.2750125,60.0273281],[30.2750695,60.0273265],[30.2751151,60.0276497],[30.2753102,60.0276464]]},"properties":{"location":"overground","man_made":"pipeline","_source":"candidate","_class":"pipe_untagged","_osm_id":"way/1159021900","_district":"Приморский район","_length_km":0.05}},{"type":"Feature","geometry":{"type":"LineString","coordinates":[[30.2754813,60.0289435],[30.2754839,60.0289743],[30.2752599,60.028983],[30.2752747,60.0291455],[30.2752525,60.0291458],[30.2753437,60.0300181],[30.2754054,60.0300171],[30.2754434,60.0303577]]},"properties":{"location":"overground","man_made":"pipeline","_source":"candidate","_class":"pipe_untagged","_osm_id":"way/1159021901","_district":"Приморский район","_length_km":0.174}},{"type":"Feature","geometry":{"type":"LineString","coordinates":[[30.2754665,60.0287635],[30.2754813,60.0289435]]},"properties":{"location":"underground","man_made":"pipeline","_source":"candidate","_class":"pipe_untagged","_osm_id":"way/1159021902","_district":"Приморский район","_length_km":0.02}},{"type":"Feature","geometry":{"type":"LineString","coordinates":[[30.2754567,60.0304767],[30.2754852,60.0307319]]},"properties":{"location":"overground","man_made":"pipeline","_source":"candidate","_class":"pipe_untagged","_osm_id":"way/1159021903","_district":"Приморский район","_length_km":0.028}},{"type":"Feature","geometry":{"type":"LineString","coordinates":[[30.2754434,60.0303577],[30.2754567,60.0304767]]},"properties":{"location":"underground","man_made":"pipeline","_source":"candidate","_class":"pipe_untagged","_osm_id":"way/1159021904","_district":"Приморский район","_length_km":0.013}},{"type":"Feature","geometry":{"type":"LineString","coordinates":[[30.2754972,60.0308515],[30.2755201,60.0310792],[30.2757394,60.0310742],[30.2757502,60.0311851]]},"properties":{"location":"overground","man_made":"pipeline","_source":"candidate","_class":"pipe_untagged","_osm_id":"way/1159021905","_district":"Приморский район","_length_km":0.05}},{"type":"Feature","geometry":{"type":"LineString","coordinates":[[30.2754852,60.0307319],[30.2754972,60.0308515]]},"properties":{"location":"underground","man_made":"pipeline","_source":"candidate","_class":"pipe_untagged","_osm_id":"way/1159021906","_district":"Приморский район","_length_km":0.013}},{"type":"Feature","geometry":{"type":"LineString","coordinates":[[30.2757628,60.031315],[30.2759291,60.03302]]},"properties":{"location":"overground","man_made":"pipeline","_source":"candidate","_class":"pipe_untagged","_osm_id":"way/1159021907","_district":"Приморский район","_length_km":0.19}},{"type":"Feature","geometry":{"type":"LineString","coordinates":[[30.2757502,60.0311851],[30.2757628,60.031315]]},"properties":{"location":"underground","man_made":"pipeline","_source":"candidate","_class":"pipe_untagged","_osm_id":"way/1159021908","_district":"Приморский район","_length_km":0.014}},{"type":"Feature","geometry":{"type":"LineString","coordinates":[[30.2759506,60.0332494],[30.2759566,60.033313],[30.2762584,60.033305],[30.2764079,60.0346373]]},"properties":{"location":"overground","man_made":"pipeline","_source":"candidate","_class":"pipe_untagged","_osm_id":"way/1159021909","_district":"Приморский район","_length_km":0.173}},{"type":"Feature","geometry":{"type":"LineString","coordinates":[[30.2759291,60.03302],[30.2759506,60.0332494]]},"properties":{"location":"underground","man_made":"pipeline","_source":"candidate","_class":"pipe_untagged","_osm_id":"way/1159021910","_district":"Приморский район","_length_km":0.026}},{"type":"Feature","geometry":{"type":"LineString","coordinates":[[30.2753162,60.0277821],[30.2751224,60.0278829],[30.2752116,60.0287224],[30.2754631,60.0287224],[30.2754665,60.0287635]]},"properties":{"location":"overground","man_made":"pipeline","_source":"candidate","_class":"pipe_untagged","_osm_id":"way/1159021911","_district":"Приморский район","_length_km":0.128}},{"type":"Feature","geometry":{"type":"LineString","coordinates":[[30.3652364,59.8539393],[30.3655382,59.8539718]]},"properties":{"bridge":"yes","highway":"path","layer":"1","location":"overground","man_made":"pipeline","material":"metal","smoothness":"bad","surface":"metal","_source":"candidate","_class":"pipe_untagged","_osm_id":"way/117991113","_district":"Фрунзенский район","_length_km":0.017}},{"type":"Feature","geometry":{"type":"LineString","coordinates":[[30.2442502,59.8744184],[30.2448698,59.8748473],[30.245586,59.8745932],[30.2459387,59.8748522],[30.2461905,59.8747621],[30.2468996,59.8752442],[30.2469888,59.8752092],[30.2470484,59.8752513],[30.2469546,59.8752843],[30.247719,59.8758005],[30.2494343,59.8751752],[30.2485746,59.8745971],[30.2497327,59.8741747],[30.2489991,59.8736635]]},"properties":{"layer":"1","man_made":"pipeline","_source":"candidate","_class":"pipe_untagged","_osm_id":"way/1188077836","_district":"Кировский район","_length_km":0.667}},{"type":"Feature","geometry":{"type":"LineString","coordinates":[[30.244267,59.874415],[30.2448732,59.8748363],[30.2455893,59.8745769],[30.2459454,59.8748377],[30.2461895,59.8747499],[30.246217,59.87477]]},"properties":{"layer":"1","man_made":"pipeline","_source":"candidate","_class":"pipe_untagged","_osm_id":"way/1188077837","_district":"Кировский район","_length_km":0.162}},{"type":"Feature","geometry":{"type":"LineString","coordinates":[[30.3862561,60.0532218],[30.3864515,60.0531819],[30.3865287,60.0532589],[30.3867554,60.0532131]]},"properties":{"man_made":"pipeline","_source":"candidate","_class":"pipe_untagged","_osm_id":"way/1189125089","_district":"Калининский район","_length_km":0.035}},{"type":"Feature","geometry":{"type":"LineString","coordinates":[[30.3868323,60.0531196],[30.387426,60.0530091]]},"properties":{"location":"overhead","man_made":"pipeline","_source":"candidate","_class":"pipe_untagged","_osm_id":"way/1189125090","_district":"Калининский район","_length_km":0.035}},{"type":"Feature","geometry":{"type":"LineString","coordinates":[[30.3867554,60.0532131],[30.3868876,60.0531864],[30.3868403,60.0531292]]},"properties":{"layer":"0","location":"overhead","man_made":"pipeline","_source":"candidate","_class":"pipe_untagged","_osm_id":"way/1189125091","_district":"Калининский район","_length_km":0.015}},{"type":"Feature","geometry":{"type":"LineString","coordinates":[[30.3868403,60.0531292],[30.3868323,60.0531196]]},"properties":{"man_made":"pipeline","_source":"candidate","_class":"pipe_untagged","_osm_id":"way/1189125092","_district":"Калининский район","_length_km":0.001}},{"type":"Feature","geometry":{"type":"LineString","coordinates":[[30.2167326,59.904678],[30.2166893,59.9046646],[30.2166544,59.9043972],[30.2166399,59.9042731],[30.21659,59.904269],[30.2165879,59.90417],[30.2166357,59.904171],[30.2165651,59.9037906],[30.2165193,59.9035832],[30.2163567,59.9034723],[30.2162665,59.9033527],[30.2161527,59.9032234],[30.2160863,59.9031379],[30.2160155,59.9030353],[30.2159935,59.9029432],[30.2159825,59.9028969],[30.215991,59.9027464],[30.2159943,59.9026311]]},"properties":{"location":"overground","man_made":"pipeline","_source":"candidate","_class":"pipe_untagged","_osm_id":"way/1191224558","_district":"Кировский район","_length_km":0.242}},{"type":"Feature","geometry":{"type":"LineString","coordinates":[[30.2933742,59.8154807],[30.2933688,59.8155785]]},"properties":{"layer":"1","location":"overhead","man_made":"pipeline","_source":"candidate","_class":"pipe_untagged","_osm_id":"way/1191896391","_district":"Московский район","_length_km":0.011}},{"type":"Feature","geometry":{"type":"LineString","coordinates":[[30.3120551,59.9628191],[30.3121133,59.9628346]]},"properties":{"location":"overground","man_made":"pipeline","_source":"candidate","_class":"pipe_untagged","_osm_id":"way/120529523","_district":"Петроградский район","_length_km":0.004}},{"type":"Feature","geometry":{"type":"LineString","coordinates":[[30.3120168,59.9628235],[30.312016,59.9628414],[30.3120278,59.9628497],[30.3120815,59.9628655]]},"properties":{"location":"overground","man_made":"pipeline","_source":"candidate","_class":"pipe_untagged","_osm_id":"way/120529527","_district":"Петроградский район","_length_km":0.007}},{"type":"Feature","geometry":{"type":"LineString","coordinates":[[30.31204,59.9627985],[30.3120703,59.9627838],[30.3120928,59.9627805],[30.312154,59.9627951]]},"properties":{"location":"overground","man_made":"pipeline","_source":"candidate","_class":"pipe_untagged","_osm_id":"way/120529528","_district":"Петроградский район","_length_km":0.007}},{"type":"Feature","geometry":{"type":"LineString","coordinates":[[30.4397484,60.0361432],[30.4394837,60.0361222],[30.4394822,60.0359857]]},"properties":{"location":"overground","man_made":"pipeline","_source":"candidate","_class":"pipe_untagged","_osm_id":"way/1217736699","_district":"Красногвардейский район","_length_km":0.03}},{"type":"Feature","geometry":{"type":"LineString","coordinates":[[30.4394822,60.0359857],[30.4394811,60.0359447]]},"properties":{"location":"indoor","man_made":"pipeline","_source":"candidate","_class":"pipe_untagged","_osm_id":"way/1217736700","_district":"Красногвардейский район","_length_km":0.005}},{"type":"Feature","geometry":{"type":"LineString","coordinates":[[30.3344418,59.9145471],[30.3346611,59.9145868],[30.3347697,59.9144854]]},"properties":{"location":"overground","man_made":"pipeline","_source":"candidate","_class":"pipe_untagged","_osm_id":"way/121904854","_district":"Адмиралтейский район","_length_km":0.026}},{"type":"Feature","geometry":{"type":"LineString","coordinates":[[30.2549791,59.909285],[30.2540262,59.90929]]},"properties":{"location":"overground","man_made":"pipeline","_source":"candidate","_class":"pipe_untagged","_osm_id":"way/1223954386","_district":"Кировский район","_length_km":0.053}},{"type":"Feature","geometry":{"type":"LineString","coordinates":[[30.2550367,59.9092846],[30.2551353,59.9092829],[30.2551393,59.9096386],[30.2564409,59.9096507]]},"properties":{"location":"overground","man_made":"pipeline","_source":"candidate","_class":"pipe_untagged","_osm_id":"way/1223954387","_district":"Кировский район","_length_km":0.118}},{"type":"Feature","geometry":{"type":"LineString","coordinates":[[30.3699524,59.8037838],[30.3693978,59.803738]]},"properties":{"location":"overground","man_made":"pipeline","_source":"candidate","_class":"pipe_untagged","_osm_id":"way/1230308915","_district":"Пушкинский район","_length_km":0.032}},{"type":"Feature","geometry":{"type":"LineString","coordinates":[[30.3691944,59.802001],[30.3692629,59.8018907],[30.3681768,59.8017166],[30.3678417,59.801663],[30.3684975,59.8005877]]},"properties":{"location":"overground","man_made":"pipeline","_source":"candidate","_class":"pipe_untagged","_osm_id":"way/1230308916","_district":"Пушкинский район","_length_km":0.222}},{"type":"Feature","geometry":{"type":"LineString","coordinates":[[30.3690973,59.80216],[30.3691944,59.802001]]},"properties":{"location":"overhead","man_made":"pipeline","_source":"candidate","_class":"pipe_untagged","_osm_id":"way/1230308917","_district":"Пушкинский район","_length_km":0.019}},{"type":"Feature","geometry":{"type":"LineString","coordinates":[[30.369015,59.8029338],[30.3691658,59.8025167],[30.3689739,59.8023909],[30.3690973,59.80216]]},"properties":{"location":"overground","man_made":"pipeline","_source":"candidate","_class":"pipe_untagged","_osm_id":"way/1230308918","_district":"Пушкинский район","_length_km":0.092}},{"type":"Feature","geometry":{"type":"LineString","coordinates":[[30.3689739,59.8030682],[30.369015,59.8029338]]},"properties":{"location":"overhead","man_made":"pipeline","_source":"candidate","_class":"pipe_untagged","_osm_id":"way/1230308919","_district":"Пушкинский район","_length_km":0.015}},{"type":"Feature","geometry":{"type":"LineString","coordinates":[[30.3688437,59.8035456],[30.3689739,59.8030682]]},"properties":{"location":"overground","man_made":"pipeline","_source":"candidate","_class":"pipe_untagged","_osm_id":"way/1230308920","_district":"Пушкинский район","_length_km":0.054}},{"type":"Feature","geometry":{"type":"LineString","coordinates":[[30.3688129,59.8036507],[30.3688305,59.8035936],[30.3688437,59.8035456]]},"properties":{"location":"overhead","man_made":"pipeline","_source":"candidate","_class":"pipe_untagged","_osm_id":"way/1230308921","_district":"Пушкинский район","_length_km":0.012}},{"type":"Feature","geometry":{"type":"LineString","coordinates":[[30.3690568,59.8037083],[30.3688026,59.8036783],[30.3688129,59.8036507]]},"properties":{"location":"overground","man_made":"pipeline","_source":"candidate","_class":"pipe_untagged","_osm_id":"way/1230308922","_district":"Пушкинский район","_length_km":0.018}},{"type":"Feature","geometry":{"type":"LineString","coordinates":[[30.3693978,59.803738],[30.3690568,59.8037083]]},"properties":{"location":"overhead","man_made":"pipeline","_source":"candidate","_class":"pipe_untagged","_osm_id":"way/1230308923","_district":"Пушкинский район","_length_km":0.019}},{"type":"Feature","geometry":{"type":"LineString","coordinates":[[30.3043803,60.0184257],[30.3044118,60.0183507],[30.3058264,60.0185102]]},"properties":{"man_made":"pipeline","_source":"candidate","_class":"pipe_untagged","_osm_id":"way/123452892","_district":"Приморский район","_length_km":0.089}},{"type":"Feature","geometry":{"type":"LineString","coordinates":[[30.3402811,59.9808504],[30.3402997,59.9808003],[30.3402891,59.9807917]]},"properties":{"location":"overground","man_made":"pipeline","_source":"candidate","_class":"pipe_untagged","_osm_id":"way/1235728323","_district":"Выборгский район","_length_km":0.007}},{"type":"Feature","geometry":{"type":"LineString","coordinates":[[30.3402362,59.9808461],[30.3402542,59.9807969],[30.3402713,59.9807899]]},"properties":{"location":"overground","man_made":"pipeline","_source":"candidate","_class":"pipe_untagged","_osm_id":"way/1235728326","_district":"Выборгский район","_length_km":0.007}},{"type":"Feature","geometry":{"type":"LineString","coordinates":[[30.2439085,59.9241179],[30.2437342,59.9241759],[30.2435216,59.9242477],[30.2431077,59.9239515],[30.2426563,59.9241196]]},"properties":{"location":"overhead","man_made":"pipeline","_source":"candidate","_class":"pipe_untagged","_osm_id":"way/1239372692","_district":"Василеостровский район","_length_km":0.098}},{"type":"Feature","geometry":{"type":"LineString","coordinates":[[30.2445861,59.9243812],[30.2440756,59.9241149],[30.2439085,59.9241179]]},"properties":{"location":"overground","man_made":"pipeline","_source":"candidate","_class":"pipe_untagged","_osm_id":"way/1239372695","_district":"Василеостровский район","_length_km":0.051}},{"type":"Feature","geometry":{"type":"LineString","coordinates":[[30.0387148,59.72518],[30.0389176,59.7248037],[30.0390175,59.7245418],[30.0390651,59.7242388],[30.0391373,59.7242417],[30.0391433,59.7242031],[30.0390673,59.7242001],[30.0391489,59.7236816],[30.0392214,59.7236845],[30.0392288,59.7236374],[30.0391498,59.7236342],[30.0392358,59.7230868],[30.039307,59.7230897],[30.0393124,59.7230554],[30.0392384,59.7230524],[30.0393235,59.7225112],[30.0394096,59.7225147],[30.0394148,59.7224815],[30.0393398,59.7224785],[30.0394268,59.721925],[30.0395173,59.7219286],[30.0395233,59.721891],[30.0394423,59.7218878],[30.0395293,59.7213348],[30.0395945,59.7213374],[30.0396,59.7213026],[30.0395402,59.7213002],[30.0396229,59.7207743],[30.0397014,59.7207774],[30.0397071,59.720741],[30.0396363,59.7207381],[30.0396918,59.7203849],[30.0402504,59.7203064],[30.0413225,59.7202311],[30.0419659,59.7205361],[30.0419231,59.7205595],[30.0419713,59.7205856],[30.0420158,59.7205658],[30.0429874,59.7210736],[30.0429375,59.7210979],[30.0429909,59.7211213],[30.0430444,59.721097],[30.0439678,59.7215698],[30.0439197,59.7215923],[30.043966,59.7216201],[30.0440142,59.7215941],[30.0450256,59.7221242],[30.0455712,59.7224764],[30.0455178,59.7224967],[30.0455623,59.7225247],[30.0456091,59.7225023],[30.046311,59.7229966],[30.046262,59.7230112],[30.0462977,59.7230427],[30.0463623,59.7230247],[30.0470263,59.7235336],[30.0476258,59.7240661],[30.0475723,59.7240852],[30.0476102,59.7241145],[30.0476748,59.7240942],[30.0478776,59.7242762]]},"properties":{"location":"overground","man_made":"pipeline","_source":"candidate","_class":"pipe_untagged","_osm_id":"way/125046670","_district":"вне районов","_length_km":1.321}},{"type":"Feature","geometry":{"type":"LineString","coordinates":[[30.3133962,59.9022735],[30.3133855,59.9026256]]},"properties":{"location":"overground","man_made":"pipeline","_source":"candidate","_class":"pipe_untagged","_osm_id":"way/1258062986","_district":"Адмиралтейский район","_length_km":0.039}},{"type":"Feature","geometry":{"type":"LineString","coordinates":[[30.411446,59.8771959],[30.4115874,59.877233]]},"properties":{"location":"overhead","man_made":"pipeline","_source":"candidate","_class":"pipe_untagged","_osm_id":"way/1262478930","_district":"Невский район","_length_km":0.009}},{"type":"Feature","geometry":{"type":"LineString","coordinates":[[30.4115874,59.877233],[30.4116397,59.8772514],[30.4120023,59.8769198],[30.412072,59.8768778]]},"properties":{"layer":"0","location":"overground","man_made":"pipeline","_source":"candidate","_class":"pipe_untagged","_osm_id":"way/1262478931","_district":"Невский район","_length_km":0.052}},{"type":"Feature","geometry":{"type":"LineString","coordinates":[[30.412072,59.8768778],[30.4122236,59.8768367],[30.4121382,59.8767527],[30.4123439,59.8766023],[30.4126339,59.8766737]]},"properties":{"location":"overhead","man_made":"pipeline","_source":"candidate","_class":"pipe_untagged","_osm_id":"way/1262478932","_district":"Невский район","_length_km":0.059}},{"type":"Feature","geometry":{"type":"LineString","coordinates":[[30.4123439,59.8766023],[30.4122445,59.8765695]]},"properties":{"location":"overhead","man_made":"pipeline","_source":"candidate","_class":"pipe_untagged","_osm_id":"way/1262478933","_district":"Невский район","_length_km":0.007}},{"type":"Feature","geometry":{"type":"LineString","coordinates":[[30.1046862,59.8446673],[30.1049383,59.8458705],[30.1050912,59.8458611],[30.1052159,59.8463697],[30.1051167,59.8463751],[30.1051354,59.84659]]},"properties":{"location":"overground","man_made":"pipeline","_source":"candidate","_class":"pipe_untagged","_osm_id":"way/1280348371","_district":"Красносельский район","_length_km":0.23}},{"type":"Feature","geometry":{"type":"LineString","coordinates":[[30.1053715,59.8446269],[30.1046862,59.8446673]]},"properties":{"layer":"-1","location":"underwater","man_made":"pipeline","_source":"candidate","_class":"pipe_untagged","_osm_id":"way/1280348372","_district":"Красносельский район","_length_km":0.039}},{"type":"Feature","geometry":{"type":"LineString","coordinates":[[30.1121454,59.844606],[30.1126644,59.8445656]]},"properties":{"location":"surface","man_made":"pipeline","_source":"candidate","_class":"pipe_untagged","_osm_id":"way/1280348373","_district":"Красносельский район","_length_km":0.029}},{"type":"Feature","geometry":{"type":"LineString","coordinates":[[30.1117585,59.8446384],[30.1121454,59.844606]]},"properties":{"layer":"-1","location":"underground","man_made":"pipeline","_source":"candidate","_class":"pipe_untagged","_osm_id":"way/1280348374","_district":"Красносельский район","_length_km":0.022}},{"type":"Feature","geometry":{"type":"LineString","coordinates":[[30.1075535,59.8447758],[30.1087806,59.844794],[30.1087899,59.8447684],[30.1089636,59.8447704],[30.108963,59.8447984],[30.1096838,59.8448115],[30.1101954,59.8447677],[30.1101867,59.8447418],[30.110357,59.8447263],[30.1103651,59.8447532],[30.1117585,59.8446384]]},"properties":{"location":"surface","man_made":"pipeline","_source":"candidate","_class":"pipe_untagged","_osm_id":"way/1280348393","_district":"Красносельский район","_length_km":0.249}},{"type":"Feature","geometry":{"type":"LineString","coordinates":[[30.1071122,59.8447684],[30.1075535,59.8447758]]},"properties":{"layer":"-1","location":"underground","man_made":"pipeline","_source":"candidate","_class":"pipe_untagged","_osm_id":"way/1280348394","_district":"Красносельский район","_length_km":0.025}},{"type":"Feature","geometry":{"type":"LineString","coordinates":[[30.1053715,59.8446269],[30.1059642,59.8446336],[30.1059575,59.8447468],[30.1071122,59.8447684]]},"properties":{"location":"surface","man_made":"pipeline","_source":"candidate","_class":"pipe_untagged","_osm_id":"way/1280348395","_district":"Красносельский район","_length_km":0.111}},{"type":"Feature","geometry":{"type":"LineString","coordinates":[[30.4053304,59.9120489],[30.4042266,59.9130673]]},"properties":{"location":"overground","man_made":"pipeline","_source":"candidate","_class":"pipe_untagged","_osm_id":"way/1288789399","_district":"Невский район","_length_km":0.129}},{"type":"Feature","geometry":{"type":"LineString","coordinates":[[30.4053719,59.9120106],[30.4053304,59.9120489]]},"properties":{"location":"underground","man_made":"pipeline","_source":"candidate","_class":"pipe_untagged","_osm_id":"way/1288789400","_district":"Невский район","_length_km":0.005}},{"type":"Feature","geometry":{"type":"LineString","coordinates":[[30.4061792,59.9112658],[30.4053719,59.9120106]]},"properties":{"location":"overground","man_made":"pipeline","_source":"candidate","_class":"pipe_untagged","_osm_id":"way/1288789401","_district":"Невский район","_length_km":0.094}},{"type":"Feature","geometry":{"type":"LineString","coordinates":[[30.3252509,60.0794333],[30.3249261,60.07951],[30.3248513,60.0795276],[30.3239447,60.0796019],[30.3238801,60.0794606],[30.3237985,60.0792821]]},"properties":{"location":"overground","man_made":"pipeline","_source":"candidate","_class":"pipe_untagged","_osm_id":"way/1301616862","_district":"Выборгский район","_length_km":0.112}},{"type":"Feature","geometry":{"type":"LineString","coordinates":[[30.4103283,60.021522],[30.4125539,60.0209453]]},"properties":{"man_made":"pipeline","_source":"candidate","_class":"pipe_untagged","_osm_id":"way/131414643","_district":"Калининский район","_length_km":0.14}},{"type":"Feature","geometry":{"type":"LineString","coordinates":[[30.4125393,60.0209313],[30.4103137,60.021508]]},"properties":{"man_made":"pipeline","_source":"candidate","_class":"pipe_untagged","_osm_id":"way/131414644","_district":"Калининский район","_length_km":0.14}},{"type":"Feature","geometry":{"type":"LineString","coordinates":[[30.4085584,60.0248004],[30.4083315,60.0245809]]},"properties":{"bridge":"yes","layer":"1","man_made":"pipeline","_source":"candidate","_class":"pipe_untagged","_osm_id":"way/131445543","_district":"Калининский район","_length_km":0.028}},{"type":"Feature","geometry":{"type":"LineString","coordinates":[[30.6119092,59.7849241],[30.6118749,59.7849625],[30.6120727,59.7850059],[30.6132305,59.7850604],[30.6134793,59.78516],[30.613827,59.785351],[30.6139047,59.7853664]]},"properties":{"man_made":"pipeline","_source":"candidate","_class":"pipe_untagged","_osm_id":"way/1317108293","_district":"Колпинский район","_length_km":0.134}},{"type":"Feature","geometry":{"type":"LineString","coordinates":[[30.6112415,59.784778],[30.6119092,59.7849241]]},"properties":{"bridge":"yes","man_made":"pipeline","_source":"candidate","_class":"pipe_untagged","_osm_id":"way/1317108294","_district":"Колпинский район","_length_km":0.041}},{"type":"Feature","geometry":{"type":"LineString","coordinates":[[30.6106868,59.7847564],[30.6107936,59.78468],[30.6112415,59.784778]]},"properties":{"man_made":"pipeline","_source":"candidate","_class":"pipe_untagged","_osm_id":"way/1317108295","_district":"Колпинский район","_length_km":0.038}},{"type":"Feature","geometry":{"type":"LineString","coordinates":[[30.2557586,59.9266123],[30.2558765,59.9266534],[30.255911,59.9266738],[30.2560282,59.9267987],[30.2560595,59.9267905],[30.2560763,59.9268067],[30.2560447,59.9268168],[30.2562399,59.9270288]]},"properties":{"location":"surface","man_made":"pipeline","usage":"industrial","_source":"candidate","_class":"pipe_untagged","_osm_id":"way/1319250618","_district":"Василеостровский район","_length_km":0.059}},{"type":"Feature","geometry":{"type":"LineString","coordinates":[[30.2566066,59.9275861],[30.2565219,59.9276297],[30.2566067,59.9276796],[30.2563593,59.9278124],[30.2562053,59.9278951],[30.2560005,59.928005],[30.2559822,59.9280148],[30.2557347,59.9281477],[30.2556546,59.9281907],[30.25535,59.9282507]]},"properties":{"man_made":"pipeline","_source":"candidate","_class":"pipe_untagged","_osm_id":"way/1319253898","_district":"Василеостровский район","_length_km":0.11}},{"type":"Feature","geometry":{"type":"LineString","coordinates":[[30.2566066,59.9275861],[30.2562399,59.9270288]]},"properties":{"location":"underground","man_made":"pipeline","_source":"candidate","_class":"pipe_untagged","_osm_id":"way/1319253901","_district":"Василеостровский район","_length_km":0.065}},{"type":"Feature","geometry":{"type":"LineString","coordinates":[[29.7505179,60.0008914],[29.7490692,60.0012646],[29.7482708,60.0014974],[29.7478144,60.0016932],[29.7466891,60.0021701],[29.7466105,60.0022044],[29.7455019,60.0029006],[29.7456548,60.0031077],[29.7449523,60.0035511],[29.7443456,60.0039495],[29.7419643,60.0043932],[29.7412617,60.0045342],[29.7401538,60.004711]]},"properties":{"location":"overground","man_made":"pipeline","_source":"candidate","_class":"pipe_untagged","_osm_id":"way/131951391","_district":"Кронштадтский район","_length_km":0.756}},{"type":"Feature","geometry":{"type":"LineString","coordinates":[[29.7807218,59.9867429],[29.7803296,59.9868193]]},"properties":{"location":"overground","man_made":"pipeline","_source":"candidate","_class":"pipe_untagged","_osm_id":"way/132047806","_district":"Кронштадтский район","_length_km":0.023}},{"type":"Feature","geometry":{"type":"LineString","coordinates":[[29.7692584,59.991622],[29.7695422,59.9915683]]},"properties":{"man_made":"pipeline","_source":"candidate","_class":"pipe_untagged","_osm_id":"way/132082181","_district":"Кронштадтский район","_length_km":0.017}},{"type":"Feature","geometry":{"type":"LineString","coordinates":[[29.7990221,59.9890832],[29.824838,59.9850472]]},"properties":{"location":"underwater","man_made":"pipeline","_source":"candidate","_class":"pipe_untagged","_osm_id":"way/132234873","_district":"вне районов","_length_km":1.51}},{"type":"Feature","geometry":{"type":"LineString","coordinates":[[29.7688109,59.9917147],[29.7684505,59.9917894]]},"properties":{"man_made":"pipeline","_source":"candidate","_class":"pipe_untagged","_osm_id":"way/132381252","_district":"Кронштадтский район","_length_km":0.022}},{"type":"Feature","geometry":{"type":"LineString","coordinates":[[30.5116945,59.8156308],[30.5083889,59.817128],[30.508576,59.8196531]]},"properties":{"location":"overground","man_made":"pipeline","_source":"candidate","_class":"pipe_untagged","_osm_id":"way/1331260495","_district":"Невский район","_length_km":0.531}},{"type":"Feature","geometry":{"type":"LineString","coordinates":[[30.508576,59.8196531],[30.508906,59.8196584]]},"properties":{"location":"overhead","man_made":"pipeline","_source":"candidate","_class":"pipe_untagged","_osm_id":"way/1331260497","_district":"Невский район","_length_km":0.019}},{"type":"Feature","geometry":{"type":"LineString","coordinates":[[29.9656177,60.1005089],[29.9658456,60.1007376],[29.9656633,60.1008124],[29.9660978,60.101029]]},"properties":{"man_made":"pipeline","source":"Esri","_source":"candidate","_class":"pipe_untagged","_osm_id":"way/1338259560","_district":"Курортный район","_length_km":0.076}},{"type":"Feature","geometry":{"type":"LineString","coordinates":[[30.4303606,59.8661013],[30.4303817,59.8661101],[30.4305186,59.8660123],[30.4307327,59.866022]]},"properties":{"location":"overground","man_made":"pipeline","_source":"candidate","_class":"pipe_untagged","_osm_id":"way/1358980930","_district":"Невский район","_length_km":0.027}},{"type":"Feature","geometry":{"type":"LineString","coordinates":[[30.4307327,59.866022],[30.430885,59.8660694],[30.4310591,59.8661163],[30.4311813,59.8661255],[30.4313024,59.8660939]]},"properties":{"location":"overhead","man_made":"pipeline","_source":"candidate","_class":"pipe_untagged","_osm_id":"way/1358980931","_district":"Невский район","_length_km":0.036}},{"type":"Feature","geometry":{"type":"LineString","coordinates":[[30.4313024,59.8660939],[30.4313955,59.8660519]]},"properties":{"location":"overground","man_made":"pipeline","_source":"candidate","_class":"pipe_untagged","_osm_id":"way/1358980932","_district":"Невский район","_length_km":0.007}},{"type":"Feature","geometry":{"type":"LineString","coordinates":[[30.4330468,59.8682399],[30.433623,59.8674332]]},"properties":{"location":"overground","man_made":"pipeline","_source":"candidate","_class":"pipe_untagged","_osm_id":"way/1359063834","_district":"Невский район","_length_km":0.095}},{"type":"Feature","geometry":{"type":"LineString","coordinates":[[30.3283583,59.8243188],[30.3285391,59.8247832],[30.328525,59.8247848],[30.3287043,59.8251368],[30.3288436,59.8254976]]},"properties":{"location":"overground","man_made":"pipeline","_source":"candidate","_class":"pipe_untagged","_osm_id":"way/1375537564","_district":"Московский район","_length_km":0.135}},{"type":"Feature","geometry":{"type":"LineString","coordinates":[[30.327872,59.8240384],[30.3280294,59.8242257],[30.3283583,59.8243188]]},"properties":{"layer":"-1","location":"underground","man_made":"pipeline","_source":"candidate","_class":"pipe_untagged","_osm_id":"way/1375537565","_district":"Московский район","_length_km":0.044}},{"type":"Feature","geometry":{"type":"LineString","coordinates":[[30.4878873,59.867567],[30.4878102,59.86767]]},"properties":{"layer":"1","location":"overhead","man_made":"pipeline","_source":"candidate","_class":"pipe_untagged","_osm_id":"way/1409592082","_district":"Невский район","_length_km":0.012}},{"type":"Feature","geometry":{"type":"LineString","coordinates":[[30.4881325,59.8672399],[30.4878873,59.867567]]},"properties":{"location":"overground","man_made":"pipeline","_source":"candidate","_class":"pipe_untagged","_osm_id":"way/1409592083","_district":"Невский район","_length_km":0.039}},{"type":"Feature","geometry":{"type":"LineString","coordinates":[[30.4878102,59.86767],[30.487704,59.8678117],[30.4869544,59.8676456]]},"properties":{"location":"overground","man_made":"pipeline","_source":"candidate","_class":"pipe_untagged","_osm_id":"way/1409592084","_district":"Невский район","_length_km":0.063}},{"type":"Feature","geometry":{"type":"LineString","coordinates":[[30.4903449,59.8675864],[30.4902196,59.8677607],[30.4890306,59.867545],[30.4891088,59.8674364],[30.4881325,59.8672399],[30.4874575,59.867104],[30.4875489,59.8669062]]},"properties":{"location":"overground","man_made":"pipeline","_source":"candidate","_class":"pipe_untagged","_osm_id":"way/1409592092","_district":"Невский район","_length_km":0.227}},{"type":"Feature","geometry":{"type":"LineString","coordinates":[[30.2929824,59.8965299],[30.2931183,59.8960212]]},"properties":{"barrier":"wall","location":"overground","man_made":"pipeline","_source":"candidate","_class":"pipe_untagged","_osm_id":"way/141623622","_district":"Кировский район","_length_km":0.057}},{"type":"Feature","geometry":{"type":"LineString","coordinates":[[30.379976,59.8240336],[30.3786084,59.8267278]]},"properties":{"location":"overground","man_made":"pipeline","_source":"candidate","_class":"pipe_untagged","_osm_id":"way/1416425421","_district":"Фрунзенский район","_length_km":0.31}},{"type":"Feature","geometry":{"type":"LineString","coordinates":[[30.1870775,60.0698464],[30.1866117,60.0693283],[30.1864897,60.0692087]]},"properties":{"layer":"-1","location":"underground","man_made":"pipeline","pipeline":"water","tunnel":"culvert","waterway":"drain","_source":"candidate","_class":"pipe_untagged","_osm_id":"way/144023147","_district":"Выборгский район","_length_km":0.078}},{"type":"Feature","geometry":{"type":"LineString","coordinates":[[30.1678203,60.0663042],[30.1683786,60.0660585]]},"properties":{"layer":"-1","location":"underground","man_made":"pipeline","pipeline":"water","tunnel":"culvert","waterway":"drain","_source":"candidate","_class":"pipe_untagged","_osm_id":"way/144023148","_district":"Выборгский район","_length_km":0.041}},{"type":"Feature","geometry":{"type":"LineString","coordinates":[[30.1566307,60.0617733],[30.1568717,60.0611734]]},"properties":{"layer":"-1","location":"underground","man_made":"pipeline","pipeline":"water","tunnel":"culvert","waterway":"drain","_source":"candidate","_class":"pipe_untagged","_osm_id":"way/144023149","_district":"Выборгский район","_length_km":0.068}},{"type":"Feature","geometry":{"type":"LineString","coordinates":[[30.3755395,60.0783519],[30.3755195,60.0784185]]},"properties":{"location":"overground","man_made":"pipeline","_source":"candidate","_class":"pipe_untagged","_osm_id":"way/1457137386","_district":"Выборгский район","_length_km":0.008}},{"type":"Feature","geometry":{"type":"LineString","coordinates":[[30.3755195,60.0784185],[30.3757021,60.0786237],[30.3753948,60.0786812]]},"properties":{"location":"overhead","man_made":"pipeline","_source":"candidate","_class":"pipe_untagged","_osm_id":"way/1457137387","_district":"Выборгский район","_length_km":0.043}},{"type":"Feature","geometry":{"type":"LineString","coordinates":[[30.3753948,60.0786812],[30.3744764,60.0788366],[30.3743876,60.0787608],[30.3743057,60.0787855],[30.3741452,60.0786723]]},"properties":{"location":"overground","man_made":"pipeline","_source":"candidate","_class":"pipe_untagged","_osm_id":"way/1457137388","_district":"Выборгский район","_length_km":0.085}},{"type":"Feature","geometry":{"type":"LineString","coordinates":[[30.3772789,59.9497387],[30.3772743,59.9496383],[30.3779844,59.9496321]]},"properties":{"location":"overground","man_made":"pipeline","_source":"candidate","_class":"pipe_untagged","_osm_id":"way/1458242382","_district":"Центральный район","_length_km":0.051}},{"type":"Feature","geometry":{"type":"LineString","coordinates":[[30.376724,59.9497455],[30.3770591,59.9497414]]},"properties":{"location":"overground","man_made":"pipeline","_source":"candidate","_class":"pipe_untagged","_osm_id":"way/1458242383","_district":"Центральный район","_length_km":0.019}},{"type":"Feature","geometry":{"type":"LineString","coordinates":[[30.3770591,59.9497414],[30.3772789,59.9497387]]},"properties":{"layer":"1","location":"overhead","man_made":"pipeline","_source":"candidate","_class":"pipe_untagged","_osm_id":"way/1458242384","_district":"Центральный район","_length_km":0.012}},{"type":"Feature","geometry":{"type":"LineString","coordinates":[[30.5535642,59.8285647],[30.5533008,59.8286816]]},"properties":{"location":"overhead","man_made":"pipeline","_source":"candidate","_class":"pipe_untagged","_osm_id":"way/1459112149","_district":"Невский район","_length_km":0.02}},{"type":"Feature","geometry":{"type":"LineString","coordinates":[[30.4089386,59.9572295],[30.4089975,59.9572445],[30.4090032,59.9573003]]},"properties":{"location":"overhead","man_made":"pipeline","_source":"candidate","_class":"pipe_untagged","_osm_id":"way/1470010359","_district":"Красногвардейский район","_length_km":0.01}},{"type":"Feature","geometry":{"type":"LineString","coordinates":[[29.7452778,59.9960814],[29.7453474,59.9961697],[29.7458583,59.9960768],[29.7457979,59.9959955]]},"properties":{"man_made":"pipeline","_source":"candidate","_class":"pipe_untagged","_osm_id":"way/1473294845","_district":"Кронштадтский район","_length_km":0.051}},{"type":"Feature","geometry":{"type":"LineString","coordinates":[[30.398796,59.9637496],[30.3991099,59.9640879],[30.399075,59.9640947],[30.3990978,59.9641175],[30.3991346,59.9641105],[30.3994316,59.964453],[30.3993967,59.9644611],[30.3994155,59.9644812],[30.3994477,59.9644732],[30.399952,59.9650612]]},"properties":{"location":"overground","man_made":"pipeline","_source":"candidate","_class":"pipe_untagged","_osm_id":"way/1478749376","_district":"Калининский район","_length_km":0.168}},{"type":"Feature","geometry":{"type":"LineString","coordinates":[[30.3814494,59.970875],[30.3813496,59.970992],[30.381712,59.9713509],[30.382001,59.9715021]]},"properties":{"location":"overground","man_made":"pipeline","_source":"candidate","_class":"pipe_untagged","_osm_id":"way/1478822080","_district":"Калининский район","_length_km":0.082}},{"type":"Feature","geometry":{"type":"LineString","coordinates":[[30.382001,59.9715021],[30.3825305,59.971772]]},"properties":{"location":"overhead","man_made":"pipeline","_source":"candidate","_class":"pipe_untagged","_osm_id":"way/1478822082","_district":"Калининский район","_length_km":0.042}},{"type":"Feature","geometry":{"type":"LineString","coordinates":[[30.3825305,59.971772],[30.3827973,59.9716419]]},"properties":{"location":"overground","man_made":"pipeline","_source":"candidate","_class":"pipe_untagged","_osm_id":"way/1478822083","_district":"Калининский район","_length_km":0.021}},{"type":"Feature","geometry":{"type":"LineString","coordinates":[[30.3827973,59.9716419],[30.3829569,59.9715632]]},"properties":{"location":"overhead","man_made":"pipeline","_source":"candidate","_class":"pipe_untagged","_osm_id":"way/1478822084","_district":"Калининский район","_length_km":0.013}},{"type":"Feature","geometry":{"type":"LineString","coordinates":[[30.3829569,59.9715632],[30.3830253,59.9715301],[30.3844962,59.9721041]]},"properties":{"location":"overground","man_made":"pipeline","_source":"candidate","_class":"pipe_untagged","_osm_id":"way/1478822085","_district":"Калининский район","_length_km":0.109}},{"type":"Feature","geometry":{"type":"LineString","coordinates":[[30.1921155,59.8386424],[30.1924313,59.8384669]]},"properties":{"bridge":"yes","man_made":"pipeline","_source":"candidate","_class":"pipe_untagged","_osm_id":"way/1483757760","_district":"Красносельский район","_length_km":0.026}},{"type":"Feature","geometry":{"type":"LineString","coordinates":[[30.4392479,60.0295104],[30.4396136,60.0295078],[30.439853,60.0295061],[30.4398542,60.0292311],[30.4404961,60.0292176],[30.4404915,60.0293547]]},"properties":{"location":"overground","man_made":"pipeline","_source":"candidate","_class":"pipe_untagged","_osm_id":"way/148612605","_district":"Красногвардейский район","_length_km":0.115}},{"type":"Feature","geometry":{"type":"LineString","coordinates":[[30.1913781,60.0644631],[30.191669,60.0641908]]},"properties":{"layer":"-1","location":"underground","man_made":"pipeline","pipeline":"water","tunnel":"culvert","waterway":"drain","_source":"candidate","_class":"pipe_untagged","_osm_id":"way/151662446","_district":"Выборгский район","_length_km":0.034}},{"type":"Feature","geometry":{"type":"LineString","coordinates":[[30.3815511,59.8900234],[30.3820707,59.8896988]]},"properties":{"layer":"1","location":"overground","man_made":"pipeline","_source":"candidate","_class":"pipe_untagged","_osm_id":"way/1517626307","_district":"Фрунзенский район","_length_km":0.046}},{"type":"Feature","geometry":{"type":"LineString","coordinates":[[30.508488,59.8737431],[30.5085564,59.8736888],[30.508639,59.8737173],[30.5086127,59.8737346],[30.5093074,59.8739917],[30.509677,59.8741263],[30.5101496,59.8738154],[30.5120057,59.87381],[30.5133999,59.872118],[30.5147502,59.8705621],[30.5155214,59.870738]]},"properties":{"location":"overground","man_made":"pipeline","_source":"candidate","_class":"pipe_untagged","_osm_id":"way/152221927","_district":"вне районов","_length_km":0.677}},{"type":"Feature","geometry":{"type":"LineString","coordinates":[[30.3794173,59.8959722],[30.3794285,59.896023],[30.3794281,59.8960391],[30.3782362,59.8963159],[30.3785706,59.8965352],[30.3786515,59.8965948],[30.3789334,59.8968977],[30.3789883,59.8969295],[30.3794231,59.8970934],[30.3797987,59.8968624],[30.3799479,59.8969192]]},"properties":{"location":"overground","man_made":"pipeline","_source":"candidate","_class":"pipe_untagged","_osm_id":"way/152264707","_district":"Фрунзенский район","_length_km":0.236}},{"type":"Feature","geometry":{"type":"LineString","coordinates":[[30.3789706,59.8954675],[30.3794173,59.8959722]]},"properties":{"layer":"1","location":"overground","man_made":"pipeline","_source":"candidate","_class":"pipe_untagged","_osm_id":"way/152264709","_district":"Фрунзенский район","_length_km":0.062}},{"type":"Feature","geometry":{"type":"LineString","coordinates":[[30.3797442,59.8999271],[30.3802241,59.9000383]]},"properties":{"layer":"1","location":"overground","man_made":"pipeline","_source":"candidate","_class":"pipe_untagged","_osm_id":"way/152264710","_district":"Фрунзенский район","_length_km":0.03}},{"type":"Feature","geometry":{"type":"LineString","coordinates":[[30.2500686,60.0849208],[30.2492398,60.0856004]]},"properties":{"man_made":"pipeline","_source":"candidate","_class":"pipe_untagged","_osm_id":"way/1531199864","_district":"Выборгский район","_length_km":0.089}},{"type":"Feature","geometry":{"type":"LineString","coordinates":[[30.3561539,59.8300715],[30.3556979,59.8300653]]},"properties":{"location":"overground","man_made":"pipeline","_source":"candidate","_class":"pipe_untagged","_osm_id":"way/1531226162","_district":"Московский район","_length_km":0.026}},{"type":"Feature","geometry":{"type":"LineString","coordinates":[[30.3556979,59.8300653],[30.3555999,59.830064]]},"properties":{"layer":"-1","location":"underground","man_made":"pipeline","_source":"candidate","_class":"pipe_untagged","_osm_id":"way/1531226163","_district":"Московский район","_length_km":0.005}},{"type":"Feature","geometry":{"type":"LineString","coordinates":[[30.3569479,59.8291221],[30.3558145,59.8297324],[30.3558266,59.8297381]]},"properties":{"location":"overground","man_made":"pipeline","_source":"candidate","_class":"pipe_untagged","_osm_id":"way/1531226164","_district":"Московский район","_length_km":0.094}},{"type":"Feature","geometry":{"type":"LineString","coordinates":[[30.3555999,59.830064],[30.355399,59.8300612],[30.3553648,59.8302803]]},"properties":{"location":"overground","man_made":"pipeline","_source":"candidate","_class":"pipe_untagged","_osm_id":"way/1531226175","_district":"Московский район","_length_km":0.036}},{"type":"Feature","geometry":{"type":"LineString","coordinates":[[30.3562423,59.8300727],[30.3561539,59.8300715]]},"properties":{"layer":"-1","location":"underground","man_made":"pipeline","_source":"candidate","_class":"pipe_untagged","_osm_id":"way/1531226176","_district":"Московский район","_length_km":0.005}},{"type":"Feature","geometry":{"type":"LineString","coordinates":[[30.3552778,59.8302793],[30.3553648,59.8302803],[30.3554505,59.8302813]]},"properties":{"location":"overground","man_made":"pipeline","_source":"candidate","_class":"pipe_untagged","_osm_id":"way/1531226179","_district":"Московский район","_length_km":0.01}},{"type":"Feature","geometry":{"type":"LineString","coordinates":[[30.3565367,59.8302221],[30.3565401,59.8301163],[30.3564693,59.8301157],[30.3564706,59.8300758],[30.3562423,59.8300727]]},"properties":{"location":"overground","man_made":"pipeline","_source":"candidate","_class":"pipe_untagged","_osm_id":"way/1531226180","_district":"Московский район","_length_km":0.033}},{"type":"Feature","geometry":{"type":"LineString","coordinates":[[30.4751509,60.0196983],[30.4798668,60.0219623]]},"properties":{"date":"2026-07-05","man_made":"pipeline","note":"сваренный хлыст с заголовком для протяжки","_source":"candidate","_class":"pipe_untagged","_osm_id":"way/1535653389","_district":"Красногвардейский район","_length_km":0.364}},{"type":"Feature","geometry":{"type":"LineString","coordinates":[[29.7822558,59.9887775],[29.7822994,59.9887503],[29.7811453,59.9872804]]},"properties":{"layer":"-1","man_made":"pipeline","waterway":"pressurised","_source":"candidate","_class":"pipe_untagged","_osm_id":"way/1536261765","_district":"Кронштадтский район","_length_km":0.18}},{"type":"Feature","geometry":{"type":"LineString","coordinates":[[30.383524,59.9666008],[30.3839258,59.9664318],[30.3840592,59.9665112],[30.3842468,59.9664324],[30.384117,59.9663551],[30.3845284,59.9661821],[30.384454,59.9661378],[30.3848289,59.96598],[30.3847371,59.9659254],[30.3848658,59.9658712],[30.3849742,59.9659357],[30.3853101,59.9657943],[30.385361,59.9655574],[30.3852004,59.9655488],[30.3852107,59.9655007],[30.3853435,59.9655079],[30.3853747,59.965363],[30.3852375,59.9653556],[30.3852507,59.9652941],[30.3853889,59.9653016],[30.3854533,59.965002],[30.3850665,59.9649811],[30.3851452,59.9646153],[30.3854607,59.9646323],[30.3855171,59.9643702],[30.3853749,59.9643625],[30.3853861,59.9643102],[30.3855345,59.9643182],[30.3856002,59.9640131],[30.385428,59.9640038],[30.3854462,59.9639191],[30.3856203,59.9639285],[30.3856419,59.9638283]]},"properties":{"man_made":"pipeline","_source":"candidate","_class":"pipe_untagged","_osm_id":"way/1537427254","_district":"Калининский район","_length_km":0.508}},{"type":"Feature","geometry":{"type":"LineString","coordinates":[[30.3283395,60.0095501],[30.3282694,60.0097216],[30.3281947,60.0099158],[30.3274509,60.0098356],[30.3274344,60.0098749],[30.3264925,60.0097541]]},"properties":{"layer":"1","man_made":"pipeline","_source":"candidate","_class":"pipe_untagged","_osm_id":"way/153842518","_district":"Выборгский район","_length_km":0.143}},{"type":"Feature","geometry":{"type":"LineString","coordinates":[[30.341189,60.0097193],[30.3413458,60.0097406]]},"properties":{"layer":"1","man_made":"pipeline","_source":"candidate","_class":"pipe_untagged","_osm_id":"way/153842546","_district":"Выборгский район","_length_km":0.009}},{"type":"Feature","geometry":{"type":"LineString","coordinates":[[30.3280795,60.0097037],[30.3282694,60.0097216]]},"properties":{"layer":"1","man_made":"pipeline","_source":"candidate","_class":"pipe_untagged","_osm_id":"way/153842566","_district":"Выборгский район","_length_km":0.011}},{"type":"Feature","geometry":{"type":"LineString","coordinates":[[30.3397099,60.009611],[30.3411721,60.009764],[30.341189,60.0097193],[30.3412409,60.0096016]]},"properties":{"layer":"1","man_made":"pipeline","_source":"candidate","_class":"pipe_untagged","_osm_id":"way/153842599","_district":"Выборгский район","_length_km":0.102}},{"type":"Feature","geometry":{"type":"LineString","coordinates":[[30.3432342,60.0116348],[30.3436666,60.0116908]]},"properties":{"layer":"1","man_made":"pipeline","_source":"candidate","_class":"pipe_untagged","_osm_id":"way/153979271","_district":"Выборгский район","_length_km":0.025}},{"type":"Feature","geometry":{"type":"LineString","coordinates":[[30.3267533,60.0091712],[30.326923,60.0091879]]},"properties":{"layer":"1","man_made":"pipeline","_source":"candidate","_class":"pipe_untagged","_osm_id":"way/153979413","_district":"Выборгский район","_length_km":0.01}},{"type":"Feature","geometry":{"type":"LineString","coordinates":[[30.3277894,60.0083837],[30.3278967,60.0083948],[30.3279698,60.0082229],[30.3286712,60.00829]]},"properties":{"layer":"1","man_made":"pipeline","_source":"candidate","_class":"pipe_untagged","_osm_id":"way/153979481","_district":"Выборгский район","_length_km":0.066}},{"type":"Feature","geometry":{"type":"LineString","coordinates":[[30.337151,59.8999675],[30.3365608,59.9001274],[30.3361044,59.9001166]]},"properties":{"location":"overground","man_made":"pipeline","_source":"candidate","_class":"pipe_untagged","_osm_id":"way/153981627","_district":"Московский район","_length_km":0.063}},{"type":"Feature","geometry":{"type":"LineString","coordinates":[[30.3750359,59.9925466],[30.3747745,59.9924207],[30.3746966,59.9924416],[30.3743852,59.9925403],[30.3741877,59.9924916],[30.3736872,59.9921954],[30.3727028,59.9925897],[30.3726165,59.9926926],[30.3723524,59.9928094],[30.3720242,59.9929262],[30.3719464,59.993057],[30.3717406,59.9931126]]},"properties":{"man_made":"pipeline","_source":"candidate","_class":"pipe_untagged","_osm_id":"way/154186531","_district":"Калининский район","_length_km":0.254}},{"type":"Feature","geometry":{"type":"LineString","coordinates":[[30.3839597,59.9938437],[30.3842049,59.9942643],[30.3853076,59.9941097],[30.38575,59.9940486],[30.3859243,59.9940233]]},"properties":{"layer":"1","man_made":"pipeline","_source":"candidate","_class":"pipe_untagged","_osm_id":"way/154432890","_district":"Калининский район","_length_km":0.148}},{"type":"Feature","geometry":{"type":"LineString","coordinates":[[30.3828922,59.9927672],[30.3832528,59.992793],[30.3833891,59.993058],[30.383598,59.9931526],[30.3839597,59.9938437]]},"properties":{"layer":"1","man_made":"pipeline","_source":"candidate","_class":"pipe_untagged","_osm_id":"way/154432898","_district":"Калининский район","_length_km":0.146}},{"type":"Feature","geometry":{"type":"LineString","coordinates":[[30.0901574,60.0172773],[30.0901697,60.017642],[30.0939617,60.0175457],[30.0940068,60.0176932]]},"properties":{"man_made":"pipeline","_source":"candidate","_class":"pipe_untagged","_osm_id":"way/1547346517","_district":"Приморский район","_length_km":0.269}},{"type":"Feature","geometry":{"type":"LineString","coordinates":[[30.091609,60.0175464],[30.0915238,60.0175497],[30.0915426,60.0177172],[30.0940068,60.0176932],[30.0951556,60.0176698],[30.0955483,60.0175908]]},"properties":{"man_made":"pipeline","_source":"candidate","_class":"pipe_untagged","_osm_id":"way/1547346518","_district":"Приморский район","_length_km":0.249}},{"type":"Feature","geometry":{"type":"LineString","coordinates":[[30.4751727,60.0196838],[30.4798886,60.0219478]]},"properties":{"date":"2026-07-05","man_made":"pipeline","note":"сваренный хлыст с заголовком для протяжки","_source":"candidate","_class":"pipe_untagged","_osm_id":"way/1553285022","_district":"Красногвардейский район","_length_km":0.364}},{"type":"Feature","geometry":{"type":"LineString","coordinates":[[30.4751509,60.0196983],[30.4798668,60.0219623]]},"properties":{"date":"2026-07-05","man_made":"pipeline","note":"сваренный хлыст с заголовком для протяжки","_source":"candidate","_class":"pipe_untagged","_osm_id":"way/1553285023","_district":"Красногвардейский район","_length_km":0.364}},{"type":"Feature","geometry":{"type":"LineString","coordinates":[[29.9950619,59.8467103],[29.9951821,59.8469345]]},"properties":{"man_made":"pipeline","_source":"candidate","_class":"pipe_untagged","_osm_id":"way/1554793435","_district":"Петродворцовый район","_length_km":0.026}},{"type":"Feature","geometry":{"type":"LineString","coordinates":[[29.9950266,59.8467151],[29.9941896,59.8468522],[29.9930318,59.8470418]]},"properties":{"man_made":"pipeline","_source":"candidate","_class":"pipe_untagged","_osm_id":"way/1554793436","_district":"Петродворцовый район","_length_km":0.118}},{"type":"Feature","geometry":{"type":"LineString","coordinates":[[29.9941896,59.8468522],[29.994142,59.8467633]]},"properties":{"man_made":"pipeline","_source":"candidate","_class":"pipe_untagged","_osm_id":"way/1554793437","_district":"Петродворцовый район","_length_km":0.01}},{"type":"Feature","geometry":{"type":"LineString","coordinates":[[29.9955915,59.8470134],[29.9962946,59.8469075],[29.9959895,59.8463874],[29.9958735,59.8464045],[29.9958436,59.8463425],[29.9958743,59.8463358],[29.9955942,59.8457979],[29.9959945,59.8457475],[29.9960252,59.8456846],[29.9961023,59.845675],[29.9961979,59.845691]]},"properties":{"man_made":"pipeline","_source":"candidate","_class":"pipe_untagged","_osm_id":"way/1554793438","_district":"Петродворцовый район","_length_km":0.22}},{"type":"Feature","geometry":{"type":"LineString","coordinates":[[29.9938443,59.8462313],[29.9940849,59.8460252]]},"properties":{"man_made":"pipeline","_source":"candidate","_class":"pipe_untagged","_osm_id":"way/1554793439","_district":"Петродворцовый район","_length_km":0.027}},{"type":"Feature","geometry":{"type":"LineString","coordinates":[[29.9956684,59.8457539],[29.9958908,59.8457225],[29.9957409,59.8453985],[29.9971857,59.8452378],[29.9973557,59.8455705],[29.9980507,59.8454927],[29.9980932,59.8455806],[29.9986494,59.8455161]]},"properties":{"man_made":"pipeline","_source":"candidate","_class":"pipe_untagged","_osm_id":"way/1554793594","_district":"Петродворцовый район","_length_km":0.253}},{"type":"Feature","geometry":{"type":"LineString","coordinates":[[30.0004534,59.8455398],[30.0012565,59.8453989],[30.0016338,59.8457855]]},"properties":{"man_made":"pipeline","_source":"candidate","_class":"pipe_untagged","_osm_id":"way/1554793595","_district":"Петродворцовый район","_length_km":0.096}},{"type":"Feature","geometry":{"type":"LineString","coordinates":[[30.4781129,59.8709537],[30.4782669,59.8715552]]},"properties":{"location":"overground","man_made":"pipeline","_source":"candidate","_class":"pipe_untagged","_osm_id":"way/1554870805","_district":"Невский район","_length_km":0.068}},{"type":"Feature","geometry":{"type":"LineString","coordinates":[[30.3740269,59.8051889],[30.3702879,59.8048948],[30.3704411,59.8044241],[30.3698952,59.8043837]]},"properties":{"man_made":"pipeline","_source":"candidate","_class":"pipe_untagged","_osm_id":"way/158453473","_district":"Пушкинский район","_length_km":0.297}},{"type":"Feature","geometry":{"type":"LineString","coordinates":[[30.450561,59.9278109],[30.4504243,59.9276066],[30.4503424,59.9275562],[30.4500018,59.9274964],[30.4491461,59.9273371],[30.4493152,59.9270347]]},"properties":{"man_made":"pipeline","_source":"candidate","_class":"pipe_untagged","_osm_id":"way/160097637","_district":"Невский район","_length_km":0.137}},{"type":"Feature","geometry":{"type":"LineString","coordinates":[[30.4830291,59.9160416],[30.4832223,59.9160127]]},"properties":{"layer":"1","man_made":"pipeline","_source":"candidate","_class":"pipe_untagged","_osm_id":"way/161145408","_district":"Невский район","_length_km":0.011}},{"type":"Feature","geometry":{"type":"LineString","coordinates":[[30.4755264,59.9342344],[30.4754837,59.9340738]]},"properties":{"location":"overground","man_made":"pipeline","_source":"candidate","_class":"pipe_untagged","_osm_id":"way/164792594","_district":"Невский район","_length_km":0.018}},{"type":"Feature","geometry":{"type":"LineString","coordinates":[[30.4755772,59.9344808],[30.4755211,59.9342746]]},"properties":{"location":"overground","man_made":"pipeline","_source":"candidate","_class":"pipe_untagged","_osm_id":"way/164792595","_district":"Невский район","_length_km":0.023}},{"type":"Feature","geometry":{"type":"LineString","coordinates":[[30.4755608,59.934233],[30.4755134,59.934074]]},"properties":{"location":"overground","man_made":"pipeline","_source":"candidate","_class":"pipe_untagged","_osm_id":"way/164792596","_district":"Невский район","_length_km":0.018}},{"type":"Feature","geometry":{"type":"LineString","coordinates":[[30.4756097,59.9344804],[30.475553,59.9342693]]},"properties":{"location":"overground","man_made":"pipeline","_source":"candidate","_class":"pipe_untagged","_osm_id":"way/164792597","_district":"Невский район","_length_km":0.024}},{"type":"Feature","geometry":{"type":"LineString","coordinates":[[30.4761923,59.9366324],[30.4768092,59.9365773],[30.4764965,59.9356221],[30.476419,59.9353979],[30.4763442,59.935187],[30.4758177,59.9352298],[30.4756175,59.9345298]]},"properties":{"location":"overground","man_made":"pipeline","_source":"candidate","_class":"pipe_untagged","_osm_id":"way/164792598","_district":"Красногвардейский район","_length_km":0.301}},{"type":"Feature","geometry":{"type":"LineString","coordinates":[[30.4762199,59.9366426],[30.4768417,59.9365896],[30.4765318,59.9356297],[30.4764487,59.9353874],[30.4763693,59.9351715],[30.4758326,59.9352122],[30.4756472,59.9345235]]},"properties":{"location":"overground","man_made":"pipeline","_source":"candidate","_class":"pipe_untagged","_osm_id":"way/164792599","_district":"Красногвардейский район","_length_km":0.303}},{"type":"Feature","geometry":{"type":"LineString","coordinates":[[30.4757066,59.9334932],[30.4756505,59.9333298],[30.4760073,59.9332816],[30.4754609,59.9320988],[30.4753048,59.9321212]]},"properties":{"location":"overground","man_made":"pipeline","_source":"candidate","_class":"pipe_untagged","_osm_id":"way/164792600","_district":"Невский район","_length_km":0.183}},{"type":"Feature","geometry":{"type":"LineString","coordinates":[[30.4754769,59.9340502],[30.4754127,59.9337857],[30.4758122,59.9337522],[30.475724,59.9335233]]},"properties":{"location":"overground","man_made":"pipeline","_source":"candidate","_class":"pipe_untagged","_osm_id":"way/164792601","_district":"Невский район","_length_km":0.078}},{"type":"Feature","geometry":{"type":"LineString","coordinates":[[30.4755059,59.9340487],[30.4754417,59.9338026],[30.4758466,59.9337691],[30.475749,59.9335214]]},"properties":{"location":"overground","man_made":"pipeline","_source":"candidate","_class":"pipe_untagged","_osm_id":"way/164792602","_district":"Невский район","_length_km":0.079}},{"type":"Feature","geometry":{"type":"LineString","coordinates":[[30.4757384,59.9334906],[30.4756836,59.9333427],[30.476043,59.9332965],[30.4754871,59.9320747],[30.4752809,59.9320993]]},"properties":{"location":"overground","man_made":"pipeline","_source":"candidate","_class":"pipe_untagged","_osm_id":"way/164792605","_district":"Невский район","_length_km":0.189}},{"type":"Feature","geometry":{"type":"LineString","coordinates":[[30.2380887,60.043873],[30.2369889,60.0437558]]},"properties":{"boat":"no","layer":"-1","location":"underground","man_made":"pipeline","name":"Каменка","pipeline":"water","tunnel":"culvert","waterway":"river","_source":"candidate","_class":"pipe_untagged","_osm_id":"way/165025339","_district":"Приморский район","_length_km":0.063}},{"type":"Feature","geometry":{"type":"LineString","coordinates":[[30.4565087,59.8247379],[30.45625,59.8246945],[30.4556825,59.8254156],[30.4555146,59.8253813],[30.4554283,59.8254863],[30.4556008,59.8255251],[30.4549562,59.8263784],[30.4526518,59.8259188],[30.4525479,59.8260639],[30.4523471,59.8260245],[30.4524399,59.8259],[30.4512729,59.8256748],[30.4514436,59.8254469],[30.4504441,59.8252435],[30.4496006,59.8263928],[30.4498395,59.8264394],[30.4496835,59.8266329],[30.4494154,59.8265766],[30.4491619,59.8269074]]},"properties":{"man_made":"pipeline","_source":"candidate","_class":"pipe_untagged","_osm_id":"way/166436090","_district":"Колпинский район","_length_km":0.808}},{"type":"Feature","geometry":{"type":"LineString","coordinates":[[30.2585692,60.0305922],[30.2587935,60.0310028],[30.2591894,60.0317275],[30.2593252,60.0317089],[30.2594041,60.0318532],[30.2592683,60.0318718],[30.2595946,60.0324368],[30.2596801,60.0324244],[30.2597571,60.0325575],[30.2596716,60.0325698],[30.2598528,60.0328829]]},"properties":{"man_made":"pipeline","_source":"candidate","_class":"pipe_untagged","_osm_id":"way/172398842","_district":"Приморский район","_length_km":0.291}},{"type":"Feature","geometry":{"type":"LineString","coordinates":[[30.2587935,60.0310028],[30.2603677,60.0307979],[30.2601569,60.0304223]]},"properties":{"man_made":"pipeline","_source":"candidate","_class":"pipe_untagged","_osm_id":"way/172398847","_district":"Приморский район","_length_km":0.134}},{"type":"Feature","geometry":{"type":"LineString","coordinates":[[30.1834282,59.8705814],[30.1827766,59.8702799],[30.1820282,59.8707013],[30.18006,59.8697727],[30.1831333,59.8681283],[30.182533,59.8678393],[30.1822555,59.8675444],[30.1834927,59.867245],[30.1826011,59.8663032]]},"properties":{"location":"overground","man_made":"pipeline","_source":"candidate","_class":"pipe_untagged","_osm_id":"way/172856102","_district":"Кировский район","_length_km":0.791}},{"type":"Feature","geometry":{"type":"LineString","coordinates":[[29.5789955,60.2065214],[29.5823351,60.2112288],[29.5868342,60.2105624],[29.5943482,60.2105199],[29.6028174,60.2101303],[29.6011506,60.2084419],[29.6008626,60.2071981]]},"properties":{"image":"http://img-fotki.yandex.ru/get/6613/3316237.25/0_745ba_a1b037af_orig","location":"underground","man_made":"pipeline","_source":"candidate","_class":"pipe_untagged","_osm_id":"way/174325900","_district":"Курортный район","_length_km":2.054}},{"type":"Feature","geometry":{"type":"LineString","coordinates":[[29.5992745,60.2086794],[29.593823,60.209053],[29.5902139,60.2108477]]},"properties":{"location":"underground","man_made":"pipeline","_source":"candidate","_class":"pipe_untagged","_osm_id":"way/174330923","_district":"Курортный район","_length_km":0.588}},{"type":"Feature","geometry":{"type":"LineString","coordinates":[[30.4407631,60.0362423],[30.4397484,60.0361432]]},"properties":{"layer":"-1","location":"underground","man_made":"pipeline","_source":"candidate","_class":"pipe_untagged","_osm_id":"way/182328230","_district":"Красногвардейский район","_length_km":0.058}},{"type":"Feature","geometry":{"type":"LineString","coordinates":[[30.4394811,60.0359447],[30.4394794,60.0355916],[30.4396706,60.035588],[30.4396675,60.0354973],[30.4395464,60.0354969],[30.4395387,60.0350038]]},"properties":{"location":"overground","man_made":"pipeline","_source":"candidate","_class":"pipe_untagged","_osm_id":"way/182328233","_district":"Красногвардейский район","_length_km":0.122}},{"type":"Feature","geometry":{"type":"LineString","coordinates":[[30.2439935,60.0674333],[30.2433787,60.0671198]]},"properties":{"layer":"-1","man_made":"pipeline","waterway":"ditch","_source":"candidate","_class":"pipe_untagged","_osm_id":"way/185872395","_district":"Выборгский район","_length_km":0.049}},{"type":"Feature","geometry":{"type":"LineString","coordinates":[[30.4755411,59.8655222],[30.475108,59.8656377],[30.4752146,59.8657413],[30.4751214,59.8657686],[30.4750188,59.865671],[30.4737608,59.8659931],[30.4738614,59.8660995],[30.4736891,59.8661419],[30.4735858,59.8660416],[30.4720913,59.8664113],[30.4716947,59.8660148],[30.4703994,59.8663423]]},"properties":{"layer":"1","location":"overground","man_made":"pipeline","_source":"candidate","_class":"pipe_untagged","_osm_id":"way/188467184","_district":"Невский район","_length_km":0.398}},{"type":"Feature","geometry":{"type":"LineString","coordinates":[[30.3268417,60.0690319],[30.3265022,60.0689882]]},"properties":{"bridge":"yes","layer":"1","man_made":"pipeline","_source":"candidate","_class":"pipe_untagged","_osm_id":"way/193321112","_district":"Выборгский район","_length_km":0.02}},{"type":"Feature","geometry":{"type":"LineString","coordinates":[[30.3246846,60.0685921],[30.3245805,60.068308]]},"properties":{"bridge":"yes","layer":"1","man_made":"pipeline","_source":"candidate","_class":"pipe_untagged","_osm_id":"way/193321113","_district":"Выборгский район","_length_km":0.032}},{"type":"Feature","geometry":{"type":"LineString","coordinates":[[30.3203484,60.0674748],[30.3202554,60.0673628]]},"properties":{"bridge":"yes","layer":"1","man_made":"pipeline","_source":"candidate","_class":"pipe_untagged","_osm_id":"way/193321114","_district":"Выборгский район","_length_km":0.014}},{"type":"Feature","geometry":{"type":"LineString","coordinates":[[30.3269293,60.0690428],[30.3268417,60.0690319]]},"properties":{"man_made":"pipeline","_source":"candidate","_class":"pipe_untagged","_osm_id":"way/193321115","_district":"Выборгский район","_length_km":0.005}},{"type":"Feature","geometry":{"type":"LineString","coordinates":[[30.3265022,60.0689882],[30.3247831,60.068797],[30.3246846,60.0685921]]},"properties":{"man_made":"pipeline","_source":"candidate","_class":"pipe_untagged","_osm_id":"way/193321117","_district":"Выборгский район","_length_km":0.122}},{"type":"Feature","geometry":{"type":"LineString","coordinates":[[30.3245805,60.068308],[30.3242521,60.068297],[30.3240714,60.0683134],[30.3236334,60.0682752],[30.3230804,60.0680867],[30.3230038,60.0681331],[30.3218759,60.0677042],[30.3209781,60.0673737],[30.3203484,60.0674748]]},"properties":{"man_made":"pipeline","_source":"candidate","_class":"pipe_untagged","_osm_id":"way/193321118","_district":"Выборгский район","_length_km":0.275}},{"type":"Feature","geometry":{"type":"LineString","coordinates":[[30.498198,59.9973772],[30.4982652,59.9972924],[30.4984734,59.997031],[30.4993188,59.9959451],[30.4993841,59.9959596],[30.499424,59.9958979],[30.4993696,59.9958852],[30.4998485,59.99533],[30.5005392,59.9944013],[30.5009197,59.9938556],[30.5010481,59.9938643],[30.5011583,59.9932216]]},"properties":{"layer":"1","man_made":"pipeline","source":"bing","_source":"candidate","_class":"pipe_untagged","_osm_id":"way/194615664","_district":"Красногвардейский район","_length_km":0.507}},{"type":"Feature","geometry":{"type":"LineString","coordinates":[[30.4968965,60.0033371],[30.4972373,60.003304],[30.4970629,60.0027153],[30.49695,60.0024793],[30.4966387,60.0013204],[30.4965925,60.00101],[30.4958383,60.0005764],[30.4959152,60.0003186],[30.4961079,60.0000616],[30.496181,60.0000753],[30.4962152,60.0000297],[30.4961421,60.000016],[30.496454,59.9996002],[30.4971749,59.9986586],[30.4975443,59.9982019]]},"properties":{"layer":"1","man_made":"pipeline","source":"bing","_source":"candidate","_class":"pipe_untagged","_osm_id":"way/194615665","_district":"Красногвардейский район","_length_km":0.632}},{"type":"Feature","geometry":{"type":"LineString","coordinates":[[30.5009938,59.9927491],[30.5010131,59.9927359],[30.5007608,59.9920237]]},"properties":{"man_made":"pipeline","_source":"candidate","_class":"pipe_untagged","_osm_id":"way/194615666","_district":"Красногвардейский район","_length_km":0.082}},{"type":"Feature","geometry":{"type":"LineString","coordinates":[[30.4975443,59.9982019],[30.4976749,59.9980372]]},"properties":{"layer":"1","man_made":"pipeline","_source":"candidate","_class":"pipe_untagged","_osm_id":"way/194615667","_district":"Красногвардейский район","_length_km":0.02}},{"type":"Feature","geometry":{"type":"LineString","coordinates":[[30.5011583,59.9932216],[30.5009938,59.9927491]]},"properties":{"layer":"1","man_made":"pipeline","_source":"candidate","_class":"pipe_untagged","_osm_id":"way/194615668","_district":"Красногвардейский район","_length_km":0.053}},{"type":"Feature","geometry":{"type":"LineString","coordinates":[[30.49979,59.9913643],[30.5004192,59.9912747]]},"properties":{"layer":"1","man_made":"pipeline","_source":"candidate","_class":"pipe_untagged","_osm_id":"way/194615669","_district":"Красногвардейский район","_length_km":0.037}},{"type":"Feature","geometry":{"type":"LineString","coordinates":[[30.5007608,59.9920237],[30.5006633,59.9918201]]},"properties":{"layer":"1","man_made":"pipeline","_source":"candidate","_class":"pipe_untagged","_osm_id":"way/194615670","_district":"Красногвардейский район","_length_km":0.023}},{"type":"Feature","geometry":{"type":"LineString","coordinates":[[30.4982652,59.9972924],[30.4969876,59.9970564]]},"properties":{"layer":"1","man_made":"pipeline","_source":"candidate","_class":"pipe_untagged","_osm_id":"way/194615671","_district":"Красногвардейский район","_length_km":0.076}},{"type":"Feature","geometry":{"type":"LineString","coordinates":[[30.4976749,59.9980372],[30.498198,59.9973772]]},"properties":{"man_made":"pipeline","_source":"candidate","_class":"pipe_untagged","_osm_id":"way/194615672","_district":"Красногвардейский район","_length_km":0.079}},{"type":"Feature","geometry":{"type":"LineString","coordinates":[[30.5000603,59.9886042],[30.500162,59.9886068],[30.5001826,59.9886761],[30.500983,59.9886633],[30.5012652,59.9887275],[30.502117,59.9887377]]},"properties":{"man_made":"pipeline","source":"bing","_source":"candidate","_class":"pipe_untagged","_osm_id":"way/194615680","_district":"Красногвардейский район","_length_km":0.123}},{"type":"Feature","geometry":{"type":"LineString","coordinates":[[30.5006633,59.9918201],[30.5004192,59.9912747],[30.5002724,59.9909153],[30.5007855,59.9905932],[30.5007855,59.9899978],[30.5008265,59.9892241],[30.5003355,59.9892116]]},"properties":{"man_made":"pipeline","_source":"candidate","_class":"pipe_untagged","_osm_id":"way/194615682","_district":"Красногвардейский район","_length_km":0.329}},{"type":"Feature","geometry":{"type":"LineString","coordinates":[[30.4988982,59.9798649],[30.4985863,59.9798262]]},"properties":{"bridge":"yes","layer":"1","man_made":"pipeline","_source":"candidate","_class":"pipe_untagged","_osm_id":"way/195365400","_district":"Красногвардейский район","_length_km":0.018}},{"type":"Feature","geometry":{"type":"LineString","coordinates":[[30.4289099,59.9451616],[30.4293451,59.9452866]]},"properties":{"layer":"1","man_made":"pipeline","_source":"candidate","_class":"pipe_untagged","_osm_id":"way/208038393","_district":"Красногвардейский район","_length_km":0.028}},{"type":"Feature","geometry":{"type":"LineString","coordinates":[[30.4283471,59.944974],[30.4286037,59.9450464]]},"properties":{"layer":"1","man_made":"pipeline","_source":"candidate","_class":"pipe_untagged","_osm_id":"way/208038395","_district":"Красногвардейский район","_length_km":0.016}},{"type":"Feature","geometry":{"type":"LineString","coordinates":[[30.4291804,59.9443529],[30.4299665,59.9445767],[30.4301258,59.9444048],[30.4316534,59.9448238],[30.4316518,59.9450102]]},"properties":{"layer":"1","man_made":"pipeline","_source":"candidate","_class":"pipe_untagged","_osm_id":"way/208038432","_district":"Красногвардейский район","_length_km":0.19}},{"type":"Feature","geometry":{"type":"LineString","coordinates":[[30.4350453,59.9460534],[30.4349543,59.9460534],[30.4343043,59.9457409],[30.4332989,59.9454436],[30.4329609,59.9452981],[30.4327674,59.9454142]]},"properties":{"layer":"1","man_made":"pipeline","_source":"candidate","_class":"pipe_untagged","_osm_id":"way/208038437","_district":"Красногвардейский район","_length_km":0.162}},{"type":"Feature","geometry":{"type":"LineString","coordinates":[[30.4301258,59.9444048],[30.4305058,59.9439966],[30.4304782,59.9438999],[30.4294241,59.9435837],[30.4292188,59.9435991],[30.4291757,59.9436522]]},"properties":{"layer":"1","man_made":"pipeline","_source":"candidate","_class":"pipe_untagged","_osm_id":"way/208038439","_district":"Красногвардейский район","_length_km":0.148}},{"type":"Feature","geometry":{"type":"LineString","coordinates":[[30.2214392,59.8493726],[30.2218434,59.8496317],[30.2215875,59.8497389],[30.2218508,59.8499445],[30.2216503,59.8500192]]},"properties":{"man_made":"pipeline","_source":"candidate","_class":"pipe_untagged","_osm_id":"way/223530949","_district":"Кировский район","_length_km":0.097}},{"type":"Feature","geometry":{"type":"LineString","coordinates":[[29.769212,59.9916316],[29.7690127,59.991673],[29.7688109,59.9917147]]},"properties":{"access":"private","bridge":"yes","highway":"footway","layer":"1","man_made":"pipeline","_source":"candidate","_class":"pipe_untagged","_osm_id":"way/238153797","_district":"Кронштадтский район","_length_km":0.024}},{"type":"Feature","geometry":{"type":"LineString","coordinates":[[29.769212,59.9916316],[29.7692584,59.991622]]},"properties":{"barrier":"retaining_wall","man_made":"pipeline","_source":"candidate","_class":"pipe_untagged","_osm_id":"way/238153800","_district":"Кронштадтский район","_length_km":0.003}},{"type":"Feature","geometry":{"type":"LineString","coordinates":[[30.0904074,60.015254],[30.091987,60.0152342]]},"properties":{"layer":"1","location":"overground","man_made":"pipeline","_source":"candidate","_class":"pipe_untagged","_osm_id":"way/285600522","_district":"Приморский район","_length_km":0.088}},{"type":"Feature","geometry":{"type":"LineString","coordinates":[[30.0846663,60.0172135],[30.0846596,60.0171846],[30.0852577,60.0171812],[30.0852462,60.01698],[30.0889151,60.0169317],[30.0889128,60.0170731],[30.0898283,60.0170639],[30.0897746,60.0162113],[30.0904497,60.0162004],[30.0912132,60.0161895],[30.0912096,60.0161255],[30.0914306,60.0161224],[30.0914343,60.0161864],[30.0916955,60.0161827],[30.092803,60.0161669],[30.0927993,60.0161021],[30.0929762,60.0160996],[30.0929799,60.0161644],[30.0941871,60.0161469],[30.0943062,60.0161458],[30.094906,60.0161352],[30.0949053,60.0160447],[30.0949011,60.0159629],[30.0960959,60.0159506],[30.0960972,60.0158802]]},"properties":{"layer":"1","location":"overground","man_made":"pipeline","_source":"candidate","_class":"pipe_untagged","_osm_id":"way/285600555","_district":"Приморский район","_length_km":0.834}},{"type":"Feature","geometry":{"type":"LineString","coordinates":[[30.0893817,60.014218],[30.0893808,60.0140146],[30.0903513,60.0139979]]},"properties":{"layer":"1","location":"overground","man_made":"pipeline","_source":"candidate","_class":"pipe_untagged","_osm_id":"way/285600562","_district":"Приморский район","_length_km":0.077}},{"type":"Feature","geometry":{"type":"LineString","coordinates":[[30.0909264,60.017018],[30.0909199,60.016901],[30.0911263,60.0169033],[30.0911313,60.0168587]]},"properties":{"layer":"1","location":"overground","man_made":"pipeline","_source":"candidate","_class":"pipe_untagged","_osm_id":"way/285600591","_district":"Приморский район","_length_km":0.03}},{"type":"Feature","geometry":{"type":"LineString","coordinates":[[30.0916955,60.0161827],[30.0917234,60.0170115],[30.0909264,60.017018],[30.0909295,60.0172113]]},"properties":{"layer":"1","location":"overground","man_made":"pipeline","_source":"candidate","_class":"pipe_untagged","_osm_id":"way/285600598","_district":"Приморский район","_length_km":0.158}},{"type":"Feature","geometry":{"type":"LineString","coordinates":[[30.0873489,60.0136537],[30.087432,60.0151038],[30.0877057,60.0152303],[30.0877085,60.0153862],[30.0877392,60.0158127],[30.090431,60.0157816]]},"properties":{"layer":"1","location":"overground","man_made":"pipeline","_source":"candidate","_class":"pipe_untagged","_osm_id":"way/285600688","_district":"Приморский район","_length_km":0.397}},{"type":"Feature","geometry":{"type":"LineString","coordinates":[[30.0943062,60.0161458],[30.0942416,60.0149937],[30.0947923,60.0149865],[30.0947654,60.0145491],[30.0939262,60.014567],[30.093918,60.014198],[30.0903624,60.0142468]]},"properties":{"layer":"1","location":"overground","man_made":"pipeline","_source":"candidate","_class":"pipe_untagged","_osm_id":"way/285600714","_district":"Приморский район","_length_km":0.494}},{"type":"Feature","geometry":{"type":"LineString","coordinates":[[30.0812312,60.0137348],[30.0873489,60.0136537],[30.0903341,60.0136141],[30.0903513,60.0139979],[30.0903624,60.0142468],[30.090375,60.0145285],[30.0904074,60.015254],[30.090431,60.0157816],[30.0904497,60.0162004]]},"properties":{"layer":"1","location":"overground","man_made":"pipeline","_source":"candidate","_class":"pipe_untagged","_osm_id":"way/285600728","_district":"Приморский район","_length_km":0.796}},{"type":"Feature","geometry":{"type":"LineString","coordinates":[[30.2164041,59.9052336],[30.2162961,59.9052036],[30.2165336,59.9049083],[30.2167643,59.9047011],[30.2167211,59.9046883],[30.2167326,59.904678],[30.2167751,59.90464],[30.2168183,59.9046504],[30.216939,59.9045618],[30.2171825,59.9044323],[30.2173483,59.9043595],[30.2174023,59.9043388],[30.2175054,59.904295],[30.2175191,59.9042704]]},"properties":{"location":"overground","man_made":"pipeline","_source":"candidate","_class":"pipe_untagged","_osm_id":"way/289470258","_district":"Кировский район","_length_km":0.139}},{"type":"Feature","geometry":{"type":"LineString","coordinates":[[30.3000678,59.8824026],[30.3003265,59.883226]]},"properties":{"location":"overground","man_made":"pipeline","_source":"candidate","_class":"pipe_untagged","_osm_id":"way/299834750","_district":"Московский район","_length_km":0.093}},{"type":"Feature","geometry":{"type":"LineString","coordinates":[[30.2997634,59.8813763],[30.2999219,59.8818821]]},"properties":{"location":"overground","man_made":"pipeline","_source":"candidate","_class":"pipe_untagged","_osm_id":"way/299834751","_district":"Московский район","_length_km":0.057}},{"type":"Feature","geometry":{"type":"LineString","coordinates":[[29.8909714,59.8821085],[29.8908951,59.8820071]]},"properties":{"location":"overground","man_made":"pipeline","_source":"candidate","_class":"pipe_untagged","_osm_id":"way/304077912","_district":"Петродворцовый район","_length_km":0.012}},{"type":"Feature","geometry":{"type":"LineString","coordinates":[[30.2300187,60.0247863],[30.2304436,60.0249596],[30.2311578,60.025251],[30.2325668,60.0258362],[30.2328918,60.0259448],[30.2344872,60.0263845],[30.2359104,60.0268041]]},"properties":{"location":"overground","man_made":"pipeline","_source":"candidate","_class":"pipe_untagged","_osm_id":"way/314117746","_district":"Приморский район","_length_km":0.399}},{"type":"Feature","geometry":{"type":"LineString","coordinates":[[30.2904379,59.8755179],[30.290341,59.8741979],[30.2906967,59.8741694],[30.2907014,59.8734624]]},"properties":{"location":"overground","man_made":"pipeline","_source":"candidate","_class":"pipe_untagged","_osm_id":"way/317922006","_district":"Кировский район","_length_km":0.246}},{"type":"Feature","geometry":{"type":"LineString","coordinates":[[30.3612568,60.0768912],[30.360787,60.0763017],[30.3605741,60.0760317],[30.3603991,60.0760643]]},"properties":{"bridge":"yes","layer":"1","man_made":"pipeline","_source":"candidate","_class":"pipe_untagged","_osm_id":"way/332932245","_district":"Выборгский район","_length_km":0.113}},{"type":"Feature","geometry":{"type":"LineString","coordinates":[[30.2872864,59.9899001],[30.2872201,59.9897797]]},"properties":{"bridge":"yes","layer":"1","man_made":"pipeline","_source":"candidate","_class":"pipe_untagged","_osm_id":"way/368765040","_district":"Приморский район","_length_km":0.014}},{"type":"Feature","geometry":{"type":"LineString","coordinates":[[30.261293,60.0314705],[30.2613735,60.0316439],[30.2614537,60.0316322],[30.2615026,60.031599],[30.2615868,60.0315843],[30.2617139,60.0316127],[30.2618497,60.0319063],[30.2615462,60.032081],[30.2620625,60.033071],[30.2624858,60.0330129],[30.26253,60.0330834],[30.2628592,60.0330406]]},"properties":{"man_made":"pipeline","_source":"candidate","_class":"pipe_untagged","_osm_id":"way/372665592","_district":"Приморский район","_length_km":0.267}},{"type":"Feature","geometry":{"type":"LineString","coordinates":[[30.2632853,60.0306618],[30.2635037,60.030623]]},"properties":{"man_made":"pipeline","_source":"candidate","_class":"pipe_untagged","_osm_id":"way/372665612","_district":"Приморский район","_length_km":0.013}},{"type":"Feature","geometry":{"type":"LineString","coordinates":[[30.262512,60.0305114],[30.2621654,60.0298495]]},"properties":{"man_made":"pipeline","_source":"candidate","_class":"pipe_untagged","_osm_id":"way/372665621","_district":"Приморский район","_length_km":0.076}},{"type":"Feature","geometry":{"type":"LineString","coordinates":[[30.2615852,60.0307957],[30.2616479,60.0307873],[30.2615462,60.0305977],[30.2617497,60.0305694]]},"properties":{"man_made":"pipeline","_source":"candidate","_class":"pipe_untagged","_osm_id":"way/372665658","_district":"Приморский район","_length_km":0.037}},{"type":"Feature","geometry":{"type":"LineString","coordinates":[[30.263144,60.0304236],[30.2632853,60.0306618],[30.2635009,60.0310252],[30.2636947,60.0309898]]},"properties":{"man_made":"pipeline","_source":"candidate","_class":"pipe_untagged","_osm_id":"way/372665660","_district":"Приморский район","_length_km":0.081}},{"type":"Feature","geometry":{"type":"LineString","coordinates":[[30.2628829,60.0310151],[30.2626377,60.0310513],[30.2625526,60.0309096],[30.2592086,60.0313752],[30.2588491,60.0307277]]},"properties":{"man_made":"pipeline","_source":"candidate","_class":"pipe_untagged","_osm_id":"way/372665669","_district":"Приморский район","_length_km":0.299}},{"type":"Feature","geometry":{"type":"LineString","coordinates":[[30.2614527,60.0299955],[30.2617497,60.0305694],[30.2617729,60.0306142],[30.2621107,60.031267],[30.261806,60.0313094]]},"properties":{"man_made":"pipeline","_source":"candidate","_class":"pipe_untagged","_osm_id":"way/372665670","_district":"Приморский район","_length_km":0.164}},{"type":"Feature","geometry":{"type":"LineString","coordinates":[[30.2640532,60.0303503],[30.2639593,60.0303103],[30.2635988,60.0303604],[30.2635404,60.0302556],[30.2633248,60.0302855],[30.2633832,60.0303904],[30.263144,60.0304236],[30.262512,60.0305114],[30.2617729,60.0306142]]},"properties":{"man_made":"pipeline","_source":"candidate","_class":"pipe_untagged","_osm_id":"way/372665698","_district":"Приморский район","_length_km":0.158}},{"type":"Feature","geometry":{"type":"LineString","coordinates":[[30.3830964,59.9217569],[30.3833834,59.9220661]]},"properties":{"layer":"1","location":"overground","man_made":"pipeline","_source":"candidate","_class":"pipe_untagged","_osm_id":"way/411059846","_district":"Центральный район","_length_km":0.038}},{"type":"Feature","geometry":{"type":"LineString","coordinates":[[30.4401702,60.0295139],[30.4401687,60.0299028],[30.4394204,60.0299061],[30.4391681,60.0299059],[30.439159,60.0302509]]},"properties":{"location":"overground","man_made":"pipeline","_source":"candidate","_class":"pipe_untagged","_osm_id":"way/424340337","_district":"Красногвардейский район","_length_km":0.138}},{"type":"Feature","geometry":{"type":"LineString","coordinates":[[30.4392609,60.0315759],[30.4392788,60.0318104],[30.4392241,60.0318115],[30.439228,60.0318625],[30.4392827,60.0318614],[30.4393172,60.0323142],[30.4392099,60.0323142]]},"properties":{"location":"overground","man_made":"pipeline","_source":"candidate","_class":"pipe_untagged","_osm_id":"way/424340338","_district":"Красногвардейский район","_length_km":0.094}},{"type":"Feature","geometry":{"type":"LineString","coordinates":[[30.4369716,60.0295213],[30.4392479,60.0295104]]},"properties":{"bridge":"yes","layer":"1","location":"overground","man_made":"pipeline","_source":"candidate","_class":"pipe_untagged","_osm_id":"way/424340340","_district":"Красногвардейский район","_length_km":0.127}},{"type":"Feature","geometry":{"type":"LineString","coordinates":[[30.4328718,60.0295729],[30.4369716,60.0295213]]},"properties":{"layer":"-1","location":"underground","man_made":"pipeline","_source":"candidate","_class":"pipe_untagged","_osm_id":"way/424340341","_district":"Калининский район","_length_km":0.229}},{"type":"Feature","geometry":{"type":"LineString","coordinates":[[30.4390772,60.0343175],[30.4393763,60.0343939]]},"properties":{"layer":"-1","location":"underground","man_made":"pipeline","_source":"candidate","_class":"pipe_untagged","_osm_id":"way/424340342","_district":"Красногвардейский район","_length_km":0.019}},{"type":"Feature","geometry":{"type":"LineString","coordinates":[[30.4421282,60.0324133],[30.4437294,60.0328153]]},"properties":{"bridge":"yes","layer":"1","location":"overground","man_made":"pipeline","_source":"candidate","_class":"pipe_untagged","_osm_id":"way/424340343","_district":"Красногвардейский район","_length_km":0.1}},{"type":"Feature","geometry":{"type":"LineString","coordinates":[[30.4395264,60.0347123],[30.439521,60.0344356],[30.4393763,60.0343939]]},"properties":{"location":"overground","man_made":"pipeline","_source":"candidate","_class":"pipe_untagged","_osm_id":"way/424340344","_district":"Красногвардейский район","_length_km":0.04}},{"type":"Feature","geometry":{"type":"LineString","coordinates":[[30.4410242,60.0331767],[30.4420208,60.0323838],[30.4421282,60.0324133]]},"properties":{"location":"overground","man_made":"pipeline","_source":"candidate","_class":"pipe_untagged","_osm_id":"way/424340345","_district":"Красногвардейский район","_length_km":0.111}},{"type":"Feature","geometry":{"type":"LineString","coordinates":[[30.4392879,60.0331314],[30.4402721,60.0333431],[30.4410242,60.0331767]]},"properties":{"location":"overground","man_made":"pipeline","_source":"candidate","_class":"pipe_untagged","_osm_id":"way/424340346","_district":"Красногвардейский район","_length_km":0.106}},{"type":"Feature","geometry":{"type":"LineString","coordinates":[[30.4392099,60.0323142],[30.4388773,60.0323142],[30.4389223,60.0330779],[30.4389365,60.033319],[30.4389497,60.0342783]]},"properties":{"layer":"-1","location":"underground","man_made":"pipeline","_source":"candidate","_class":"pipe_untagged","_osm_id":"way/424340347","_district":"Красногвардейский район","_length_km":0.237}},{"type":"Feature","geometry":{"type":"LineString","coordinates":[[30.4437294,60.0328153],[30.4449471,60.031596],[30.4469212,60.0321079],[30.4470178,60.0320194],[30.4477903,60.0322231]]},"properties":{"location":"overground","man_made":"pipeline","_source":"candidate","_class":"pipe_untagged","_osm_id":"way/424340351","_district":"Красногвардейский район","_length_km":0.336}},{"type":"Feature","geometry":{"type":"LineString","coordinates":[[30.3274633,59.8223804],[30.3276587,59.822875],[30.3274978,59.8228939],[30.327872,59.8240384]]},"properties":{"location":"overground","man_made":"pipeline","_source":"candidate","_class":"pipe_untagged","_osm_id":"way/439661668","_district":"Московский район","_length_km":0.195}},{"type":"Feature","geometry":{"type":"LineString","coordinates":[[30.4964736,59.8907548],[30.4964806,59.8907327],[30.4967944,59.8904797],[30.4980697,59.8890345],[30.4983218,59.8887079],[30.4980802,59.8886539],[30.4983086,59.8884142],[30.4983729,59.8884078],[30.4985659,59.8884524],[30.4990679,59.8878017]]},"properties":{"man_made":"pipeline","_source":"candidate","_class":"pipe_untagged","_osm_id":"way/478262440","_district":"Невский район","_length_km":0.389}},{"type":"Feature","geometry":{"type":"LineString","coordinates":[[30.1810151,60.0619051],[30.1814806,60.0614401]]},"properties":{"layer":"-1","location":"underground","man_made":"pipeline","pipeline":"water","tunnel":"culvert","waterway":"drain","_source":"candidate","_class":"pipe_untagged","_osm_id":"way/498064325","_district":"Выборгский район","_length_km":0.058}},{"type":"Feature","geometry":{"type":"LineString","coordinates":[[30.1791912,60.0636519],[30.180535,60.0623575]]},"properties":{"layer":"-1","location":"underground","man_made":"pipeline","pipeline":"water","tunnel":"culvert","waterway":"drain","_source":"candidate","_class":"pipe_untagged","_osm_id":"way/498064327","_district":"Выборгский район","_length_km":0.162}},{"type":"Feature","geometry":{"type":"LineString","coordinates":[[29.7563183,60.000361],[29.7556544,60.0003783],[29.754984,60.0003996],[29.7539575,60.0004435],[29.7531995,60.0004419],[29.7524055,60.0004428],[29.7513916,60.0006405],[29.7512065,60.0006962]]},"properties":{"location":"overground","man_made":"pipeline","_source":"candidate","_class":"pipe_untagged","_osm_id":"way/50343698","_district":"Кронштадтский район","_length_km":0.291}},{"type":"Feature","geometry":{"type":"LineString","coordinates":[[30.2756503,59.9967044],[30.2764427,59.9967413]]},"properties":{"man_made":"pipeline","_source":"candidate","_class":"pipe_untagged","_osm_id":"way/545533650","_district":"Приморский район","_length_km":0.044}},{"type":"Feature","geometry":{"type":"LineString","coordinates":[[30.2756475,59.9967192],[30.27644,59.9967561]]},"properties":{"man_made":"pipeline","_source":"candidate","_class":"pipe_untagged","_osm_id":"way/545533651","_district":"Приморский район","_length_km":0.044}},{"type":"Feature","geometry":{"type":"LineString","coordinates":[[30.4010752,60.0057967],[30.4024134,60.0071384]]},"properties":{"location":"overground","man_made":"pipeline","_source":"candidate","_class":"pipe_untagged","_osm_id":"way/552027992","_district":"Калининский район","_length_km":0.167}},{"type":"Feature","geometry":{"type":"LineString","coordinates":[[30.4009331,60.0056609],[30.3993615,60.0041272]]},"properties":{"location":"overground","man_made":"pipeline","_source":"candidate","_class":"pipe_untagged","_osm_id":"way/552027994","_district":"Калининский район","_length_km":0.192}},{"type":"Feature","geometry":{"type":"LineString","coordinates":[[30.3514628,59.8837579],[30.3518946,59.884014],[30.351874,59.8840225],[30.3519042,59.8840409],[30.3519249,59.8840323],[30.3519993,59.8840776],[30.3529494,59.8843699]]},"properties":{"location":"overground","man_made":"pipeline","_source":"candidate","_class":"pipe_untagged","_osm_id":"way/611825003","_district":"Фрунзенский район","_length_km":0.112}},{"type":"Feature","geometry":{"type":"LineString","coordinates":[[30.3510236,59.8837949],[30.351324,59.8838229],[30.3514756,59.8837421],[30.3519255,59.8840123],[30.3519449,59.8840049],[30.3519731,59.8840217],[30.3519577,59.8840308],[30.3520107,59.8840655],[30.3524035,59.8841847],[30.3524178,59.8841729],[30.3524576,59.8841849],[30.3524433,59.8841968],[30.3528066,59.884307]]},"properties":{"location":"overground","man_made":"pipeline","_source":"candidate","_class":"pipe_untagged","_osm_id":"way/611825005","_district":"Фрунзенский район","_length_km":0.134}},{"type":"Feature","geometry":{"type":"LineString","coordinates":[[30.3484762,59.8894005],[30.3494592,59.8895185],[30.3497583,59.8895572]]},"properties":{"location":"overground","man_made":"pipeline","_source":"candidate","_class":"pipe_untagged","_osm_id":"way/611834973","_district":"Фрунзенский район","_length_km":0.074}},{"type":"Feature","geometry":{"type":"LineString","coordinates":[[30.3494592,59.8895185],[30.3491702,59.8901506],[30.3491796,59.8901563],[30.3492216,59.8902351],[30.3492708,59.8903272],[30.3491186,59.8906303],[30.3489804,59.8909056],[30.3489543,59.8909025],[30.3489421,59.8909282],[30.3489682,59.8909313],[30.3488034,59.8912523],[30.3486639,59.8912365],[30.3486411,59.8912681],[30.3484856,59.8914168],[30.3480189,59.8916078],[30.3480189,59.8917592]]},"properties":{"location":"overground","man_made":"pipeline","_source":"candidate","_class":"pipe_untagged","_osm_id":"way/611880979","_district":"Фрунзенский район","_length_km":0.283}},{"type":"Feature","geometry":{"type":"LineString","coordinates":[[30.3513253,59.8861061],[30.3513381,59.8860801]]},"properties":{"location":"overground","man_made":"pipeline","_source":"candidate","_class":"pipe_untagged","_osm_id":"way/611899665","_district":"Фрунзенский район","_length_km":0.003}},{"type":"Feature","geometry":{"type":"LineString","coordinates":[[30.3519474,59.8862631],[30.3524827,59.8863428]]},"properties":{"location":"overground","man_made":"pipeline","_source":"candidate","_class":"pipe_untagged","_osm_id":"way/611899667","_district":"Фрунзенский район","_length_km":0.031}},{"type":"Feature","geometry":{"type":"LineString","coordinates":[[30.3490274,59.8859657],[30.3498019,59.8860619],[30.3497938,59.8860794],[30.3498475,59.8860864],[30.3498595,59.8860683],[30.3501807,59.8861029],[30.3509291,59.8862214],[30.3510042,59.8860612],[30.3513253,59.8861061],[30.3519476,59.8861931],[30.3519474,59.8862631],[30.3519469,59.8864394],[30.3519939,59.8865611],[30.3518772,59.8870362]]},"properties":{"location":"overground","man_made":"pipeline","_source":"candidate","_class":"pipe_untagged","_osm_id":"way/611899668","_district":"Фрунзенский район","_length_km":0.282}},{"type":"Feature","geometry":{"type":"LineString","coordinates":[[30.3482053,59.8838138],[30.3487605,59.8838481],[30.3489697,59.8838508],[30.3493331,59.8838892],[30.3503893,59.8840204],[30.3503986,59.8840015],[30.3505656,59.8840116]]},"properties":{"location":"overground","man_made":"pipeline","_source":"candidate","_class":"pipe_untagged","_osm_id":"way/611899688","_district":"Фрунзенский район","_length_km":0.136}},{"type":"Feature","geometry":{"type":"LineString","coordinates":[[29.7410754,60.0059284],[29.7406756,60.0054956],[29.7403305,60.0050158],[29.7401538,60.004711]]},"properties":{"level":"1","location":"overground","man_made":"pipeline","_source":"candidate","_class":"pipe_untagged","_osm_id":"way/617602262","_district":"Кронштадтский район","_length_km":0.145}},{"type":"Feature","geometry":{"type":"LineString","coordinates":[[30.2410231,59.9254612],[30.2416394,59.925392],[30.2435126,59.9242846],[30.2436072,59.9242537],[30.2443941,59.9240992],[30.2450291,59.9244191],[30.2449705,59.9244484],[30.2457205,59.9248658],[30.2461507,59.9246778]]},"properties":{"location":"overground","man_made":"pipeline","_source":"candidate","_class":"pipe_untagged","_osm_id":"way/635359195","_district":"Василеостровский район","_length_km":0.4}},{"type":"Feature","geometry":{"type":"LineString","coordinates":[[30.2457205,59.9248658],[30.2467632,59.925395],[30.2475652,59.9258021],[30.2483036,59.9261769],[30.2489528,59.9265064],[30.2512198,59.9276569]]},"properties":{"location":"overground","man_made":"pipeline","_source":"candidate","_class":"pipe_untagged","_osm_id":"way/635359197","_district":"Василеостровский район","_length_km":0.437}},{"type":"Feature","geometry":{"type":"LineString","coordinates":[[30.3415946,59.8475328],[30.3411529,59.8476595],[30.3411335,59.8477817],[30.340691,59.8477771]]},"properties":{"barrier":"fence","location":"overground","man_made":"pipeline","_source":"candidate","_class":"pipe_untagged","_osm_id":"way/641704690","_district":"Московский район","_length_km":0.067}},{"type":"Feature","geometry":{"type":"LineString","coordinates":[[30.3733084,59.8250738],[30.3735505,59.8251036],[30.3733526,59.8254947],[30.3742415,59.8259144],[30.3744037,59.825818],[30.3745472,59.8258112],[30.3746586,59.825914],[30.3744252,59.8260411],[30.3747092,59.8261711],[30.3746452,59.8262054],[30.3746565,59.826214],[30.3745566,59.8264032],[30.374451,59.8266053],[30.3756939,59.8267708],[30.3765078,59.8268747]]},"properties":{"location":"overground","man_made":"pipeline","_source":"candidate","_class":"pipe_untagged","_osm_id":"way/665164468","_district":"Московский район","_length_km":0.374}},{"type":"Feature","geometry":{"type":"LineString","coordinates":[[30.3733526,59.8254947],[30.3733456,59.8255074],[30.3733597,59.8255121],[30.3732987,59.8255665],[30.3731019,59.8256196],[30.3728704,59.8255862]]},"properties":{"location":"overground","man_made":"pipeline","_source":"candidate","_class":"pipe_untagged","_osm_id":"way/665697663","_district":"Московский район","_length_km":0.035}},{"type":"Feature","geometry":{"type":"LineString","coordinates":[[30.2567566,59.9881285],[30.2567487,59.9885548]]},"properties":{"layer":"1","location":"overground","man_made":"pipeline","_source":"candidate","_class":"pipe_untagged","_osm_id":"way/677325051","_district":"Приморский район","_length_km":0.047}},{"type":"Feature","geometry":{"type":"LineString","coordinates":[[30.1025632,59.8480303],[30.1040854,59.8480242]]},"properties":{"man_made":"pipeline","_source":"candidate","_class":"pipe_untagged","_osm_id":"way/692406907","_district":"Красносельский район","_length_km":0.085}},{"type":"Feature","geometry":{"type":"LineString","coordinates":[[30.3085125,59.8789358],[30.3085622,59.879132],[30.3092212,59.8791024],[30.3093412,59.8791673],[30.3095119,59.8791622],[30.309515,59.8792348]]},"properties":{"layer":"1","location":"overground","man_made":"pipeline","_source":"candidate","_class":"pipe_untagged","_osm_id":"way/701196560","_district":"Московский район","_length_km":0.087}},{"type":"Feature","geometry":{"type":"LineString","coordinates":[[30.3092212,59.8791024],[30.3093643,59.8790637]]},"properties":{"layer":"1","location":"overground","man_made":"pipeline","_source":"candidate","_class":"pipe_untagged","_osm_id":"way/701196561","_district":"Московский район","_length_km":0.009}},{"type":"Feature","geometry":{"type":"LineString","coordinates":[[30.3103691,59.8789265],[30.3101544,59.8789244],[30.3096954,59.8790712]]},"properties":{"layer":"1","location":"overground","man_made":"pipeline","_source":"candidate","_class":"pipe_untagged","_osm_id":"way/701196562","_district":"Московский район","_length_km":0.042}},{"type":"Feature","geometry":{"type":"LineString","coordinates":[[30.4126655,59.8618345],[30.4128136,59.8617745],[30.4120623,59.8613018],[30.4124388,59.8609598],[30.4129551,59.8609352],[30.414543,59.8609103],[30.4168681,59.86089],[30.4168694,59.8609269],[30.4169335,59.8609263],[30.4169322,59.8608894],[30.4178891,59.8608803]]},"properties":{"location":"overground","man_made":"pipeline","_source":"candidate","_class":"pipe_untagged","_osm_id":"way/721297849","_district":"Фрунзенский район","_length_km":0.435}},{"type":"Feature","geometry":{"type":"LineString","coordinates":[[30.332861,59.8631566],[30.3333961,59.863164],[30.3334001,59.8633461]]},"properties":{"man_made":"pipeline","_source":"candidate","_class":"pipe_untagged","_osm_id":"way/769719835","_district":"Московский район","_length_km":0.05}},{"type":"Feature","geometry":{"type":"LineString","coordinates":[[30.3733819,59.9192336],[30.3741024,59.9192896]]},"properties":{"layer":"1","location":"overhead","man_made":"pipeline","_source":"candidate","_class":"pipe_untagged","_osm_id":"way/794738612","_district":"Центральный район","_length_km":0.041}},{"type":"Feature","geometry":{"type":"LineString","coordinates":[[30.3733879,59.9192168],[30.3741084,59.9192728]]},"properties":{"layer":"1","location":"overhead","man_made":"pipeline","_source":"candidate","_class":"pipe_untagged","_osm_id":"way/794738613","_district":"Центральный район","_length_km":0.041}},{"type":"Feature","geometry":{"type":"LineString","coordinates":[[30.4472458,59.7079271],[30.4472928,59.7081556],[30.4473545,59.7084357]]},"properties":{"layer":"1","man_made":"pipeline","_source":"candidate","_class":"pipe_untagged","_osm_id":"way/802221499","_district":"Пушкинский район","_length_km":0.057}},{"type":"Feature","geometry":{"type":"LineString","coordinates":[[30.4440152,59.7083365],[30.444502,59.7083153],[30.444494,59.7082281],[30.4444832,59.708109],[30.4440057,59.7079277]]},"properties":{"layer":"1","man_made":"pipeline","_source":"candidate","_class":"pipe_untagged","_osm_id":"way/802221503","_district":"Пушкинский район","_length_km":0.084}},{"type":"Feature","geometry":{"type":"LineString","coordinates":[[30.4473276,59.708454],[30.4473545,59.7084357],[30.4478272,59.7084222],[30.4478259,59.7084036],[30.4478574,59.7084026],[30.4478594,59.7084225],[30.4482919,59.708407],[30.4484548,59.7083972],[30.4484334,59.7081866]]},"properties":{"man_made":"pipeline","_source":"candidate","_class":"pipe_untagged","_osm_id":"way/802221508","_district":"Пушкинский район","_length_km":0.092}},{"type":"Feature","geometry":{"type":"LineString","coordinates":[[30.447359,59.7085366],[30.4473276,59.708454]]},"properties":{"layer":"1","man_made":"pipeline","_source":"candidate","_class":"pipe_untagged","_osm_id":"way/802221509","_district":"Пушкинский район","_length_km":0.009}},{"type":"Feature","geometry":{"type":"LineString","coordinates":[[30.4473753,59.709106],[30.4475301,59.7090621]]},"properties":{"layer":"1","man_made":"pipeline","_source":"candidate","_class":"pipe_untagged","_osm_id":"way/802221510","_district":"Пушкинский район","_length_km":0.01}},{"type":"Feature","geometry":{"type":"LineString","coordinates":[[30.4473813,59.7085952],[30.4477683,59.7085812]]},"properties":{"man_made":"pipeline","_source":"candidate","_class":"pipe_untagged","_osm_id":"way/802221511","_district":"Пушкинский район","_length_km":0.022}},{"type":"Feature","geometry":{"type":"LineString","coordinates":[[30.4475301,59.7090621],[30.4473813,59.7085952],[30.447359,59.7085366]]},"properties":{"man_made":"pipeline","_source":"candidate","_class":"pipe_untagged","_osm_id":"way/802221512","_district":"Пушкинский район","_length_km":0.059}},{"type":"Feature","geometry":{"type":"LineString","coordinates":[[30.44772,59.7079667],[30.4481473,59.7080501]]},"properties":{"layer":"1","man_made":"pipeline","_source":"candidate","_class":"pipe_untagged","_osm_id":"way/802221524","_district":"Пушкинский район","_length_km":0.026}},{"type":"Feature","geometry":{"type":"LineString","coordinates":[[30.4459262,59.708107],[30.4460697,59.7080752]]},"properties":{"layer":"1","man_made":"pipeline","_source":"candidate","_class":"pipe_untagged","_osm_id":"way/802221525","_district":"Пушкинский район","_length_km":0.009}},{"type":"Feature","geometry":{"type":"LineString","coordinates":[[30.444494,59.7082281],[30.445442,59.7081812],[30.4458484,59.7081577],[30.4459262,59.708107]]},"properties":{"man_made":"pipeline","_source":"candidate","_class":"pipe_untagged","_osm_id":"way/802221526","_district":"Пушкинский район","_length_km":0.084}},{"type":"Feature","geometry":{"type":"LineString","coordinates":[[30.445442,59.7081812],[30.4453569,59.7077988]]},"properties":{"man_made":"pipeline","_source":"candidate","_class":"pipe_untagged","_osm_id":"way/802221527","_district":"Пушкинский район","_length_km":0.043}},{"type":"Feature","geometry":{"type":"LineString","coordinates":[[30.4460697,59.7080752],[30.4466074,59.7079514],[30.4472458,59.7079271]]},"properties":{"man_made":"pipeline","_source":"candidate","_class":"pipe_untagged","_osm_id":"way/802221528","_district":"Пушкинский район","_length_km":0.069}},{"type":"Feature","geometry":{"type":"LineString","coordinates":[[30.4440057,59.7079277],[30.443944,59.7075672],[30.4439051,59.7072002],[30.4439689,59.7071927],[30.4439494,59.7070127],[30.444632,59.7070094],[30.4447647,59.7071545],[30.4452381,59.7071595]]},"properties":{"man_made":"pipeline","_source":"candidate","_class":"pipe_untagged","_osm_id":"way/802221531","_district":"Пушкинский район","_length_km":0.188}},{"type":"Feature","geometry":{"type":"LineString","coordinates":[[30.3642502,59.9181683],[30.3641914,59.9180234],[30.3641002,59.9176859],[30.3640493,59.9174453],[30.36406,59.9173283],[30.3640922,59.9171562],[30.3641807,59.9169384],[30.3643443,59.9165633],[30.3644892,59.9162083],[30.3647386,59.9155334]]},"properties":{"location":"overground","man_made":"pipeline","_source":"candidate","_class":"pipe_untagged","_osm_id":"way/806179395","_district":"Центральный район","_length_km":0.298}},{"type":"Feature","geometry":{"type":"LineString","coordinates":[[30.3666778,59.9206826],[30.3660993,59.9223498],[30.3655009,59.9223002],[30.3654683,59.9223155]]},"properties":{"location":"overground","man_made":"pipeline","_source":"candidate","_class":"pipe_untagged","_osm_id":"way/806179401","_district":"Центральный район","_length_km":0.225}},{"type":"Feature","geometry":{"type":"LineString","coordinates":[[30.3251161,59.8873443],[30.3247895,59.8873284],[30.3243658,59.8873211]]},"properties":{"layer":"1","location":"overhead","man_made":"pipeline","_source":"candidate","_class":"pipe_untagged","_osm_id":"way/806942914","_district":"Московский район","_length_km":0.042}},{"type":"Feature","geometry":{"type":"LineString","coordinates":[[30.3248835,59.8862217],[30.3251389,59.8862247]]},"properties":{"layer":"1","location":"overhead","man_made":"pipeline","_source":"candidate","_class":"pipe_untagged","_osm_id":"way/806942921","_district":"Московский район","_length_km":0.014}},{"type":"Feature","geometry":{"type":"LineString","coordinates":[[30.3249988,59.8846505],[30.3252194,59.8846236],[30.3254139,59.884626]]},"properties":{"layer":"1","location":"overhead","man_made":"pipeline","_source":"candidate","_class":"pipe_untagged","_osm_id":"way/806942925","_district":"Московский район","_length_km":0.024}},{"type":"Feature","geometry":{"type":"LineString","coordinates":[[30.3298187,59.8879973],[30.3295109,59.8879432]]},"properties":{"layer":"1","location":"overhead","man_made":"pipeline","_source":"candidate","_class":"pipe_untagged","_osm_id":"way/807091337","_district":"Московский район","_length_km":0.018}},{"type":"Feature","geometry":{"type":"LineString","coordinates":[[30.3296591,59.8930491],[30.3292622,59.8930434]]},"properties":{"layer":"1","location":"overhead","man_made":"pipeline","_source":"candidate","_class":"pipe_untagged","_osm_id":"way/807118669","_district":"Московский район","_length_km":0.022}},{"type":"Feature","geometry":{"type":"LineString","coordinates":[[30.3932885,59.8949317],[30.3931441,59.8948317],[30.3929616,59.894802],[30.3928411,59.8947607],[30.3926667,59.8947351],[30.3924508,59.8946831],[30.3922214,59.8946255],[30.3919603,59.8945187],[30.3918859,59.8944407],[30.3919313,59.8943576],[30.3920829,59.8942647],[30.3922264,59.8942237],[30.3923068,59.8942234],[30.3924517,59.8942556],[30.3928111,59.8943902],[30.3931222,59.8944719],[30.3934072,59.8943381],[30.393552,59.8943027]]},"properties":{"location":"overground","man_made":"pipeline","_source":"candidate","_class":"pipe_untagged","_osm_id":"way/814353936","_district":"Невский район","_length_km":0.22}},{"type":"Feature","geometry":{"type":"LineString","coordinates":[[30.392794,59.8948447],[30.392354,59.8948701],[30.3919094,59.8946592]]},"properties":{"location":"overground","man_made":"pipeline","_source":"candidate","_class":"pipe_untagged","_osm_id":"way/814353937","_district":"Невский район","_length_km":0.059}},{"type":"Feature","geometry":{"type":"LineString","coordinates":[[30.5031404,59.9871095],[30.5025476,59.9871229],[30.4995516,59.9870344]]},"properties":{"location":"overground","man_made":"pipeline","_source":"candidate","_class":"pipe_untagged","_osm_id":"way/814743480","_district":"Красногвардейский район","_length_km":0.201}},{"type":"Feature","geometry":{"type":"LineString","coordinates":[[30.370828,59.9166685],[30.3702728,59.9166148],[30.3700743,59.9166228],[30.3694333,59.9164575],[30.3689398,59.9162827],[30.3682317,59.9158995],[30.368119,59.9159344],[30.3680224,59.9158524],[30.3681136,59.9158242],[30.3677328,59.9155217],[30.3675987,59.9151358],[30.3676711,59.9148534],[30.3667699,59.914797],[30.3664212,59.914875],[30.3658043,59.9148588]]},"properties":{"location":"overground","man_made":"pipeline","_source":"candidate","_class":"pipe_untagged","_osm_id":"way/814952508","_district":"Центральный район","_length_km":0.421}},{"type":"Feature","geometry":{"type":"LineString","coordinates":[[30.3647528,59.9153086],[30.3644283,59.915275],[30.3644263,59.9153042],[30.3635592,59.9152908],[30.3633748,59.9152578],[30.3631562,59.9152434],[30.3630577,59.9152683],[30.3627733,59.9152467],[30.3624126,59.9152595]]},"properties":{"location":"overground","man_made":"pipeline","_source":"candidate","_class":"pipe_untagged","_osm_id":"way/814952509","_district":"Центральный район","_length_km":0.136}},{"type":"Feature","geometry":{"type":"LineString","coordinates":[[30.3770696,59.9451107],[30.3772922,59.9451948]]},"properties":{"layer":"1","location":"overground","man_made":"pipeline","_source":"candidate","_class":"pipe_untagged","_osm_id":"way/81524427","_district":"Центральный район","_length_km":0.016}},{"type":"Feature","geometry":{"type":"LineString","coordinates":[[30.2463168,59.9238899],[30.2464342,59.9238935],[30.2495161,59.9231205]]},"properties":{"location":"overground","man_made":"pipeline","_source":"candidate","_class":"pipe_untagged","_osm_id":"way/815734020","_district":"Василеостровский район","_length_km":0.199}},{"type":"Feature","geometry":{"type":"LineString","coordinates":[[30.2504522,59.9260293],[30.2501732,59.9261489],[30.2504639,59.9263192],[30.2499218,59.9265517],[30.2498217,59.9264931]]},"properties":{"location":"overground","man_made":"pipeline","_source":"candidate","_class":"pipe_untagged","_osm_id":"way/815734022","_district":"Василеостровский район","_length_km":0.094}},{"type":"Feature","geometry":{"type":"LineString","coordinates":[[30.2466983,59.9240904],[30.2487087,59.9252416],[30.248352,59.9253787],[30.2487543,59.9256126],[30.2489823,59.9256476],[30.2492934,59.9256489],[30.2494249,59.9255938]]},"properties":{"location":"overground","man_made":"pipeline","_source":"candidate","_class":"pipe_untagged","_osm_id":"way/815734023","_district":"Василеостровский район","_length_km":0.27}},{"type":"Feature","geometry":{"type":"LineString","coordinates":[[30.246516,59.9241656],[30.2466983,59.9240904],[30.2468875,59.9240124],[30.2472375,59.9239499],[30.2487181,59.9248377],[30.2491271,59.9248075],[30.2494249,59.9246758],[30.2495456,59.9247483]]},"properties":{"location":"overground","man_made":"pipeline","_source":"candidate","_class":"pipe_untagged","_osm_id":"way/815734025","_district":"Василеостровский район","_length_km":0.233}},{"type":"Feature","geometry":{"type":"LineString","coordinates":[[30.2483036,59.9261769],[30.2465737,59.9271731]]},"properties":{"location":"overground","man_made":"pipeline","_source":"candidate","_class":"pipe_untagged","_osm_id":"way/815734029","_district":"Василеостровский район","_length_km":0.147}},{"type":"Feature","geometry":{"type":"LineString","coordinates":[[30.2471048,59.925243],[30.2467632,59.925395]]},"properties":{"location":"overground","man_made":"pipeline","_source":"candidate","_class":"pipe_untagged","_osm_id":"way/815734030","_district":"Василеостровский район","_length_km":0.026}},{"type":"Feature","geometry":{"type":"LineString","coordinates":[[30.2478611,59.9256704],[30.2475652,59.9258021]]},"properties":{"location":"overground","man_made":"pipeline","_source":"candidate","_class":"pipe_untagged","_osm_id":"way/815734031","_district":"Василеостровский район","_length_km":0.022}},{"type":"Feature","geometry":{"type":"LineString","coordinates":[[30.2489528,59.9265064],[30.2494544,59.9262941]]},"properties":{"location":"overground","man_made":"pipeline","_source":"candidate","_class":"pipe_untagged","_osm_id":"way/815734032","_district":"Василеостровский район","_length_km":0.037}},{"type":"Feature","geometry":{"type":"LineString","coordinates":[[30.2863803,59.8567385],[30.2866955,59.8567109],[30.2867585,59.8567156],[30.2865728,59.8574267],[30.2866238,59.8574311],[30.2864467,59.8579806],[30.2863797,59.8579763],[30.2863508,59.8580877],[30.2864152,59.8580941],[30.2862107,59.858716],[30.2862436,59.8587197],[30.2862114,59.8588251],[30.2859908,59.8588221],[30.2859901,59.8587958],[30.2838517,59.8588005],[30.2838175,59.8583675],[30.2837565,59.8583689],[30.2837525,59.8583392],[30.2838155,59.8583379],[30.2837799,59.857785],[30.283733,59.857785],[30.2837042,59.8575769],[30.2836961,59.857515],[30.2837142,59.857514],[30.283674,59.8573341]]},"properties":{"man_made":"pipeline","_source":"candidate","_class":"pipe_untagged","_osm_id":"way/820924748","_district":"Кировский район","_length_km":0.58}},{"type":"Feature","geometry":{"type":"LineString","coordinates":[[30.539538,59.7538727],[30.5402085,59.7538673],[30.5402085,59.753816],[30.5403694,59.7538146],[30.5403721,59.7538673],[30.5407771,59.7538653]]},"properties":{"location":"overground","man_made":"pipeline","_source":"candidate","_class":"pipe_untagged","_osm_id":"way/821954965","_district":"Колпинский район","_length_km":0.081}},{"type":"Feature","geometry":{"type":"LineString","coordinates":[[30.5392309,59.7538754],[30.539538,59.7538727]]},"properties":{"layer":"-1","location":"underground","man_made":"pipeline","_source":"candidate","_class":"pipe_untagged","_osm_id":"way/821954966","_district":"Колпинский район","_length_km":0.017}},{"type":"Feature","geometry":{"type":"LineString","coordinates":[[30.5364655,59.7538896],[30.5365513,59.7538896],[30.537537,59.7538849],[30.5375384,59.753843],[30.5377248,59.7538409],[30.5377235,59.7538835],[30.5386609,59.7538781],[30.5386622,59.7538389],[30.5388097,59.7538389],[30.5388111,59.7538774],[30.5392309,59.7538754]]},"properties":{"location":"overground","man_made":"pipeline","_source":"candidate","_class":"pipe_untagged","_osm_id":"way/821954967","_district":"Колпинский район","_length_km":0.173}},{"type":"Feature","geometry":{"type":"LineString","coordinates":[[30.5359881,59.7538301],[30.5365513,59.7538281],[30.5365513,59.7538896]]},"properties":{"location":"overground","man_made":"pipeline","_source":"candidate","_class":"pipe_untagged","_osm_id":"way/821954968","_district":"Колпинский район","_length_km":0.039}},{"type":"Feature","geometry":{"type":"LineString","coordinates":[[30.3718279,59.8895737],[30.3721493,59.8893153],[30.372028,59.8892608]]},"properties":{"location":"overground","man_made":"pipeline","_source":"candidate","_class":"pipe_untagged","_osm_id":"way/829474822","_district":"Фрунзенский район","_length_km":0.043}},{"type":"Feature","geometry":{"type":"LineString","coordinates":[[30.3702866,59.8893685],[30.370485,59.8890947],[30.3706232,59.8890472]]},"properties":{"location":"overground","man_made":"pipeline","_source":"candidate","_class":"pipe_untagged","_osm_id":"way/829474823","_district":"Фрунзенский район","_length_km":0.042}},{"type":"Feature","geometry":{"type":"LineString","coordinates":[[30.3671126,59.8904479],[30.3673234,59.8905062],[30.3671665,59.8906572],[30.3661132,59.890397],[30.366071,59.8904401],[30.366033,59.8904307],[30.3660753,59.8903876],[30.3654727,59.8902387],[30.3654834,59.8902263],[30.3646459,59.8900117],[30.3647988,59.88986],[30.3644648,59.8897739],[30.3647679,59.8894691]]},"properties":{"location":"overground","man_made":"pipeline","_source":"candidate","_class":"pipe_untagged","_osm_id":"way/829474833","_district":"Фрунзенский район","_length_km":0.281}},{"type":"Feature","geometry":{"type":"LineString","coordinates":[[30.3624827,59.8919684],[30.3624357,59.8919576],[30.3623727,59.8920195],[30.3632904,59.8922559],[30.3633332,59.8922141],[30.3634906,59.8922547],[30.3634478,59.8922965],[30.364202,59.8924958],[30.3649986,59.892775],[30.3660433,59.8918318],[30.3660875,59.8918438],[30.3661392,59.8917975],[30.366101,59.8917868],[30.3663249,59.8915843],[30.3669579,59.8910097],[30.3670018,59.890968],[30.3670706,59.8909861],[30.3671141,59.8909447],[30.3670454,59.8909266],[30.3679839,59.8900335],[30.367894,59.8900093],[30.3679792,59.8899262],[30.368071,59.8899501],[30.3688509,59.8891973],[30.3689173,59.8891334],[30.3694578,59.8892316],[30.3718279,59.8895737],[30.3720193,59.8896013],[30.3730955,59.8897493],[30.3733959,59.8896982],[30.3735287,59.8897042],[30.3737312,59.889565],[30.374444,59.8895175],[30.3748869,59.8896707],[30.3748442,59.8897017],[30.3749771,59.8897486],[30.3750213,59.8897194],[30.3753023,59.8898183]]},"properties":{"location":"overground","man_made":"pipeline","_source":"candidate","_class":"pipe_untagged","_osm_id":"way/829474834","_district":"Фрунзенский район","_length_km":1.073}},{"type":"Feature","geometry":{"type":"LineString","coordinates":[[30.3729796,59.8906913],[30.3731136,59.8906047],[30.3734412,59.8907221]]},"properties":{"location":"overground","man_made":"pipeline","_source":"candidate","_class":"pipe_untagged","_osm_id":"way/829474836","_district":"Фрунзенский район","_length_km":0.035}},{"type":"Feature","geometry":{"type":"LineString","coordinates":[[30.372671,59.890629],[30.3725544,59.8905839],[30.371739,59.8910985]]},"properties":{"location":"overground","man_made":"pipeline","_source":"candidate","_class":"pipe_untagged","_osm_id":"way/829474837","_district":"Фрунзенский район","_length_km":0.082}},{"type":"Feature","geometry":{"type":"LineString","coordinates":[[30.374722,59.889946],[30.3747591,59.8899212],[30.3743099,59.889786],[30.3734381,59.8903511]]},"properties":{"location":"overground","man_made":"pipeline","_source":"candidate","_class":"pipe_untagged","_osm_id":"way/829474838","_district":"Фрунзенский район","_length_km":0.112}},{"type":"Feature","geometry":{"type":"LineString","coordinates":[[30.3755464,59.9002757],[30.3757542,59.9001896],[30.3758427,59.900199],[30.3769545,59.8999018],[30.377149,59.8998715]]},"properties":{"location":"overground","man_made":"pipeline","_source":"candidate","_class":"pipe_untagged","_osm_id":"way/829474846","_district":"Фрунзенский район","_length_km":0.102}},{"type":"Feature","geometry":{"type":"LineString","coordinates":[[30.3761572,59.9009479],[30.375309,59.9011655],[30.3753211,59.9011803],[30.3748807,59.9012867],[30.3749044,59.9013114],[30.3748001,59.9013366],[30.3747764,59.9013119],[30.3743193,59.9014224],[30.3744649,59.9015648]]},"properties":{"location":"overground","man_made":"pipeline","_source":"candidate","_class":"pipe_untagged","_osm_id":"way/829474847","_district":"Фрунзенский район","_length_km":0.141}},{"type":"Feature","geometry":{"type":"LineString","coordinates":[[30.3767896,59.9015812],[30.3765441,59.9013377],[30.3764623,59.9011467],[30.3763926,59.9011514],[30.3761572,59.9009479],[30.3755946,59.9004069],[30.3755464,59.9002757],[30.3753881,59.9001217],[30.3752406,59.8999623],[30.3751403,59.8998612]]},"properties":{"location":"overground","man_made":"pipeline","_source":"candidate","_class":"pipe_untagged","_osm_id":"way/829474848","_district":"Фрунзенский район","_length_km":0.217}},{"type":"Feature","geometry":{"type":"LineString","coordinates":[[30.3750448,59.8998359],[30.3753325,59.8997644]]},"properties":{"location":"overground","man_made":"pipeline","_source":"candidate","_class":"pipe_untagged","_osm_id":"way/829474849","_district":"Фрунзенский район","_length_km":0.018}},{"type":"Feature","geometry":{"type":"LineString","coordinates":[[30.375359,59.899791],[30.3751403,59.8998612],[30.375085,59.8998789],[30.3748034,59.8999636],[30.3742146,59.9001116],[30.3742535,59.90016],[30.3733899,59.900382],[30.3729849,59.8999771],[30.3726885,59.9000551]]},"properties":{"location":"overground","man_made":"pipeline","_source":"candidate","_class":"pipe_untagged","_osm_id":"way/829474850","_district":"Фрунзенский район","_length_km":0.203}},{"type":"Feature","geometry":{"type":"LineString","coordinates":[[30.3746078,59.8993963],[30.3749011,59.8996913],[30.3750038,59.8996656],[30.375033,59.899695],[30.3749303,59.8997206],[30.3750448,59.8998359],[30.375085,59.8998789]]},"properties":{"location":"overground","man_made":"pipeline","_source":"candidate","_class":"pipe_untagged","_osm_id":"way/829474851","_district":"Фрунзенский район","_length_km":0.073}},{"type":"Feature","geometry":{"type":"LineString","coordinates":[[30.3729788,59.8980545],[30.3730834,59.8981483],[30.3734542,59.8980454],[30.3734125,59.8980054]]},"properties":{"location":"overground","man_made":"pipeline","_source":"candidate","_class":"pipe_untagged","_osm_id":"way/829474852","_district":"Фрунзенский район","_length_km":0.041}},{"type":"Feature","geometry":{"type":"LineString","coordinates":[[30.3721145,59.8974071],[30.3731471,59.8978739],[30.3733872,59.8980124],[30.3734125,59.8980054],[30.3736769,59.8979317],[30.3740832,59.8983434],[30.3743367,59.8984133],[30.3744788,59.8985559],[30.3741369,59.8986447],[30.3742428,59.8987442],[30.3741315,59.8987758]]},"properties":{"location":"overground","man_made":"pipeline","_source":"candidate","_class":"pipe_untagged","_osm_id":"way/829474853","_district":"Фрунзенский район","_length_km":0.243}},{"type":"Feature","geometry":{"type":"LineString","coordinates":[[30.4189184,59.8762581],[30.4191363,59.876344]]},"properties":{"location":"overground","man_made":"pipeline","_source":"candidate","_class":"pipe_untagged","_osm_id":"way/837521768","_district":"Невский район","_length_km":0.016}},{"type":"Feature","geometry":{"type":"LineString","coordinates":[[30.4186843,59.8764201],[30.4189184,59.8762581],[30.4192241,59.8760465]]},"properties":{"location":"overground","man_made":"pipeline","_source":"candidate","_class":"pipe_untagged","_osm_id":"way/837521769","_district":"Невский район","_length_km":0.051}},{"type":"Feature","geometry":{"type":"LineString","coordinates":[[30.4202051,59.8765234],[30.420413,59.8764739]]},"properties":{"location":"underground","man_made":"pipeline","_source":"candidate","_class":"pipe_untagged","_osm_id":"way/837521770","_district":"Невский район","_length_km":0.013}},{"type":"Feature","geometry":{"type":"LineString","coordinates":[[30.4195628,59.8767852],[30.4194764,59.876709]]},"properties":{"location":"overground","man_made":"pipeline","_source":"candidate","_class":"pipe_untagged","_osm_id":"way/837521771","_district":"Невский район","_length_km":0.01}},{"type":"Feature","geometry":{"type":"LineString","coordinates":[[30.4202051,59.8765234],[30.4200844,59.87655],[30.4198638,59.8765961],[30.4197223,59.8766341],[30.4194764,59.876709],[30.4194307,59.876723],[30.4193475,59.8767492]]},"properties":{"location":"overground","man_made":"pipeline","_source":"candidate","_class":"pipe_untagged","_osm_id":"way/837521772","_district":"Невский район","_length_km":0.054}},{"type":"Feature","geometry":{"type":"LineString","coordinates":[[30.4207959,59.8764494],[30.420759,59.8764026]]},"properties":{"location":"overground","man_made":"pipeline","_source":"candidate","_class":"pipe_untagged","_osm_id":"way/837521773","_district":"Невский район","_length_km":0.006}},{"type":"Feature","geometry":{"type":"LineString","coordinates":[[30.4208911,59.8764251],[30.4208583,59.8763834],[30.420759,59.8764026],[30.4205082,59.876451],[30.420413,59.8764739]]},"properties":{"location":"overground","man_made":"pipeline","_source":"candidate","_class":"pipe_untagged","_osm_id":"way/837521774","_district":"Невский район","_length_km":0.032}},{"type":"Feature","geometry":{"type":"LineString","coordinates":[[30.4395387,60.0350038],[30.4395264,60.0347123]]},"properties":{"layer":"-1","location":"underground","man_made":"pipeline","_source":"candidate","_class":"pipe_untagged","_osm_id":"way/837864363","_district":"Красногвардейский район","_length_km":0.032}},{"type":"Feature","geometry":{"type":"LineString","coordinates":[[30.4038342,59.8550666],[30.4038537,59.8550654],[30.4038675,59.8550531],[30.4038732,59.8550474],[30.4038624,59.8550403],[30.4037719,59.8550124],[30.4037723,59.8550088],[30.4038258,59.854961]]},"properties":{"layer":"1","location":"overground","man_made":"pipeline","_source":"candidate","_class":"pipe_untagged","_osm_id":"way/845346175","_district":"Фрунзенский район","_length_km":0.017}},{"type":"Feature","geometry":{"type":"LineString","coordinates":[[30.4038075,59.8549561],[30.4037485,59.8550114],[30.4037508,59.8550157],[30.403849,59.8550459],[30.403851,59.8550489],[30.4038342,59.8550666]]},"properties":{"layer":"1","location":"overground","man_made":"pipeline","_source":"candidate","_class":"pipe_untagged","_osm_id":"way/845346176","_district":"Фрунзенский район","_length_km":0.016}},{"type":"Feature","geometry":{"type":"LineString","coordinates":[[30.4037832,59.8549496],[30.4037136,59.8550161],[30.4037149,59.8550194],[30.4038316,59.8550543],[30.4038342,59.8550666]]},"properties":{"layer":"1","location":"overground","man_made":"pipeline","_source":"candidate","_class":"pipe_untagged","_osm_id":"way/845346177","_district":"Фрунзенский район","_length_km":0.018}},{"type":"Feature","geometry":{"type":"LineString","coordinates":[[30.3571332,59.8179706],[30.3571263,59.8179229],[30.3577995,59.8178949],[30.358002,59.8179842]]},"properties":{"man_made":"pipeline","_source":"candidate","_class":"pipe_untagged","_osm_id":"way/851932080","_district":"Московский район","_length_km":0.058}},{"type":"Feature","geometry":{"type":"LineString","coordinates":[[30.3569314,59.8179954],[30.3570635,59.8179935]]},"properties":{"man_made":"pipeline","_source":"candidate","_class":"pipe_untagged","_osm_id":"way/851932081","_district":"Московский район","_length_km":0.007}},{"type":"Feature","geometry":{"type":"LineString","coordinates":[[30.3542255,59.8183841],[30.3542321,59.8184675]]},"properties":{"man_made":"pipeline","_source":"candidate","_class":"pipe_untagged","_osm_id":"way/851932082","_district":"Московский район","_length_km":0.009}},{"type":"Feature","geometry":{"type":"LineString","coordinates":[[30.356907,59.8176943],[30.3569314,59.8179954],[30.3569459,59.8181747],[30.3561787,59.8182036],[30.3557383,59.8182121],[30.3557409,59.8182492],[30.3557436,59.8182893],[30.3557034,59.81829],[30.3557155,59.8184085],[30.3552491,59.8184245],[30.3552514,59.8184457],[30.3551985,59.8184479],[30.3551944,59.8184267],[30.3547157,59.8184446],[30.3547187,59.8184665],[30.3546654,59.8184683],[30.35466,59.8184471],[30.3542321,59.8184675],[30.3541169,59.8184731],[30.3541135,59.818442],[30.3539311,59.8184474],[30.35351,59.8185883],[30.3532304,59.8184012],[30.3531925,59.8182474],[30.3532364,59.8182445],[30.3532324,59.8182276],[30.3531881,59.81823],[30.3531439,59.8180554],[30.3525947,59.8180742],[30.3525632,59.8178406]]},"properties":{"man_made":"pipeline","_source":"candidate","_class":"pipe_untagged","_osm_id":"way/851932083","_district":"Московский район","_length_km":0.414}},{"type":"Feature","geometry":{"type":"LineString","coordinates":[[30.4841832,59.8558953],[30.4840504,59.8562654],[30.4841534,59.8562753],[30.4841447,59.8562996],[30.4840421,59.8562893],[30.4838882,59.8567203],[30.4838748,59.8568398],[30.4836629,59.85742],[30.4837655,59.8574311],[30.4837178,59.8575503],[30.4836159,59.8575443],[30.4834027,59.8580682],[30.4832518,59.8582096],[30.4832377,59.8582376],[30.4837728,59.8583201],[30.4839458,59.858352],[30.4848323,59.8585288],[30.4853124,59.8586665],[30.4853466,59.8586389],[30.4859401,59.8588174],[30.4858408,59.8588682],[30.4853057,59.8591871],[30.4849805,59.8593844],[30.4834583,59.8604201],[30.4828287,59.860851],[30.4816572,59.8616402]]},"properties":{"location":"overground","man_made":"pipeline","_source":"candidate","_class":"pipe_untagged","_osm_id":"way/857314853","_district":"Невский район","_length_km":0.854}},{"type":"Feature","geometry":{"type":"LineString","coordinates":[[30.4408859,59.8415685],[30.4408103,59.8415692]]},"properties":{"location":"overground","man_made":"pipeline","_source":"candidate","_class":"pipe_untagged","_osm_id":"way/857942856","_district":"Фрунзенский район","_length_km":0.004}},{"type":"Feature","geometry":{"type":"LineString","coordinates":[[30.4409217,59.8419185],[30.4408433,59.8419193]]},"properties":{"location":"overground","man_made":"pipeline","_source":"candidate","_class":"pipe_untagged","_osm_id":"way/857942857","_district":"Фрунзенский район","_length_km":0.004}},{"type":"Feature","geometry":{"type":"LineString","coordinates":[[30.4407504,59.8409174],[30.4408468,59.8409106],[30.4408561,59.8409682],[30.4408769,59.8411228],[30.4408783,59.8412117],[30.4408977,59.8415045],[30.4408796,59.8415065],[30.4408859,59.8415685],[30.4409217,59.8419185],[30.4409272,59.8419728],[30.4410627,59.8419677]]},"properties":{"location":"overground","man_made":"pipeline","_source":"candidate","_class":"pipe_untagged","_osm_id":"way/857942858","_district":"Фрунзенский район","_length_km":0.132}},{"type":"Feature","geometry":{"type":"LineString","coordinates":[[30.4371421,59.8407794],[30.4371386,59.8407236],[30.437671,59.8407149],[30.4376721,59.8407312],[30.4377143,59.8407305],[30.4377132,59.8407142],[30.4384227,59.8407025],[30.4384237,59.8407183],[30.4384633,59.8407176],[30.4384622,59.8407019],[30.4387003,59.840698],[30.4394641,59.8406865],[30.439465,59.8407021],[30.4395066,59.8407014],[30.4395057,59.8406859],[30.4404303,59.840672],[30.440437,59.8406673],[30.4408045,59.8406626],[30.4408421,59.8408991],[30.4407459,59.8409045]]},"properties":{"location":"overground","man_made":"pipeline","_source":"candidate","_class":"pipe_untagged","_osm_id":"way/857942859","_district":"Фрунзенский район","_length_km":0.255}},{"type":"Feature","geometry":{"type":"LineString","coordinates":[[30.4372456,59.8405796],[30.4370756,59.8405824],[30.4370789,59.8406313],[30.4371406,59.8406304],[30.4371531,59.8407791]]},"properties":{"location":"overground","man_made":"pipeline","_source":"candidate","_class":"pipe_untagged","_osm_id":"way/857942860","_district":"Фрунзенский район","_length_km":0.035}},{"type":"Feature","geometry":{"type":"LineString","coordinates":[[30.4488691,59.8445708],[30.4496866,59.8445407],[30.4501949,59.8445157],[30.4511263,59.8444746],[30.4512919,59.8444339],[30.4523414,59.8444012],[30.4523434,59.8444238],[30.4524232,59.8444221],[30.4524212,59.8443995],[30.4529261,59.8443884],[30.4533787,59.8443746]]},"properties":{"location":"overground","man_made":"pipeline","_source":"candidate","_class":"pipe_untagged","_osm_id":"way/858196754","_district":"Фрунзенский район","_length_km":0.26}},{"type":"Feature","geometry":{"type":"LineString","coordinates":[[30.4505148,59.844481],[30.4510432,59.8444578],[30.4512289,59.8444046]]},"properties":{"location":"overground","man_made":"pipeline","_source":"candidate","_class":"pipe_untagged","_osm_id":"way/858196755","_district":"Фрунзенский район","_length_km":0.042}},{"type":"Feature","geometry":{"type":"LineString","coordinates":[[30.4505147,59.8444402],[30.4505148,59.844481],[30.450329,59.8444888]]},"properties":{"location":"overground","man_made":"pipeline","_source":"candidate","_class":"pipe_untagged","_osm_id":"way/858196757","_district":"Фрунзенский район","_length_km":0.015}},{"type":"Feature","geometry":{"type":"LineString","coordinates":[[30.4503041,59.8444101],[30.4503136,59.8444096],[30.450329,59.8444888],[30.4494949,59.8445285],[30.4491113,59.8445393],[30.4491073,59.8445258],[30.4488611,59.8445351]]},"properties":{"location":"overground","man_made":"pipeline","_source":"candidate","_class":"pipe_untagged","_osm_id":"way/858196758","_district":"Фрунзенский район","_length_km":0.093}},{"type":"Feature","geometry":{"type":"LineString","coordinates":[[30.4487485,59.8437255],[30.4488434,59.8445195]]},"properties":{"location":"overground","man_made":"pipeline","_source":"candidate","_class":"pipe_untagged","_osm_id":"way/858196759","_district":"Фрунзенский район","_length_km":0.089}},{"type":"Feature","geometry":{"type":"LineString","coordinates":[[30.445831,59.8392187],[30.445835,59.8390735]]},"properties":{"location":"overground","man_made":"pipeline","_source":"candidate","_class":"pipe_untagged","_osm_id":"way/858196817","_district":"Фрунзенский район","_length_km":0.016}},{"type":"Feature","geometry":{"type":"LineString","coordinates":[[30.4432668,59.8402428],[30.4432332,59.839875],[30.4438327,59.8395589],[30.4441278,59.8395664],[30.4442203,59.8392099],[30.445831,59.8392187],[30.4467577,59.8392099]]},"properties":{"location":"overground","man_made":"pipeline","_source":"candidate","_class":"pipe_untagged","_osm_id":"way/858196818","_district":"Фрунзенский район","_length_km":0.289}},{"type":"Feature","geometry":{"type":"LineString","coordinates":[[30.4418667,59.8402604],[30.4422703,59.8402583],[30.4422703,59.8402395],[30.4432668,59.8402428],[30.4435484,59.840544],[30.4445757,59.8405198],[30.4445911,59.8407586],[30.4445395,59.8407617],[30.4445469,59.8408135],[30.4446039,59.8408142],[30.4446267,59.8411444],[30.4444778,59.8412744],[30.4446562,59.8413222],[30.4449499,59.8415682]]},"properties":{"location":"overground","man_made":"pipeline","_source":"candidate","_class":"pipe_untagged","_osm_id":"way/858196819","_district":"Фрунзенский район","_length_km":0.311}},{"type":"Feature","geometry":{"type":"LineString","coordinates":[[30.4441009,59.8420556],[30.4441016,59.841998],[30.4449207,59.841976],[30.4449525,59.8416207],[30.4451922,59.8416196]]},"properties":{"location":"overground","man_made":"pipeline","_source":"candidate","_class":"pipe_untagged","_osm_id":"way/858196827","_district":"Фрунзенский район","_length_km":0.105}},{"type":"Feature","geometry":{"type":"LineString","coordinates":[[30.4442049,59.8429972],[30.4441988,59.8429264],[30.4441794,59.8427139],[30.4442332,59.8427121],[30.4442271,59.8426538],[30.4441734,59.8426546],[30.4441412,59.8423733]]},"properties":{"location":"overground","man_made":"pipeline","_source":"candidate","_class":"pipe_untagged","_osm_id":"way/858196828","_district":"Фрунзенский район","_length_km":0.076}},{"type":"Feature","geometry":{"type":"LineString","coordinates":[[30.4442263,59.8431659],[30.444227,59.843205],[30.4429798,59.843231],[30.4429986,59.8434445],[30.4430602,59.8450992],[30.4429516,59.8451045],[30.4429516,59.8451446],[30.4427578,59.8451474]]},"properties":{"location":"overground","man_made":"pipeline","_source":"candidate","_class":"pipe_untagged","_osm_id":"way/858196831","_district":"Фрунзенский район","_length_km":0.304}},{"type":"Feature","geometry":{"type":"LineString","coordinates":[[30.4373418,59.8403614],[30.4370951,59.840369],[30.4364231,59.8403897],[30.4363386,59.8403958]]},"properties":{"location":"overground","man_made":"pipeline","_source":"candidate","_class":"pipe_untagged","_osm_id":"way/858304943","_district":"Фрунзенский район","_length_km":0.056}},{"type":"Feature","geometry":{"type":"LineString","coordinates":[[30.4322764,59.8387288],[30.4335424,59.8389775],[30.4345094,59.8391661],[30.4352456,59.8393117]]},"properties":{"location":"overground","man_made":"pipeline","_source":"candidate","_class":"pipe_untagged","_osm_id":"way/858739407","_district":"Фрунзенский район","_length_km":0.179}},{"type":"Feature","geometry":{"type":"LineString","coordinates":[[30.465053,59.8604504],[30.4651308,59.8604322],[30.4652287,59.8605628],[30.4656042,59.8608995]]},"properties":{"layer":"1","location":"overground","man_made":"pipeline","_source":"candidate","_class":"pipe_untagged","_osm_id":"way/859056415","_district":"Невский район","_length_km":0.063}},{"type":"Feature","geometry":{"type":"LineString","coordinates":[[30.4646856,59.8604089],[30.4646453,59.8603574],[30.4646904,59.8603486],[30.4646765,59.8603308],[30.4646452,59.8603369],[30.4644132,59.8600399],[30.4643771,59.860047],[30.4643628,59.8600287],[30.4643989,59.8600216],[30.4641851,59.8597478],[30.464126,59.8597594],[30.4640965,59.8597216],[30.464146,59.8597118],[30.4638661,59.8594026],[30.4638278,59.8594113],[30.4638143,59.8593963],[30.4638526,59.8593876],[30.4635778,59.859076],[30.4635355,59.8590854],[30.4635041,59.8590498],[30.4635464,59.8590404],[30.4634995,59.8589872]]},"properties":{"layer":"1","location":"overground","man_made":"pipeline","_source":"candidate","_class":"pipe_untagged","_osm_id":"way/859056416","_district":"Невский район","_length_km":0.197}},{"type":"Feature","geometry":{"type":"LineString","coordinates":[[30.4415824,59.83846],[30.4405068,59.838243]]},"properties":{"location":"overground","man_made":"pipeline","_source":"candidate","_class":"pipe_untagged","_osm_id":"way/859304584","_district":"Фрунзенский район","_length_km":0.065}},{"type":"Feature","geometry":{"type":"LineString","coordinates":[[30.4370951,59.840369],[30.4372801,59.8401374]]},"properties":{"location":"overground","man_made":"pipeline","_source":"candidate","_class":"pipe_untagged","_osm_id":"way/859304595","_district":"Фрунзенский район","_length_km":0.028}},{"type":"Feature","geometry":{"type":"LineString","coordinates":[[30.4333969,59.836024],[30.433649,59.8360675]]},"properties":{"location":"overground","man_made":"pipeline","_source":"candidate","_class":"pipe_untagged","_osm_id":"way/859324136","_district":"Фрунзенский район","_length_km":0.015}},{"type":"Feature","geometry":{"type":"LineString","coordinates":[[30.4369515,59.8372248],[30.4367765,59.8371898],[30.4367993,59.8371584],[30.4359243,59.8369891],[30.4358996,59.8370214],[30.4358606,59.8370139],[30.4358853,59.8369816],[30.4351786,59.8368448],[30.4351018,59.8369483]]},"properties":{"location":"overground","man_made":"pipeline","_source":"candidate","_class":"pipe_untagged","_osm_id":"way/859324137","_district":"Фрунзенский район","_length_km":0.132}},{"type":"Feature","geometry":{"type":"LineString","coordinates":[[30.445084,59.844509],[30.4445408,59.8445097],[30.4445545,59.8447711],[30.4445873,59.8447706],[30.4445887,59.8447973],[30.4445559,59.8447977],[30.4445683,59.8450335],[30.4438864,59.8450793]]},"properties":{"location":"overground","man_made":"pipeline","_source":"candidate","_class":"pipe_untagged","_osm_id":"way/859705278","_district":"Фрунзенский район","_length_km":0.131}},{"type":"Feature","geometry":{"type":"LineString","coordinates":[[30.4443571,59.8466722],[30.444179,59.8466742]]},"properties":{"location":"overground","man_made":"pipeline","_source":"candidate","_class":"pipe_untagged","_osm_id":"way/859705410","_district":"Фрунзенский район","_length_km":0.01}},{"type":"Feature","geometry":{"type":"LineString","coordinates":[[30.444115,59.8463768],[30.4443571,59.8463778],[30.4443571,59.8466722],[30.4443571,59.8467207],[30.4445033,59.846721],[30.4444952,59.8470811],[30.4444676,59.8470815]]},"properties":{"location":"overground","man_made":"pipeline","_source":"candidate","_class":"pipe_untagged","_osm_id":"way/859705411","_district":"Фрунзенский район","_length_km":0.102}},{"type":"Feature","geometry":{"type":"LineString","coordinates":[[30.2961101,59.832578],[30.2955347,59.8325685],[30.2951713,59.8325153],[30.2947348,59.8325025],[30.2942097,59.8329362],[30.2938087,59.8333675]]},"properties":{"location":"overground","man_made":"pipeline","_source":"candidate","_class":"pipe_untagged","_osm_id":"way/860866289","_district":"Московский район","_length_km":0.188}},{"type":"Feature","geometry":{"type":"LineString","coordinates":[[30.2952216,59.8326966],[30.2951766,59.8327475]]},"properties":{"location":"overground","man_made":"pipeline","_source":"candidate","_class":"pipe_untagged","_osm_id":"way/860866290","_district":"Московский район","_length_km":0.006}},{"type":"Feature","geometry":{"type":"LineString","coordinates":[[30.2951667,59.832745],[30.2950834,59.8328435]]},"properties":{"location":"overground","man_made":"pipeline","_source":"candidate","_class":"pipe_untagged","_osm_id":"way/860866291","_district":"Московский район","_length_km":0.012}},{"type":"Feature","geometry":{"type":"LineString","coordinates":[[30.2950265,59.8328283],[30.2951131,59.8327318]]},"properties":{"location":"overground","man_made":"pipeline","_source":"candidate","_class":"pipe_untagged","_osm_id":"way/860866292","_district":"Московский район","_length_km":0.012}},{"type":"Feature","geometry":{"type":"LineString","coordinates":[[30.2951029,59.8327293],[30.2951498,59.8326804]]},"properties":{"location":"overground","man_made":"pipeline","_source":"candidate","_class":"pipe_untagged","_osm_id":"way/860866293","_district":"Московский район","_length_km":0.006}},{"type":"Feature","geometry":{"type":"LineString","coordinates":[[30.2950238,59.8334312],[30.2950419,59.8334248],[30.2954871,59.8329533],[30.2955173,59.8328317],[30.2951766,59.8327475],[30.2951667,59.832745],[30.2951131,59.8327318],[30.2951029,59.8327293]]},"properties":{"location":"overground","man_made":"pipeline","_source":"candidate","_class":"pipe_untagged","_osm_id":"way/860866294","_district":"Московский район","_length_km":0.099}},{"type":"Feature","geometry":{"type":"LineString","coordinates":[[30.4123122,59.8582361],[30.4124247,59.8582679],[30.4124153,59.8583137],[30.4124509,59.8583217],[30.4124804,59.8583446]]},"properties":{"layer":"1","location":"overground","man_made":"pipeline","_source":"candidate","_class":"pipe_untagged","_osm_id":"way/870406030","_district":"Фрунзенский район","_length_km":0.018}},{"type":"Feature","geometry":{"type":"LineString","coordinates":[[30.4122458,59.8582994],[30.4124247,59.8583467],[30.4124804,59.8583446]]},"properties":{"layer":"1","location":"overground","man_made":"pipeline","_source":"candidate","_class":"pipe_untagged","_osm_id":"way/870406031","_district":"Фрунзенский район","_length_km":0.014}},{"type":"Feature","geometry":{"type":"LineString","coordinates":[[30.3450458,59.9186289],[30.3450512,59.9186601],[30.3449991,59.918683]]},"properties":{"man_made":"pipeline","_source":"candidate","_class":"pipe_untagged","_osm_id":"way/882392800","_district":"Центральный район","_length_km":0.007}},{"type":"Feature","geometry":{"type":"LineString","coordinates":[[30.344957,59.9186623],[30.3450362,59.9186234]]},"properties":{"man_made":"pipeline","_source":"candidate","_class":"pipe_untagged","_osm_id":"way/882392801","_district":"Центральный район","_length_km":0.006}},{"type":"Feature","geometry":{"type":"LineString","coordinates":[[30.3448988,59.9186337],[30.3449502,59.9186087],[30.3450258,59.9186209]]},"properties":{"man_made":"pipeline","_source":"candidate","_class":"pipe_untagged","_osm_id":"way/882392802","_district":"Центральный район","_length_km":0.008}},{"type":"Feature","geometry":{"type":"LineString","coordinates":[[30.3450139,59.9186235],[30.3448287,59.918639]]},"properties":{"man_made":"pipeline","_source":"candidate","_class":"pipe_untagged","_osm_id":"way/882392803","_district":"Центральный район","_length_km":0.011}},{"type":"Feature","geometry":{"type":"LineString","coordinates":[[30.2672155,60.0439201],[30.2672121,60.0439801]]},"properties":{"layer":"1","man_made":"pipeline","_source":"candidate","_class":"pipe_untagged","_osm_id":"way/888711393","_district":"Приморский район","_length_km":0.007}},{"type":"Feature","geometry":{"type":"LineString","coordinates":[[30.4886692,59.8545933],[30.4885837,59.8546152],[30.488584,59.8546202],[30.488466,59.8546531],[30.488291,59.854843],[30.4882548,59.854908],[30.4879115,59.8548484],[30.4879242,59.8548282],[30.4878444,59.8548137],[30.4877264,59.8547958],[30.4870438,59.8547295],[30.4865985,59.8546908]]},"properties":{"man_made":"pipeline","_source":"candidate","_class":"pipe_untagged","_osm_id":"way/901256631","_district":"Невский район","_length_km":0.143}},{"type":"Feature","geometry":{"type":"LineString","coordinates":[[30.4843146,59.8545968],[30.4843368,59.8546079],[30.4845802,59.8545456],[30.4850328,59.8545739],[30.4855391,59.8546083],[30.4865985,59.8546908],[30.4865861,59.8547278]]},"properties":{"man_made":"pipeline","_source":"candidate","_class":"pipe_untagged","_osm_id":"way/901256632","_district":"Невский район","_length_km":0.136}},{"type":"Feature","geometry":{"type":"LineString","coordinates":[[30.4157664,59.8256851],[30.4157158,59.8257468],[30.4155783,59.8257185],[30.4151425,59.8262281]]},"properties":{"man_made":"pipeline","_source":"candidate","_class":"pipe_untagged","_osm_id":"way/933364594","_district":"Фрунзенский район","_length_km":0.078}},{"type":"Feature","geometry":{"type":"LineString","coordinates":[[30.3725718,59.7362805],[30.372602,59.7363157],[30.3722218,59.7368851],[30.3718838,59.7368354],[30.3717997,59.7369723],[30.3715931,59.736943],[30.3715459,59.7370133],[30.3711754,59.7369478]]},"properties":{"location":"overground","man_made":"pipeline","_source":"candidate","_class":"pipe_untagged","_osm_id":"way/939086509","_district":"Пушкинский район","_length_km":0.149}},{"type":"Feature","geometry":{"type":"LineString","coordinates":[[30.3729101,59.7354774],[30.3728772,59.7355249],[30.3727978,59.735512],[30.3726824,59.7356857],[30.3727696,59.7357023],[30.3724705,59.7361615],[30.372498,59.7361899]]},"properties":{"location":"overground","man_made":"pipeline","_source":"candidate","_class":"pipe_untagged","_osm_id":"way/939086510","_district":"Пушкинский район","_length_km":0.093}},{"type":"Feature","geometry":{"type":"LineString","coordinates":[[30.372498,59.7361899],[30.3725718,59.7362805]]},"properties":{"location":"overhead","man_made":"pipeline","_source":"candidate","_class":"pipe_untagged","_osm_id":"way/939086511","_district":"Пушкинский район","_length_km":0.011}},{"type":"Feature","geometry":{"type":"LineString","coordinates":[[30.181685,59.8380208],[30.1816903,59.8379425]]},"properties":{"location":"overground","man_made":"pipeline","_source":"candidate","_class":"pipe_untagged","_osm_id":"way/941461538","_district":"Красносельский район","_length_km":0.009}},{"type":"Feature","geometry":{"type":"LineString","coordinates":[[30.1819096,59.8377597],[30.1819298,59.8376055],[30.1818889,59.8376065]]},"properties":{"location":"overground","man_made":"pipeline","_source":"candidate","_class":"pipe_untagged","_osm_id":"way/941461539","_district":"Красносельский район","_length_km":0.02}},{"type":"Feature","geometry":{"type":"LineString","coordinates":[[30.1813234,59.8379288],[30.1813222,59.8380159],[30.181685,59.8380208],[30.1818225,59.8380226],[30.1818734,59.8377592],[30.1819096,59.8377597],[30.1820934,59.8377625]]},"properties":{"location":"overground","man_made":"pipeline","_source":"candidate","_class":"pipe_untagged","_osm_id":"way/941461540","_district":"Красносельский район","_length_km":0.08}},{"type":"Feature","geometry":{"type":"LineString","coordinates":[[30.4167692,59.6830171],[30.4175424,59.6828374]]},"properties":{"location":"overground","man_made":"pipeline","_source":"candidate","_class":"pipe_untagged","_osm_id":"way/951227947","_district":"Пушкинский район","_length_km":0.048}},{"type":"Feature","geometry":{"type":"LineString","coordinates":[[30.4277106,59.7276812],[30.4276238,59.7278609],[30.4275567,59.7278543]]},"properties":{"location":"overground","man_made":"pipeline","_source":"candidate","_class":"pipe_untagged","_osm_id":"way/954043891","_district":"Пушкинский район","_length_km":0.024}},{"type":"Feature","geometry":{"type":"LineString","coordinates":[[29.9494929,59.8553372],[29.9496163,59.8555493]]},"properties":{"location":"overground","man_made":"pipeline","_source":"candidate","_class":"pipe_untagged","_osm_id":"way/966188192","_district":"Петродворцовый район","_length_km":0.025}},{"type":"Feature","geometry":{"type":"LineString","coordinates":[[29.9473961,59.8556306],[29.9476066,59.8559815]]},"properties":{"location":"overground","man_made":"pipeline","_source":"candidate","_class":"pipe_untagged","_osm_id":"way/966208425","_district":"Петродворцовый район","_length_km":0.041}},{"type":"Feature","geometry":{"type":"LineString","coordinates":[[29.9502017,59.8540904],[29.9491944,59.8542667],[29.9490704,59.8542884],[29.9490906,59.8543187]]},"properties":{"location":"overground","man_made":"pipeline","_source":"candidate","_class":"pipe_untagged","_osm_id":"way/966208432","_district":"Петродворцовый район","_length_km":0.071}},{"type":"Feature","geometry":{"type":"LineString","coordinates":[[30.4513425,59.7017919],[30.4513201,59.7017788],[30.4514643,59.7017223],[30.451078,59.7014743],[30.4509915,59.7015129],[30.4506885,59.7013288],[30.4505932,59.7013613],[30.4495874,59.7006285],[30.4500259,59.7004323],[30.4499998,59.7004161],[30.4501332,59.7003579],[30.4502935,59.7002801],[30.4502707,59.7002666],[30.4504363,59.7001952]]},"properties":{"man_made":"pipeline","_source":"candidate","_class":"pipe_untagged","_osm_id":"way/970416166","_district":"Пушкинский район","_length_km":0.258}},{"type":"Feature","geometry":{"type":"LineString","coordinates":[[30.443114,59.7067127],[30.443773,59.7066874],[30.4437865,59.7065751],[30.445263,59.7066684],[30.4469209,59.7066172],[30.4469192,59.7066007],[30.4469584,59.7065997],[30.4469602,59.7066157],[30.4485923,59.7065707],[30.4489926,59.7067246],[30.4489001,59.7075672],[30.4489309,59.7075814],[30.4490114,59.7076148]]},"properties":{"man_made":"pipeline","_source":"candidate","_class":"pipe_untagged","_osm_id":"way/970416387","_district":"Пушкинский район","_length_km":0.455}},{"type":"Feature","geometry":{"type":"LineString","coordinates":[[30.2106824,59.7976954],[30.2106497,59.7978364]]},"properties":{"disused":"yes","location":"overground","man_made":"pipeline","note":"труба не используется, но по ней можно перейти на другой берег (осторожно, т.к. скользкая)","_source":"candidate","_class":"pipe_untagged","_osm_id":"way/978247387","_district":"Красносельский район","_length_km":0.016}},{"type":"Feature","geometry":{"type":"LineString","coordinates":[[30.4394235,60.0296861],[30.4396646,60.0296861],[30.4396726,60.0295682],[30.4396109,60.0295675],[30.4396136,60.0295078]]},"properties":{"location":"overground","man_made":"pipeline","_source":"candidate","_class":"pipe_untagged","_osm_id":"way/978556898","_district":"Красногвардейский район","_length_km":0.037}},{"type":"Feature","geometry":{"type":"LineString","coordinates":[[30.4394204,60.0299061],[30.4394228,60.0297987],[30.4395369,60.0297989],[30.4395373,60.0297433],[30.4394231,60.0297431],[30.4394235,60.0296861],[30.4394245,60.0295474]]},"properties":{"location":"overground","man_made":"pipeline","_source":"candidate","_class":"pipe_untagged","_osm_id":"way/978556899","_district":"Красногвардейский район","_length_km":0.053}},{"type":"Feature","geometry":{"type":"LineString","coordinates":[[30.439159,60.0302509],[30.4392609,60.0315759]]},"properties":{"layer":"-1","location":"underground","man_made":"pipeline","_source":"candidate","_class":"pipe_untagged","_osm_id":"way/978556900","_district":"Красногвардейский район","_length_km":0.148}},{"type":"Feature","geometry":{"type":"LineString","coordinates":[[30.0781477,59.7473578],[30.0771001,59.747529],[30.0761941,59.7478464]]},"properties":{"location":"overground","man_made":"pipeline","_source":"candidate","_class":"pipe_untagged","_osm_id":"way/985239634","_district":"Красносельский район","_length_km":0.124}},{"type":"Feature","geometry":{"type":"LineString","coordinates":[[30.0761941,59.7478464],[30.0758331,59.747973]]},"properties":{"layer":"1","location":"overhead","man_made":"pipeline","_source":"candidate","_class":"pipe_untagged","_osm_id":"way/985239635","_district":"вне районов","_length_km":0.025}},{"type":"Feature","geometry":{"type":"LineString","coordinates":[[30.1468687,59.8561642],[30.1468672,59.8556678]]},"properties":{"bridge":"yes","location":"surface","man_made":"pipeline","_source":"candidate","_class":"pipe_untagged","_osm_id":"way/998223424","_district":"Красносельский район","_length_km":0.055}},{"type":"Feature","geometry":{"type":"LineString","coordinates":[[30.1468255,59.8561642],[30.1468272,59.8556678]]},"properties":{"bridge":"yes","location":"surface","man_made":"pipeline","_source":"candidate","_class":"pipe_untagged","_osm_id":"way/998223425","_district":"Красносельский район","_length_km":0.055}}]}