{"type":"FeatureCollection","features":[{"type":"Feature","geometry":{"type":"Point","coordinates":[30.4031058,59.8569067]},"properties":{"man_made":"manhole","manhole":"heat","_source":"real","_class":"heat_manhole","_osm_id":"node/10301626895","_district":"Фрунзенский район"}},{"type":"Feature","geometry":{"type":"Point","coordinates":[30.4031283,59.8569132]},"properties":{"man_made":"manhole","manhole":"heat","_source":"real","_class":"heat_manhole","_osm_id":"node/10301626896","_district":"Фрунзенский район"}},{"type":"Feature","geometry":{"type":"Point","coordinates":[30.4031171,59.8568943]},"properties":{"man_made":"manhole","manhole":"heat","_source":"real","_class":"heat_manhole","_osm_id":"node/10301626897","_district":"Фрунзенский район"}},{"type":"Feature","geometry":{"type":"Point","coordinates":[30.403054,59.8569275]},"properties":{"man_made":"manhole","manhole":"heat","_source":"real","_class":"heat_manhole","_osm_id":"node/10301626900","_district":"Фрунзенский район"}},{"type":"Feature","geometry":{"type":"Point","coordinates":[30.4029443,59.8563277]},"properties":{"man_made":"manhole","manhole":"heat","_source":"real","_class":"heat_manhole","_osm_id":"node/10301626915","_district":"Фрунзенский район"}},{"type":"Feature","geometry":{"type":"Point","coordinates":[30.4029611,59.8563126]},"properties":{"man_made":"manhole","manhole":"heat","_source":"real","_class":"heat_manhole","_osm_id":"node/10301626916","_district":"Фрунзенский район"}},{"type":"Feature","geometry":{"type":"Point","coordinates":[30.4029145,59.8563195]},"properties":{"man_made":"manhole","manhole":"heat","_source":"real","_class":"heat_manhole","_osm_id":"node/10301626917","_district":"Фрунзенский район"}},{"type":"Feature","geometry":{"type":"Point","coordinates":[30.4029324,59.8563052]},"properties":{"man_made":"manhole","manhole":"heat","_source":"real","_class":"heat_manhole","_osm_id":"node/10301626918","_district":"Фрунзенский район"}},{"type":"Feature","geometry":{"type":"Point","coordinates":[30.4045785,59.8559537]},"properties":{"man_made":"manhole","manhole":"heat","_source":"real","_class":"heat_manhole","_osm_id":"node/10301626931","_district":"Фрунзенский район"}},{"type":"Feature","geometry":{"type":"Point","coordinates":[30.4045949,59.8559383]},"properties":{"man_made":"manhole","manhole":"heat","_source":"real","_class":"heat_manhole","_osm_id":"node/10301626932","_district":"Фрунзенский район"}},{"type":"Feature","geometry":{"type":"Point","coordinates":[30.4045479,59.8559451]},"properties":{"man_made":"manhole","manhole":"heat","_source":"real","_class":"heat_manhole","_osm_id":"node/10301626933","_district":"Фрунзенский район"}},{"type":"Feature","geometry":{"type":"Point","coordinates":[30.4045636,59.8559299]},"properties":{"man_made":"manhole","manhole":"heat","_source":"real","_class":"heat_manhole","_osm_id":"node/10301626934","_district":"Фрунзенский район"}},{"type":"Feature","geometry":{"type":"Point","coordinates":[30.4036798,59.8556878]},"properties":{"man_made":"manhole","manhole":"heat","_source":"real","_class":"heat_manhole","_osm_id":"node/10301626952","_district":"Фрунзенский район"}},{"type":"Feature","geometry":{"type":"Point","coordinates":[30.4035873,59.8556939]},"properties":{"man_made":"manhole","manhole":"heat","_source":"real","_class":"heat_manhole","_osm_id":"node/10301626953","_district":"Фрунзенский район"}},{"type":"Feature","geometry":{"type":"Point","coordinates":[30.4036137,59.8556693]},"properties":{"man_made":"manhole","manhole":"heat","_source":"real","_class":"heat_manhole","_osm_id":"node/10301626954","_district":"Фрунзенский район"}},{"type":"Feature","geometry":{"type":"Point","coordinates":[30.4038578,59.8554883]},"properties":{"man_made":"manhole","manhole":"heat","_source":"real","_class":"heat_manhole","_osm_id":"node/10301626995","_district":"Фрунзенский район"}},{"type":"Feature","geometry":{"type":"Point","coordinates":[30.4038851,59.8554648]},"properties":{"man_made":"manhole","manhole":"heat","_source":"real","_class":"heat_manhole","_osm_id":"node/10301626996","_district":"Фрунзенский район"}},{"type":"Feature","geometry":{"type":"Point","coordinates":[30.4048048,59.8558544]},"properties":{"man_made":"manhole","manhole":"heat","_source":"real","_class":"heat_manhole","_osm_id":"node/10301626997","_district":"Фрунзенский район"}},{"type":"Feature","geometry":{"type":"Point","coordinates":[30.4047787,59.8558482]},"properties":{"man_made":"manhole","manhole":"heat","_source":"real","_class":"heat_manhole","_osm_id":"node/10301626998","_district":"Фрунзенский район"}},{"type":"Feature","geometry":{"type":"Point","coordinates":[30.404791,59.8558361]},"properties":{"man_made":"manhole","manhole":"heat","_source":"real","_class":"heat_manhole","_osm_id":"node/10301626999","_district":"Фрунзенский район"}},{"type":"Feature","geometry":{"type":"Point","coordinates":[30.4048161,59.8558412]},"properties":{"man_made":"manhole","manhole":"heat","_source":"real","_class":"heat_manhole","_osm_id":"node/10301627000","_district":"Фрунзенский район"}},{"type":"Feature","geometry":{"type":"Point","coordinates":[30.4050539,59.8560821]},"properties":{"man_made":"manhole","manhole":"heat","_source":"real","_class":"heat_manhole","_osm_id":"node/10301627013","_district":"Фрунзенский район"}},{"type":"Feature","geometry":{"type":"Point","coordinates":[30.4050869,59.8560907]},"properties":{"man_made":"manhole","manhole":"heat","_source":"real","_class":"heat_manhole","_osm_id":"node/10301627014","_district":"Фрунзенский район"}},{"type":"Feature","geometry":{"type":"Point","coordinates":[30.4050705,59.8560656]},"properties":{"man_made":"manhole","manhole":"heat","_source":"real","_class":"heat_manhole","_osm_id":"node/10301627015","_district":"Фрунзенский район"}},{"type":"Feature","geometry":{"type":"Point","coordinates":[30.4051013,59.8560745]},"properties":{"man_made":"manhole","manhole":"heat","_source":"real","_class":"heat_manhole","_osm_id":"node/10301627016","_district":"Фрунзенский район"}},{"type":"Feature","geometry":{"type":"Point","coordinates":[30.4061907,59.856398]},"properties":{"man_made":"manhole","manhole":"heat","_source":"real","_class":"heat_manhole","_osm_id":"node/10301627037","_district":"Фрунзенский район"}},{"type":"Feature","geometry":{"type":"Point","coordinates":[30.4062357,59.8564101]},"properties":{"man_made":"manhole","manhole":"heat","_source":"real","_class":"heat_manhole","_osm_id":"node/10301627038","_district":"Фрунзенский район"}},{"type":"Feature","geometry":{"type":"Point","coordinates":[30.4062608,59.8563865]},"properties":{"man_made":"manhole","manhole":"heat","_source":"real","_class":"heat_manhole","_osm_id":"node/10301627039","_district":"Фрунзенский район"}},{"type":"Feature","geometry":{"type":"Point","coordinates":[30.4062155,59.8563747]},"properties":{"man_made":"manhole","manhole":"heat","_source":"real","_class":"heat_manhole","_osm_id":"node/10301627040","_district":"Фрунзенский район"}},{"type":"Feature","geometry":{"type":"Point","coordinates":[30.4066033,59.8565138]},"properties":{"man_made":"manhole","manhole":"heat","_source":"real","_class":"heat_manhole","_osm_id":"node/10301627051","_district":"Фрунзенский район"}},{"type":"Feature","geometry":{"type":"Point","coordinates":[30.4066486,59.856526]},"properties":{"man_made":"manhole","manhole":"heat","_source":"real","_class":"heat_manhole","_osm_id":"node/10301627052","_district":"Фрунзенский район"}},{"type":"Feature","geometry":{"type":"Point","coordinates":[30.4066294,59.8564882]},"properties":{"man_made":"manhole","manhole":"heat","_source":"real","_class":"heat_manhole","_osm_id":"node/10301627053","_district":"Фрунзенский район"}},{"type":"Feature","geometry":{"type":"Point","coordinates":[30.4066758,59.8565013]},"properties":{"man_made":"manhole","manhole":"heat","_source":"real","_class":"heat_manhole","_osm_id":"node/10301627054","_district":"Фрунзенский район"}},{"type":"Feature","geometry":{"type":"Point","coordinates":[30.4067024,59.8565064]},"properties":{"man_made":"manhole","manhole":"heat","_source":"real","_class":"heat_manhole","_osm_id":"node/10301627055","_district":"Фрунзенский район"}},{"type":"Feature","geometry":{"type":"Point","coordinates":[30.407139,59.8566639]},"properties":{"man_made":"manhole","manhole":"heat","_source":"real","_class":"heat_manhole","_osm_id":"node/10301627065","_district":"Фрунзенский район"}},{"type":"Feature","geometry":{"type":"Point","coordinates":[30.4071639,59.8566392]},"properties":{"man_made":"manhole","manhole":"heat","_source":"real","_class":"heat_manhole","_osm_id":"node/10301627066","_district":"Фрунзенский район"}},{"type":"Feature","geometry":{"type":"Point","coordinates":[30.4071831,59.8566764]},"properties":{"man_made":"manhole","manhole":"heat","_source":"real","_class":"heat_manhole","_osm_id":"node/10301627067","_district":"Фрунзенский район"}},{"type":"Feature","geometry":{"type":"Point","coordinates":[30.4072109,59.8566528]},"properties":{"man_made":"manhole","manhole":"heat","_source":"real","_class":"heat_manhole","_osm_id":"node/10301627068","_district":"Фрунзенский район"}},{"type":"Feature","geometry":{"type":"Point","coordinates":[30.4131905,59.8593508]},"properties":{"man_made":"manhole","manhole":"heat","_source":"real","_class":"heat_manhole","_osm_id":"node/10301648487","_district":"Фрунзенский район"}},{"type":"Feature","geometry":{"type":"Point","coordinates":[30.413215,59.8593582]},"properties":{"man_made":"manhole","manhole":"heat","_source":"real","_class":"heat_manhole","_osm_id":"node/10301648488","_district":"Фрунзенский район"}},{"type":"Feature","geometry":{"type":"Point","coordinates":[30.4132281,59.8593455]},"properties":{"man_made":"manhole","manhole":"heat","_source":"real","_class":"heat_manhole","_osm_id":"node/10301648489","_district":"Фрунзенский район"}},{"type":"Feature","geometry":{"type":"Point","coordinates":[30.4132028,59.8593395]},"properties":{"man_made":"manhole","manhole":"heat","_source":"real","_class":"heat_manhole","_osm_id":"node/10301648490","_district":"Фрунзенский район"}},{"type":"Feature","geometry":{"type":"Point","coordinates":[30.4133628,59.86013]},"properties":{"man_made":"manhole","manhole":"heat","_source":"real","_class":"heat_manhole","_osm_id":"node/10301648513","_district":"Фрунзенский район"}},{"type":"Feature","geometry":{"type":"Point","coordinates":[30.4133821,59.8601145]},"properties":{"man_made":"manhole","manhole":"heat","_source":"real","_class":"heat_manhole","_osm_id":"node/10301648514","_district":"Фрунзенский район"}},{"type":"Feature","geometry":{"type":"Point","coordinates":[30.4133338,59.8601204]},"properties":{"man_made":"manhole","manhole":"heat","_source":"real","_class":"heat_manhole","_osm_id":"node/10301648515","_district":"Фрунзенский район"}},{"type":"Feature","geometry":{"type":"Point","coordinates":[30.4133518,59.8601059]},"properties":{"man_made":"manhole","manhole":"heat","_source":"real","_class":"heat_manhole","_osm_id":"node/10301648516","_district":"Фрунзенский район"}},{"type":"Feature","geometry":{"type":"Point","coordinates":[30.4133608,59.8601556]},"properties":{"man_made":"manhole","manhole":"heat","_source":"real","_class":"heat_manhole","_osm_id":"node/10301648550","_district":"Фрунзенский район"}},{"type":"Feature","geometry":{"type":"Point","coordinates":[30.4144024,59.8597985]},"properties":{"man_made":"manhole","manhole":"heat","_source":"real","_class":"heat_manhole","_osm_id":"node/10301648553","_district":"Фрунзенский район"}},{"type":"Feature","geometry":{"type":"Point","coordinates":[30.4144275,59.8598051]},"properties":{"man_made":"manhole","manhole":"heat","_source":"real","_class":"heat_manhole","_osm_id":"node/10301648554","_district":"Фрунзенский район"}},{"type":"Feature","geometry":{"type":"Point","coordinates":[30.414415,59.8597856]},"properties":{"man_made":"manhole","manhole":"heat","_source":"real","_class":"heat_manhole","_osm_id":"node/10301648555","_district":"Фрунзенский район"}},{"type":"Feature","geometry":{"type":"Point","coordinates":[30.4144389,59.8597915]},"properties":{"man_made":"manhole","manhole":"heat","_source":"real","_class":"heat_manhole","_osm_id":"node/10301648556","_district":"Фрунзенский район"}},{"type":"Feature","geometry":{"type":"Point","coordinates":[30.4146483,59.8598447]},"properties":{"man_made":"manhole","manhole":"heat","_source":"real","_class":"heat_manhole","_osm_id":"node/10301648572","_district":"Фрунзенский район"}},{"type":"Feature","geometry":{"type":"Point","coordinates":[30.414678,59.8598519]},"properties":{"man_made":"manhole","manhole":"heat","_source":"real","_class":"heat_manhole","_osm_id":"node/10301648573","_district":"Фрунзенский район"}},{"type":"Feature","geometry":{"type":"Point","coordinates":[30.4146643,59.8598669]},"properties":{"man_made":"manhole","manhole":"heat","_source":"real","_class":"heat_manhole","_osm_id":"node/10301648574","_district":"Фрунзенский район"}},{"type":"Feature","geometry":{"type":"Point","coordinates":[30.4146347,59.8598599]},"properties":{"man_made":"manhole","manhole":"heat","_source":"real","_class":"heat_manhole","_osm_id":"node/10301648575","_district":"Фрунзенский район"}},{"type":"Feature","geometry":{"type":"Point","coordinates":[30.412799,59.8599704]},"properties":{"man_made":"manhole","manhole":"heat","_source":"real","_class":"heat_manhole","_osm_id":"node/10301648605","_district":"Фрунзенский район"}},{"type":"Feature","geometry":{"type":"Point","coordinates":[30.4128159,59.8599548]},"properties":{"man_made":"manhole","manhole":"heat","_source":"real","_class":"heat_manhole","_osm_id":"node/10301648606","_district":"Фрунзенский район"}},{"type":"Feature","geometry":{"type":"Point","coordinates":[30.41283,59.8599789]},"properties":{"man_made":"manhole","manhole":"heat","_source":"real","_class":"heat_manhole","_osm_id":"node/10301648607","_district":"Фрунзенский район"}},{"type":"Feature","geometry":{"type":"Point","coordinates":[30.412846,59.8599629]},"properties":{"man_made":"manhole","manhole":"heat","_source":"real","_class":"heat_manhole","_osm_id":"node/10301648608","_district":"Фрунзенский район"}},{"type":"Feature","geometry":{"type":"Point","coordinates":[30.4127912,59.8599427]},"properties":{"man_made":"manhole","manhole":"heat","_source":"real","_class":"heat_manhole","_osm_id":"node/10301648610","_district":"Фрунзенский район"}},{"type":"Feature","geometry":{"type":"Point","coordinates":[30.405353,59.8573557]},"properties":{"man_made":"manhole","manhole":"heat","_source":"real","_class":"heat_manhole","_osm_id":"node/10301700998","_district":"Фрунзенский район"}},{"type":"Feature","geometry":{"type":"Point","coordinates":[30.405384,59.857364]},"properties":{"man_made":"manhole","manhole":"heat","_source":"real","_class":"heat_manhole","_osm_id":"node/10301700999","_district":"Фрунзенский район"}},{"type":"Feature","geometry":{"type":"Point","coordinates":[30.405402,59.8573484]},"properties":{"man_made":"manhole","manhole":"heat","_source":"real","_class":"heat_manhole","_osm_id":"node/10301701002","_district":"Фрунзенский район"}},{"type":"Feature","geometry":{"type":"Point","coordinates":[30.4039518,59.8557905]},"properties":{"man_made":"manhole","manhole":"heat","_source":"real","_class":"heat_manhole","_osm_id":"node/10301709775","_district":"Фрунзенский район"}},{"type":"Feature","geometry":{"type":"Point","coordinates":[30.4039994,59.8558013]},"properties":{"man_made":"manhole","manhole":"heat","_source":"real","_class":"heat_manhole","_osm_id":"node/10301709776","_district":"Фрунзенский район"}},{"type":"Feature","geometry":{"type":"Point","coordinates":[30.4040277,59.8557775]},"properties":{"man_made":"manhole","manhole":"heat","_source":"real","_class":"heat_manhole","_osm_id":"node/10301709777","_district":"Фрунзенский район"}},{"type":"Feature","geometry":{"type":"Point","coordinates":[30.4039807,59.8557649]},"properties":{"man_made":"manhole","manhole":"heat","_source":"real","_class":"heat_manhole","_osm_id":"node/10301709778","_district":"Фрунзенский район"}},{"type":"Feature","geometry":{"type":"Point","coordinates":[30.4032881,59.8559892]},"properties":{"man_made":"manhole","manhole":"heat","_source":"real","_class":"heat_manhole","_osm_id":"node/10301709784","_district":"Фрунзенский район"}},{"type":"Feature","geometry":{"type":"Point","coordinates":[30.4033132,59.8559958]},"properties":{"man_made":"manhole","manhole":"heat","_source":"real","_class":"heat_manhole","_osm_id":"node/10301709785","_district":"Фрунзенский район"}},{"type":"Feature","geometry":{"type":"Point","coordinates":[30.4033284,59.8559808]},"properties":{"man_made":"manhole","manhole":"heat","_source":"real","_class":"heat_manhole","_osm_id":"node/10301709786","_district":"Фрунзенский район"}},{"type":"Feature","geometry":{"type":"Point","coordinates":[30.4033038,59.8559735]},"properties":{"man_made":"manhole","manhole":"heat","_source":"real","_class":"heat_manhole","_osm_id":"node/10301709787","_district":"Фрунзенский район"}},{"type":"Feature","geometry":{"type":"Point","coordinates":[30.3765696,59.8690005]},"properties":{"man_made":"manhole","manhole":"heat","_source":"real","_class":"heat_manhole","_osm_id":"node/10303253801","_district":"Фрунзенский район"}},{"type":"Feature","geometry":{"type":"Point","coordinates":[30.3767911,59.8690381]},"properties":{"man_made":"manhole","manhole":"heat","_source":"real","_class":"heat_manhole","_osm_id":"node/10303253805","_district":"Фрунзенский район"}},{"type":"Feature","geometry":{"type":"Point","coordinates":[30.3768201,59.8690483]},"properties":{"man_made":"manhole","manhole":"heat","_source":"real","_class":"heat_manhole","_osm_id":"node/10303253806","_district":"Фрунзенский район"}},{"type":"Feature","geometry":{"type":"Point","coordinates":[30.3768434,59.8690333]},"properties":{"man_made":"manhole","manhole":"heat","_source":"real","_class":"heat_manhole","_osm_id":"node/10303253807","_district":"Фрунзенский район"}},{"type":"Feature","geometry":{"type":"Point","coordinates":[30.376812,59.8690228]},"properties":{"man_made":"manhole","manhole":"heat","_source":"real","_class":"heat_manhole","_osm_id":"node/10303253808","_district":"Фрунзенский район"}},{"type":"Feature","geometry":{"type":"Point","coordinates":[30.3768861,59.869007]},"properties":{"man_made":"manhole","manhole":"heat","_source":"real","_class":"heat_manhole","_osm_id":"node/10303276209","_district":"Фрунзенский район"}},{"type":"Feature","geometry":{"type":"Point","coordinates":[30.3768265,59.8688793]},"properties":{"man_made":"manhole","manhole":"heat","_source":"real","_class":"heat_manhole","_osm_id":"node/10303276210","_district":"Фрунзенский район"}},{"type":"Feature","geometry":{"type":"Point","coordinates":[30.3775939,59.8690644]},"properties":{"man_made":"manhole","manhole":"heat","_source":"real","_class":"heat_manhole","_osm_id":"node/10303276213","_district":"Фрунзенский район"}},{"type":"Feature","geometry":{"type":"Point","coordinates":[30.3774459,59.8691185]},"properties":{"man_made":"manhole","manhole":"heat","_source":"real","_class":"heat_manhole","_osm_id":"node/10303276215","_district":"Фрунзенский район"}},{"type":"Feature","geometry":{"type":"Point","coordinates":[30.377763,59.8689964]},"properties":{"man_made":"manhole","manhole":"heat","_source":"real","_class":"heat_manhole","_osm_id":"node/10303276257","_district":"Фрунзенский район"}},{"type":"Feature","geometry":{"type":"Point","coordinates":[30.3793978,59.8708039]},"properties":{"man_made":"manhole","manhole":"heat","_source":"real","_class":"heat_manhole","_osm_id":"node/10303276297","_district":"Фрунзенский район"}},{"type":"Feature","geometry":{"type":"Point","coordinates":[30.3790487,59.8711277]},"properties":{"man_made":"manhole","manhole":"heat","_source":"real","_class":"heat_manhole","_osm_id":"node/10303276307","_district":"Фрунзенский район"}},{"type":"Feature","geometry":{"type":"Point","coordinates":[30.3791068,59.8711502]},"properties":{"man_made":"manhole","manhole":"heat","_source":"real","_class":"heat_manhole","_osm_id":"node/10303276308","_district":"Фрунзенский район"}},{"type":"Feature","geometry":{"type":"Point","coordinates":[30.3791621,59.8711128]},"properties":{"man_made":"manhole","manhole":"heat","_source":"real","_class":"heat_manhole","_osm_id":"node/10303276309","_district":"Фрунзенский район"}},{"type":"Feature","geometry":{"type":"Point","coordinates":[30.3791025,59.8710911]},"properties":{"man_made":"manhole","manhole":"heat","_source":"real","_class":"heat_manhole","_osm_id":"node/10303276310","_district":"Фрунзенский район"}},{"type":"Feature","geometry":{"type":"Point","coordinates":[30.3791465,59.8710794]},"properties":{"man_made":"manhole","manhole":"heat","_source":"real","_class":"heat_manhole","_osm_id":"node/10303276311","_district":"Фрунзенский район"}},{"type":"Feature","geometry":{"type":"Point","coordinates":[30.3791486,59.8710651]},"properties":{"man_made":"manhole","manhole":"heat","_source":"real","_class":"heat_manhole","_osm_id":"node/10303276312","_district":"Фрунзенский район"}},{"type":"Feature","geometry":{"type":"Point","coordinates":[30.3791777,59.8710651]},"properties":{"man_made":"manhole","manhole":"heat","_source":"real","_class":"heat_manhole","_osm_id":"node/10303276313","_district":"Фрунзенский район"}},{"type":"Feature","geometry":{"type":"Point","coordinates":[30.3791918,59.8710523]},"properties":{"man_made":"manhole","manhole":"heat","_source":"real","_class":"heat_manhole","_osm_id":"node/10303276314","_district":"Фрунзенский район"}},{"type":"Feature","geometry":{"type":"Point","coordinates":[30.3790267,59.8710537]},"properties":{"man_made":"manhole","manhole":"heat","_source":"real","_class":"heat_manhole","_osm_id":"node/10303276316","_district":"Фрунзенский район"}},{"type":"Feature","geometry":{"type":"Point","coordinates":[30.3779415,59.8691133]},"properties":{"man_made":"manhole","manhole":"heat","_source":"real","_class":"heat_manhole","_osm_id":"node/10303276630","_district":"Фрунзенский район"}},{"type":"Feature","geometry":{"type":"Point","coordinates":[30.3779704,59.8691124]},"properties":{"man_made":"manhole","manhole":"heat","_source":"real","_class":"heat_manhole","_osm_id":"node/10303276631","_district":"Фрунзенский район"}},{"type":"Feature","geometry":{"type":"Point","coordinates":[30.3779374,59.8690874]},"properties":{"man_made":"manhole","manhole":"heat","_source":"real","_class":"heat_manhole","_osm_id":"node/10303276632","_district":"Фрунзенский район"}},{"type":"Feature","geometry":{"type":"Point","coordinates":[30.3779663,59.8690865]},"properties":{"man_made":"manhole","manhole":"heat","_source":"real","_class":"heat_manhole","_osm_id":"node/10303276633","_district":"Фрунзенский район"}},{"type":"Feature","geometry":{"type":"Point","coordinates":[30.382031,59.8681651]},"properties":{"man_made":"manhole","manhole":"heat","_source":"real","_class":"heat_manhole","_osm_id":"node/10303321199","_district":"Фрунзенский район"}},{"type":"Feature","geometry":{"type":"Point","coordinates":[30.3820832,59.8681695]},"properties":{"man_made":"manhole","manhole":"heat","_source":"real","_class":"heat_manhole","_osm_id":"node/10303321200","_district":"Фрунзенский район"}},{"type":"Feature","geometry":{"type":"Point","coordinates":[30.3820762,59.8681977]},"properties":{"man_made":"manhole","manhole":"heat","_source":"real","_class":"heat_manhole","_osm_id":"node/10303321201","_district":"Фрунзенский район"}},{"type":"Feature","geometry":{"type":"Point","coordinates":[30.3820216,59.8681928]},"properties":{"man_made":"manhole","manhole":"heat","_source":"real","_class":"heat_manhole","_osm_id":"node/10303321202","_district":"Фрунзенский район"}},{"type":"Feature","geometry":{"type":"Point","coordinates":[30.3777134,59.8686532]},"properties":{"man_made":"manhole","manhole":"heat","_source":"real","_class":"heat_manhole","_osm_id":"node/10705071112","_district":"Фрунзенский район"}},{"type":"Feature","geometry":{"type":"Point","coordinates":[30.3748367,59.8687278]},"properties":{"man_made":"manhole","manhole":"heat","_source":"real","_class":"heat_manhole","_osm_id":"node/10705186259","_district":"Фрунзенский район"}},{"type":"Feature","geometry":{"type":"Point","coordinates":[30.3748598,59.868698]},"properties":{"man_made":"manhole","manhole":"heat","_source":"real","_class":"heat_manhole","_osm_id":"node/10705186260","_district":"Фрунзенский район"}},{"type":"Feature","geometry":{"type":"Point","coordinates":[30.3748965,59.8687362]},"properties":{"man_made":"manhole","manhole":"heat","_source":"real","_class":"heat_manhole","_osm_id":"node/10705186261","_district":"Фрунзенский район"}},{"type":"Feature","geometry":{"type":"Point","coordinates":[30.3749129,59.868709]},"properties":{"man_made":"manhole","manhole":"heat","_source":"real","_class":"heat_manhole","_osm_id":"node/10705186262","_district":"Фрунзенский район"}},{"type":"Feature","geometry":{"type":"Point","coordinates":[30.3767808,59.8690114]},"properties":{"man_made":"manhole","manhole":"heat","_source":"real","_class":"heat_manhole","_osm_id":"node/10710763310","_district":"Фрунзенский район"}},{"type":"Feature","geometry":{"type":"Point","coordinates":[30.3768343,59.8690023]},"properties":{"man_made":"manhole","manhole":"heat","_source":"real","_class":"heat_manhole","_osm_id":"node/10710763327","_district":"Фрунзенский район"}},{"type":"Feature","geometry":{"type":"Point","coordinates":[30.4046393,59.8559441]},"properties":{"man_made":"manhole","manhole":"heat","_source":"real","_class":"heat_manhole","_osm_id":"node/10747145068","_district":"Фрунзенский район"}},{"type":"Feature","geometry":{"type":"Point","coordinates":[30.4038142,59.8554764]},"properties":{"man_made":"manhole","manhole":"heat","_source":"real","_class":"heat_manhole","_osm_id":"node/10747145123","_district":"Фрунзенский район"}},{"type":"Feature","geometry":{"type":"Point","coordinates":[30.4038407,59.8554518]},"properties":{"man_made":"manhole","manhole":"heat","_source":"real","_class":"heat_manhole","_osm_id":"node/10747145124","_district":"Фрунзенский район"}},{"type":"Feature","geometry":{"type":"Point","coordinates":[30.4036522,59.8557131]},"properties":{"man_made":"manhole","manhole":"heat","_source":"real","_class":"heat_manhole","_osm_id":"node/10747145136","_district":"Фрунзенский район"}},{"type":"Feature","geometry":{"type":"Point","coordinates":[30.4027252,59.8565447]},"properties":{"man_made":"manhole","manhole":"heat","_source":"real","_class":"heat_manhole","_osm_id":"node/10747145171","_district":"Фрунзенский район"}},{"type":"Feature","geometry":{"type":"Point","coordinates":[30.402742,59.8565287]},"properties":{"man_made":"manhole","manhole":"heat","_source":"real","_class":"heat_manhole","_osm_id":"node/10747145172","_district":"Фрунзенский район"}},{"type":"Feature","geometry":{"type":"Point","coordinates":[30.4027111,59.8565208]},"properties":{"man_made":"manhole","manhole":"heat","_source":"real","_class":"heat_manhole","_osm_id":"node/10747145173","_district":"Фрунзенский район"}},{"type":"Feature","geometry":{"type":"Point","coordinates":[30.4026977,59.8565364]},"properties":{"man_made":"manhole","manhole":"heat","_source":"real","_class":"heat_manhole","_osm_id":"node/10747145174","_district":"Фрунзенский район"}},{"type":"Feature","geometry":{"type":"Point","coordinates":[30.4053711,59.8573395]},"properties":{"man_made":"manhole","manhole":"heat","_source":"real","_class":"heat_manhole","_osm_id":"node/10749749685","_district":"Фрунзенский район"}},{"type":"Feature","geometry":{"type":"Point","coordinates":[30.4116217,59.8595047]},"properties":{"man_made":"manhole","manhole":"heat","_source":"real","_class":"heat_manhole","_osm_id":"node/10751924652","_district":"Фрунзенский район"}},{"type":"Feature","geometry":{"type":"Point","coordinates":[30.4116338,59.8594923]},"properties":{"man_made":"manhole","manhole":"heat","_source":"real","_class":"heat_manhole","_osm_id":"node/10751924653","_district":"Фрунзенский район"}},{"type":"Feature","geometry":{"type":"Point","coordinates":[30.4116103,59.8594854]},"properties":{"man_made":"manhole","manhole":"heat","_source":"real","_class":"heat_manhole","_osm_id":"node/10751924654","_district":"Фрунзенский район"}},{"type":"Feature","geometry":{"type":"Point","coordinates":[30.4115979,59.8594973]},"properties":{"man_made":"manhole","manhole":"heat","_source":"real","_class":"heat_manhole","_osm_id":"node/10751924655","_district":"Фрунзенский район"}},{"type":"Feature","geometry":{"type":"Point","coordinates":[30.3714164,59.8678254]},"properties":{"man_made":"manhole","manhole":"heat","_source":"real","_class":"heat_manhole","_osm_id":"node/10762345442","_district":"Фрунзенский район"}},{"type":"Feature","geometry":{"type":"Point","coordinates":[30.3711224,59.8675537]},"properties":{"man_made":"manhole","manhole":"heat","_source":"real","_class":"heat_manhole","_osm_id":"node/10762345468","_district":"Фрунзенский район"}},{"type":"Feature","geometry":{"type":"Point","coordinates":[30.3765996,59.8688898]},"properties":{"man_made":"manhole","manhole":"heat","_source":"real","_class":"heat_manhole","_osm_id":"node/10790856784","_district":"Фрунзенский район"}},{"type":"Feature","geometry":{"type":"Point","coordinates":[30.3716487,59.8678824]},"properties":{"man_made":"manhole","manhole":"heat","_source":"real","_class":"heat_manhole","_osm_id":"node/10963274816","_district":"Фрунзенский район"}},{"type":"Feature","geometry":{"type":"Point","coordinates":[30.0805744,59.7431502]},"properties":{"man_made":"manhole","manhole":"heat","_source":"real","_class":"heat_manhole","_osm_id":"node/11891275937","_district":"Красносельский район"}},{"type":"Feature","geometry":{"type":"Point","coordinates":[30.0805086,59.7431686]},"properties":{"man_made":"manhole","manhole":"heat","_source":"real","_class":"heat_manhole","_osm_id":"node/11891275938","_district":"Красносельский район"}},{"type":"Feature","geometry":{"type":"Point","coordinates":[30.0806046,59.7431813]},"properties":{"man_made":"manhole","manhole":"heat","_source":"real","_class":"heat_manhole","_osm_id":"node/11891275939","_district":"Красносельский район"}},{"type":"Feature","geometry":{"type":"Point","coordinates":[30.0805345,59.7431967]},"properties":{"man_made":"manhole","manhole":"heat","_source":"real","_class":"heat_manhole","_osm_id":"node/11891275940","_district":"Красносельский район"}},{"type":"Feature","geometry":{"type":"Point","coordinates":[30.078266,59.7437237]},"properties":{"man_made":"manhole","manhole":"heat","_source":"real","_class":"heat_manhole","_osm_id":"node/11891275941","_district":"Красносельский район"}},{"type":"Feature","geometry":{"type":"Point","coordinates":[30.0782925,59.7437493]},"properties":{"man_made":"manhole","manhole":"heat","_source":"real","_class":"heat_manhole","_osm_id":"node/11891275942","_district":"Красносельский район"}},{"type":"Feature","geometry":{"type":"Point","coordinates":[30.0782213,59.7437665]},"properties":{"man_made":"manhole","manhole":"heat","_source":"real","_class":"heat_manhole","_osm_id":"node/11891275943","_district":"Красносельский район"}},{"type":"Feature","geometry":{"type":"Point","coordinates":[30.0781948,59.7437406]},"properties":{"man_made":"manhole","manhole":"heat","_source":"real","_class":"heat_manhole","_osm_id":"node/11891275944","_district":"Красносельский район"}},{"type":"Feature","geometry":{"type":"Point","coordinates":[30.3462671,59.9340192]},"properties":{"note":"котельная","power":"plant","_source":"real","_class":"heat_source","_osm_id":"node/1304587291","_district":"Центральный район"}},{"type":"Feature","geometry":{"type":"Point","coordinates":[30.3575411,59.9877139]},"properties":{"addr:housenumber":"87 к3 с1","addr:street":"Полюстровский проспект","building":"industrial","building:levels":"1","industrial":"heating_station","power":"plant","_source":"real","_class":"heat_source","_osm_id":"node/14181300965","_district":"Калининский район"}},{"type":"Feature","geometry":{"type":"Point","coordinates":[30.1839324,59.8612793]},"properties":{"man_made":"manhole","manhole":"heat","_source":"real","_class":"heat_manhole","_osm_id":"node/6020178482","_district":"Красносельский район"}},{"type":"Feature","geometry":{"type":"Point","coordinates":[30.1839817,59.8612697]},"properties":{"man_made":"manhole","manhole":"heat","_source":"real","_class":"heat_manhole","_osm_id":"node/6020178483","_district":"Красносельский район"}},{"type":"Feature","geometry":{"type":"Point","coordinates":[30.1840031,59.8612936]},"properties":{"man_made":"manhole","manhole":"heat","_source":"real","_class":"heat_manhole","_osm_id":"node/6020178484","_district":"Красносельский район"}},{"type":"Feature","geometry":{"type":"Point","coordinates":[30.1839535,59.8613044]},"properties":{"man_made":"manhole","manhole":"heat","_source":"real","_class":"heat_manhole","_osm_id":"node/6020178985","_district":"Красносельский район"}},{"type":"Feature","geometry":{"type":"Point","coordinates":[30.1888703,59.8612202]},"properties":{"man_made":"manhole","manhole":"heat","_source":"real","_class":"heat_manhole","_osm_id":"node/6020178986","_district":"Красносельский район"}},{"type":"Feature","geometry":{"type":"Point","coordinates":[30.1889166,59.8612079]},"properties":{"man_made":"manhole","manhole":"heat","_source":"real","_class":"heat_manhole","_osm_id":"node/6020178987","_district":"Красносельский район"}},{"type":"Feature","geometry":{"type":"Point","coordinates":[30.1889374,59.8612321]},"properties":{"man_made":"manhole","manhole":"heat","_source":"real","_class":"heat_manhole","_osm_id":"node/6020178988","_district":"Красносельский район"}},{"type":"Feature","geometry":{"type":"Point","coordinates":[30.1888886,59.8612435]},"properties":{"man_made":"manhole","manhole":"heat","_source":"real","_class":"heat_manhole","_osm_id":"node/6020178989","_district":"Красносельский район"}},{"type":"Feature","geometry":{"type":"Point","coordinates":[30.1900317,59.8624228]},"properties":{"man_made":"manhole","manhole":"heat","_source":"real","_class":"heat_manhole","_osm_id":"node/6020178990","_district":"Красносельский район"}},{"type":"Feature","geometry":{"type":"Point","coordinates":[30.1900082,59.8623992]},"properties":{"man_made":"manhole","manhole":"heat","_source":"real","_class":"heat_manhole","_osm_id":"node/6020178991","_district":"Красносельский район"}},{"type":"Feature","geometry":{"type":"Point","coordinates":[30.1899596,59.8624078]},"properties":{"man_made":"manhole","manhole":"heat","_source":"real","_class":"heat_manhole","_osm_id":"node/6020178992","_district":"Красносельский район"}},{"type":"Feature","geometry":{"type":"Point","coordinates":[30.1899838,59.8624336]},"properties":{"man_made":"manhole","manhole":"heat","_source":"real","_class":"heat_manhole","_osm_id":"node/6020178993","_district":"Красносельский район"}},{"type":"Feature","geometry":{"type":"Point","coordinates":[30.1900803,59.8625563]},"properties":{"man_made":"manhole","manhole":"heat","_source":"real","_class":"heat_manhole","_osm_id":"node/6020178994","_district":"Красносельский район"}},{"type":"Feature","geometry":{"type":"Point","coordinates":[30.1901286,59.8625443]},"properties":{"man_made":"manhole","manhole":"heat","_source":"real","_class":"heat_manhole","_osm_id":"node/6020178995","_district":"Красносельский район"}},{"type":"Feature","geometry":{"type":"Point","coordinates":[30.1901514,59.8625696]},"properties":{"man_made":"manhole","manhole":"heat","_source":"real","_class":"heat_manhole","_osm_id":"node/6020178996","_district":"Красносельский район"}},{"type":"Feature","geometry":{"type":"Point","coordinates":[30.1901025,59.8625807]},"properties":{"man_made":"manhole","manhole":"heat","_source":"real","_class":"heat_manhole","_osm_id":"node/6020178997","_district":"Красносельский район"}},{"type":"Feature","geometry":{"type":"Point","coordinates":[30.1891868,59.8627614]},"properties":{"man_made":"manhole","manhole":"heat","_source":"real","_class":"heat_manhole","_osm_id":"node/6020178998","_district":"Красносельский район"}},{"type":"Feature","geometry":{"type":"Point","coordinates":[30.189234,59.862751]},"properties":{"man_made":"manhole","manhole":"heat","_source":"real","_class":"heat_manhole","_osm_id":"node/6020178999","_district":"Красносельский район"}},{"type":"Feature","geometry":{"type":"Point","coordinates":[30.1892546,59.8627744]},"properties":{"man_made":"manhole","manhole":"heat","_source":"real","_class":"heat_manhole","_osm_id":"node/6020179000","_district":"Красносельский район"}},{"type":"Feature","geometry":{"type":"Point","coordinates":[30.1892083,59.8627859]},"properties":{"man_made":"manhole","manhole":"heat","_source":"real","_class":"heat_manhole","_osm_id":"node/6020179001","_district":"Красносельский район"}},{"type":"Feature","geometry":{"type":"Point","coordinates":[30.1847704,59.862111]},"properties":{"man_made":"manhole","manhole":"heat","_source":"real","_class":"heat_manhole","_osm_id":"node/6020179002","_district":"Красносельский район"}},{"type":"Feature","geometry":{"type":"Point","coordinates":[30.1847261,59.8621232]},"properties":{"man_made":"manhole","manhole":"heat","_source":"real","_class":"heat_manhole","_osm_id":"node/6020179003","_district":"Красносельский район"}},{"type":"Feature","geometry":{"type":"Point","coordinates":[30.1847875,59.8621335]},"properties":{"man_made":"manhole","manhole":"heat","_source":"real","_class":"heat_manhole","_osm_id":"node/6020179004","_district":"Красносельский район"}},{"type":"Feature","geometry":{"type":"Point","coordinates":[30.1847432,59.8621453]},"properties":{"man_made":"manhole","manhole":"heat","_source":"real","_class":"heat_manhole","_osm_id":"node/6020179005","_district":"Красносельский район"}},{"type":"Feature","geometry":{"type":"Point","coordinates":[30.1848872,59.8623065]},"properties":{"man_made":"manhole","manhole":"heat","_source":"real","_class":"heat_manhole","_osm_id":"node/6020179006","_district":"Красносельский район"}},{"type":"Feature","geometry":{"type":"Point","coordinates":[30.1849583,59.8622918]},"properties":{"man_made":"manhole","manhole":"heat","_source":"real","_class":"heat_manhole","_osm_id":"node/6020179007","_district":"Красносельский район"}},{"type":"Feature","geometry":{"type":"Point","coordinates":[30.1849778,59.8623156]},"properties":{"man_made":"manhole","manhole":"heat","_source":"real","_class":"heat_manhole","_osm_id":"node/6020179008","_district":"Красносельский район"}},{"type":"Feature","geometry":{"type":"Point","coordinates":[30.1849077,59.8623304]},"properties":{"man_made":"manhole","manhole":"heat","_source":"real","_class":"heat_manhole","_osm_id":"node/6020179009","_district":"Красносельский район"}},{"type":"Feature","geometry":{"type":"Point","coordinates":[30.1850928,59.8625314]},"properties":{"man_made":"manhole","manhole":"heat","_source":"real","_class":"heat_manhole","_osm_id":"node/6020179010","_district":"Красносельский район"}},{"type":"Feature","geometry":{"type":"Point","coordinates":[30.1851397,59.8625206]},"properties":{"man_made":"manhole","manhole":"heat","_source":"real","_class":"heat_manhole","_osm_id":"node/6020179011","_district":"Красносельский район"}},{"type":"Feature","geometry":{"type":"Point","coordinates":[30.1851602,59.8625463]},"properties":{"man_made":"manhole","manhole":"heat","_source":"real","_class":"heat_manhole","_osm_id":"node/6020179012","_district":"Красносельский район"}},{"type":"Feature","geometry":{"type":"Point","coordinates":[30.1851149,59.8625564]},"properties":{"man_made":"manhole","manhole":"heat","_source":"real","_class":"heat_manhole","_osm_id":"node/6020179013","_district":"Красносельский район"}},{"type":"Feature","geometry":{"type":"Point","coordinates":[30.1828592,59.8631343]},"properties":{"man_made":"manhole","manhole":"heat","_source":"real","_class":"heat_manhole","_osm_id":"node/6020179014","_district":"Красносельский район"}},{"type":"Feature","geometry":{"type":"Point","coordinates":[30.1829068,59.8631247]},"properties":{"man_made":"manhole","manhole":"heat","_source":"real","_class":"heat_manhole","_osm_id":"node/6020179015","_district":"Красносельский район"}},{"type":"Feature","geometry":{"type":"Point","coordinates":[30.1829299,59.8631497]},"properties":{"man_made":"manhole","manhole":"heat","_source":"real","_class":"heat_manhole","_osm_id":"node/6020179016","_district":"Красносельский район"}},{"type":"Feature","geometry":{"type":"Point","coordinates":[30.1828806,59.8631586]},"properties":{"man_made":"manhole","manhole":"heat","_source":"real","_class":"heat_manhole","_osm_id":"node/6020179017","_district":"Красносельский район"}},{"type":"Feature","geometry":{"type":"Point","coordinates":[30.1878534,59.8639085]},"properties":{"man_made":"manhole","manhole":"heat","_source":"real","_class":"heat_manhole","_osm_id":"node/6020179018","_district":"Красносельский район"}},{"type":"Feature","geometry":{"type":"Point","coordinates":[30.1879027,59.8638962]},"properties":{"man_made":"manhole","manhole":"heat","_source":"real","_class":"heat_manhole","_osm_id":"node/6020179019","_district":"Красносельский район"}},{"type":"Feature","geometry":{"type":"Point","coordinates":[30.1879238,59.8639204]},"properties":{"man_made":"manhole","manhole":"heat","_source":"real","_class":"heat_manhole","_osm_id":"node/6020179020","_district":"Красносельский район"}},{"type":"Feature","geometry":{"type":"Point","coordinates":[30.1878752,59.863932]},"properties":{"man_made":"manhole","manhole":"heat","_source":"real","_class":"heat_manhole","_osm_id":"node/6020179021","_district":"Красносельский район"}},{"type":"Feature","geometry":{"type":"Point","coordinates":[30.1874762,59.8634958]},"properties":{"man_made":"manhole","manhole":"heat","_source":"real","_class":"heat_manhole","_osm_id":"node/6020179022","_district":"Красносельский район"}},{"type":"Feature","geometry":{"type":"Point","coordinates":[30.1875254,59.8634833]},"properties":{"man_made":"manhole","manhole":"heat","_source":"real","_class":"heat_manhole","_osm_id":"node/6020179023","_district":"Красносельский район"}},{"type":"Feature","geometry":{"type":"Point","coordinates":[30.1875035,59.8634599]},"properties":{"man_made":"manhole","manhole":"heat","_source":"real","_class":"heat_manhole","_osm_id":"node/6020179024","_district":"Красносельский район"}},{"type":"Feature","geometry":{"type":"Point","coordinates":[30.1874542,59.8634718]},"properties":{"man_made":"manhole","manhole":"heat","_source":"real","_class":"heat_manhole","_osm_id":"node/6020179025","_district":"Красносельский район"}},{"type":"Feature","geometry":{"type":"Point","coordinates":[30.1869191,59.8616585]},"properties":{"man_made":"manhole","manhole":"heat","_source":"real","_class":"heat_manhole","_osm_id":"node/6020179026","_district":"Красносельский район"}},{"type":"Feature","geometry":{"type":"Point","coordinates":[30.1869414,59.8616836]},"properties":{"man_made":"manhole","manhole":"heat","_source":"real","_class":"heat_manhole","_osm_id":"node/6020179027","_district":"Красносельский район"}},{"type":"Feature","geometry":{"type":"Point","coordinates":[30.1869873,59.8616734]},"properties":{"man_made":"manhole","manhole":"heat","_source":"real","_class":"heat_manhole","_osm_id":"node/6020179028","_district":"Красносельский район"}},{"type":"Feature","geometry":{"type":"Point","coordinates":[30.186965,59.8616483]},"properties":{"man_made":"manhole","manhole":"heat","_source":"real","_class":"heat_manhole","_osm_id":"node/6020179029","_district":"Красносельский район"}},{"type":"Feature","geometry":{"type":"Point","coordinates":[30.1880752,59.8614261]},"properties":{"man_made":"manhole","manhole":"heat","_source":"real","_class":"heat_manhole","_osm_id":"node/6020179031","_district":"Красносельский район"}},{"type":"Feature","geometry":{"type":"Point","coordinates":[30.1880506,59.8614012]},"properties":{"man_made":"manhole","manhole":"heat","_source":"real","_class":"heat_manhole","_osm_id":"node/6020179032","_district":"Красносельский район"}},{"type":"Feature","geometry":{"type":"Point","coordinates":[30.1879983,59.8614453]},"properties":{"man_made":"manhole","manhole":"heat","_source":"real","_class":"heat_manhole","_osm_id":"node/6020179033","_district":"Красносельский район"}},{"type":"Feature","geometry":{"type":"Point","coordinates":[30.1879735,59.8614203]},"properties":{"man_made":"manhole","manhole":"heat","_source":"real","_class":"heat_manhole","_osm_id":"node/6020179034","_district":"Красносельский район"}},{"type":"Feature","geometry":{"type":"Point","coordinates":[30.1872675,59.8634211]},"properties":{"man_made":"manhole","manhole":"heat","_source":"real","_class":"heat_manhole","_osm_id":"node/7371580228","_district":"Красносельский район"}},{"type":"Feature","geometry":{"type":"Polygon","coordinates":[[[29.749051,59.9953047],[29.749252,59.9955226],[29.7498273,59.9961121],[29.7503014,59.9959981],[29.7507433,59.9958899],[29.7508104,59.995818],[29.7508297,59.9957851],[29.751086,59.9953184],[29.7511571,59.9952037],[29.751008,59.994828],[29.7508614,59.9948729],[29.7507145,59.9949125],[29.7498821,59.9951052],[29.7494155,59.9952133],[29.7493704,59.9951554],[29.7492528,59.9951801],[29.7492997,59.9952403],[29.7492288,59.9952592],[29.7491682,59.9952723],[29.749051,59.9953047]]]},"properties":{"landuse":"industrial","name":"котельная «Цитадельская»","operator":"ГУП \"ТЭК СПб\"","plant:output:hot_water":"153 MW","plant:source":"gas","power":"plant","start_date":"1975-12-10","type":"multipolygon","_source":"real","_class":"heat_source","_osm_id":"relation/11833388","_district":"Кронштадтский район"}},{"type":"Feature","geometry":{"type":"Polygon","coordinates":[[[30.4385875,59.6860755],[30.438616,59.6860921],[30.4389321,59.6859538],[30.439062,59.6860263],[30.4392414,59.6859444],[30.4391424,59.6858894],[30.4391697,59.6858774],[30.4390548,59.6858108],[30.4390365,59.6858002],[30.4390204,59.6857909],[30.4389931,59.6858029],[30.4389801,59.6857953],[30.4384811,59.6860136],[30.4385875,59.6860755]]]},"properties":{"addr:city":"Павловск","addr:housenumber":"4","addr:postcode":"196620","addr:street":"Песчаный переулок","building":"industrial","building:levels":"1","building:material":"plaster","description":"котельная","landuse":"industrial","plant:output:hot_water":"yes","power":"plant","type":"multipolygon","_source":"real","_class":"heat_source","_osm_id":"relation/12254855","_district":"Пушкинский район"}},{"type":"Feature","geometry":{"type":"Polygon","coordinates":[[[30.4454175,59.6846144],[30.4453958,59.6846163],[30.4454499,59.684743],[30.4453977,59.6847488],[30.4454076,59.6847716],[30.4454597,59.6847658],[30.4454801,59.6848138],[30.4454991,59.6848582],[30.4456954,59.6848368],[30.4456764,59.6847924],[30.4456529,59.6847372],[30.4455922,59.684595],[30.4455808,59.6845958],[30.445566,59.6845628],[30.4455562,59.684541],[30.4453929,59.6845596],[30.4454175,59.6846144]]]},"properties":{"addr:city":"Павловск","addr:housenumber":"17А литД","addr:postcode":"196620","addr:street":"Садовая улица","building":"industrial","description":"котельная","landuse":"industrial","plant:output:hot_water":"yes","power":"plant","type":"multipolygon","_source":"real","_class":"heat_source","_osm_id":"relation/12338295","_district":"Пушкинский район"}},{"type":"Feature","geometry":{"type":"Polygon","coordinates":[[[30.4483828,59.6892017],[30.4484189,59.6892252],[30.4484528,59.689248],[30.4487384,59.689209],[30.4487078,59.689157],[30.4486807,59.6891071],[30.4486649,59.6890775],[30.4485846,59.6890884],[30.4485649,59.6890913],[30.4485807,59.6891207],[30.4486076,59.689171],[30.4483828,59.6892017]]]},"properties":{"landuse":"industrial","name":"Котельная","plant:method":"combustion","plant:output:electricity":"yes","plant:output:hot_water":"yes","plant:source":"gas","power":"plant","type":"multipolygon","_source":"real","_class":"heat_source","_osm_id":"relation/12400400","_district":"Пушкинский район"}},{"type":"Feature","geometry":{"type":"Polygon","coordinates":[[[29.9666076,60.0783525],[29.9665889,60.0784028],[29.9666565,60.078409],[29.9666752,60.0783588],[29.9666076,60.0783525]]]},"properties":{"building:levels":"2","landuse":"industrial","power":"plant","type":"multipolygon","_source":"real","_class":"heat_source","_osm_id":"relation/12851802","_district":"Курортный район"}},{"type":"Feature","geometry":{"type":"Polygon","coordinates":[[[30.3106932,59.9706036],[30.3108695,59.9705558],[30.3108282,59.9705176],[30.3107559,59.9704508],[30.3106684,59.9704745],[30.3105796,59.9704986],[30.3106932,59.9706036]]]},"properties":{"addr:housenumber":"12 к2 литН","addr:street":"улица Профессора Попова","building":"service","building:levels":"1","power":"plant","type":"multipolygon","_source":"real","_class":"heat_source","_osm_id":"relation/13178457","_district":"Петроградский район"}},{"type":"Feature","geometry":{"type":"Polygon","coordinates":[[[30.4548103,59.891146],[30.4556249,59.8913544],[30.4558797,59.8917708],[30.4579182,59.8919177],[30.4584519,59.8907206],[30.4571175,59.8906014],[30.4548103,59.891146]]]},"properties":{"note":"Котельная","power":"plant","type":"multipolygon","_source":"real","_class":"heat_source","_osm_id":"relation/13683820","_district":"Невский район"}},{"type":"Feature","geometry":{"type":"Polygon","coordinates":[[[30.4861845,59.8678642],[30.4869565,59.8679922],[30.4881608,59.8682067],[30.4895907,59.8684794],[30.4912933,59.8690817],[30.4916947,59.8692459],[30.4917169,59.8692322],[30.4925628,59.8695783],[30.4925293,59.8695989],[30.4926156,59.8696342],[30.4925394,59.8696812],[30.492598,59.8697336],[30.4926248,59.8697935],[30.4926342,59.8699484],[30.4926197,59.8699842],[30.4936138,59.8698963],[30.4943672,59.8697282],[30.4949438,59.8690828],[30.4953069,59.86916],[30.4953313,59.8692544],[30.4950529,59.8696143],[30.4946192,59.8700685],[30.4944424,59.8703038],[30.4945366,59.8706838],[30.4947032,59.8709217],[30.4945294,59.8711114],[30.4948345,59.871205],[30.4950507,59.8712058],[30.4952517,59.8712426],[30.4955385,59.8713409],[30.4956369,59.8712793],[30.4964166,59.8715906],[30.4947425,59.8726956],[30.4949463,59.8729419],[30.4959936,59.8734658],[30.496562,59.8737501],[30.4951185,59.8745823],[30.4952529,59.8746468],[30.4957306,59.8750727],[30.495636,59.8750418],[30.4950487,59.8754305],[30.4940849,59.8760665],[30.4936978,59.8783154],[30.4950803,59.8778876],[30.4969762,59.8793455],[30.4988909,59.8792082],[30.4989071,59.8793218],[30.4993066,59.879094],[30.4996554,59.8792166],[30.5003506,59.8793443],[30.5009547,59.8790242],[30.5057919,59.8764551],[30.5094246,59.8739555],[30.5111771,59.8727495],[30.5115326,59.8722579],[30.5108677,59.8718511],[30.5104488,59.8716375],[30.5086042,59.8709335],[30.5063125,59.8701259],[30.5042713,59.8693644],[30.5029608,59.87019],[30.5018126,59.8709535],[30.5016585,59.8711935],[30.5012534,59.8712641],[30.5006557,59.871035],[30.5021004,59.8699434],[30.501554,59.8697491],[30.5022362,59.8693033],[30.5023129,59.8692218],[30.5022073,59.8690801],[30.501836,59.8690794],[30.4992768,59.8689615],[30.4972321,59.8686574],[30.4962834,59.8684077],[30.4944622,59.8679969],[30.4940524,59.8680089],[30.4922874,59.8676892],[30.4923722,59.8675692],[30.4933009,59.8662866],[30.4930302,59.8660366],[30.4929618,59.8660174],[30.4928693,59.8659915],[30.4926508,59.8659469],[30.4925122,59.8659186],[30.4925183,59.8659108],[30.492454,59.8658982],[30.492297,59.8658672],[30.492292,59.8658736],[30.49227,59.8658692],[30.4923096,59.8658162],[30.490825,59.8655202],[30.4892023,59.8651906],[30.4887973,59.8652202],[30.4884768,59.8654017],[30.4884935,59.8654273],[30.4883866,59.8655412],[30.4883813,59.8655469],[30.4885793,59.8655865],[30.488452,59.865747],[30.4884972,59.8657561],[30.4885047,59.8657467],[30.4886729,59.8657803],[30.4884946,59.8660051],[30.4885363,59.8660134],[30.4885276,59.8660244],[30.4884888,59.8660733],[30.4881485,59.8660053],[30.4877821,59.8659575],[30.4876781,59.8659517],[30.4875896,59.8659625],[30.4875145,59.8659901],[30.4874549,59.8660345],[30.4866763,59.866999],[30.4867541,59.8670902],[30.4868748,59.867115],[30.4869685,59.867132],[30.4870808,59.8671525],[30.487025,59.86724],[30.4871269,59.8673299],[30.487215,59.8673886],[30.4874166,59.8674846],[30.4875412,59.8675082],[30.4878485,59.8675723],[30.4880477,59.8676099],[30.4892586,59.8678385],[30.4895004,59.8678842],[30.4900729,59.8679923],[30.4900866,59.867974],[30.4901187,59.8679318],[30.490243,59.8678062],[30.4902629,59.86778],[30.4903647,59.8676459],[30.4916194,59.8678839],[30.4917853,59.8679154],[30.4916552,59.8680883],[30.491795,59.8681872],[30.4917477,59.8682499],[30.4918794,59.8683377],[30.492053,59.8683707],[30.4919958,59.8684464],[30.4878741,59.8677115],[30.4872385,59.8675906],[30.486968,59.8676211],[30.4868055,59.8676654],[30.4863625,59.8676433],[30.4861845,59.8678642]]]},"properties":{"branch":"Филиал \"Невский\"","landuse":"industrial","name":"Правобережная ТЭЦ-5","name:en":"Pravoberezhnaya TEC-5 Gas Power Plant","name:uk":"Правобережна ТЕЦ-5","operator":"ПАО \"ТГК-1\"","plant:method":"combustion","plant:output:electricity":"643 MW","plant:output:hot_water":"yes","plant:source":"gas","power":"plant","ref":"5","start_date":"1922","type":"multipolygon","wikidata":"Q4376050","wikipedia":"ru:Правобережная ТЭЦ","_source":"real","_class":"heat_source","_osm_id":"relation/1599589","_district":"Невский район"}},{"type":"Feature","geometry":{"type":"Polygon","coordinates":[[[30.3281358,59.910963],[30.3283916,59.9107743],[30.3283353,59.910755],[30.3286509,59.9105387],[30.3286059,59.9104072],[30.3289815,59.9101375],[30.3288884,59.9101039],[30.3289993,59.9100246],[30.3291185,59.9099575],[30.3295967,59.9096904],[30.3303216,59.9093199],[30.3306127,59.9092265],[30.3312301,59.9091303],[30.3320155,59.909408],[30.3321227,59.9094268],[30.332418,59.9093637],[30.3325425,59.9091559],[30.3327262,59.9090261],[30.3329988,59.9090728],[30.3326578,59.9095727],[30.3322783,59.9102713],[30.3324513,59.9104085],[30.3329328,59.9103708],[30.3331017,59.9103164],[30.3330327,59.9099311],[30.3330347,59.9098741],[30.333003,59.9098519],[30.3332995,59.9097199],[30.3344013,59.9100293],[30.3345753,59.9099038],[30.334748,59.9097936],[30.3348298,59.9096215],[30.3347037,59.9096097],[30.3351075,59.9084979],[30.3351572,59.9085031],[30.3352178,59.9083931],[30.3352658,59.9083999],[30.3354917,59.908001],[30.3357556,59.9075871],[30.3359736,59.9072987],[30.3362431,59.9070315],[30.3363687,59.9068887],[30.3364026,59.9068501],[30.3364303,59.9068176],[30.3364907,59.9067466],[30.3367127,59.9065304],[30.3369664,59.9062589],[30.3369252,59.9062073],[30.3370114,59.906118],[30.3373356,59.9057823],[30.3374189,59.9056397],[30.3374254,59.9056287],[30.3366096,59.905498],[30.3357531,59.9052359],[30.3357191,59.9052385],[30.3356525,59.9053203],[30.3356163,59.9053489],[30.3355519,59.9054165],[30.3352891,59.9054649],[30.3343329,59.9055429],[30.3343812,59.9056895],[30.3335969,59.9065236],[30.3335738,59.9065176],[30.3333405,59.9066955],[30.3328335,59.9070488],[30.332859,59.9070596],[30.3326827,59.9071853],[30.3327336,59.9072032],[30.3307678,59.9085648],[30.3306572,59.9085286],[30.3306154,59.9085581],[30.3304145,59.9086375],[30.329828,59.9083018],[30.3296966,59.9083309],[30.3284557,59.9090204],[30.3273074,59.9085356],[30.3256562,59.9094161],[30.3250124,59.9097784],[30.3249736,59.9098198],[30.3281358,59.910963]]]},"properties":{"landuse":"industrial","name":"ЭС-1 Центральной ТЭЦ","name:en":"Central CHP-1 (TGC-1) Power Plant","name:uk":"ЕС-1 Центральної ТЕЦ","plant:method":"combustion","plant:output:electricity":"100 MW","plant:source":"gas","power":"plant","source":"https://www.gem.wiki/Central_CHP-1_(TGC-1)_power_station","start_date":"1898","type":"multipolygon","_source":"real","_class":"heat_source","_osm_id":"relation/1620953","_district":"Московский район"}},{"type":"Feature","geometry":{"type":"Polygon","coordinates":[[[30.3127159,59.9021138],[30.3127594,59.9021122],[30.3130624,59.9021167],[30.3135464,59.9021163],[30.3136041,59.9020869],[30.3136504,59.9020852],[30.3136769,59.9020589],[30.3128961,59.9018729],[30.3128903,59.9019643],[30.3127088,59.9019655],[30.3126964,59.9021126],[30.3127159,59.9021138]]]},"properties":{"description":"Котельная","industrial":"heating_station","landuse":"industrial","plant:method":"combustion","plant:output:hot_water":"yes","plant:source":"gas","power":"plant","type":"multipolygon","_source":"real","_class":"heat_source","_osm_id":"relation/17310768","_district":"Адмиралтейский район"}},{"type":"Feature","geometry":{"type":"Polygon","coordinates":[[[30.0231268,59.8514979],[30.0233316,59.8517775],[30.0233273,59.8517783],[30.0234021,59.8518853],[30.0236211,59.8518456],[30.0238401,59.8518059],[30.0238011,59.8517514],[30.023762,59.851697],[30.0237974,59.851679],[30.0238327,59.851661],[30.0236446,59.8514284],[30.0235928,59.8514376],[30.0235466,59.8513736],[30.023099,59.8514599],[30.0231268,59.8514979]]]},"properties":{"contact:email":"office@ptenergo.ru","contact:fax":"+7 812 3345060-5191","contact:phone":"+7 812 3345060;+7 800 2225750","contact:vk":"https://vk.com/public212096851","contact:website":"https://ptenergo.ru","description":"Котельная","industrial":"heating_station","landuse":"industrial","operator":"ООО «Петербургтеплоэнерго»","plant:method":"combustion","plant:output:hot_water":"yes","plant:source":"gas","power":"plant","type":"multipolygon","_source":"real","_class":"heat_source","_osm_id":"relation/17316526","_district":"Петродворцовый район"}},{"type":"Feature","geometry":{"type":"Polygon","coordinates":[[[30.3845735,59.9340283],[30.3849855,59.9345674],[30.3851095,59.9347534],[30.3852704,59.9349514],[30.3858538,59.9357097],[30.3859462,59.9358298],[30.3879563,59.935367],[30.3882197,59.935201],[30.3885196,59.9351263],[30.3884425,59.9350491],[30.3885347,59.9350242],[30.3884993,59.9349848],[30.3895456,59.9347359],[30.3894267,59.9346119],[30.3899441,59.9344949],[30.3898907,59.9344206],[30.3899121,59.9343901],[30.390147,59.9343348],[30.3904231,59.9343508],[30.3906191,59.9343095],[30.3905441,59.9341098],[30.3910849,59.933997],[30.3910218,59.9339338],[30.3913857,59.9338342],[30.3914277,59.9338227],[30.3901239,59.9327342],[30.3900929,59.9327366],[30.3900033,59.932743],[30.3894763,59.9327809],[30.3890957,59.932816],[30.3890406,59.9326658],[30.3889317,59.9326732],[30.3889164,59.9328287],[30.3878391,59.932802],[30.3878564,59.9326256],[30.3886335,59.9326448],[30.3886368,59.932612],[30.3886506,59.9324716],[30.3884154,59.9324658],[30.3884207,59.9324112],[30.3883941,59.9324107],[30.3878442,59.9323999],[30.3878507,59.9323342],[30.387256,59.9323093],[30.3854296,59.9322448],[30.3852437,59.9322417],[30.3849877,59.9322361],[30.3849415,59.9322368],[30.3849426,59.9322816],[30.3849425,59.9322951],[30.3849516,59.9324438],[30.3849884,59.9327234],[30.3849951,59.9328248],[30.3850086,59.9329553],[30.3850692,59.9329591],[30.3850702,59.9330807],[30.3850704,59.9331146],[30.3850858,59.9332126],[30.3852483,59.9333472],[30.3853286,59.9334354],[30.3853987,59.933516],[30.3851415,59.9335779],[30.384967,59.9336131],[30.384878,59.9336336],[30.3848023,59.933649],[30.3848908,59.9337579],[30.3849058,59.9337764],[30.3849815,59.933761],[30.3851088,59.9339216],[30.3849933,59.9339447],[30.3849655,59.9339097],[30.3848632,59.9339301],[30.3848284,59.9338863],[30.384511,59.9339496],[30.3845735,59.9340283]]]},"properties":{"landuse":"industrial","name":"ЭС-2 Центральной ТЭЦ","name:uk":"ЕС-2 Центральної ТЕЦ","plant:method":"combustion","plant:output:electricity":"23 MW","plant:source":"gas","power":"plant","start_date":"1897","type":"multipolygon","website":"https://www.tgc1.ru/production/complex/spb-branch/centralnaya-chpp/","wikidata":"Q4504094","wikipedia":"ru:Центральная ТЭЦ","_source":"real","_class":"heat_source","_osm_id":"relation/1806267","_district":"Центральный район"}},{"type":"Feature","geometry":{"type":"Polygon","coordinates":[[[30.312285,59.8283846],[30.3123897,59.8283908],[30.3124259,59.8284373],[30.3123655,59.8285286],[30.3126348,59.8285471],[30.3125635,59.8288313],[30.3125507,59.8288579],[30.3126596,59.8288571],[30.313903,59.8288678],[30.3138657,59.8294271],[30.3143469,59.8294328],[30.3143857,59.8288672],[30.3144013,59.8288093],[30.314403,59.8287832],[30.3144368,59.8281975],[30.3145898,59.8260896],[30.3145456,59.8260891],[30.3124648,59.8260544],[30.312285,59.8283846]]]},"properties":{"operator":"Пулковская ТЭЦ","power":"plant","type":"multipolygon","_source":"real","_class":"heat_source","_osm_id":"relation/1832619","_district":"Московский район"}},{"type":"Feature","geometry":{"type":"Polygon","coordinates":[[[30.3225549,59.966974],[30.3225669,59.9670314],[30.3221405,59.9670538],[30.3221736,59.9672119],[30.3225976,59.9671897],[30.3226166,59.9672804],[30.3229373,59.9672636],[30.3229185,59.9671736],[30.3232947,59.9671539],[30.3232615,59.9669954],[30.3228809,59.9670153],[30.3228688,59.9669576],[30.3225549,59.966974]]]},"properties":{"addr:city":"Санкт-Петербург","addr:country":"RU","addr:housenumber":"6 к2","addr:postcode":"197022","addr:street":"улица Льва Толстого","building":"industrial","building:levels":"4","operator":"ООО \"ПЕТЕРБУРГТЕПЛОЭНЕРГО\"","power":"plant","type":"multipolygon","_source":"real","_class":"heat_source","_osm_id":"relation/18375311","_district":"Петроградский район"}},{"type":"Feature","geometry":{"type":"Polygon","coordinates":[[[30.3224851,59.963268],[30.3224394,59.9633297],[30.3227409,59.9633856],[30.3227866,59.9633239],[30.3224851,59.963268]]]},"properties":{"addr:housenumber":"18 к2 литБ","addr:street":"Большая Монетная улица","building":"service","power":"plant","type":"multipolygon","_source":"real","_class":"heat_source","_osm_id":"relation/18422274","_district":"Петроградский район"}},{"type":"Feature","geometry":{"type":"Polygon","coordinates":[[[30.3221713,59.9631769],[30.3224329,59.9632242],[30.3224189,59.9632436],[30.3224932,59.9632571],[30.3228658,59.9633244],[30.3228847,59.9632983],[30.3229442,59.9633091],[30.3230039,59.9632264],[30.3228469,59.963198],[30.3228727,59.9631621],[30.3223671,59.9630707],[30.3223526,59.9630908],[30.3222472,59.9630717],[30.3221713,59.9631769]]]},"properties":{"addr:housenumber":"20 литБ","addr:street":"Большая Монетная улица","building":"industrial","building:levels":"1","power":"plant","ref":"6-13","type":"multipolygon","_source":"real","_class":"heat_source","_osm_id":"relation/18422279","_district":"Петроградский район"}},{"type":"Feature","geometry":{"type":"Polygon","coordinates":[[[30.4480103,59.9272218],[30.4480036,59.92712],[30.4471198,59.9269715],[30.4449646,59.926694],[30.4448023,59.9266543],[30.4447259,59.9266758],[30.4443574,59.9266441],[30.4440942,59.9266214],[30.4437429,59.926573],[30.4435283,59.9265622],[30.4434854,59.9266073],[30.4421389,59.9265797],[30.4415126,59.9266153],[30.4413342,59.9266886],[30.4414033,59.9271618],[30.4414498,59.927188],[30.4414807,59.9272103],[30.4414589,59.9274733],[30.4414777,59.9274995],[30.4415213,59.9275156],[30.4475087,59.9277188],[30.4480612,59.9277144],[30.4480103,59.9272218]]]},"properties":{"contact:phone":"+7 812 4396444","contact:telegram":"https://t.me/spbgptek","contact:vk":"https://vk.com/tek_spb","contact:website":"https://aotek.spb.ru","industrial":"heating_station","landuse":"industrial","name":"2-я Правобережная котельная","operator":"Акционерное общество «Топливно-энергетический комплекс Санкт-Петербурга»","operator:short":"АО «ТЭК СПб»","plant:method":"combustion","plant:output:hot_water":"yes","plant:source":"gas","power":"plant","type":"multipolygon","_source":"real","_class":"heat_source","_osm_id":"relation/18842434","_district":"Невский район"}},{"type":"Feature","geometry":{"type":"Polygon","coordinates":[[[30.0261144,60.0157442],[30.0260981,60.0157281],[30.0257881,60.0158062],[30.0259024,60.0159196],[30.0259386,60.0159105],[30.0260218,60.015993],[30.0263463,60.0159112],[30.0263173,60.0158824],[30.0264123,60.0158585],[30.0263993,60.0158456],[30.0264643,60.0158292],[30.0264438,60.015809],[30.0264727,60.0158017],[30.0263538,60.0156839],[30.0261144,60.0157442]]]},"properties":{"industrial":"heating_station","landuse":"industrial","power":"plant","type":"multipolygon","_source":"real","_class":"heat_source","_osm_id":"relation/20738528","_district":"Приморский район"}},{"type":"Feature","geometry":{"type":"Polygon","coordinates":[[[30.2841121,59.8667097],[30.2840892,59.8670238],[30.2828535,59.8667859],[30.2829292,59.8670931],[30.2821977,59.8671143],[30.2821907,59.8676291],[30.2823571,59.868135],[30.2823839,59.8683455],[30.2823706,59.8685475],[30.2821026,59.868563],[30.2823088,59.8693095],[30.2826508,59.8710577],[30.2825984,59.8710638],[30.2827084,59.8716198],[30.282866,59.8727083],[30.2830502,59.8727014],[30.2835097,59.8727305],[30.2837009,59.8727332],[30.2850728,59.8726903],[30.2850788,59.8727305],[30.2852881,59.8727206],[30.285328,59.8727461],[30.2853066,59.8725755],[30.2855031,59.8725692],[30.2854879,59.8724482],[30.2867899,59.872407],[30.2868181,59.8726318],[30.2869885,59.8726264],[30.2869999,59.8727173],[30.2877055,59.8726857],[30.2877742,59.8726436],[30.2876964,59.8720566],[30.2878432,59.8720472],[30.2886347,59.8720083],[30.2910378,59.8719098],[30.2896473,59.8632761],[30.289656,59.8632404],[30.289591,59.8631737],[30.2894776,59.8630835],[30.2893536,59.8629798],[30.2892597,59.8629101],[30.2891048,59.8627781],[30.2889271,59.8627771],[30.2889264,59.8627138],[30.2887931,59.8626366],[30.2886139,59.8625325],[30.2883589,59.8626949],[30.2882742,59.862657],[30.2882287,59.8626381],[30.2882778,59.8625845],[30.2881626,59.8625176],[30.2881292,59.8625209],[30.2880688,59.8624846],[30.2880929,59.8624748],[30.2876678,59.8622295],[30.2876796,59.8622243],[30.2876092,59.8621837],[30.2875975,59.8621889],[30.287342,59.8620414],[30.2871203,59.8620356],[30.2850226,59.8631644],[30.2848803,59.8632627],[30.2845098,59.8634655],[30.2814485,59.865112],[30.2820177,59.8653616],[30.2826892,59.8656421],[30.2827266,59.8656413],[30.2834838,59.8651177],[30.2838455,59.864867],[30.2841673,59.8646714],[30.2842459,59.8647126],[30.2843426,59.8647559],[30.284452,59.8647006],[30.2845946,59.864777],[30.2846406,59.8648008],[30.2844997,59.8648799],[30.2842549,59.8650043],[30.2836935,59.865326],[30.2833134,59.8656231],[30.2834624,59.8656595],[30.2841593,59.8656571],[30.2841877,59.8658509],[30.2841917,59.8658781],[30.2844092,59.8658735],[30.2844207,59.8660161],[30.2842471,59.8660185],[30.2843195,59.8665935],[30.2841699,59.8666008],[30.2841121,59.8667097]]]},"properties":{"branch":"Филиал \"Невский\"","landuse":"industrial","name":"Автовская ТЭЦ-15","name:en":"Avtovskaya-15 Power Plant","name:uk":"Автовська ТЕЦ-15","operator":"ПАО \"ТГК-1\"","plant:method":"combustion","plant:output:electricity":"321 MW","plant:output:hot_water":"yes","plant:source":"gas;oil","power":"plant","ref":"15","start_date":"1956","type":"multipolygon","wikidata":"Q4056193","wikipedia":"ru:Автовская ТЭЦ","_source":"real","_class":"heat_source","_osm_id":"relation/2583511","_district":"Кировский район"}},{"type":"Feature","geometry":{"type":"Polygon","coordinates":[[[30.2441929,59.9240188],[30.2496598,59.9269879],[30.2503508,59.9274073],[30.2505107,59.9275043],[30.2506431,59.9274752],[30.2507767,59.9275515],[30.2508114,59.9275506],[30.2516836,59.9279585],[30.2518598,59.9278098],[30.2520277,59.9276848],[30.2522029,59.9275754],[30.2523216,59.9275111],[30.2523569,59.927492],[30.2525376,59.9274108],[30.2532779,59.9270888],[30.2532801,59.9270454],[30.2526817,59.9265656],[30.252421,59.9265232],[30.2523623,59.9264907],[30.252515,59.9264295],[30.2524845,59.9264043],[30.2520647,59.9260503],[30.2501464,59.9245948],[30.2498477,59.9244835],[30.2488428,59.9238524],[30.2484555,59.9237893],[30.2479913,59.9237137],[30.247823,59.9235725],[30.2477239,59.9232845],[30.2441929,59.9240188]]]},"properties":{"branch":"Филиал \"Невский\"","email":"tec7@tgc1.ru","landuse":"industrial","name":"Василеостровская ТЭЦ-7","name:en":"Vasileostrovskaya TEC-7 Power Plant","name:uk":"Василеострівська ТЕЦ-7","operator":"ПАО \"ТГК-1\"","phone":"+7 812 9014759","plant:method":"combustion","plant:output:electricity":"135 MW","plant:output:hot_water":"yes","plant:source":"gas","power":"plant","ref":"7","short_name":"ТЭЦ-7","source":"https://www.industryabout.com/country-territories-3/2137-russia/fossil-fuels-energy/32650-vasileostrovskaya-tec-7-gas-power-plant","start_date":"1932","type":"multipolygon","website":"https://www.tgc1.ru/","wikidata":"Q4104362","wikipedia":"ru:Василеостровская ТЭЦ","_source":"real","_class":"heat_source","_osm_id":"relation/2583512","_district":"Василеостровский район"}},{"type":"Feature","geometry":{"type":"Polygon","coordinates":[[[30.2379668,59.9955439],[30.2383479,59.9971323],[30.241536,59.9966787],[30.2416003,59.9966437],[30.2422094,59.9966355],[30.2433306,59.9964948],[30.2433285,59.9964856],[30.2432638,59.9959528],[30.2431724,59.9959535],[30.2431668,59.9958759],[30.2431645,59.9958432],[30.2431625,59.9958201],[30.243159,59.9957788],[30.2432921,59.995775],[30.243189,59.9945217],[30.2429968,59.9945247],[30.2429436,59.9938748],[30.2429117,59.9935465],[30.2428975,59.9933831],[30.2429649,59.9933822],[30.2429386,59.9931645],[30.2429265,59.9930639],[30.2428967,59.9928255],[30.2430456,59.9927537],[30.2429263,59.9924669],[30.2377648,59.9931618],[30.2376443,59.9931753],[30.2374016,59.9932045],[30.2379668,59.9955439]]]},"properties":{"industrial":"factory","landuse":"industrial","name":"котельная «Приморская»","name:uk":"Котельня \"Приморська\"","operator":"ГУП \"ТЭК СПб\"","plant:output:electricity":"7 MW","plant:output:hot_water":"yes","plant:source":"gas;oil","power":"plant","type":"multipolygon","_source":"real","_class":"heat_source","_osm_id":"relation/2583830","_district":"Приморский район"}},{"type":"Feature","geometry":{"type":"MultiPolygon","coordinates":[[[[30.2418684,59.8682581],[30.2424222,59.8683005],[30.2426415,59.868268],[30.2427848,59.8682186],[30.2428973,59.8681213],[30.2429197,59.8680112],[30.2402689,59.8661668],[30.2382306,59.8668559],[30.2382858,59.8668983],[30.2381733,59.8669491],[30.2380721,59.8670309],[30.2380553,59.8671001],[30.237992,59.8679364],[30.2418684,59.8682581]]],[[[30.2507223,59.8761307],[30.2510039,59.8761178],[30.251242,59.8761185],[30.2515775,59.8760966],[30.2515271,59.8759403],[30.2511065,59.8750653],[30.2507815,59.8743079],[30.2502604,59.8731813],[30.2498126,59.8721942],[30.2495465,59.8720093],[30.2478238,59.8708122],[30.2452203,59.8690029],[30.2443599,59.8689343],[30.2442246,59.8688728],[30.2382835,59.8683847],[30.2381441,59.868374],[30.2380027,59.8683616],[30.237731,59.8683497],[30.2375345,59.8683573],[30.237211,59.8684214],[30.2365444,59.8686747],[30.2363116,59.8687765],[30.2362331,59.8687654],[30.2357192,59.868967],[30.2357786,59.869031],[30.235752,59.8690409],[30.2357265,59.8690503],[30.2356252,59.8690193],[30.234516,59.8694378],[30.2348131,59.8696988],[30.2363806,59.8705467],[30.2373531,59.8701934],[30.2380557,59.8702434],[30.2381774,59.8702073],[30.2388248,59.8705195],[30.241988,59.8726421],[30.2438378,59.8739578],[30.2442262,59.8742293],[30.2452922,59.8749745],[30.2458537,59.8763765],[30.2494073,59.8762027],[30.2501473,59.8761622],[30.2507223,59.8761307]]]]},"properties":{"alt_name":"Первомайская ТЭЦ","branch":"Филиал \"Невский\"","landuse":"industrial","name":"Первомайская ТЭЦ-14","name:en":"Pervomaiskaya Power Plant","name:uk":"Першотравнева ТЕЦ-14","operator":"ПАО \"ТГК-1\"","plant:method":"combustion","plant:output:electricity":"360 MW","plant:output:hot_water":"yes","plant:source":"gas;oil","power":"plant","ref":"14","start_date":"1957","type":"multipolygon","wikidata":"Q4349292","wikipedia":"ru:Первомайская ТЭЦ (Санкт-Петербург)","_source":"real","_class":"heat_source","_osm_id":"relation/3271619","_district":"Кировский район"}},{"type":"Feature","geometry":{"type":"Polygon","coordinates":[[[30.3179676,59.9571711],[30.3178364,59.9571859],[30.317898,59.9573232],[30.3180249,59.957309],[30.3179676,59.9571711]]]},"properties":{"addr:city":"Санкт-Петербург","addr:country":"RU","addr:housenumber":"25 к2 литД","addr:postcode":"197101","addr:street":"Кронверкский проспект","building":"industrial","building:levels":"1","name":"Котельная","ref":"6-29","type":"multipolygon","_source":"real","_class":"heat_source","_osm_id":"relation/3419560","_district":"Петроградский район"}},{"type":"Feature","geometry":{"type":"Polygon","coordinates":[[[30.1861381,59.8692878],[30.1860961,59.8692403],[30.1860487,59.8691862],[30.1858726,59.8692301],[30.1851902,59.8689153],[30.1857595,59.8686088],[30.1848931,59.8676512],[30.176244,59.8722815],[30.1754199,59.8739359],[30.1763646,59.8743661],[30.1803379,59.8742923],[30.1831722,59.8728109],[30.1874589,59.8705239],[30.1864769,59.8694322],[30.1863872,59.8694512],[30.1862542,59.8693004],[30.1862259,59.8692683],[30.1861381,59.8692878]]]},"properties":{"addr:city":"Санкт-Петербург","addr:housenumber":"1","addr:postcode":"198328","addr:street":"улица Доблести","landuse":"industrial","name":"Юго-Западная ТЭЦ","name:de":"Südwest-Heizkraftwerk","name:en":"South-Western Thermal Power Plant","name:ru":"Юго-Западная ТЭЦ","operator":"АО \"Юго-Западная ТЭЦ\"","plant:method":"combustion","plant:output:electricity":"500 MW","plant:output:hot_water":"yes","plant:source":"gas;oil","power":"plant","start_date":"2011","type":"multipolygon","wikidata":"Q4533688","wikipedia":"ru:Юго-Западная ТЭЦ","_source":"real","_class":"heat_source","_osm_id":"relation/7058725","_district":"Кировский район"}},{"type":"Feature","geometry":{"type":"Polygon","coordinates":[[[30.4496154,59.8233237],[30.4493819,59.8236174],[30.4473034,59.8262811],[30.4478758,59.8263855],[30.4474546,59.8268824],[30.4472078,59.8268379],[30.446904,59.8272615],[30.4474814,59.8273666],[30.4474247,59.827422],[30.4457598,59.8294585],[30.4547485,59.831101],[30.4573025,59.8304334],[30.4589443,59.8293054],[30.4614264,59.825784],[30.4650583,59.8212091],[30.4642901,59.8210366],[30.4641161,59.8209124],[30.4653763,59.8193412],[30.4634543,59.8190008],[30.4633508,59.8189544],[30.462321,59.8187536],[30.4621108,59.819032],[30.4606128,59.8209529],[30.4604508,59.8209173],[30.4580372,59.824033],[30.4584031,59.8240987],[30.4579657,59.8246445],[30.4583852,59.8247229],[30.4580338,59.8251721],[30.4568253,59.8249364],[30.4568463,59.8248956],[30.4567443,59.8248615],[30.4566393,59.8248402],[30.4601287,59.8203931],[30.4613144,59.8188819],[30.4587088,59.8183456],[30.4586792,59.8183395],[30.4586223,59.818328],[30.4563412,59.8178651],[30.454266,59.8180966],[30.4536248,59.8182432],[30.4509294,59.8216651],[30.4496154,59.8233237]]]},"properties":{"branch":"Филиал \"Невский\"","landuse":"industrial","name":"Южная ТЭЦ-22","name:en":"Yuzhnaya TEC-22 Gas Power Plant","operator":"ПАО \"ТГК-1\"","plant:method":"combustion","plant:output:electricity":"1207 MW","plant:output:hot_water":"yes","plant:source":"gas;oil","power":"plant","ref":"22","start_date":"1978","type":"multipolygon","wikidata":"Q3431218","wikipedia":"ru:Южная ТЭЦ","_source":"real","_class":"heat_source","_osm_id":"relation/7160873","_district":"Колпинский район"}},{"type":"Feature","geometry":{"type":"Polygon","coordinates":[[[30.3700459,59.7073731],[30.369612,59.7083282],[30.3703844,59.7084959],[30.3714466,59.7073054],[30.3704488,59.7073919],[30.3702021,59.7073811],[30.3700459,59.7073731]]]},"properties":{"landuse":"industrial","name":"5-я Пушкинская котельная","name:ru":"5-я Пушкинская котельная","power":"plant","type":"multipolygon","_source":"real","_class":"heat_source","_osm_id":"relation/9213081","_district":"Пушкинский район"}},{"type":"Feature","geometry":{"type":"Polygon","coordinates":[[[30.1464799,59.8494507],[30.1464873,59.8493113],[30.1465521,59.8493114],[30.1465514,59.849435],[30.1464799,59.8494507]]]},"properties":{"building":"yes","landuse":"industrial","note":"2 аварийных генератора ТЦ","plant:source":"diesel","power":"plant","_source":"real","_class":"heat_source","_osm_id":"way/1002818262","_district":"Красносельский район"}},{"type":"Feature","geometry":{"type":"Polygon","coordinates":[[[30.5702186,59.8116146],[30.5707365,59.8114187],[30.570871,59.8113642],[30.5706839,59.8112743],[30.5708181,59.8111843],[30.5706189,59.8110576],[30.5703994,59.8111312],[30.5705945,59.8112395],[30.5699887,59.8114623],[30.5702186,59.8116146]]]},"properties":{"landuse":"industrial","name":"Котельная","plant:output:electricity":"no","power":"plant","power:output:hot_water":"yes","_source":"real","_class":"heat_source","_osm_id":"way/1016747875","_district":"Колпинский район"}},{"type":"Feature","geometry":{"type":"Polygon","coordinates":[[[30.5695196,59.7353726],[30.5696692,59.7353041],[30.5694927,59.7352062],[30.5693431,59.7352748],[30.5695196,59.7353726]]]},"properties":{"addr:housenumber":"12 к2","addr:street":"улица Машиностроителей","building":"service","building:levels":"1","operator":"ГУП ТЭК Санкт-Петербурга","roof:shape":"flat","utility":"heating","_source":"real","_class":"heat_substation","_osm_id":"way/102629825","_district":"Колпинский район"}},{"type":"Feature","geometry":{"type":"Polygon","coordinates":[[[30.1480171,60.0331702],[30.1481066,60.0331885],[30.1481574,60.0331989],[30.1479418,60.0333141],[30.1478084,60.0332892],[30.1478842,60.0331895],[30.14799,60.0332061],[30.1480171,60.0331702]]]},"properties":{"building":"service","landuse":"industrial","power":"plant","_source":"real","_class":"heat_source","_osm_id":"way/1038826340","_district":"Приморский район"}},{"type":"Feature","geometry":{"type":"Polygon","coordinates":[[[30.3366534,59.9880279],[30.3365968,59.9881641],[30.336814,59.9881867],[30.3368706,59.9880504],[30.3367535,59.9880383],[30.3366534,59.9880279]]]},"properties":{"addr:city":"Санкт-Петербург","addr:housenumber":"77 к4","addr:postcode":"194100","addr:street":"Большой Сампсониевский проспект","building":"service","building:levels":"1","power":"plant","start_date":"2019-12-31","_source":"real","_class":"heat_source","_osm_id":"way/1039311269","_district":"Выборгский район"}},{"type":"Feature","geometry":{"type":"Polygon","coordinates":[[[29.9753739,59.8666746],[29.9755046,59.8667416],[29.9757681,59.8666119],[29.9756374,59.866545],[29.9753739,59.8666746]]]},"properties":{"addr:housenumber":"130 к7 литБ","addr:street":"Санкт-Петербургское шоссе","building":"boiler_house","_source":"real","_class":"heat_source","_osm_id":"way/104113478","_district":"Петродворцовый район"}},{"type":"Feature","geometry":{"type":"LineString","coordinates":[[30.1597265,59.7847218],[30.1591353,59.784761],[30.1590962,59.7847751],[30.1592727,59.7850457],[30.1543041,59.7861784],[30.1543112,59.7861863],[30.1542506,59.7862002],[30.1542435,59.7861923],[30.1526825,59.7865556],[30.1527022,59.7865773],[30.1526382,59.786592],[30.1526185,59.7865702],[30.1520063,59.7867105]]},"properties":{"location":"overground","man_made":"pipeline","substance":"hot_water","_source":"real","_class":"heat_pipe","_osm_id":"way/1064200898","_district":"вне районов","_length_km":0.523}},{"type":"Feature","geometry":{"type":"Polygon","coordinates":[[[30.2344026,59.8369127],[30.2344759,59.8368582],[30.2346301,59.8369105],[30.2345567,59.836965],[30.2344026,59.8369127]]]},"properties":{"landuse":"industrial","plant:method":"combustion","plant:output:electricity":"no","plant:source":"gas","power":"plant","power:output:hot_water":"yes","_source":"real","_class":"heat_source","_osm_id":"way/1069424324","_district":"Кировский район"}},{"type":"Feature","geometry":{"type":"Polygon","coordinates":[[[30.3094105,59.9632252],[30.3095497,59.9631694],[30.3094566,59.9631113],[30.3093174,59.9631671],[30.3094105,59.9632252]]]},"properties":{"building":"yes","landuse":"industrial","plant:method":"combustion","plant:output:electricity":"yes","plant:output:hot_water":"yes","plant:source":"gas","power":"plant","_source":"real","_class":"heat_source","_osm_id":"way/1074500920","_district":"Петроградский район"}},{"type":"Feature","geometry":{"type":"Polygon","coordinates":[[[30.1582232,59.8377732],[30.1587282,59.8377714],[30.1609279,59.8377634],[30.1609668,59.838427],[30.1582655,59.8384541],[30.1582479,59.8381703],[30.1582232,59.8377732]]]},"properties":{"barrier":"wall","description":"Котельная","landuse":"industrial","plant:output:hot_water":"yes","power":"plant","_source":"real","_class":"heat_source","_osm_id":"way/107495824","_district":"Красносельский район"}},{"type":"Feature","geometry":{"type":"LineString","coordinates":[[30.1246386,59.8509733],[30.1247028,59.8500606],[30.1240131,59.849347]]},"properties":{"layer":"-1","location":"underground","man_made":"pipeline","note":"теплотрасса","substance":"hot_water","_source":"real","_class":"heat_pipe","_osm_id":"way/107669523","_district":"Красносельский район","_length_km":0.19}},{"type":"Feature","geometry":{"type":"LineString","coordinates":[[30.3599937,59.8651588],[30.3596965,59.8650961]]},"properties":{"layer":"1","location":"outdoor","man_made":"pipeline","substance":"hot_water","_source":"real","_class":"heat_pipe","_osm_id":"way/1082585775","_district":"Фрунзенский район","_length_km":0.018}},{"type":"Feature","geometry":{"type":"LineString","coordinates":[[30.3599841,59.8651768],[30.3596692,59.8651542]]},"properties":{"diameter":"500","layer":"1","location":"outdoor","man_made":"pipeline","substance":"hot_water","_source":"real","_class":"heat_pipe","_osm_id":"way/1082585776","_district":"Фрунзенский район","_length_km":0.018}},{"type":"Feature","geometry":{"type":"Polygon","coordinates":[[[30.333398,59.9765794],[30.3335226,59.9764943],[30.3337721,59.9765858],[30.3336475,59.9766709],[30.333398,59.9765794]]]},"properties":{"addr:city":"Санкт-Петербург","addr:housenumber":"66/1","addr:street":"Большой Сампсониевский проспект","building":"industrial","building:levels":"1","industrial":"heating_station","power":"plant","_source":"real","_class":"heat_source","_osm_id":"way/1106167126","_district":"Выборгский район"}},{"type":"Feature","geometry":{"type":"Polygon","coordinates":[[[30.2974364,59.9722449],[30.297761,59.9722597],[30.2977726,59.9721955],[30.2974481,59.9721807],[30.2974364,59.9722449]]]},"properties":{"addr:housenumber":"4 к3","addr:street":"Вяземский переулок","building":"service","building:levels":"1","power":"plant","_source":"real","_class":"heat_source","_osm_id":"way/1115020534","_district":"Петроградский район"}},{"type":"Feature","geometry":{"type":"Polygon","coordinates":[[[30.356779,59.9353505],[30.3567735,59.9352903],[30.356892,59.9352876],[30.3568975,59.9353478],[30.356779,59.9353505]]]},"properties":{"addr:city":"Санкт-Петербург","addr:country":"RU","addr:housenumber":"37а литТ","addr:postcode":"190000","addr:street":"улица Жуковского","building":"service","generator:output:steam":"yes","landuse":"industrial","operator":"ООО «Петербургтеплоэнерго»","power":"plant","source":"rgis.spb.ru","_source":"real","_class":"heat_source","_osm_id":"way/113471369","_district":"Центральный район"}},{"type":"Feature","geometry":{"type":"Polygon","coordinates":[[[30.3528602,59.9355929],[30.3529334,59.9355914],[30.3529202,59.9355162],[30.352848,59.9355189],[30.3528602,59.9355929]]]},"properties":{"addr:city":"Санкт-Петербург","addr:housenumber":"17 к2 литБ","addr:postcode":"190000","addr:street":"улица Жуковского","building":"yes","name":"ЦТП №11-8","source":"rgis.spb.ru","_source":"real","_class":"heat_substation","_osm_id":"way/113471381","_district":"Центральный район"}},{"type":"Feature","geometry":{"type":"Polygon","coordinates":[[[30.3334339,59.9322237],[30.3335913,59.9322825],[30.333728,59.9322192],[30.3336838,59.9321752],[30.3336221,59.9321138],[30.3334006,59.932207],[30.3334339,59.9322237]]]},"properties":{"building:levels":"1","building:part":"service","landuse":"industrial","power":"plant","ref":"13-76","_source":"real","_class":"heat_source","_osm_id":"way/1178548563","_district":"Центральный район"}},{"type":"Feature","geometry":{"type":"Polygon","coordinates":[[[30.2654008,59.9591879],[30.2653257,59.9590889],[30.2651954,59.9591136],[30.2652705,59.9592127],[30.2654008,59.9591879]]]},"properties":{"addr:housenumber":"20 к4 с1","addr:street":"Петровский проспект","building":"industrial","building:levels":"1","industrial":"heating_station","power":"plant","_source":"real","_class":"heat_source","_osm_id":"way/1179695898","_district":"Петроградский район"}},{"type":"Feature","geometry":{"type":"LineString","coordinates":[[30.4412322,59.82903],[30.4411724,59.8290974],[30.4404251,59.8289667],[30.4390457,59.8310184],[30.4402836,59.8315067],[30.439184,59.8323807],[30.4394808,59.8325471],[30.4388629,59.8333396],[30.4396423,59.8334846],[30.439268,59.833976],[30.4394392,59.8340183],[30.4374074,59.8366598]]},"properties":{"location":"overground","man_made":"pipeline","substance":"heat","_source":"real","_class":"heat_pipe","_osm_id":"way/120735400","_district":"Фрунзенский район","_length_km":1.049}},{"type":"Feature","geometry":{"type":"LineString","coordinates":[[30.4119655,59.8249472],[30.4126546,59.8250577],[30.4136599,59.8236414],[30.416954,59.8242534],[30.4225107,59.8253042],[30.4271604,59.8261707],[30.4311859,59.8269265],[30.4385666,59.8283227],[30.4410516,59.8287855],[30.4412162,59.8285746],[30.4421824,59.8287547],[30.4424051,59.8286048]]},"properties":{"location":"overground","man_made":"pipeline","substance":"hot_water","_source":"real","_class":"heat_pipe","_osm_id":"way/120735401","_district":"Фрунзенский район","_length_km":1.952}},{"type":"Feature","geometry":{"type":"LineString","coordinates":[[30.442458,59.8286229],[30.4417023,59.8291091],[30.4412322,59.82903],[30.4154549,59.8241934],[30.4152324,59.8244956],[30.4135655,59.8241889],[30.4128767,59.8251763],[30.4119906,59.8250153]]},"properties":{"location":"overground","man_made":"pipeline","substance":"hot_water","_source":"real","_class":"heat_pipe","_osm_id":"way/120735416","_district":"Фрунзенский район","_length_km":1.945}},{"type":"Feature","geometry":{"type":"LineString","coordinates":[[30.4426245,59.8285263],[30.4429496,59.8282916],[30.4431692,59.8279036],[30.4434977,59.8279498],[30.443782,59.8276037],[30.4439031,59.8269963],[30.4448917,59.8269042],[30.4461199,59.8253758],[30.446928,59.8255428],[30.4468281,59.8256875],[30.4495424,59.8262594]]},"properties":{"location":"overground","man_made":"pipeline","substance":"hot_water","_source":"real","_class":"heat_pipe","_osm_id":"way/120735419","_district":"Колпинский район","_length_km":0.677}},{"type":"Feature","geometry":{"type":"LineString","coordinates":[[30.4425538,59.828502],[30.4428684,59.8282737],[30.4431,59.8278515],[30.4434633,59.8279048],[30.4437204,59.8276027],[30.4438554,59.8269444],[30.444907,59.8268473],[30.4460764,59.8253459],[30.4469818,59.825533],[30.4468924,59.8256629],[30.4495616,59.8262278]]},"properties":{"location":"overground","man_made":"pipeline","substance":"hot_water","_source":"real","_class":"heat_pipe","_osm_id":"way/120735420","_district":"Колпинский район","_length_km":0.684}},{"type":"Feature","geometry":{"type":"LineString","coordinates":[[30.4949511,59.8344508],[30.4954069,59.8347702],[30.4954185,59.8347735],[30.4954286,59.834772],[30.4956267,59.8346887]]},"properties":{"location":"overground","man_made":"pipeline","substance":"hot_water","_source":"real","_class":"heat_pipe","_osm_id":"way/1216470704","_district":"Невский район","_length_km":0.06}},{"type":"Feature","geometry":{"type":"LineString","coordinates":[[30.4956267,59.8346887],[30.4957803,59.8346229]]},"properties":{"layer":"1","location":"overground","man_made":"pipeline","substance":"hot_water","_source":"real","_class":"heat_pipe","_osm_id":"way/1216470705","_district":"Невский район","_length_km":0.011}},{"type":"Feature","geometry":{"type":"LineString","coordinates":[[30.4957803,59.8346229],[30.4958676,59.8345871],[30.496013,59.8345417],[30.4963946,59.8344128],[30.4964136,59.8344127],[30.4964258,59.834417],[30.4974835,59.8353126],[30.4972616,59.8353858]]},"properties":{"location":"overground","man_made":"pipeline","substance":"hot_water","_source":"real","_class":"heat_pipe","_osm_id":"way/1216470706","_district":"Невский район","_length_km":0.175}},{"type":"Feature","geometry":{"type":"LineString","coordinates":[[30.3648298,59.9247139],[30.3649103,59.9247166],[30.3649612,59.9243819],[30.3649563,59.9241899],[30.3649326,59.9239347],[30.3655356,59.9239028],[30.3654036,59.9228479],[30.3654577,59.9225337],[30.365492,59.9223263],[30.3654683,59.9223155],[30.3653335,59.9222976],[30.3653413,59.9222536],[30.3653569,59.9221209],[30.3640867,59.9220613],[30.3641136,59.9217539],[30.364076,59.9207775],[30.3640715,59.9206937],[30.363806,59.9201707],[30.3642338,59.9201363],[30.3642266,59.9201066]]},"properties":{"location":"overground","man_made":"pipeline","substance":"heat","_source":"real","_class":"heat_pipe","_osm_id":"way/121704967","_district":"Центральный район","_length_km":0.643}},{"type":"Feature","geometry":{"type":"LineString","coordinates":[[30.3424249,60.0676958],[30.342932,60.0675622]]},"properties":{"altitude":"-150sm","diameter":"300","layer":"-1","man_made":"pipeline","note":"Новая еще не запущенная диаметр на глаз видел в раскопе 2023-10-21","operator":"ТЭК","substance":"hot_water","_source":"real","_class":"heat_pipe","_osm_id":"way/1217374700","_district":"Выборгский район","_length_km":0.032}},{"type":"Feature","geometry":{"type":"LineString","coordinates":[[30.3429427,60.0675781],[30.3424355,60.0677082]]},"properties":{"altitude":"-150sm","diameter":"300","layer":"-1","man_made":"pipeline","note":"Новая еще не запущенная диаметр на глаз видел в раскопе 2023-10-21","operator":"ТЭК","substance":"hot_water","_source":"real","_class":"heat_pipe","_osm_id":"way/1217374701","_district":"Выборгский район","_length_km":0.032}},{"type":"Feature","geometry":{"type":"LineString","coordinates":[[30.3419754,60.0677617],[30.3434188,60.0673972]]},"properties":{"altitude":"-130sm","diameter":"300","layer":"-1","man_made":"pipeline","note":"диаметр на глаз видел в раскопе 2023-10-21 Эта труба менее горячая => идет К ТЭЦ","operator":"ТЭК","substance":"hot_water","_source":"real","_class":"heat_pipe","_osm_id":"way/1217374706","_district":"Выборгский район","_length_km":0.09}},{"type":"Feature","geometry":{"type":"LineString","coordinates":[[30.3434223,60.0674051],[30.3419789,60.0677661]]},"properties":{"altitude":"-130sm","diameter":"300","layer":"-1","man_made":"pipeline","note":"диаметр на глаз видел в раскопе 2023-10-21 Эта труба более горячая => идет ОТ ТЭЦ","operator":"ТЭК","substance":"hot_water","_source":"real","_class":"heat_pipe","_osm_id":"way/1217374707","_district":"Выборгский район","_length_km":0.09}},{"type":"Feature","geometry":{"type":"LineString","coordinates":[[30.441328,60.0379934],[30.4408963,60.0379448],[30.4409776,60.0374668],[30.4410607,60.0374694],[30.4410735,60.0373717],[30.4409971,60.0373691],[30.4410839,60.0367159],[30.4412325,60.0362857],[30.4407631,60.0362423]]},"properties":{"diameter":"800","location":"overground","man_made":"pipeline","substance":"hot_water","_source":"real","_class":"heat_pipe","_osm_id":"way/1217736684","_district":"Красногвардейский район","_length_km":0.246}},{"type":"Feature","geometry":{"type":"LineString","coordinates":[[30.4409458,60.0385848],[30.441328,60.0379934]]},"properties":{"diameter":"800","layer":"1","location":"overhead","man_made":"pipeline","substance":"hot_water","_source":"real","_class":"heat_pipe","_osm_id":"way/1217736685","_district":"Красногвардейский район","_length_km":0.069}},{"type":"Feature","geometry":{"type":"LineString","coordinates":[[30.4408687,60.0386876],[30.4409458,60.0385848]]},"properties":{"diameter":"800","location":"overground","man_made":"pipeline","substance":"hot_water","_source":"real","_class":"heat_pipe","_osm_id":"way/1217736687","_district":"Красногвардейский район","_length_km":0.012}},{"type":"Feature","geometry":{"type":"LineString","coordinates":[[30.440843,60.0387239],[30.4408687,60.0386876]]},"properties":{"diameter":"800","location":"indoor","man_made":"pipeline","substance":"hot_water","_source":"real","_class":"heat_pipe","_osm_id":"way/1217736688","_district":"Красногвардейский район","_length_km":0.004}},{"type":"Feature","geometry":{"type":"Polygon","coordinates":[[[29.6846127,60.1950874],[29.6846026,60.1950646],[29.6845483,60.1950706],[29.6845584,60.1950933],[29.6846127,60.1950874]]]},"properties":{"addr:housenumber":"1А с2","addr:street":"Широкая улица","building":"industrial","industrial":"heating_station","_source":"real","_class":"heat_source","_osm_id":"way/1233255632","_district":"Курортный район"}},{"type":"Feature","geometry":{"type":"LineString","coordinates":[[30.4208783,59.8868499],[30.4211781,59.8868996]]},"properties":{"location":"overhead","man_made":"pipeline","substance":"hot_water","_source":"real","_class":"heat_pipe","_osm_id":"way/1254645941","_district":"Невский район","_length_km":0.018}},{"type":"Feature","geometry":{"type":"Polygon","coordinates":[[[29.5508698,60.2075085],[29.5511884,60.2073827],[29.5512623,60.2074289],[29.5514569,60.2073521],[29.551158,60.2071652],[29.5509967,60.2072288],[29.551075,60.2072778],[29.550723,60.2074167],[29.5508698,60.2075085]]]},"properties":{"abandoned":"yes","addr:housenumber":"16","addr:street":"Рощинское шоссе","building":"yes","name":"Котельная","_source":"real","_class":"heat_source","_osm_id":"way/125924138","_district":"Курортный район"}},{"type":"Feature","geometry":{"type":"Polygon","coordinates":[[[30.5873187,59.7455931],[30.5873447,59.7456541],[30.587091,59.7456815],[30.587065,59.7456205],[30.5873187,59.7455931]]]},"properties":{"building":"yes","building:levels":"1","landuse":"industrial","power":"plant","_source":"real","_class":"heat_source","_osm_id":"way/1263221365","_district":"Колпинский район"}},{"type":"Feature","geometry":{"type":"Polygon","coordinates":[[[30.2810439,59.9613504],[30.2809848,59.961386],[30.2809573,59.9614302],[30.2809658,59.9614763],[30.2810088,59.9615173],[30.2810799,59.9615469],[30.2811683,59.9615607],[30.2812604,59.9615564],[30.2813422,59.9615349],[30.2822318,59.9611802],[30.2822958,59.9612201],[30.2826182,59.9610903],[30.2822025,59.9608332],[30.2819639,59.9609304],[30.2820159,59.9609629],[30.2810439,59.9613504]]]},"properties":{"addr:housenumber":"57","addr:postcode":"197110","addr:street":"Пионерская улица","architect":"Эрик Мендельсон","building":"industrial","building:architecture":"constructivism","building:levels":"6","building:material":"brick","name":"ТЭЦ фабрики «Красное знамя»","ref:egrokn":"781711247760005","start_date":"1926","tourism":"attraction","wikidata":"Q123680527","wikipedia":"ru:Силовая_станция_фабрики_«Красное_знамя»","_source":"real","_class":"heat_source","_osm_id":"way/128678093","_district":"Петроградский район"}},{"type":"Feature","geometry":{"type":"LineString","coordinates":[[30.3482576,60.0587399],[30.3490305,60.0586044],[30.3491227,60.0587215],[30.3501621,60.0585095]]},"properties":{"layer":"1","location":"overground","man_made":"pipeline","type":"hot_water","_source":"real","_class":"heat_pipe","_osm_id":"way/1295952572","_district":"Выборгский район","_length_km":0.122}},{"type":"Feature","geometry":{"type":"LineString","coordinates":[[30.3501621,60.0585095],[30.3504815,60.0584444]]},"properties":{"layer":"1","location":"overhead","man_made":"pipeline","type":"hot_water","_source":"real","_class":"heat_pipe","_osm_id":"way/1295952573","_district":"Выборгский район","_length_km":0.019}},{"type":"Feature","geometry":{"type":"LineString","coordinates":[[30.35692,60.0571355],[30.3586957,60.056769],[30.3584124,60.0562001],[30.3584982,60.0561841]]},"properties":{"layer":"1","location":"overground","man_made":"pipeline","type":"hot_water","_source":"real","_class":"heat_pipe","_osm_id":"way/1295952596","_district":"Выборгский район","_length_km":0.177}},{"type":"Feature","geometry":{"type":"LineString","coordinates":[[30.3562022,60.0572837],[30.35692,60.0571355]]},"properties":{"layer":"1","location":"overhead","man_made":"pipeline","type":"hot_water","_source":"real","_class":"heat_pipe","_osm_id":"way/1295952597","_district":"Выборгский район","_length_km":0.043}},{"type":"Feature","geometry":{"type":"LineString","coordinates":[[29.9491944,59.8542667],[29.9491183,59.8541592],[29.9464211,59.8545894],[29.9452732,59.8547743],[29.9451096,59.8547994],[29.9449279,59.8548273],[29.9452633,59.8553772],[29.9452246,59.8553848],[29.9452375,59.8554075],[29.94533,59.855396],[29.9454582,59.855668],[29.945463,59.8556772],[29.9455725,59.8558867],[29.9452929,59.855926],[29.9454512,59.8562252],[29.9452383,59.8562522]]},"properties":{"location":"overground","man_made":"pipeline","substance":"hot_water","_source":"real","_class":"heat_pipe","_osm_id":"way/129725639","_district":"Петродворцовый район","_length_km":0.453}},{"type":"Feature","geometry":{"type":"Polygon","coordinates":[[[30.4147174,59.7067662],[30.4150299,59.7068362],[30.4150754,59.7067818],[30.4147643,59.7067101],[30.4147174,59.7067662]]]},"properties":{"addr:city":"Пушкин","addr:housenumber":"23А","addr:street":"Павловское шоссе","brand":"ГУП \"ТЭК СПб\"","building":"service","building:levels":"1","name":"ЦТП","name:ru":"ЦТП","_source":"real","_class":"heat_substation","_osm_id":"way/1298330052","_district":"Пушкинский район"}},{"type":"Feature","geometry":{"type":"Polygon","coordinates":[[[30.4115783,59.7087589],[30.4114132,59.708732],[30.4114437,59.708686],[30.4116087,59.7087144],[30.4115783,59.7087589]]]},"properties":{"addr:city":"Пушкин","addr:housenumber":"3","addr:street":"Захаржевская улица","brand":"ГУП ТЭК СПб","building":"service","building:levels":"1","name":"ЦТП","name:ru":"ЦТП","_source":"real","_class":"heat_substation","_osm_id":"way/1298714304","_district":"Пушкинский район"}},{"type":"Feature","geometry":{"type":"LineString","coordinates":[[30.1590694,59.7847752],[30.1592383,59.7850398],[30.1541399,59.7862013],[30.1531442,59.7864299],[30.1519945,59.7866986]]},"properties":{"location":"overground","man_made":"pipeline","substance":"hot_water","_source":"real","_class":"heat_pipe","_osm_id":"way/131254599","_district":"вне районов","_length_km":0.478}},{"type":"Feature","geometry":{"type":"LineString","coordinates":[[30.3815478,59.7015316],[30.3800179,59.7022487],[30.3799192,59.7021908]]},"properties":{"location":"overground","man_made":"pipeline","substance":"hot_water","_source":"real","_class":"heat_pipe","_osm_id":"way/1314033801","_district":"Пушкинский район","_length_km":0.126}},{"type":"Feature","geometry":{"type":"LineString","coordinates":[[30.3819847,59.7013467],[30.3825169,59.7016473],[30.3825798,59.7016256],[30.3828317,59.701779],[30.3827755,59.7018026],[30.3846096,59.7028289]]},"properties":{"location":"overground","man_made":"pipeline","substance":"hot_water","_source":"real","_class":"heat_pipe","_osm_id":"way/1314033802","_district":"Пушкинский район","_length_km":0.23}},{"type":"Feature","geometry":{"type":"LineString","coordinates":[[29.7593611,60.0026379],[29.762034,60.0026352],[29.762038,60.0025668],[29.7620711,60.0025439],[29.7628694,60.0023796],[29.763012,60.0023477]]},"properties":{"location":"overground","man_made":"pipeline","substance":"heat","_source":"real","_class":"heat_pipe","_osm_id":"way/131951427","_district":"Кронштадтский район","_length_km":0.217}},{"type":"Feature","geometry":{"type":"Polygon","coordinates":[[[29.7564224,60.2401096],[29.7566455,60.2401241],[29.7566029,60.2402866],[29.7563797,60.2402721],[29.7563928,60.2402224],[29.7564224,60.2401096]]]},"properties":{"building":"industrial","building:levels":"1","industrial":"heating_station","power":"plant","_source":"real","_class":"heat_source","_osm_id":"way/1324485257","_district":"Курортный район"}},{"type":"Feature","geometry":{"type":"Polygon","coordinates":[[[30.3843026,59.9211308],[30.3845618,59.9211818],[30.3846649,59.9210502],[30.3844057,59.9209992],[30.3843026,59.9211308]]]},"properties":{"addr:housenumber":"3","addr:street":"набережная реки Монастырки","building":"service","building:levels":"1","building:material":"plaster","location":"indoor","man_made":"heat_exchange_station","pipeline":"substation","roof:levels":"0","roof:shape":"hipped","source:addr":"rgis","substance":"heat","substation":"distribution","_source":"real","_class":"heat_substation","_osm_id":"way/134689243","_district":"Центральный район"}},{"type":"Feature","geometry":{"type":"LineString","coordinates":[[30.110178,60.0177836],[30.1106702,60.017846]]},"properties":{"layer":"1","location":"overground","man_made":"pipeline","substance":"heat","_source":"real","_class":"heat_pipe","_osm_id":"way/1355995347","_district":"Приморский район","_length_km":0.028}},{"type":"Feature","geometry":{"type":"LineString","coordinates":[[30.0949053,60.0160447],[30.0957739,60.0160298],[30.0958117,60.0167944],[30.0954997,60.0168061],[30.0955075,60.0170119],[30.0950303,60.0170198],[30.0951041,60.0181366],[30.0967516,60.0181091],[30.0967639,60.0183253],[30.098425,60.0183007],[30.0984431,60.0181242],[30.1009673,60.0181268],[30.1016057,60.0180531],[30.1019503,60.0187876],[30.1024733,60.0187125],[30.102594,60.0187581],[30.1032458,60.0187621],[30.1033585,60.0183955],[30.1047438,60.0182179],[30.1048028,60.0183071],[30.1051126,60.0182662],[30.1050965,60.0181844],[30.1070438,60.0179405],[30.1074032,60.0181154],[30.1087189,60.0179492],[30.1087846,60.0180356],[30.1091038,60.0179968],[30.1090711,60.0179055],[30.1099634,60.0177836],[30.1100712,60.0177648],[30.110178,60.0177836]]},"properties":{"layer":"1","location":"overground","man_made":"pipeline","substance":"heat","_source":"real","_class":"heat_pipe","_osm_id":"way/1355995348","_district":"Приморский район","_length_km":1.367}},{"type":"Feature","geometry":{"type":"Polygon","coordinates":[[[30.3411812,59.8778257],[30.3412371,59.877722],[30.3414143,59.877746],[30.3413584,59.8778497],[30.3411812,59.8778257]]]},"properties":{"building":"industrial","building:levels":"1","industrial":"heating_station","power":"plant","_source":"real","_class":"heat_source","_osm_id":"way/1359120237","_district":"Московский район"}},{"type":"Feature","geometry":{"type":"LineString","coordinates":[[30.1186122,59.8432524],[30.1186217,59.843279],[30.1186753,59.8434289],[30.1187275,59.8435746],[30.1190541,59.8435776],[30.1190432,59.843658]]},"properties":{"count":"2","description":"Тепловая сеть","location":"overground","man_made":"pipeline","substance":"hot_water","_source":"real","_class":"heat_pipe","_osm_id":"way/1360915335","_district":"Красносельский район","_length_km":0.064}},{"type":"Feature","geometry":{"type":"LineString","coordinates":[[30.1184305,59.8418993],[30.1181978,59.8418949],[30.1181961,59.8419172],[30.118055,59.8419145],[30.1180567,59.8418923],[30.117265,59.8418829],[30.1172045,59.8426272],[30.1172432,59.8426279],[30.1172372,59.8427167],[30.1171985,59.8427161],[30.1171185,59.8435028],[30.1171648,59.8435037],[30.1171577,59.8435886],[30.1171114,59.8435877],[30.1170103,59.84448],[30.1167467,59.844478]]},"properties":{"count":"2","description":"Тепловая сеть 4-й Красносельской котельной","location":"overground","man_made":"pipeline","substance":"hot_water","_source":"real","_class":"heat_pipe","_osm_id":"way/1360915342","_district":"Красносельский район","_length_km":0.384}},{"type":"Feature","geometry":{"type":"Polygon","coordinates":[[[30.4344048,59.6821391],[30.4348902,59.6819258],[30.4346631,59.6817941],[30.4341776,59.6820073],[30.4344048,59.6821391]]]},"properties":{"addr:city":"Павловск","addr:housenumber":"32","addr:street":"улица Васенко","building":"service","building:levels":"1","roof:shape":"flat","utility":"heating","_source":"real","_class":"heat_substation","_osm_id":"way/137119514","_district":"Пушкинский район"}},{"type":"Feature","geometry":{"type":"Polygon","coordinates":[[[30.3501002,59.9252446],[30.3502668,59.9252216],[30.3502918,59.9252182],[30.3502534,59.9251482],[30.3502231,59.9251523],[30.3500618,59.9251745],[30.3500791,59.9252061],[30.3501002,59.9252446]]]},"properties":{"addr:housenumber":"18 к2 литД","addr:postcode":"191002","addr:street":"улица Достоевского","building":"service","building:levels":"2","plant:source":"gas","power":"plant","_source":"real","_class":"heat_source","_osm_id":"way/1371370618","_district":"Центральный район"}},{"type":"Feature","geometry":{"type":"Polygon","coordinates":[[[29.9595288,60.0995328],[29.9596244,60.0995298],[29.9596369,60.0996291],[29.9595413,60.099632],[29.9595288,60.0995328]]]},"properties":{"building":"industrial","industrial":"heating_station","power":"plant","_source":"real","_class":"heat_source","_osm_id":"way/1377901765","_district":"Курортный район"}},{"type":"Feature","geometry":{"type":"Polygon","coordinates":[[[29.9586904,60.0951517],[29.9587648,60.0951491],[29.9587767,60.095236],[29.9587023,60.0952385],[29.9586904,60.0951517]]]},"properties":{"building":"industrial","industrial":"heating_station","power":"plant","_source":"real","_class":"heat_source","_osm_id":"way/1377901782","_district":"Курортный район"}},{"type":"Feature","geometry":{"type":"LineString","coordinates":[[30.3367674,60.0628046],[30.336554,60.0628521]]},"properties":{"layer":"2","location":"overground","man_made":"pipeline","substance":"hot_water","_source":"real","_class":"heat_pipe","_osm_id":"way/138652302","_district":"Выборгский район","_length_km":0.013}},{"type":"Feature","geometry":{"type":"LineString","coordinates":[[30.3412154,60.0620495],[30.3411197,60.0619276],[30.3410115,60.061947]]},"properties":{"layer":"-1","location":"underground","man_made":"pipeline","substance":"hot_water","_source":"real","_class":"heat_pipe","_osm_id":"way/138652304","_district":"Выборгский район","_length_km":0.021}},{"type":"Feature","geometry":{"type":"LineString","coordinates":[[30.3479075,59.9088708],[30.3478901,59.9087934],[30.3477077,59.908504],[30.3478412,59.9084845],[30.3476554,59.9082449],[30.3476125,59.9081896],[30.3476688,59.9081156],[30.3481074,59.9080403],[30.3481811,59.9079905],[30.3479679,59.9076376]]},"properties":{"layer":"-1","location":"underground","man_made":"pipeline","substance":"hot_water","_source":"real","_class":"heat_pipe","_osm_id":"way/1409714010","_district":"Фрунзенский район","_length_km":0.168}},{"type":"Feature","geometry":{"type":"LineString","coordinates":[[30.3497462,59.9088049],[30.3493211,59.9089024],[30.3486666,59.909012],[30.3484333,59.9090604],[30.3481489,59.9090664],[30.3478713,59.9090066],[30.3475387,59.9090584],[30.3474811,59.9090839]]},"properties":{"layer":"-1","location":"underground","man_made":"pipeline","substance":"hot_water","_source":"real","_class":"heat_pipe","_osm_id":"way/1411216455","_district":"Фрунзенский район","_length_km":0.135}},{"type":"Feature","geometry":{"type":"LineString","coordinates":[[30.3476554,59.9082449],[30.3473282,59.9082979]]},"properties":{"layer":"-1","location":"underground","man_made":"pipeline","substance":"hot_water","_source":"real","_class":"heat_pipe","_osm_id":"way/1411824860","_district":"Фрунзенский район","_length_km":0.019}},{"type":"Feature","geometry":{"type":"Polygon","coordinates":[[[30.4043402,59.9348916],[30.4041998,59.9349047],[30.4041777,59.9349068],[30.4042669,59.9351478],[30.4042715,59.9351602],[30.4043103,59.9351566],[30.4044134,59.935147],[30.4044341,59.9351451],[30.4044308,59.9351363],[30.4044122,59.9350863],[30.4043725,59.9349786],[30.404344,59.9349018],[30.4043402,59.9348916]]]},"properties":{"addr:housenumber":"29 к2","addr:street":"Новочеркасский проспект","building":"service","building:levels":"2","landuse":"industrial","plant:output:hot_water":"yes","power":"plant","_source":"real","_class":"heat_source","_osm_id":"way/141566436","_district":"Красногвардейский район"}},{"type":"Feature","geometry":{"type":"Polygon","coordinates":[[[30.2838191,59.8838599],[30.284822,59.8836344],[30.2850325,59.8838701],[30.2848852,59.8839032],[30.2848476,59.883861],[30.2841905,59.8840087],[30.2843398,59.8841759],[30.284195,59.8842085],[30.2840495,59.8840455],[30.2839957,59.8840576],[30.2838191,59.8838599]]]},"properties":{"addr:housenumber":"2 литАИ","addr:street":"улица Трефолева","building":"industrial","power":"plant","_source":"real","_class":"heat_source","_osm_id":"way/141573575","_district":"Кировский район"}},{"type":"Feature","geometry":{"type":"Polygon","coordinates":[[[30.1369598,60.1243618],[30.1372038,60.1244212],[30.1372594,60.1243646],[30.1370154,60.1243051],[30.1369598,60.1243618]]]},"properties":{"addr:housenumber":"23","addr:street":"Скородумовская улица","building":"service","name":"Котельная","power":"plant","_source":"real","_class":"heat_source","_osm_id":"way/141747679","_district":"Курортный район"}},{"type":"Feature","geometry":{"type":"Polygon","coordinates":[[[30.3283787,59.9546943],[30.328194,59.9546062],[30.3281,59.9546555],[30.3282847,59.9547437],[30.3283787,59.9546943]]]},"properties":{"addr:housenumber":"7 к2","addr:street":"улица Куйбышева","building":"service","power":"plant","_source":"real","_class":"heat_source","_osm_id":"way/1422870311","_district":"Петроградский район"}},{"type":"Feature","geometry":{"type":"Polygon","coordinates":[[[30.3902804,59.8483346],[30.3905305,59.8484002],[30.390625,59.8483094],[30.3903748,59.8482437],[30.3902804,59.8483346]]]},"properties":{"addr:housenumber":"13 к2","addr:street":"улица Димитрова","building":"service","building:levels":"1","description":"Тепловая станция","location":"indoor","man_made":"heat_exchange_station","pipeline":"substation","roof:shape":"flat","substance":"heat","substation":"distribution","_source":"real","_class":"heat_substation","_osm_id":"way/142570286","_district":"Фрунзенский район"}},{"type":"Feature","geometry":{"type":"LineString","coordinates":[[30.1793586,59.9902204],[30.1820704,59.9905291],[30.1820583,59.990601],[30.1823494,59.9906343],[30.1823996,59.9905691],[30.1866552,59.9910824],[30.1876244,59.9912811],[30.1883952,59.9915445],[30.1884443,59.99151]]},"properties":{"location":"overground","man_made":"pipeline","substance":"heat","_source":"real","_class":"heat_pipe","_osm_id":"way/1426804818","_district":"Приморский район","_length_km":0.547}},{"type":"Feature","geometry":{"type":"LineString","coordinates":[[30.1884443,59.99151],[30.1889853,59.9911294]]},"properties":{"location":"overhead","man_made":"pipeline","substance":"heat","_source":"real","_class":"heat_pipe","_osm_id":"way/1426804819","_district":"Приморский район","_length_km":0.052}},{"type":"Feature","geometry":{"type":"Polygon","coordinates":[[[30.3608,60.0387379],[30.3608274,60.0387711],[30.3609189,60.0387523],[30.3608914,60.0387191],[30.3608,60.0387379]]]},"properties":{"addr:housenumber":"1 к2 литБ","addr:street":"улица Руднева","building":"service","building:levels":"1","building:material":"metal","plant:method":"combustion","plant:output:hot_water":"yes","plant:source":"gas","power":"plant","roof:shape":"flat","_source":"real","_class":"heat_source","_osm_id":"way/1447163499","_district":"Выборгский район"}},{"type":"Feature","geometry":{"type":"Polygon","coordinates":[[[30.2585507,59.9880715],[30.2585766,59.9875377],[30.2575926,59.9875479],[30.2575397,59.9875476],[30.2574235,59.9875191],[30.2570724,59.9875194],[30.256928,59.9875197],[30.2569297,59.9876502],[30.256936,59.9878958],[30.256818,59.9878966],[30.2568217,59.9881312],[30.257598,59.9881139],[30.2580137,59.9881055],[30.2580099,59.9880687],[30.2580852,59.9880668],[30.2580867,59.9880819],[30.2584886,59.9880715],[30.2585507,59.9880715]]]},"properties":{"landuse":"industrial","power":"plant","_source":"real","_class":"heat_source","_osm_id":"way/147669568","_district":"Приморский район"}},{"type":"Feature","geometry":{"type":"Polygon","coordinates":[[[30.3021355,59.9611786],[30.302045,59.9612157],[30.3020423,59.961249],[30.3021808,59.9613347],[30.3021082,59.9613639],[30.3022187,59.9614327],[30.3023301,59.9613864],[30.3023878,59.9613633],[30.3024174,59.961351],[30.3023161,59.9612895],[30.3022198,59.9612304],[30.3021355,59.9611786]]]},"properties":{"addr:city":"Санкт-Петербург","addr:country":"RU","addr:housenumber":"5 к2 литБ","addr:street":"Гатчинская улица","landuse":"industrial","plant:method":"combustion","plant:output:hot_water":"yes","power":"plant","_source":"real","_class":"heat_source","_osm_id":"way/148198551","_district":"Петроградский район"}},{"type":"Feature","geometry":{"type":"Polygon","coordinates":[[[30.4916613,59.7531639],[30.4914796,59.7532823],[30.4916579,59.7533517],[30.4918395,59.7532333],[30.4916613,59.7531639]]]},"properties":{"building":"service","building:levels":"1","fixme":"geometry","landuse":"industrial","power":"plant","_source":"real","_class":"heat_source","_osm_id":"way/1486441330","_district":"Пушкинский район"}},{"type":"Feature","geometry":{"type":"Polygon","coordinates":[[[30.4396131,59.9040887],[30.4392587,59.9038987],[30.4389939,59.9040228],[30.4393113,59.904193],[30.4393483,59.9042129],[30.4396131,59.9040887]]]},"properties":{"addr:housenumber":"1","addr:street":"Ультрамариновая улица","building":"industrial","building:levels":"1","industrial":"heating_station","power":"plant","_source":"real","_class":"heat_source","_osm_id":"way/1492708765","_district":"Невский район"}},{"type":"Feature","geometry":{"type":"LineString","coordinates":[[30.1561235,59.8582702],[30.1580085,59.858993]]},"properties":{"bridge":"yes","layer":"1","location":"overground","man_made":"pipeline","substance":"heat","_source":"real","_class":"heat_pipe","_osm_id":"way/150524701","_district":"Красносельский район","_length_km":0.133}},{"type":"Feature","geometry":{"type":"Polygon","coordinates":[[[30.4280802,59.9029898],[30.428343,59.9028781],[30.4284033,59.9029138],[30.4281405,59.9030255],[30.4280802,59.9029898]]]},"properties":{"building":"industrial","building:levels":"1","industrial":"heating_station","power":"plant","_source":"real","_class":"heat_source","_osm_id":"way/1508210975","_district":"Невский район"}},{"type":"Feature","geometry":{"type":"LineString","coordinates":[[30.350457,59.9086903],[30.3506893,59.9086534],[30.3509631,59.9087043],[30.3519679,59.9085439]]},"properties":{"layer":"-1","location":"underground","man_made":"pipeline","substance":"hot_water","_source":"real","_class":"heat_pipe","_osm_id":"way/1513963616","_district":"Фрунзенский район","_length_km":0.089}},{"type":"Feature","geometry":{"type":"Polygon","coordinates":[[[29.6989507,60.1906497],[29.698952,60.1905739],[29.6990602,60.1905743],[29.6990589,60.1906501],[29.6989507,60.1906497]]]},"properties":{"building":"service","building:levels":"1","landuse":"industrial","power":"plant","_source":"real","_class":"heat_source","_osm_id":"way/1528542173","_district":"Курортный район"}},{"type":"Feature","geometry":{"type":"Polygon","coordinates":[[[30.2605335,59.9907243],[30.2605278,59.9908273],[30.2606878,59.9908295],[30.2606935,59.9907265],[30.2605335,59.9907243]]]},"properties":{"building":"industrial","building:levels":"1","landuse":"industrial","power":"plant","_source":"real","_class":"heat_source","_osm_id":"way/154151242","_district":"Приморский район"}},{"type":"Feature","geometry":{"type":"Polygon","coordinates":[[[29.4531681,60.1770809],[29.4532925,60.1770371],[29.4533492,60.177077],[29.4537891,60.1769223],[29.4536548,60.1768278],[29.4530904,60.1770262],[29.4531681,60.1770809]]]},"properties":{"addr:housenumber":"704 литЗ","addr:street":"Приморское шоссе","building":"yes","man_made":"works","name":"Котельная","_source":"real","_class":"heat_source","_osm_id":"way/158649375","_district":"Курортный район"}},{"type":"Feature","geometry":{"type":"LineString","coordinates":[[30.3131344,60.000357],[30.313689,60.0000205]]},"properties":{"layer":"1","location":"overground","man_made":"pipeline","substance":"hot_water","_source":"real","_class":"heat_pipe","_osm_id":"way/161702236","_district":"Приморский район","_length_km":0.049}},{"type":"Feature","geometry":{"type":"Polygon","coordinates":[[[30.3568546,59.9351769],[30.3568578,59.9352715],[30.3570586,59.9352698],[30.3570554,59.9351752],[30.3568546,59.9351769]]]},"properties":{"addr:housenumber":"37 литВ","addr:postcode":"190000","addr:street":"улица Жуковского","building":"service","generator:output:steam":"yes","landuse":"industrial","operator":"ООО «Петербургтеплоэнерго»","power":"plant","source":"rgis","_source":"real","_class":"heat_source","_osm_id":"way/163279398","_district":"Центральный район"}},{"type":"Feature","geometry":{"type":"LineString","coordinates":[[30.442671,59.8286218],[30.4426971,59.8286321],[30.4425659,59.8287261],[30.4424774,59.8286972],[30.4423856,59.8287632],[30.4429033,59.8289509],[30.4429975,59.8289625],[30.4442051,59.8292488],[30.4441241,59.829357],[30.444384,59.8294029],[30.4455073,59.829618],[30.4454418,59.8297044],[30.445634,59.8297437],[30.4457204,59.8296384],[30.4466077,59.8298041],[30.4465216,59.8299219],[30.4465268,59.8299346],[30.4471699,59.8300605],[30.4471795,59.8300748],[30.4471392,59.8301285],[30.4471479,59.8301422],[30.4473237,59.8301742],[30.4473488,59.8301671],[30.4473896,59.8301129],[30.4474135,59.8301062],[30.4487242,59.8303565],[30.4491836,59.8301587],[30.4501802,59.8303387],[30.450144,59.8303957],[30.4503082,59.8304257],[30.4503545,59.8303711],[30.4510945,59.8305008],[30.4511543,59.830511],[30.4518317,59.8306279],[30.4518002,59.8306791],[30.4519679,59.8307097],[30.4520068,59.8306578],[30.4533559,59.8308961],[30.4533264,59.8309466],[30.4535577,59.8309894],[30.453598,59.8309387],[30.4545943,59.8311083]]},"properties":{"location":"overground","man_made":"pipeline","substance":"hot_water","_source":"real","_class":"heat_pipe","_osm_id":"way/165915146","_district":"Колпинский район","_length_km":0.883}},{"type":"Feature","geometry":{"type":"LineString","coordinates":[[30.4312163,60.044791],[30.4304857,60.0446466],[30.4241148,60.0449803],[30.4038338,60.0491249],[30.3835665,60.0532546],[30.3834592,60.0531531],[30.3813216,60.0535878],[30.3813969,60.0536781],[30.3806289,60.0538421],[30.3795565,60.0541967],[30.3667858,60.056803],[30.3653578,60.0569742],[30.3613155,60.0577894]]},"properties":{"layer":"1","location":"overground","man_made":"pipeline","substance":"hot_water","_source":"real","_class":"heat_pipe","_osm_id":"way/166177875","_district":"Калининский район","_length_km":4.204}},{"type":"Feature","geometry":{"type":"LineString","coordinates":[[30.4311958,60.0448165],[30.4304764,60.0446751],[30.4241267,60.0450001],[30.403848,60.0491533],[30.3835442,60.0532878],[30.3834295,60.0531814],[30.3813659,60.0536004],[30.3814412,60.0536882],[30.3806437,60.0538647],[30.3795883,60.0542214],[30.366795,60.0568258],[30.3653771,60.0570016],[30.3613308,60.0578157]]},"properties":{"layer":"1","location":"overground","man_made":"pipeline","substance":"hot_water","_source":"real","_class":"heat_pipe","_osm_id":"way/166177876","_district":"Калининский район","_length_km":4.203}},{"type":"Feature","geometry":{"type":"LineString","coordinates":[[30.3292705,60.0638801],[30.3289836,60.0635446]]},"properties":{"layer":"2","location":"overground","man_made":"pipeline","substance":"hot_water","_source":"real","_class":"heat_pipe","_osm_id":"way/166179939","_district":"Выборгский район","_length_km":0.041}},{"type":"Feature","geometry":{"type":"LineString","coordinates":[[30.3367831,60.0628229],[30.3365789,60.0628713]]},"properties":{"layer":"2","location":"overground","man_made":"pipeline","substance":"hot_water","_source":"real","_class":"heat_pipe","_osm_id":"way/166179940","_district":"Выборгский район","_length_km":0.013}},{"type":"Feature","geometry":{"type":"LineString","coordinates":[[30.3613155,60.0577894],[30.3608574,60.0578864]]},"properties":{"bridge":"yes","layer":"1","location":"overground","man_made":"pipeline","type":"hot_water","_source":"real","_class":"heat_pipe","_osm_id":"way/166179941","_district":"Выборгский район","_length_km":0.028}},{"type":"Feature","geometry":{"type":"LineString","coordinates":[[30.3289836,60.0635446],[30.3289479,60.0635026]]},"properties":{"layer":"1","location":"overground","man_made":"pipeline","substance":"hot_water","_source":"real","_class":"heat_pipe","_osm_id":"way/166179942","_district":"Выборгский район","_length_km":0.005}},{"type":"Feature","geometry":{"type":"LineString","coordinates":[[30.3293038,60.0638751],[30.3290204,60.0635394]]},"properties":{"layer":"2","location":"overground","man_made":"pipeline","substance":"hot_water","_source":"real","_class":"heat_pipe","_osm_id":"way/166179943","_district":"Выборгский район","_length_km":0.041}},{"type":"Feature","geometry":{"type":"LineString","coordinates":[[30.3613308,60.0578157],[30.3608758,60.0579124]]},"properties":{"bridge":"yes","layer":"1","location":"overground","man_made":"pipeline","type":"hot_water","_source":"real","_class":"heat_pipe","_osm_id":"way/166179944","_district":"Выборгский район","_length_km":0.028}},{"type":"Feature","geometry":{"type":"LineString","coordinates":[[30.3290204,60.0635394],[30.3289842,60.0634962]]},"properties":{"layer":"1","location":"overground","man_made":"pipeline","substance":"hot_water","_source":"real","_class":"heat_pipe","_osm_id":"way/166179945","_district":"Выборгский район","_length_km":0.005}},{"type":"Feature","geometry":{"type":"LineString","coordinates":[[30.3411761,60.062057],[30.3410919,60.0619508],[30.3410227,60.0619633]]},"properties":{"layer":"-1","location":"underground","man_made":"pipeline","substance":"hot_water","_source":"real","_class":"heat_pipe","_osm_id":"way/166179946","_district":"Выборгский район","_length_km":0.017}},{"type":"Feature","geometry":{"type":"LineString","coordinates":[[30.3365789,60.0628713],[30.3296089,60.0642757],[30.3292705,60.0638801]]},"properties":{"layer":"1","location":"overground","man_made":"pipeline","substance":"hot_water","_source":"real","_class":"heat_pipe","_osm_id":"way/166179947","_district":"Выборгский район","_length_km":0.466}},{"type":"Feature","geometry":{"type":"LineString","coordinates":[[30.3410115,60.061947],[30.3395794,60.0622361],[30.3395164,60.0621584],[30.3392414,60.062214],[30.3393048,60.0622923],[30.3367674,60.0628046]]},"properties":{"layer":"1","location":"overground","man_made":"pipeline","substance":"hot_water","_source":"real","_class":"heat_pipe","_osm_id":"way/166179948","_district":"Выборгский район","_length_km":0.274}},{"type":"Feature","geometry":{"type":"LineString","coordinates":[[30.3608758,60.0579124],[30.3531557,60.0595017],[30.3495542,60.0602187],[30.3503011,60.0611546],[30.3506349,60.06151],[30.3512271,60.062186]]},"properties":{"layer":"1","location":"overground","man_made":"pipeline","type":"hot_water","_source":"real","_class":"heat_pipe","_osm_id":"way/166179949","_district":"Выборгский район","_length_km":0.919}},{"type":"Feature","geometry":{"type":"LineString","coordinates":[[30.3410227,60.0619633],[30.3395656,60.0622585],[30.3394978,60.0621753],[30.3392899,60.0622174],[30.3393581,60.0623012],[30.3367831,60.0628229]]},"properties":{"layer":"1","location":"overground","man_made":"pipeline","substance":"hot_water","_source":"real","_class":"heat_pipe","_osm_id":"way/166179950","_district":"Выборгский район","_length_km":0.275}},{"type":"Feature","geometry":{"type":"LineString","coordinates":[[30.3608574,60.0578864],[30.3531419,60.0594802],[30.349582,60.060183],[30.3503446,60.0611441],[30.3506731,60.0615022],[30.3512723,60.0621808]]},"properties":{"layer":"1","location":"overground","man_made":"pipeline","type":"hot_water","_source":"real","_class":"heat_pipe","_osm_id":"way/166179951","_district":"Выборгский район","_length_km":0.92}},{"type":"Feature","geometry":{"type":"Polygon","coordinates":[[[30.4058122,59.7001717],[30.4063225,59.7002593],[30.4063821,59.7001708],[30.4058718,59.7000832],[30.4058122,59.7001717]]]},"properties":{"addr:housenumber":"49","addr:street":"Сапёрная улица","building":"service","height":"6","name":"Котельная ГУП ТЭК СПб","_source":"real","_class":"heat_source","_osm_id":"way/166237014","_district":"Пушкинский район"}},{"type":"Feature","geometry":{"type":"LineString","coordinates":[[30.1552108,60.0008448],[30.1559337,60.0003647],[30.1557823,60.0003163],[30.1559737,60.0001773],[30.156131,60.0002285],[30.1580001,59.9988965],[30.1578594,59.9988433],[30.1580354,59.9987175],[30.1581897,59.9987536],[30.159878,59.9975584],[30.1597449,59.9974935],[30.1599344,59.9973714],[30.160077,59.9974177],[30.1614613,59.9963785],[30.1613433,59.9963185],[30.1615005,59.9961944],[30.1616641,59.9962402],[30.1624402,59.9956861],[30.1629685,59.9952426],[30.1631067,59.9951337],[30.1639006,59.9951962],[30.164259,59.9947573],[30.1671487,59.9952096],[30.1671159,59.9952689],[30.1675223,59.9953345],[30.1675678,59.9952739],[30.1694474,59.995588],[30.170063,59.9956769],[30.1702027,59.9956971],[30.1715133,59.9948215],[30.1716204,59.9948558],[30.1718789,59.9946872],[30.171784,59.9946337],[30.1727145,59.9939975],[30.1733321,59.9940563],[30.1733737,59.9938773]]},"properties":{"location":"overground","man_made":"pipeline","substance":"heat","_source":"real","_class":"heat_pipe","_osm_id":"way/166554690","_district":"Приморский район","_length_km":1.61}},{"type":"Feature","geometry":{"type":"LineString","coordinates":[[30.1551115,60.0009291],[30.1552108,60.0008448]]},"properties":{"covered":"yes","location":"overground","man_made":"pipeline","substance":"heat","_source":"real","_class":"heat_pipe","_osm_id":"way/166554691","_district":"Приморский район","_length_km":0.011}},{"type":"Feature","geometry":{"type":"Polygon","coordinates":[[[30.3766258,59.7034653],[30.3767195,59.7035154],[30.3767981,59.703478],[30.3767044,59.7034279],[30.3766258,59.7034653]]]},"properties":{"addr:housenumber":"25А","addr:street":"Госпитальный переулок","building":"service","utility":"heating","_source":"real","_class":"heat_substation","_osm_id":"way/169491167","_district":"Пушкинский район"}},{"type":"Feature","geometry":{"type":"LineString","coordinates":[[30.1733737,59.9938773],[30.1738463,59.9932864]]},"properties":{"layer":"1","location":"overground","man_made":"pipeline","substance":"heat","_source":"real","_class":"heat_pipe","_osm_id":"way/171095426","_district":"Приморский район","_length_km":0.071}},{"type":"Feature","geometry":{"type":"LineString","coordinates":[[30.1738463,59.9932864],[30.174283,59.9919852],[30.1754909,59.9904022],[30.1769528,59.9903445],[30.1774157,59.9901767],[30.1780846,59.9901995],[30.1793136,59.990295]]},"properties":{"location":"overground","man_made":"pipeline","substance":"heat","_source":"real","_class":"heat_pipe","_osm_id":"way/171095427","_district":"Приморский район","_length_km":0.556}},{"type":"Feature","geometry":{"type":"LineString","coordinates":[[30.4931331,59.8769616],[30.4938305,59.8769966],[30.4940349,59.8759926],[30.4946942,59.8755562],[30.4947653,59.8755857],[30.4959012,59.874832],[30.4962673,59.874988],[30.4975695,59.8741239],[30.4984385,59.8744739],[30.4981489,59.8746516],[30.498637,59.8748266],[30.4987282,59.8747674],[30.5002155,59.8753407],[30.5012348,59.8746299],[30.5014112,59.8746978],[30.5015405,59.8746165],[30.5013675,59.8745547],[30.5024739,59.8738195],[30.5019107,59.873631],[30.5022205,59.8734427]]},"properties":{"location":"overground","man_made":"pipeline","substance":"hot_water","_source":"real","_class":"heat_pipe","_osm_id":"way/179116772","_district":"Невский район","_length_km":1.007}},{"type":"Feature","geometry":{"type":"Polygon","coordinates":[[[30.5874581,59.7589162],[30.5843764,59.7591979],[30.5839261,59.7591174],[30.5836039,59.7584193],[30.5896033,59.7577435],[30.5904986,59.7576668],[30.5907343,59.7576947],[30.5923301,59.7578838],[30.5929282,59.7579324],[30.5933183,59.7578913],[30.5933666,59.7579942],[30.5930471,59.7581177],[30.5904949,59.7588511],[30.5896776,59.7590102],[30.5892949,59.7586322],[30.5889383,59.7586753],[30.58889,59.7585574],[30.5883625,59.7586229],[30.5884405,59.7588044],[30.5874581,59.7589162]]]},"properties":{"barrier":"fence","fence_type":"metal","landuse":"industrial","name":"ТЭЦ ПГУ \"ГСР Энерго\"","operator":"АО \"ГСР ТЭЦ\"","plant:method":"combustion","plant:output:electricity":"124.3 MW","plant:output:hot_water":"yes","plant:source":"gas","power":"plant","start_date":"2014","website":"https://www.gsrenergy.ru/company/gsr-tec/","_source":"real","_class":"heat_source","_osm_id":"way/181286875","_district":"Колпинский район"}},{"type":"Feature","geometry":{"type":"LineString","coordinates":[[30.4397523,60.0401284],[30.4399212,60.039979],[30.4398904,60.0399656],[30.4399993,60.0398613],[30.4400286,60.0398647],[30.4402679,60.0396518],[30.4405927,60.0396843],[30.4411476,60.0390318],[30.4407605,60.0388542],[30.440843,60.0387239]]},"properties":{"diameter":"800","location":"overground","man_made":"pipeline","substance":"hot_water","_source":"real","_class":"heat_pipe","_osm_id":"way/182328231","_district":"Красногвардейский район","_length_km":0.205}},{"type":"Feature","geometry":{"type":"Polygon","coordinates":[[[29.7257317,60.0145673],[29.7259499,60.0145009],[29.7258341,60.0144058],[29.7256597,60.0142625],[29.7254415,60.0143289],[29.7257317,60.0145673]]]},"properties":{"landuse":"industrial","power":"plant","_source":"real","_class":"heat_source","_osm_id":"way/182579626","_district":"Кронштадтский район"}},{"type":"Feature","geometry":{"type":"LineString","coordinates":[[30.3480923,60.0588333],[30.3481471,60.0589464],[30.3477868,60.0590274],[30.3487854,60.0602784],[30.3485874,60.0603262],[30.3493317,60.0611349],[30.3499662,60.0609907],[30.3509175,60.0620514],[30.3505943,60.0621177],[30.3509895,60.0626078],[30.3512965,60.0625454]]},"properties":{"layer":"1","location":"overground","man_made":"pipeline","type":"hot_water","_source":"real","_class":"heat_pipe","_osm_id":"way/183786892","_district":"Выборгский район","_length_km":0.562}},{"type":"Feature","geometry":{"type":"LineString","coordinates":[[30.3482318,60.0588095],[30.3483341,60.0589654],[30.3479586,60.0590491],[30.3489409,60.0602759],[30.348686,60.0603442],[30.3493696,60.0610857],[30.3500051,60.0609425],[30.3510151,60.0620656],[30.3506948,60.0621366],[30.3509838,60.0624971],[30.3513249,60.06243]]},"properties":{"layer":"1","location":"overground","man_made":"pipeline","type":"hot_water","_source":"real","_class":"heat_pipe","_osm_id":"way/183786893","_district":"Выборгский район","_length_km":0.555}},{"type":"Feature","geometry":{"type":"LineString","coordinates":[[30.3513363,60.062447],[30.3509592,60.0625217],[30.3506417,60.0621285],[30.3509677,60.0620576],[30.3499833,60.060968],[30.3493506,60.0611108],[30.3486395,60.0603352],[30.3488767,60.0602752],[30.3479011,60.0590344],[30.348247,60.0589606],[30.3481553,60.0588226]]},"properties":{"layer":"1","location":"overground","man_made":"pipeline","type":"hot_water","_source":"real","_class":"heat_pipe","_osm_id":"way/183786894","_district":"Выборгский район","_length_km":0.557}},{"type":"Feature","geometry":{"type":"LineString","coordinates":[[30.351342,60.0625737],[30.350984,60.0626458],[30.3505419,60.0621097],[30.3508682,60.0620425],[30.3499484,60.0610167],[30.3493115,60.0611614],[30.3485319,60.0603149],[30.3487246,60.0602728],[30.3477649,60.059083],[30.347776,60.0590692],[30.3477197,60.0590072],[30.3480642,60.0589311],[30.3480135,60.0588468]]},"properties":{"layer":"1","location":"overground","man_made":"pipeline","type":"hot_water","_source":"real","_class":"heat_pipe","_osm_id":"way/183786895","_district":"Выборгский район","_length_km":0.568}},{"type":"Feature","geometry":{"type":"LineString","coordinates":[[30.3517917,60.0629867],[30.3513722,60.0630737],[30.3521027,60.0639918],[30.3509886,60.0642171]]},"properties":{"layer":"1","location":"overground","man_made":"pipeline","type":"hot_water","_source":"real","_class":"heat_pipe","_osm_id":"way/183786896","_district":"Выборгский район","_length_km":0.202}},{"type":"Feature","geometry":{"type":"LineString","coordinates":[[30.3509718,60.0641963],[30.3520482,60.0639742],[30.3513202,60.0630578],[30.3516738,60.0629841]]},"properties":{"layer":"1","location":"overground","man_made":"pipeline","type":"hot_water","_source":"real","_class":"heat_pipe","_osm_id":"way/183786897","_district":"Выборгский район","_length_km":0.196}},{"type":"Feature","geometry":{"type":"LineString","coordinates":[[30.3518366,60.0632791],[30.3511208,60.0634307],[30.3512574,60.0635998],[30.3489633,60.0640675],[30.3489273,60.064025],[30.3486203,60.0640921]]},"properties":{"layer":"1","location":"overground","man_made":"pipeline","type":"hot_water","_source":"real","_class":"heat_pipe","_osm_id":"way/183786898","_district":"Выборгский район","_length_km":0.225}},{"type":"Feature","geometry":{"type":"LineString","coordinates":[[30.4999865,59.8868854],[30.5000175,59.886858]]},"properties":{"layer":"2","location":"overground","man_made":"pipeline","substance":"hot_water","_source":"real","_class":"heat_pipe","_osm_id":"way/188347556","_district":"Невский район","_length_km":0.004}},{"type":"Feature","geometry":{"type":"LineString","coordinates":[[30.5008879,59.8857577],[30.5023776,59.8841047],[30.5035407,59.8826496],[30.5037036,59.8824459],[30.5038986,59.8824133],[30.5106387,59.8745302],[30.509961,59.8742786],[30.5100528,59.8742214],[30.5098613,59.8741479],[30.5097709,59.8742136],[30.508488,59.8737431],[30.5078399,59.8735],[30.5076264,59.8736319],[30.5074466,59.873567],[30.5076512,59.8734305],[30.5052459,59.8725083],[30.5050776,59.8726198],[30.5049198,59.8725545],[30.5050962,59.8724334],[30.5033415,59.8717577],[30.5027316,59.8721437],[30.5013478,59.8730194],[30.5012062,59.873109],[30.4997454,59.8725705],[30.500249,59.8722309],[30.499688,59.8720055],[30.499607,59.8720461],[30.4993438,59.871942],[30.4993944,59.8718962],[30.4984553,59.8715157],[30.4993222,59.8709535],[30.4992463,59.8709154]]},"properties":{"location":"overground","man_made":"pipeline","substance":"hot_water","_source":"real","_class":"heat_pipe","_osm_id":"way/188347575","_district":"Невский район","_length_km":2.533}},{"type":"Feature","geometry":{"type":"LineString","coordinates":[[30.5000175,59.886858],[30.5008879,59.8857577]]},"properties":{"layer":"2","location":"overground","man_made":"pipeline","substance":"hot_water","_source":"real","_class":"heat_pipe","_osm_id":"way/188351001","_district":"Невский район","_length_km":0.132}},{"type":"Feature","geometry":{"type":"LineString","coordinates":[[30.5000175,59.886858],[30.5001192,59.8868675],[30.5004006,59.8868522],[30.5008758,59.8869957],[30.5009437,59.8870861]]},"properties":{"location":"overground","man_made":"pipeline","substance":"hot_water","_source":"real","_class":"heat_pipe","_osm_id":"way/188351006","_district":"Невский район","_length_km":0.063}},{"type":"Feature","geometry":{"type":"Polygon","coordinates":[[[30.3220811,59.9604641],[30.3222633,59.960504],[30.322231,59.9605412],[30.3221993,59.9605351],[30.3220472,59.9605032],[30.3220811,59.9604641]]]},"properties":{"addr:housenumber":"17 литБ","addr:street":"улица Мира","building":"industrial","building:levels":"1","name":"Котельная","source":"rgis","_source":"real","_class":"heat_source","_osm_id":"way/188492261","_district":"Петроградский район"}},{"type":"Feature","geometry":{"type":"Polygon","coordinates":[[[30.2873193,60.0621084],[30.2875251,60.0620933],[30.2874739,60.0619205],[30.2872682,60.0619357],[30.2873193,60.0621084]]]},"properties":{"addr:housenumber":"32 к3","addr:street":"Береговая улица","addr:suburb":"Шувалово","building":"service","building:levels":"1","power":"plant","source:addr":"RGIS","_source":"real","_class":"heat_source","_osm_id":"way/188836111","_district":"Выборгский район"}},{"type":"Feature","geometry":{"type":"LineString","coordinates":[[30.1793136,59.990295],[30.1793586,59.9902204]]},"properties":{"layer":"1","location":"overground","man_made":"pipeline","substance":"heat","_source":"real","_class":"heat_pipe","_osm_id":"way/189811777","_district":"Приморский район","_length_km":0.009}},{"type":"Feature","geometry":{"type":"LineString","coordinates":[[30.1889853,59.9911294],[30.1891449,59.9910171],[30.19334,59.9918234],[30.1934048,59.9917345],[30.1937235,59.9917922],[30.1936594,59.991882],[30.1967277,59.9924478],[30.1968068,59.9923543],[30.1971233,59.992419],[30.1970442,59.9925089],[30.2000616,59.9930861],[30.2001346,59.9930032],[30.2004356,59.9930644],[30.200374,59.9931501],[30.2034184,59.9937211],[30.2034799,59.9936333],[30.2037837,59.9936975],[30.2037305,59.9937779],[30.2063032,59.9942669],[30.2063605,59.9941929],[30.2073885,59.9943952],[30.2081087,59.9944779],[30.2080789,59.9945521],[30.2083878,59.9945865],[30.208418,59.9945183],[30.209288,59.9946204],[30.2106783,59.9946217],[30.2107798,59.9947788],[30.2148501,59.9942414],[30.2147665,59.9940521],[30.2178123,59.9936549]]},"properties":{"location":"overground","man_made":"pipeline","substance":"heat","_source":"real","_class":"heat_pipe","_osm_id":"way/189811778","_district":"Приморский район","_length_km":1.846}},{"type":"Feature","geometry":{"type":"LineString","coordinates":[[30.2841537,59.8649281],[30.2842093,59.8653779],[30.2842855,59.865841],[30.2843181,59.8658606],[30.2844195,59.8658565],[30.2844605,59.8658783],[30.2844749,59.8660224],[30.2844436,59.8660405],[30.2842953,59.8660427],[30.2842748,59.8660615],[30.284344,59.8666098],[30.2841925,59.8666154],[30.2842031,59.8666672],[30.2843515,59.8666625],[30.2843953,59.8670089],[30.2845653,59.8670911],[30.2846195,59.8675421]]},"properties":{"layer":"1","location":"overground","man_made":"pipeline","substance":"hot_water","_source":"real","_class":"heat_pipe","_osm_id":"way/193287057","_district":"Кировский район","_length_km":0.329}},{"type":"Feature","geometry":{"type":"LineString","coordinates":[[30.2829867,59.8649142],[30.2833061,59.8650585],[30.283742,59.8648371],[30.2839936,59.8649496],[30.2840433,59.8649404],[30.2841537,59.8649281],[30.284218,59.864891],[30.2847599,59.8646029],[30.2846718,59.8645527],[30.2847616,59.8645069],[30.2848589,59.864553],[30.285573,59.8641753],[30.2855676,59.864143],[30.2849896,59.8638703],[30.2849869,59.863844],[30.2850889,59.8637901]]},"properties":{"layer":"1","location":"overground","man_made":"pipeline","substance":"hot_water","_source":"real","_class":"heat_pipe","_osm_id":"way/193287062","_district":"Кировский район","_length_km":0.276}},{"type":"Feature","geometry":{"type":"LineString","coordinates":[[30.4874292,59.8367257],[30.4876744,59.8368954],[30.4876901,59.8368976],[30.4882485,59.8366918],[30.4893308,59.8362993],[30.4912834,59.8355807],[30.4938193,59.8346825],[30.493681,59.834579],[30.4946102,59.8342343],[30.4948032,59.8343701]]},"properties":{"location":"overground","man_made":"pipeline","substance":"hot_water","_source":"real","_class":"heat_pipe","_osm_id":"way/199816250","_district":"Невский район","_length_km":0.545}},{"type":"Feature","geometry":{"type":"LineString","coordinates":[[30.486713,59.8362458],[30.4874292,59.8367257]]},"properties":{"layer":"1","location":"overground","man_made":"pipeline","substance":"hot_water","_source":"real","_class":"heat_pipe","_osm_id":"way/199816252","_district":"Невский район","_length_km":0.067}},{"type":"Feature","geometry":{"type":"LineString","coordinates":[[30.4948032,59.8343701],[30.4949368,59.8344576]]},"properties":{"layer":"1","location":"overground","man_made":"pipeline","substance":"hot_water","_source":"real","_class":"heat_pipe","_osm_id":"way/199816253","_district":"Невский район","_length_km":0.012}},{"type":"Feature","geometry":{"type":"LineString","coordinates":[[30.4956456,59.8346977],[30.4958106,59.8346269]]},"properties":{"layer":"1","location":"overground","man_made":"pipeline","substance":"hot_water","_source":"real","_class":"heat_pipe","_osm_id":"way/199816257","_district":"Невский район","_length_km":0.012}},{"type":"Feature","geometry":{"type":"LineString","coordinates":[[30.477009,59.8337704],[30.4773845,59.8338087],[30.4774059,59.8337575],[30.4775839,59.8337784],[30.4775628,59.8338258],[30.4782591,59.8338969],[30.4783439,59.8339052],[30.4816478,59.8341105],[30.4847722,59.8343734],[30.4847722,59.8345703],[30.4855395,59.8346126]]},"properties":{"location":"overground","man_made":"pipeline","substance":"hot_water","_source":"real","_class":"heat_pipe","_osm_id":"way/199816258","_district":"Невский район","_length_km":0.517}},{"type":"Feature","geometry":{"type":"LineString","coordinates":[[30.4949368,59.8344576],[30.4953993,59.8347867],[30.4954119,59.8347904],[30.4954277,59.8347891],[30.4956456,59.8346977]]},"properties":{"location":"overground","man_made":"pipeline","substance":"hot_water","_source":"real","_class":"heat_pipe","_osm_id":"way/199816263","_district":"Невский район","_length_km":0.063}},{"type":"Feature","geometry":{"type":"LineString","coordinates":[[30.4958106,59.8346269],[30.4958669,59.8346039],[30.496387,59.8344317],[30.496402,59.8344292],[30.4964176,59.8344325],[30.4974491,59.8353086],[30.4972201,59.8353841]]},"properties":{"location":"overground","man_made":"pipeline","substance":"hot_water","_source":"real","_class":"heat_pipe","_osm_id":"way/199816265","_district":"Невский район","_length_km":0.17}},{"type":"Feature","geometry":{"type":"Polygon","coordinates":[[[30.3254748,60.0024025],[30.3250741,60.0023607],[30.3250223,60.0024849],[30.325423,60.0025267],[30.3254748,60.0024025]]]},"properties":{"building":"yes","building:cladding":"brick","building:levels":"1","landuse":"industrial","name":"Котельная","name:uk":"Котельня","official_name":"Государственное унитарное предприятие «Топливно-энергетический комплекс Санкт-Петербурга» Филиал групповых котельных Северный район теплоснабжения Котельная 1 выборгского ЭУ","plant:output:hot_water":"yes","power":"plant","_source":"real","_class":"heat_source","_osm_id":"way/202486137","_district":"Выборгский район"}},{"type":"Feature","geometry":{"type":"LineString","coordinates":[[30.4861909,59.8346485],[30.4862417,59.8350546]]},"properties":{"layer":"1","location":"overground","man_made":"pipeline","substance":"hot_water","_source":"real","_class":"heat_pipe","_osm_id":"way/206811446","_district":"Невский район","_length_km":0.045}},{"type":"Feature","geometry":{"type":"LineString","coordinates":[[30.4862417,59.8350546],[30.4862827,59.8351109],[30.4863762,59.8360305],[30.486713,59.8362458]]},"properties":{"location":"overground","man_made":"pipeline","substance":"hot_water","_source":"real","_class":"heat_pipe","_osm_id":"way/206811447","_district":"Невский район","_length_km":0.14}},{"type":"Feature","geometry":{"type":"LineString","coordinates":[[30.2950557,59.8645586],[30.2944528,59.8645086]]},"properties":{"location":"overground","man_made":"pipeline","substance":"hot_water","_source":"real","_class":"heat_pipe","_osm_id":"way/211484477","_district":"Московский район","_length_km":0.034}},{"type":"Feature","geometry":{"type":"LineString","coordinates":[[30.1560707,59.8583031],[30.1579744,59.8590154]]},"properties":{"bridge":"yes","layer":"1","location":"overground","man_made":"pipeline","substance":"heat","_source":"real","_class":"heat_pipe","_osm_id":"way/223479961","_district":"Красносельский район","_length_km":0.133}},{"type":"Feature","geometry":{"type":"LineString","coordinates":[[30.2957017,59.8746162],[30.2947518,59.8745974]]},"properties":{"covered":"yes","layer":"0","location":"overground","man_made":"pipeline","type":"hot_water","_source":"real","_class":"heat_pipe","_osm_id":"way/227715799","_district":"Московский район","_length_km":0.053}},{"type":"Feature","geometry":{"type":"LineString","coordinates":[[30.294177,59.8733558],[30.2944536,59.8727519],[30.2936301,59.8723174]]},"properties":{"layer":"-1","location":"underground","man_made":"pipeline","type":"hot_water","_source":"real","_class":"heat_pipe","_osm_id":"way/227715806","_district":"Московский район","_length_km":0.136}},{"type":"Feature","geometry":{"type":"LineString","coordinates":[[30.2959758,59.8741319],[30.2959369,59.8741304],[30.2959202,59.8746206],[30.2957017,59.8746162]]},"properties":{"layer":"1","location":"overground","man_made":"pipeline","type":"hot_water","_source":"real","_class":"heat_pipe","_osm_id":"way/227715809","_district":"Московский район","_length_km":0.069}},{"type":"Feature","geometry":{"type":"LineString","coordinates":[[30.2947518,59.8745974],[30.2946536,59.8745955],[30.2946603,59.8738092],[30.294247,59.8738092],[30.294177,59.8733558]]},"properties":{"layer":"1","location":"overground","man_made":"pipeline","type":"hot_water","_source":"real","_class":"heat_pipe","_osm_id":"way/227715812","_district":"Московский район","_length_km":0.167}},{"type":"Feature","geometry":{"type":"LineString","coordinates":[[30.2936301,59.8723174],[30.293091,59.872315],[30.2930684,59.871984],[30.2906817,59.8720335],[30.2889259,59.8721182],[30.2888063,59.8711821]]},"properties":{"layer":"1","location":"overground","man_made":"pipeline","type":"hot_water","_source":"real","_class":"heat_pipe","_osm_id":"way/227715816","_district":"Кировский район","_length_km":0.404}},{"type":"Feature","geometry":{"type":"Polygon","coordinates":[[[30.2946408,60.0252907],[30.2946048,60.025355],[30.2945689,60.0254191],[30.2950064,60.0254803],[30.2950784,60.0253519],[30.2946408,60.0252907]]]},"properties":{"addr:city":"Санкт-Петербург","addr:country":"RU","addr:housenumber":"1 к2","addr:postcode":"197375","addr:street":"Новоколомяжский проспект","building":"service","building:levels":"2","height":"11","name":"ЦТП-12б/10","pipeline":"substation","source:height":"satellite image","substance":"heat","_source":"real","_class":"heat_substation","_osm_id":"way/23405022","_district":"Приморский район"}},{"type":"Feature","geometry":{"type":"Polygon","coordinates":[[[30.2655868,60.0098211],[30.2653176,60.0098508],[30.2653666,60.0099619],[30.2654155,60.0100729],[30.2656847,60.0100433],[30.2655868,60.0098211]]]},"properties":{"addr:city":"Санкт-Петербург","addr:country":"RU","addr:housenumber":"4 к2","addr:postcode":"197349","addr:street":"улица Маршала Новикова","building":"service","building:cladding":"panel","building:levels":"2","name":"УЦТП-3","pipeline":"substation","substance":"heat","_source":"real","_class":"heat_substation","_osm_id":"way/23439295","_district":"Приморский район"}},{"type":"Feature","geometry":{"type":"LineString","coordinates":[[30.2372098,59.8636739],[30.2375499,59.8639039],[30.2483921,59.8637026],[30.2483707,59.8635195],[30.2496259,59.8635068],[30.2496367,59.8632663],[30.2539121,59.8632644],[30.2570316,59.8632967],[30.2570388,59.8636116],[30.2605425,59.8635661],[30.260505,59.8638965]]},"properties":{"location":"overground","man_made":"pipeline","substance":"heat","_source":"real","_class":"heat_pipe","_osm_id":"way/234954409","_district":"Кировский район","_length_km":1.44}},{"type":"Feature","geometry":{"type":"Polygon","coordinates":[[[30.0996782,60.0116425],[30.0973806,60.0116657],[30.097475,60.0132853],[30.0949071,60.0133187],[30.0949106,60.0131252],[30.0898663,60.0132072],[30.0898772,60.0134026],[30.0878278,60.0134175],[30.0872505,60.0129443],[30.0865592,60.0129516],[30.0811421,60.0129944],[30.0812812,60.0135881],[30.081154,60.0135964],[30.0812166,60.0138872],[30.0813396,60.0138799],[30.0813777,60.0140817],[30.0813516,60.0143815],[30.0807634,60.0143628],[30.0817049,60.0168298],[30.0819472,60.0170095],[30.0815994,60.0171405],[30.0811042,60.0168797],[30.0802286,60.0168743],[30.0802815,60.0178212],[30.080517,60.0178181],[30.0808412,60.0178122],[30.0809917,60.0178102],[30.081321,60.0178057],[30.0815307,60.0178029],[30.0817061,60.0177997],[30.0819076,60.0177956],[30.0819181,60.0179084],[30.0832067,60.0178919],[30.0892048,60.0178151],[30.0952843,60.0177509],[30.0956387,60.0175973],[30.0995328,60.0175371],[30.0995084,60.0170721],[30.0995032,60.0170173],[30.0994725,60.0166911],[30.0995995,60.0166881],[30.0996012,60.0166091],[30.0996056,60.0165039],[30.099925,60.0165022],[30.0996782,60.0116425]]]},"properties":{"alt_name":"North-West Thermal Power Plant","barrier":"wall","generator:source":"gas","landuse":"industrial","name":"Северо-Западная ТЭЦ","name:en":"Severo-Zapadnaya Thermal Power Plant","name:ru":"Северо-Западная ТЭЦ","name:uk":"Північно-Західна ТЕЦ","operator":"ИНТЕР РАО ЕЭС","operator:en":"Inter RAO UES","operator:ru":"ИНТЕР РАО ЕЭС","operator:wikidata":"Q1963801","plant:method":"combustion","plant:output:electricity":"900 MW","plant:output:hot_water":"814 MW","plant:source":"gas","power":"plant","start_date":"2000-12-22","website":"https://irao-generation.ru/stations/sztecg/","wikidata":"Q4412466","wikipedia":"ru:Северо-Западная ТЭЦ","_source":"real","_class":"heat_source","_osm_id":"way/24004345","_district":"Приморский район"}},{"type":"Feature","geometry":{"type":"LineString","coordinates":[[30.2944528,59.8645086],[30.2943252,59.8644974],[30.2942055,59.8644881]]},"properties":{"layer":"1","location":"overground","man_made":"pipeline","substance":"hot_water","_source":"real","_class":"heat_pipe","_osm_id":"way/252926468","_district":"Московский район","_length_km":0.014}},{"type":"Feature","geometry":{"type":"LineString","coordinates":[[30.2921448,59.8643853],[30.2897602,59.8644602]]},"properties":{"layer":"1","location":"overground","man_made":"pipeline","substance":"hot_water","_source":"real","_class":"heat_pipe","_osm_id":"way/252926470","_district":"Кировский район","_length_km":0.134}},{"type":"Feature","geometry":{"type":"LineString","coordinates":[[30.2942055,59.8644881],[30.2931982,59.8644047],[30.2925506,59.8643749],[30.2921448,59.8643853]]},"properties":{"location":"overground","man_made":"pipeline","substance":"hot_water","_source":"real","_class":"heat_pipe","_osm_id":"way/252926476","_district":"Московский район","_length_km":0.116}},{"type":"Feature","geometry":{"type":"LineString","coordinates":[[30.2897602,59.8644602],[30.2897768,59.8645741],[30.2905674,59.8693971],[30.289773,59.8694273],[30.2891945,59.869446],[30.288501,59.8694624]]},"properties":{"layer":"1","location":"overground","man_made":"pipeline","substance":"hot_water","_source":"real","_class":"heat_pipe","_osm_id":"way/252926478","_district":"Кировский район","_length_km":0.668}},{"type":"Feature","geometry":{"type":"Polygon","coordinates":[[[30.3399229,59.9840881],[30.3397819,59.9844107],[30.3400057,59.9844352],[30.3400878,59.9842474],[30.3402174,59.9842615],[30.3402424,59.9842043],[30.3402614,59.9842064],[30.3402856,59.9841512],[30.3401386,59.9841351],[30.3401484,59.9841128],[30.3399229,59.9840881]]]},"properties":{"addr:city":"Санкт-Петербург","addr:country":"RU","addr:housenumber":"15","addr:street":"Кантемировская улица","building":"industrial","building:levels":"2","name":"Котельная","roof:shape":"flat","source":"rgis","_source":"real","_class":"heat_source","_osm_id":"way/28056464","_district":"Выборгский район"}},{"type":"Feature","geometry":{"type":"Polygon","coordinates":[[[30.3475343,59.9823027],[30.3480405,59.9824135],[30.3485766,59.98255],[30.3486513,59.982485],[30.348242,59.9823598],[30.3483232,59.9822607],[30.3476744,59.9821154],[30.3475343,59.9823027]]]},"properties":{"addr:city":"Санкт-Петербург","addr:country":"RU","addr:housenumber":"39 к5 литК","addr:street":"Лесной проспект","building":"service","building:levels":"1","location":"indoor","man_made":"heat_exchange_station","name":"Котельная","pipeline":"substation","roof:shape":"hipped","substance":"heat","substation":"distribution","_source":"real","_class":"heat_substation","_osm_id":"way/28057749","_district":"Выборгский район"}},{"type":"Feature","geometry":{"type":"Polygon","coordinates":[[[30.3502948,59.9815941],[30.3501828,59.9815842],[30.3501267,59.9815792],[30.3501048,59.9816415],[30.3498429,59.9816184],[30.349787,59.9817769],[30.3500282,59.9817982],[30.3499895,59.9819077],[30.3501736,59.9819239],[30.3502387,59.9819297],[30.3502534,59.981888],[30.3502654,59.9818539],[30.3503276,59.9818594],[30.3503389,59.9818274],[30.3502163,59.9818166],[30.3502948,59.9815941]]]},"properties":{"addr:city":"Санкт-Петербург","addr:country":"RU","addr:housenumber":"4","addr:street":"улица Харченко","building":"yes","name":"Котельная","_source":"real","_class":"heat_source","_osm_id":"way/28057752","_district":"Выборгский район"}},{"type":"Feature","geometry":{"type":"LineString","coordinates":[[30.0943881,60.0165876],[30.0942189,60.0165927],[30.0941871,60.0161469]]},"properties":{"layer":"1","location":"overground","man_made":"pipeline","substance":"heat","_source":"real","_class":"heat_pipe","_osm_id":"way/285600566","_district":"Приморский район","_length_km":0.059}},{"type":"Feature","geometry":{"type":"LineString","coordinates":[[30.084627,60.0154163],[30.0846994,60.0154138],[30.0847043,60.0153683],[30.0849011,60.0153675],[30.0849043,60.0153154],[30.0872839,60.0152878],[30.0872921,60.0153927],[30.0877085,60.0153862]]},"properties":{"layer":"1","location":"overground","man_made":"pipeline","substance":"heat","_source":"real","_class":"heat_pipe","_osm_id":"way/285600736","_district":"Приморский район","_length_km":0.194}},{"type":"Feature","geometry":{"type":"Polygon","coordinates":[[[30.3013577,59.9742631],[30.3010394,59.9741993],[30.3009673,59.9742936],[30.3012877,59.9743545],[30.3013577,59.9742631]]]},"properties":{"addr:city":"Санкт-Петербург","addr:country":"RU","addr:housenumber":"64 к4","addr:street":"Каменноостровский проспект","building":"service","name":"Котельная","power":"plant","_source":"real","_class":"heat_source","_osm_id":"way/30505845","_district":"Петроградский район"}},{"type":"Feature","geometry":{"type":"Polygon","coordinates":[[[30.083838,59.8292738],[30.0837975,59.8292421],[30.0834674,59.8293485],[30.0834946,59.8293697],[30.0835685,59.8294277],[30.0841493,59.8292404],[30.0840888,59.8291929],[30.083838,59.8292738]]]},"properties":{"addr:housenumber":"1 к2","addr:street":"Новая улица","addr:suburb":"Сергиево","building":"yes","power":"plant","_source":"real","_class":"heat_source","_osm_id":"way/308107947","_district":"Красносельский район"}},{"type":"Feature","geometry":{"type":"Polygon","coordinates":[[[30.2055945,59.8491003],[30.2056003,59.8491952],[30.2060062,59.8491889],[30.2060004,59.8490941],[30.2055945,59.8491003]]]},"properties":{"addr:city":"Санкт-Петербург","addr:country":"RU","addr:housenumber":"33 к2 лит А","addr:street":"улица Маршала Захарова","building":"service","utility":"heating","_source":"real","_class":"heat_substation","_osm_id":"way/33140976","_district":"Красносельский район"}},{"type":"Feature","geometry":{"type":"LineString","coordinates":[[30.3504815,60.0584444],[30.3536897,60.057802],[30.3541955,60.0577007],[30.3562022,60.0572837]]},"properties":{"layer":"1","location":"overground","man_made":"pipeline","type":"hot_water","_source":"real","_class":"heat_pipe","_osm_id":"way/361298968","_district":"Выборгский район","_length_km":0.344}},{"type":"Feature","geometry":{"type":"Polygon","coordinates":[[[29.9493437,59.8562308],[29.9495452,59.8561999],[29.9494787,59.8560906],[29.9492772,59.8561215],[29.9493437,59.8562308]]]},"properties":{"addr:housenumber":"3 к11","addr:street":"Ропшинское шоссе","building":"service","building:levels":"1","roof:shape":"flat","utility":"heating","_source":"real","_class":"heat_substation","_osm_id":"way/362492256","_district":"Петродворцовый район"}},{"type":"Feature","geometry":{"type":"Polygon","coordinates":[[[30.1934817,59.8546845],[30.1935851,59.8545464],[30.1931089,59.8544565],[30.1930404,59.8544436],[30.192937,59.8545816],[30.1934817,59.8546845]]]},"properties":{"addr:city":"Санкт-Петербург","addr:country":"RU","addr:housenumber":"32","addr:street":"улица Маршала Захарова","building":"service","name":"Центральный тепловой пункт","_source":"real","_class":"heat_substation","_osm_id":"way/37195482","_district":"Красносельский район"}},{"type":"Feature","geometry":{"type":"Polygon","coordinates":[[[30.5702186,59.8116146],[30.5700206,59.8114823],[30.5705385,59.8112864],[30.5707365,59.8114187],[30.5702186,59.8116146]]]},"properties":{"addr:city":"Металлострой","addr:housenumber":"7А","addr:postcode":"196641","addr:street":"Пионерская улица","building":"industrial","industrial":"heating_station","_source":"real","_class":"heat_source","_osm_id":"way/37408282","_district":"Колпинский район"}},{"type":"Feature","geometry":{"type":"Polygon","coordinates":[[[30.3607392,60.0813537],[30.3637483,60.080751],[30.3629608,60.0797834],[30.3628327,60.0797331],[30.3624162,60.0792214],[30.3622653,60.0793103],[30.3621857,60.0793254],[30.361884,60.079361],[30.3614313,60.0793719],[30.3606577,60.0793555],[30.3593931,60.0795977],[30.3593351,60.079634],[30.3607392,60.0813537]]]},"properties":{"generator:source":"gas","landuse":"industrial","name":"Парнас-4","name:uk":"Парнас-4","operator":"ГУП \"ТЭК СПб\"","plant:method":"combustion","plant:output:electricity":"14 MW","plant:output:hot_water":"yes","plant:source":"gas","power":"plant","_source":"real","_class":"heat_source","_osm_id":"way/379916128","_district":"Выборгский район"}},{"type":"Feature","geometry":{"type":"Polygon","coordinates":[[[29.7207599,60.0092182],[29.7208697,60.0093054],[29.7210902,60.0092359],[29.7209804,60.0091488],[29.7207599,60.0092182]]]},"properties":{"building":"service","building:levels":"1","location":"indoor","man_made":"heat_exchange_station","pipeline":"substation","roof:shape":"flat","substance":"heat","substation":"distribution","_source":"real","_class":"heat_substation","_osm_id":"way/40166927","_district":"Кронштадтский район"}},{"type":"Feature","geometry":{"type":"Polygon","coordinates":[[[30.381725,59.9671779],[30.3818886,59.9672931],[30.3817488,59.9673334],[30.3820828,59.9676241],[30.3821065,59.9676173],[30.3824885,59.96795],[30.3817088,59.9681929],[30.3815798,59.9682307],[30.3798532,59.9687395],[30.3797569,59.9691774],[30.3804048,59.9698333],[30.3804212,59.9698976],[30.380403,59.9699561],[30.3803798,59.9699913],[30.380335,59.9700231],[30.3802863,59.970048],[30.3786443,59.9703651],[30.3780851,59.9704624],[30.3779697,59.9705027],[30.3758669,59.9709148],[30.3757623,59.9709577],[30.3730545,59.9714865],[30.3728193,59.9715099],[30.3725959,59.9715092],[30.3720678,59.9714687],[30.3716547,59.9714176],[30.3712196,59.9713667],[30.3712275,59.9712957],[30.3712268,59.9712602],[30.3708193,59.9712595],[30.3699532,59.9712024],[30.369952,59.9711293],[30.3694718,59.9710413],[30.3694454,59.9710191],[30.3694233,59.9710017],[30.3690228,59.9710175],[30.3668146,59.9707369],[30.3668224,59.9706881],[30.367311,59.9706679],[30.3697006,59.9698815],[30.3703656,59.9696939],[30.3710602,59.96954],[30.3764091,59.9684701],[30.3775127,59.9682303],[30.3788159,59.9678587],[30.381725,59.9671779]]]},"properties":{"barrier":"wall","branch":"Филиал \"Невский\"","landuse":"industrial","name":"Выборгская ТЭЦ","name:uk":"Виборзька ТЕЦ","official_name":"ТГК-1 Выборгская теплоэлектроцентраль","old_name":"ТЭЦ-17","operator":"ПАО \"ТГК-1\"","plant:method":"combustion","plant:output:electricity":"250.5 MW","plant:output:hot_water":"yes","plant:source":"gas;oil","power":"plant","ref":"17","wikidata":"Q4128537","wikipedia":"ru:Выборгская ТЭЦ","_source":"real","_class":"heat_source","_osm_id":"way/40641542","_district":"Калининский район"}},{"type":"Feature","geometry":{"type":"LineString","coordinates":[[30.336554,60.0628521],[30.3296237,60.0642542],[30.3293038,60.0638751]]},"properties":{"layer":"1","location":"overground","man_made":"pipeline","substance":"hot_water","_source":"real","_class":"heat_pipe","_osm_id":"way/40893808","_district":"Выборгский район","_length_km":0.462}},{"type":"Feature","geometry":{"type":"Polygon","coordinates":[[[30.1942636,59.8515372],[30.1944277,59.8515356],[30.1944237,59.8514376],[30.1942597,59.8514392],[30.1942636,59.8515372]]]},"properties":{"addr:housenumber":"17 к2 литА","addr:postcode":"198328","addr:street":"Брестский бульвар","building":"service","building:levels":"1","description":"Центральная тепловая станция (ЦТП)","man_made":"pumping_station","roof:shape":"flat","substance":"hot_water","utility":"heating","_source":"real","_class":"heat_substation","_osm_id":"way/41871246","_district":"Красносельский район"}},{"type":"Feature","geometry":{"type":"Polygon","coordinates":[[[30.2291546,59.9701001],[30.229446,59.9700841],[30.2303568,59.9700344],[30.2305803,59.9700222],[30.2305052,59.9696778],[30.2290795,59.9697557],[30.2291546,59.9701001]]]},"properties":{"power":"plant","_source":"real","_class":"heat_source","_osm_id":"way/421514239","_district":"Петроградский район"}},{"type":"Feature","geometry":{"type":"Polygon","coordinates":[[[30.4405054,60.0302669],[30.4405584,60.0310707],[30.4405738,60.0321529],[30.4420874,60.031407],[30.4425038,60.0310252],[30.4428843,60.0306213],[30.4429231,60.0305384],[30.4430267,60.030553],[30.4434963,60.0288644],[30.4435515,60.028804],[30.4408818,60.0288158],[30.4407677,60.0288227],[30.4407551,60.0292005],[30.440771,60.0302522],[30.4405054,60.0302669]]]},"properties":{"industrial":"heating_station","landuse":"industrial","name":"Северо-Муринская котельная","name:uk":"Північно-Муринська котельня","operator":"ГУП \"ТЭК СПб\"","power":"plant","_source":"real","_class":"heat_source","_osm_id":"way/424340360","_district":"Красногвардейский район"}},{"type":"Feature","geometry":{"type":"Polygon","coordinates":[[[30.480354,59.8564505],[30.4794941,59.8592635],[30.4795735,59.8592681],[30.4799737,59.8593382],[30.4805063,59.8585901],[30.4805683,59.858515],[30.4805968,59.8584917],[30.4807174,59.8584522],[30.4808373,59.8584255],[30.4812833,59.8584455],[30.482349,59.8586116],[30.4827273,59.8580946],[30.4829319,59.8574139],[30.482588,59.8573864],[30.4827653,59.8567666],[30.4806921,59.8566108],[30.4807265,59.8565003],[30.4807119,59.8564783],[30.480354,59.8564505]]]},"properties":{"landuse":"industrial","name":"ТЭЦ Обуховоэнерго","name:uk":"ТЕЦ Обуховоенерго","plant:output:electricity":"yes","power":"plant","_source":"real","_class":"heat_source","_osm_id":"way/424606768","_district":"Невский район"}},{"type":"Feature","geometry":{"type":"Polygon","coordinates":[[[30.3255002,59.9554425],[30.3256936,59.9555322],[30.3257754,59.955488],[30.325582,59.9553983],[30.3255002,59.9554425]]]},"properties":{"addr:housenumber":"6 к5 литБ","addr:street":"улица Куйбышева","building":"service","power":"plant","_source":"real","_class":"heat_source","_osm_id":"way/43681137","_district":"Петроградский район"}},{"type":"Feature","geometry":{"type":"Polygon","coordinates":[[[30.2500466,59.9627365],[30.2499818,59.9626413],[30.2502165,59.9626013],[30.2502813,59.9626965],[30.2500466,59.9627365]]]},"properties":{"addr:housenumber":"3 литО","addr:street":"Петровская коса","building":"industrial","building:levels":"1","name":"Котельная № 66","roof:shape":"gabled","_source":"real","_class":"heat_source","_osm_id":"way/44425020","_district":"Петроградский район"}},{"type":"Feature","geometry":{"type":"Polygon","coordinates":[[[29.8166092,60.1790636],[29.8170437,60.1789809],[29.8169735,60.1788897],[29.816539,60.1789724],[29.8166092,60.1790636]]]},"properties":{"addr:city":"Комарово","addr:housenumber":"2","addr:street":"Советская улица","building":"yes","plant:output:hot_water":"yes","plant:source":"gas","power":"plant","_source":"real","_class":"heat_source","_osm_id":"way/445295034","_district":"Курортный район"}},{"type":"Feature","geometry":{"type":"LineString","coordinates":[[29.7967526,59.8924027],[29.7970154,59.8919843],[29.7989901,59.8919555],[29.7989814,59.8918673],[29.799078,59.891866],[29.7990864,59.8919533],[29.8003654,59.8919467],[29.8005398,59.8918377],[29.8016931,59.8919965],[29.80203,59.8914859],[29.8021786,59.8915093],[29.8022134,59.8914575],[29.8020686,59.891433],[29.8024109,59.890945],[29.8028776,59.8904098],[29.8030369,59.8904464],[29.8030932,59.8903926],[29.802921,59.8903545],[29.8035734,59.8896498],[29.804439,59.8892154],[29.8045671,59.8892785],[29.8046275,59.8892495],[29.804506,59.8891848],[29.8054,59.8887483],[29.8063629,59.8885933],[29.8064353,59.888684],[29.8065372,59.8886689],[29.806475,59.8885766],[29.8074179,59.8884372],[29.8070924,59.8879624],[29.8076825,59.887871],[29.8076075,59.8877592],[29.8087191,59.8875106],[29.8086595,59.8874541],[29.8087654,59.8874312],[29.8088246,59.8874892],[29.8094125,59.8873569],[29.8110184,59.8872242],[29.8109957,59.8871406],[29.8111352,59.8871319],[29.8111589,59.8872113],[29.8122638,59.8871241],[29.8122992,59.8871812],[29.8140011,59.8868111],[29.8139274,59.8867288],[29.8140239,59.8867086],[29.8140974,59.8867893],[29.8163847,59.8862587],[29.8163076,59.8861777],[29.8164048,59.886153],[29.8164884,59.8862375],[29.8176603,59.8859722]]},"properties":{"location":"overground","man_made":"pipeline","substance":"heat","_source":"real","_class":"heat_pipe","_osm_id":"way/445767253","_district":"Петродворцовый район","_length_km":1.745}},{"type":"Feature","geometry":{"type":"Polygon","coordinates":[[[30.3176665,59.8864743],[30.3176632,59.8866316],[30.3179605,59.8866331],[30.3179638,59.8864759],[30.3176665,59.8864743]]]},"properties":{"addr:housenumber":"125 к2","addr:postcode":"196006","addr:street":"Московский проспект","landuse":"industrial","power":"plant","_source":"real","_class":"heat_source","_osm_id":"way/44727446","_district":"Московский район"}},{"type":"Feature","geometry":{"type":"Polygon","coordinates":[[[30.2267067,59.857791],[30.2270077,59.8581179],[30.2273504,59.8580383],[30.2270494,59.8577115],[30.2267067,59.857791]]]},"properties":{"addr:city":"Санкт-Петербург","addr:country":"RU","addr:housenumber":"31 к2","addr:street":"проспект Маршала Жукова","building":"service","utility":"heating","_source":"real","_class":"heat_substation","_osm_id":"way/45725854","_district":"Красносельский район"}},{"type":"Feature","geometry":{"type":"Polygon","coordinates":[[[30.2468428,59.9078564],[30.2462433,59.9078631],[30.246254,59.9081042],[30.2462664,59.9083863],[30.2464328,59.9083845],[30.2464307,59.9083352],[30.2465739,59.9083336],[30.2465665,59.9081655],[30.2468563,59.9081623],[30.2468428,59.9078564]]]},"properties":{"addr:city":"Санкт-Петербург","addr:country":"RU","addr:housenumber":"14 к2","addr:postcode":"198035","addr:street":"Двинская улица","building":"yes","plant:output:hot_water":"yes","power":"plant","_source":"real","_class":"heat_source","_osm_id":"way/45750781","_district":"Кировский район"}},{"type":"Feature","geometry":{"type":"Polygon","coordinates":[[[30.553359,59.7440877],[30.553359,59.7441634],[30.5537291,59.7441634],[30.5537291,59.7440877],[30.553359,59.7440877]]]},"properties":{"addr:city":"Шушары","addr:housenumber":"5","addr:street":"Колпинская ферма","building":"service","building:levels":"2","landuse":"industrial","power":"plant","_source":"real","_class":"heat_source","_osm_id":"way/469632404","_district":"Пушкинский район"}},{"type":"Feature","geometry":{"type":"Polygon","coordinates":[[[30.2753656,59.8585694],[30.275431,59.8586273],[30.2753401,59.8586533],[30.2754165,59.8587209],[30.2755202,59.8586914],[30.2756312,59.8587897],[30.2755704,59.858807],[30.2756509,59.8588783],[30.2759259,59.8588],[30.275942,59.8588142],[30.2760439,59.8587852],[30.2756944,59.8584758],[30.2753656,59.8585694]]]},"properties":{"addr:housenumber":"100 литЛ","addr:street":"проспект Стачек","building":"industrial","building:levels":"4","landuse":"industrial","plant:method":"combustion","power":"plant","_source":"real","_class":"heat_source","_osm_id":"way/47512022","_district":"Кировский район"}},{"type":"Feature","geometry":{"type":"Polygon","coordinates":[[[30.5672374,59.7370169],[30.5671237,59.7370902],[30.5674811,59.737231],[30.5675948,59.7371577],[30.5672374,59.7370169]]]},"properties":{"addr:city":"Колпино","addr:housenumber":"13 к2","addr:postcode":"196657","addr:street":"улица Металлургов","building":"service","building:levels":"2","operator":"ГУП ТЭК Санкт-Петербурга;ГУП Водоканал Санкт-Петербурга","roof:shape":"flat","utility":"heating","_source":"real","_class":"heat_substation","_osm_id":"way/47840210","_district":"Колпинский район"}},{"type":"Feature","geometry":{"type":"Polygon","coordinates":[[[30.2507338,59.9497714],[30.2507326,59.9496712],[30.2505911,59.9496716],[30.2505923,59.9497718],[30.2507338,59.9497714]]]},"properties":{"addr:city":"Санкт-Петербург","addr:country":"RU","addr:housenumber":"35 к2","addr:street":"набережная реки Смоленки","building":"industrial","building:levels":"1","description":"котельная","industrial":"heating_station","power":"plant","source:addr":"rgis","_source":"real","_class":"heat_source","_osm_id":"way/505956919","_district":"Василеостровский район"}},{"type":"Feature","geometry":{"type":"Polygon","coordinates":[[[30.3537886,59.9573167],[30.3540895,59.9572696],[30.3540422,59.9571938],[30.3539882,59.9571073],[30.3539465,59.9571139],[30.353787,59.9571388],[30.3536874,59.9571544],[30.3537156,59.9571996],[30.3537886,59.9573167]]]},"properties":{"addr:city":"Санкт-Петербург","addr:housenumber":"7 к2","addr:street":"Финский переулок","building":"service","building:levels":"2","fixme":"Откуда взят адрес? Отсюда: http://history.gradpetra.net/pereulok/21/3403-7.html","generator:method":"combustion","landuse":"industrial","power":"plant","_source":"real","_class":"heat_source","_osm_id":"way/51220821","_district":"Калининский район"}},{"type":"Feature","geometry":{"type":"Polygon","coordinates":[[[30.4614118,59.8568508],[30.461337,59.8567613],[30.4615414,59.8567183],[30.4616162,59.8568077],[30.4614118,59.8568508]]]},"properties":{"building":"industrial","name":"Модульная котельная","plant:output:hot_water":"yes","power":"plant","_source":"real","_class":"heat_source","_osm_id":"way/514166144","_district":"Невский район"}},{"type":"Feature","geometry":{"type":"Polygon","coordinates":[[[29.9127667,59.8714055],[29.91319,59.8713418],[29.9131373,59.8712536],[29.9131893,59.8712457],[29.9131566,59.8711908],[29.9126812,59.8712624],[29.9127667,59.8714055]]]},"properties":{"addr:housenumber":"12/2 литД","addr:street":"Эрлеровский бульвар","building":"yes","description":"котельная","man_made":"boiler_house","_source":"real","_class":"heat_source","_osm_id":"way/51829721","_district":"Петродворцовый район"}},{"type":"Feature","geometry":{"type":"Polygon","coordinates":[[[30.4749321,59.9114342],[30.4750178,59.9113398],[30.4752906,59.9114021],[30.475205,59.9114964],[30.4750614,59.9114637],[30.4749321,59.9114342]]]},"properties":{"addr:city":"Санкт-Петербург","addr:country":"RU","addr:housenumber":"17 к3","addr:street":"улица Подвойского","building":"service","building:levels":"2","operator":"ГУП ТЭК Санкт-Петербурга","roof:shape":"flat","utility":"heating","_source":"real","_class":"heat_substation","_osm_id":"way/51893999","_district":"Невский район"}},{"type":"Feature","geometry":{"type":"Polygon","coordinates":[[[29.8922244,59.8792405],[29.8928047,59.8791559],[29.8927054,59.8789843],[29.8921251,59.8790689],[29.8922244,59.8792405]]]},"properties":{"addr:housenumber":"5","addr:street":"Мастеровой переулок","building":"yes","description":"котельная","man_made":"boiler_house","_source":"real","_class":"heat_source","_osm_id":"way/52173984","_district":"Петродворцовый район"}},{"type":"Feature","geometry":{"type":"Polygon","coordinates":[[[29.8929649,59.8801632],[29.893135,59.8801399],[29.8931223,59.8801166],[29.8932239,59.8801026],[29.8932523,59.8801547],[29.8932212,59.880159],[29.893238,59.8801899],[29.8931999,59.8801951],[29.893212,59.8802174],[29.8934776,59.8801809],[29.8934484,59.8801274],[29.893409,59.8801329],[29.8933789,59.8800777],[29.893494,59.8800619],[29.8933849,59.8798619],[29.8932043,59.8798867],[29.8931807,59.8798435],[29.8929832,59.8798707],[29.8929938,59.8798901],[29.8928283,59.8799128],[29.8929649,59.8801632]]]},"properties":{"addr:housenumber":"60 литАВ","addr:street":"Санкт-Петербургский проспект","building":"yes","description":"котельная","man_made":"boiler_house","_source":"real","_class":"heat_source","_osm_id":"way/52186607","_district":"Петродворцовый район"}},{"type":"Feature","geometry":{"type":"Polygon","coordinates":[[[30.2479917,59.9514371],[30.2480666,59.951358],[30.248121,59.9513006],[30.2481695,59.9513121],[30.2481968,59.9512833],[30.2481483,59.9512718],[30.2482168,59.9511994],[30.2481579,59.9511854],[30.2481917,59.9511498],[30.2480793,59.9511231],[30.2480433,59.9511611],[30.2479737,59.9511446],[30.2478826,59.9511229],[30.2477491,59.9510912],[30.2475529,59.9512983],[30.2476864,59.95133],[30.2477793,59.9513521],[30.2478809,59.9513762],[30.2478542,59.9514044],[30.2479917,59.9514371]]]},"properties":{"landuse":"industrial","power":"plant","power:output:hot_water":"yes","power:output:steam":"yes","_source":"real","_class":"heat_source","_osm_id":"way/526128000","_district":"Василеостровский район"}},{"type":"Feature","geometry":{"type":"Polygon","coordinates":[[[30.3268112,59.9614842],[30.3271321,59.961559],[30.3271923,59.9614919],[30.3268719,59.9614189],[30.3268112,59.9614842]]]},"properties":{"addr:housenumber":"33","addr:street":"улица Мира","building:levels":"2","landuse":"industrial","power":"plant","_source":"real","_class":"heat_source","_osm_id":"way/52673750","_district":"Петроградский район"}},{"type":"Feature","geometry":{"type":"Polygon","coordinates":[[[30.4039775,59.855002],[30.404067,59.8549183],[30.4036713,59.8548116],[30.4035818,59.8548952],[30.4037832,59.8549496],[30.4038075,59.8549561],[30.4038258,59.854961],[30.4039775,59.855002]]]},"properties":{"landuse":"industrial","operator":"Петербургтеплоэнерго","plant:method":"combustion","plant:output:electricity":"yes","plant:source":"gas","power":"plant","_source":"real","_class":"heat_source","_osm_id":"way/527604531","_district":"Фрунзенский район"}},{"type":"Feature","geometry":{"type":"Polygon","coordinates":[[[30.4120205,59.858342],[30.4121619,59.8583794],[30.4122458,59.8582994],[30.4123122,59.8582361],[30.4123995,59.8581529],[30.4122581,59.8581155],[30.4120205,59.858342]]]},"properties":{"addr:housenumber":"51 к4 литА","addr:street":"Южное шоссе","building":"industrial","plant:method":"combustion","plant:output:electricity":"yes","plant:source":"gas","power":"plant","_source":"real","_class":"heat_source","_osm_id":"way/527640046","_district":"Фрунзенский район"}},{"type":"Feature","geometry":{"type":"Polygon","coordinates":[[[30.1756437,59.859026],[30.1757668,59.8589967],[30.1756951,59.8589213],[30.1755689,59.8589493],[30.1756437,59.859026]]]},"properties":{"generator:source":"gas","landuse":"industrial","plant:source":"gas","power":"plant","_source":"real","_class":"heat_source","_osm_id":"way/533108173","_district":"Красносельский район"}},{"type":"Feature","geometry":{"type":"Polygon","coordinates":[[[30.3559425,59.9181574],[30.3558887,59.9180741],[30.3555776,59.9181246],[30.3556314,59.9182079],[30.3559425,59.9181574]]]},"properties":{"addr:housenumber":"14","addr:postcode":"191119","addr:street":"улица Черняховского","building":"service","building:levels":"1","location":"indoor","man_made":"heat_exchange_station","pipeline":"substation","substance":"heat","substation":"distribution","_source":"real","_class":"heat_substation","_osm_id":"way/53646347","_district":"Центральный район"}},{"type":"Feature","geometry":{"type":"Polygon","coordinates":[[[30.1682282,59.9885333],[30.1683655,59.9885272],[30.1690052,59.9884986],[30.1690709,59.9884957],[30.169071,59.9884677],[30.169071,59.9879504],[30.1682266,59.9879504],[30.1682269,59.9880572],[30.1682282,59.9885333]]]},"properties":{"barrier":"fence","description":"котельная Лахта-центра","landuse":"industrial","plant:method":"combustion","plant:output:electricity":"70 MW","plant:source":"gas","power":"plant","_source":"real","_class":"heat_source","_osm_id":"way/537949198","_district":"Приморский район"}},{"type":"Feature","geometry":{"type":"Polygon","coordinates":[[[30.1596232,60.0066204],[30.1596255,60.0067204],[30.1598549,60.0067191],[30.1598525,60.006619],[30.1596232,60.0066204]]]},"properties":{"building":"industrial","plant:output:hot_water":"yes","plant:source":"gas","power":"plant","_source":"real","_class":"heat_source","_osm_id":"way/549166251","_district":"Приморский район"}},{"type":"Feature","geometry":{"type":"LineString","coordinates":[[29.7563183,60.000361],[29.757033,60.0006048],[29.7587067,60.0010943],[29.7586369,60.0020746]]},"properties":{"location":"overground","man_made":"pipeline","substance":"heat","_source":"real","_class":"heat_pipe","_osm_id":"way/549589769","_district":"Кронштадтский район","_length_km":0.266}},{"type":"Feature","geometry":{"type":"Polygon","coordinates":[[[30.3443221,59.9317434],[30.3445472,59.9317066],[30.3445119,59.9316498],[30.344454,59.931658],[30.344199,59.9316942],[30.3442051,59.9317038],[30.3442118,59.9317144],[30.3439576,59.9317546],[30.3439915,59.9318084],[30.344181,59.9317784],[30.3441729,59.9317656],[30.3443221,59.9317434]]]},"properties":{"addr:housenumber":"46А литМ","addr:postcode":"191025","addr:street":"набережная реки Фонтанки","building":"industrial","industrial":"heating_station","ref":"12-33","_source":"real","_class":"heat_source","_osm_id":"way/56761164","_district":"Центральный район"}},{"type":"Feature","geometry":{"type":"Polygon","coordinates":[[[30.3210224,59.9275365],[30.3212439,59.9274079],[30.3213422,59.9274503],[30.3215054,59.9275207],[30.3219927,59.9272329],[30.3220418,59.9272564],[30.3220966,59.9272827],[30.3221329,59.9272658],[30.3221906,59.9272971],[30.3224113,59.9274054],[30.3224638,59.9274871],[30.321976,59.9278219],[30.3218709,59.9278941],[30.3210224,59.9275365]]]},"properties":{"landuse":"industrial","power":"plant","_source":"real","_class":"heat_source","_osm_id":"way/574637426","_district":"Адмиралтейский район"}},{"type":"Feature","geometry":{"type":"LineString","coordinates":[[30.2949286,59.9080898],[30.2941896,59.9083069],[30.2940203,59.9083767]]},"properties":{"location":"overground","man_made":"pipeline","substance":"heat","_source":"real","_class":"heat_pipe","_osm_id":"way/584490248","_district":"Адмиралтейский район","_length_km":0.06}},{"type":"Feature","geometry":{"type":"LineString","coordinates":[[30.2949145,59.9080753],[30.2941675,59.9082955],[30.2939804,59.9083749]]},"properties":{"location":"overground","man_made":"pipeline","substance":"heat","_source":"real","_class":"heat_pipe","_osm_id":"way/584490249","_district":"Адмиралтейский район","_length_km":0.062}},{"type":"Feature","geometry":{"type":"LineString","coordinates":[[30.4961649,59.8942668],[30.496647,59.8942366],[30.496593,59.8940219],[30.4972384,59.8939816],[30.496654,59.8916092],[30.4965076,59.8908071],[30.4971187,59.8902095],[30.4977697,59.8894414],[30.4980827,59.8890794],[30.4984001,59.8886998],[30.4983884,59.8886859],[30.4982127,59.8886459],[30.4981889,59.88863],[30.4983601,59.8884419],[30.4984008,59.8884356],[30.4985939,59.8884756],[30.4986194,59.8884712],[30.4996857,59.8871488],[30.4999097,59.8868732],[30.4999865,59.8868854]]},"properties":{"location":"overground","man_made":"pipeline","substance":"hot_water","_source":"real","_class":"heat_pipe","_osm_id":"way/58721642","_district":"Невский район","_length_km":0.951}},{"type":"Feature","geometry":{"type":"Polygon","coordinates":[[[30.3208352,59.8895155],[30.3209094,59.8895167],[30.321038,59.8895188],[30.3210228,59.8897532],[30.32082,59.8897499],[30.3208352,59.8895155]]]},"properties":{"addr:housenumber":"124 к2 литБ","addr:postcode":"196006","addr:street":"Московский проспект","building":"yes","operator":"ГУП ТЭК","power":"plant","_source":"real","_class":"heat_source","_osm_id":"way/587515372","_district":"Московский район"}},{"type":"Feature","geometry":{"type":"LineString","coordinates":[[30.4943153,59.8762238],[30.4941887,59.8761698],[30.4954859,59.8753409],[30.4956315,59.8753981],[30.4957201,59.8753346],[30.4955935,59.8752806],[30.4966819,59.874547],[30.4968085,59.8745978],[30.4969097,59.8745311],[30.4967895,59.8744803],[30.4978146,59.8738133],[30.4979348,59.8738641],[30.4980424,59.8737974],[30.4979159,59.8737498],[30.4988271,59.873105],[30.4989789,59.8731559],[30.4990802,59.8730923],[30.4989473,59.8730447],[30.4996973,59.8725535],[30.4997454,59.8725705]]},"properties":{"location":"overground","man_made":"pipeline","substance":"hot_water","_source":"real","_class":"heat_pipe","_osm_id":"way/59291563","_district":"Невский район","_length_km":0.594}},{"type":"Feature","geometry":{"type":"Polygon","coordinates":[[[30.362877,59.9210894],[30.3630862,59.9210564],[30.363057,59.9210099],[30.3628478,59.9210429],[30.362877,59.9210894]]]},"properties":{"building":"yes","landuse":"industrial","plant:output:electricity":"1 MW","power":"plant","_source":"real","_class":"heat_source","_osm_id":"way/595712770","_district":"Центральный район"}},{"type":"Feature","geometry":{"type":"Polygon","coordinates":[[[30.3606517,59.921927],[30.3609075,59.9218723],[30.3607399,59.921621],[30.3605765,59.9216485],[30.3607117,59.9218527],[30.3606117,59.9218698],[30.3606517,59.921927]]]},"properties":{"addr:housenumber":"73 к2 литБ","addr:postcode":"191040","addr:street":"улица Черняховского","building":"industrial","name":"Котельная №11-14","name:uk":"Котельня №11-14","plant:method":"combustion","plant:output:electricity":"yes","plant:output:hot_water":"yes","plant:source":"gas","power":"plant","_source":"real","_class":"heat_source","_osm_id":"way/60227737","_district":"Центральный район"}},{"type":"Feature","geometry":{"type":"Polygon","coordinates":[[[30.3059898,59.9685345],[30.3063218,59.9685806],[30.3063614,59.9685094],[30.3060294,59.9684632],[30.3059898,59.9685345]]]},"properties":{"building":"yes","building:levels":"1","generator:method":"combustion","generator:source":"gas","operator":"Петербургтеплоэнерго","plant:method":"combustion","plant:output:electricity":"yes","plant:source":"gas","power":"plant","ref":"6-23","roof:shape":"skillion","_source":"real","_class":"heat_source","_osm_id":"way/60256470","_district":"Петроградский район"}},{"type":"Feature","geometry":{"type":"Polygon","coordinates":[[[30.29505,59.9651119],[30.2952173,59.9650995],[30.2951866,59.9649958],[30.2950194,59.9650082],[30.2950348,59.9650602],[30.29505,59.9651119]]]},"properties":{"addr:housenumber":"50 к1","addr:street":"улица Ленина","building":"service","building:levels":"1","power":"plant","_source":"real","_class":"heat_source","_osm_id":"way/60945614","_district":"Петроградский район"}},{"type":"Feature","geometry":{"type":"Polygon","coordinates":[[[30.5494339,59.8008682],[30.5493466,59.8009085],[30.5495347,59.8010117],[30.549622,59.8009715],[30.5494339,59.8008682]]]},"properties":{"addr:housenumber":"1 литАО","addr:street":"Северный проезд","building":"yes","name":"Котельная","_source":"real","_class":"heat_source","_osm_id":"way/61879867","_district":"Колпинский район"}},{"type":"Feature","geometry":{"type":"LineString","coordinates":[[30.246254,59.9081042],[30.2459112,59.9081076],[30.2458911,59.9079294],[30.2460721,59.907926],[30.2460895,59.90756]]},"properties":{"location":"overground","man_made":"pipeline","substance":"heat","_source":"real","_class":"heat_pipe","_osm_id":"way/625485733","_district":"Кировский район","_length_km":0.09}},{"type":"Feature","geometry":{"type":"Polygon","coordinates":[[[30.3391728,59.9700744],[30.3395447,59.9701212],[30.3395714,59.970068],[30.3391995,59.9700212],[30.3391728,59.9700744]]]},"properties":{"addr:housenumber":"5 литА","addr:street":"улица Смолячкова","building":"yes","building:levels":"1","landuse":"industrial","name":"Котельная 1 Выборгского ЭУ","name:uk":"Котельня 1 Виборзького ЕУ","power":"plant","ref":"1","_source":"real","_class":"heat_source","_osm_id":"way/625533434","_district":"Выборгский район"}},{"type":"Feature","geometry":{"type":"Polygon","coordinates":[[[30.1490256,60.0307125],[30.1491405,60.0305633],[30.1493301,60.0305998],[30.1492151,60.0307489],[30.1490256,60.0307125]]]},"properties":{"building":"service","landuse":"industrial","power":"plant","_source":"real","_class":"heat_source","_osm_id":"way/629444777","_district":"Приморский район"}},{"type":"Feature","geometry":{"type":"LineString","coordinates":[[30.4257952,59.7297941],[30.4270973,59.729957]]},"properties":{"bridge":"yes","layer":"1","location":"overground","man_made":"pipeline","substance":"heat","_source":"real","_class":"heat_pipe","_osm_id":"way/63678450","_district":"Пушкинский район","_length_km":0.075}},{"type":"Feature","geometry":{"type":"Polygon","coordinates":[[[30.3240585,59.9620874],[30.3237479,59.9620124],[30.3237631,59.9619966],[30.3236998,59.9619816],[30.3238157,59.9618654],[30.3238763,59.9618792],[30.3241869,59.9619542],[30.3240585,59.9620874]]]},"properties":{"landuse":"industrial","power":"plant","source":"rgis","_source":"real","_class":"heat_source","_osm_id":"way/639169561","_district":"Петроградский район"}},{"type":"Feature","geometry":{"type":"Polygon","coordinates":[[[30.3147413,59.960563],[30.3148152,59.9604982],[30.3146461,59.96045],[30.3145723,59.9605148],[30.3147413,59.960563]]]},"properties":{"addr:housenumber":"9 к2 литА","addr:street":"Большая Монетная улица","building":"yes","building:levels":"2","landuse":"industrial","power":"plant","ref":"7-18","_source":"real","_class":"heat_source","_osm_id":"way/647320073","_district":"Петроградский район"}},{"type":"Feature","geometry":{"type":"Polygon","coordinates":[[[30.4078414,59.7178951],[30.4080559,59.7180735],[30.4085709,59.717916],[30.4083563,59.7177376],[30.4078414,59.7178951]]]},"properties":{"addr:housenumber":"52А","addr:street":"Малая улица","building":"yes","description":"котельная","man_made":"boiler_house","_source":"real","_class":"heat_source","_osm_id":"way/65643465","_district":"Пушкинский район"}},{"type":"Feature","geometry":{"type":"Polygon","coordinates":[[[30.4146324,59.726641],[30.4148862,59.7265595],[30.4145817,59.7263184],[30.4143279,59.7263998],[30.4146324,59.726641]]]},"properties":{"addr:city":"Санкт-Петербург","addr:country":"RU","addr:housenumber":"48","addr:street":"Оранжерейная улица","addr:suburb":"Пушкин","building":"commercial","building:levels":"4","contact:email":"info@bc-pushkin.ru","contact:phone":"+7 812 4163586","contact:website":"https://bc-pushkin.ru","description":"бывшая котельная","man_made":"boiler_house","name":"Бизнес-центр «Пушкин»","roof:shape":"flat","_source":"real","_class":"heat_source","_osm_id":"way/66538081","_district":"Пушкинский район"}},{"type":"Feature","geometry":{"type":"Polygon","coordinates":[[[30.4129183,59.7343075],[30.4132178,59.7342077],[30.4129153,59.7339771],[30.4126158,59.7340769],[30.4129183,59.7343075]]]},"properties":{"addr:housenumber":"29","addr:street":"бульвар Алексея Толстого","building":"yes","man_made":"boiler_house","_source":"real","_class":"heat_source","_osm_id":"way/66608061","_district":"Пушкинский район"}},{"type":"Feature","geometry":{"type":"Polygon","coordinates":[[[30.400442,59.7204142],[30.4006505,59.7203445],[30.4009657,59.7202391],[30.4012283,59.7204387],[30.4016422,59.7203003],[30.4015607,59.7202383],[30.4012853,59.7203304],[30.4010972,59.7201874],[30.4013724,59.7200953],[30.40145,59.7200694],[30.4013474,59.7199913],[30.4005419,59.7202607],[30.4003323,59.7203308],[30.400442,59.7204142]]]},"properties":{"addr:housenumber":"14А","addr:street":"Малая улица","building":"service","operator":"ТЭК СПБ","utility":"heating","_source":"real","_class":"heat_substation","_osm_id":"way/67732000","_district":"Пушкинский район"}},{"type":"Feature","geometry":{"type":"Polygon","coordinates":[[[30.3258041,59.9038439],[30.3259758,59.9038656],[30.3260759,59.9036663],[30.3259412,59.9036493],[30.3259041,59.9036446],[30.3258041,59.9038439]]]},"properties":{"addr:housenumber":"16 к2","addr:postcode":"196084","addr:street":"Киевская улица","building":"service","name":"Котельная","_source":"real","_class":"heat_source","_osm_id":"way/68590708","_district":"Московский район"}},{"type":"Feature","geometry":{"type":"Polygon","coordinates":[[[29.9670984,60.0796955],[29.9672737,60.0797144],[29.967344,60.0795523],[29.9671688,60.0795334],[29.9670984,60.0796955]]]},"properties":{"addr:city":"Сестрорецк","addr:housenumber":"75 к2","addr:postcode":"197701","addr:street":"Гагаринская улица","building":"industrial","building:levels":"1","landuse":"industrial","name":"Котельная","power":"plant","roof:shape":"flat","_source":"real","_class":"heat_source","_osm_id":"way/687928409","_district":"Курортный район"}},{"type":"Feature","geometry":{"type":"Polygon","coordinates":[[[30.4050279,59.7230311],[30.4053027,59.7229371],[30.4049994,59.7227117],[30.4047246,59.7228057],[30.4050279,59.7230311]]]},"properties":{"addr:housenumber":"14А","addr:street":"Пушкинская улица","building":"yes","description":"котельная","man_made":"boiler_house","_source":"real","_class":"heat_source","_osm_id":"way/68943420","_district":"Пушкинский район"}},{"type":"Feature","geometry":{"type":"Polygon","coordinates":[[[29.662747,60.1957479],[29.6627881,60.195878],[29.6629425,60.1958659],[29.6629015,60.1957358],[29.662747,60.1957479]]]},"properties":{"building":"yes","plant:method":"combustion","plant:output:hot_water":"yes","plant:source":"gas","power":"plant","_source":"real","_class":"heat_source","_osm_id":"way/697106722","_district":"Курортный район"}},{"type":"Feature","geometry":{"type":"Polygon","coordinates":[[[30.5939452,59.7394432],[30.5939345,59.7393732],[30.5938212,59.7393777],[30.5938319,59.7394476],[30.5939452,59.7394432]]]},"properties":{"building":"yes","landuse":"industrial","power":"plant","_source":"real","_class":"heat_source","_osm_id":"way/708316474","_district":"Колпинский район"}},{"type":"Feature","geometry":{"type":"Polygon","coordinates":[[[30.6251507,59.7597102],[30.6252694,59.7596272],[30.6250162,59.7595353],[30.6248975,59.7596183],[30.6251507,59.7597102]]]},"properties":{"addr:housenumber":"1","addr:street":"Понтонная улица","building":"service","building:levels":"1","landuse":"industrial","power":"plant","_source":"real","_class":"heat_source","_osm_id":"way/713428268","_district":"Колпинский район"}},{"type":"Feature","geometry":{"type":"Polygon","coordinates":[[[30.3534203,59.8711904],[30.3535317,59.8712048],[30.3535693,59.8711317],[30.3534579,59.8711173],[30.3534203,59.8711904]]]},"properties":{"building":"yes","description":"котельная","man_made":"boiler_house","_source":"real","_class":"heat_source","_osm_id":"way/72616664","_district":"Московский район"}},{"type":"Feature","geometry":{"type":"Polygon","coordinates":[[[30.5784792,59.7609897],[30.5799206,59.7608416],[30.5797406,59.760397],[30.5782992,59.7605451],[30.5784792,59.7609897]]]},"properties":{"building":"yes","name":"водогрейная котельная","_source":"real","_class":"heat_source","_osm_id":"way/72895291","_district":"Колпинский район"}},{"type":"Feature","geometry":{"type":"Polygon","coordinates":[[[30.5743251,59.7611649],[30.5743555,59.7612437],[30.5745358,59.7617118],[30.5763134,59.7615381],[30.5761027,59.7609912],[30.5743251,59.7611649]]]},"properties":{"building":"yes","generator:method":"combined_cycle","generator:source":"gas","landuse":"industrial","name":"ГСР ТЭЦ","plant:method":"combustion","plant:output:electricity":"21 MW","plant:source":"gas","power":"plant","start_date":"1952","_source":"real","_class":"heat_source","_osm_id":"way/72895388","_district":"Колпинский район"}},{"type":"Feature","geometry":{"type":"Polygon","coordinates":[[[30.1485497,60.031726],[30.1486167,60.0318667],[30.1487808,60.0318472],[30.1487137,60.0317065],[30.1485497,60.031726]]]},"properties":{"building":"service","landuse":"industrial","power":"plant","_source":"real","_class":"heat_source","_osm_id":"way/734786547","_district":"Приморский район"}},{"type":"Feature","geometry":{"type":"Polygon","coordinates":[[[30.1386046,60.0293788],[30.1383658,60.0293333],[30.1384244,60.0292565],[30.1386633,60.029302],[30.1386046,60.0293788]]]},"properties":{"building":"service","landuse":"industrial","power":"plant","_source":"real","_class":"heat_source","_osm_id":"way/734826493","_district":"Приморский район"}},{"type":"Feature","geometry":{"type":"Polygon","coordinates":[[[30.3742869,59.7519002],[30.3744041,59.7518302],[30.3745677,59.7518997],[30.3744505,59.7519697],[30.3742869,59.7519002]]]},"properties":{"building":"service","landuse":"industrial","power":"plant","_source":"real","_class":"heat_source","_osm_id":"way/742619218","_district":"Пушкинский район"}},{"type":"Feature","geometry":{"type":"Polygon","coordinates":[[[30.372948,59.7540202],[30.3730726,59.7539456],[30.3731349,59.753972],[30.3730103,59.7540466],[30.372948,59.7540202]]]},"properties":{"addr:city":"Санкт-Петербург","addr:housenumber":"4 к1 с3","addr:postcode":"196140","addr:street":"Переведенская улица","building":"service","power":"plant","_source":"real","_class":"heat_source","_osm_id":"way/742619219","_district":"Пушкинский район"}},{"type":"Feature","geometry":{"type":"Polygon","coordinates":[[[29.7699351,59.9912038],[29.7697604,59.9909932],[29.7696497,59.9910161],[29.7695886,59.9909425],[29.7693516,59.9909917],[29.7693062,59.9909369],[29.7692146,59.9909559],[29.7694958,59.9912949],[29.7699351,59.9912038]]]},"properties":{"addr:city":"Кронштадт","addr:housenumber":"5А","addr:street":"Коммунистическая улица","building":"yes","building:levels":"2","name":"ТЭЦ","roof:shape":"flat","_source":"real","_class":"heat_source","_osm_id":"way/77793945","_district":"Кронштадтский район"}},{"type":"Feature","geometry":{"type":"Polygon","coordinates":[[[30.3104703,59.7542309],[30.3113227,59.7550828],[30.3117412,59.7549765],[30.311295,59.7545306],[30.3111767,59.7545606],[30.3107705,59.7541547],[30.3104703,59.7542309]]]},"properties":{"building":"service","man_made":"boiler_house","_source":"real","_class":"heat_source","_osm_id":"way/78425327","_district":"Московский район"}},{"type":"Feature","geometry":{"type":"Polygon","coordinates":[[[30.3693184,59.8045552],[30.3697549,59.8045907],[30.371481,59.8047309],[30.3717233,59.8039767],[30.3695607,59.803801],[30.3695174,59.8039357],[30.3694933,59.8040106],[30.3693184,59.8045552]]]},"properties":{"addr:housenumber":"56","addr:street":"Школьная улица","barrier":"fence","landuse":"industrial","name":"ТЭЦ","power":"plant","_source":"real","_class":"heat_source","_osm_id":"way/78462357","_district":"Пушкинский район"}},{"type":"Feature","geometry":{"type":"Polygon","coordinates":[[[30.3304877,59.7680935],[30.3303499,59.7677906],[30.3305929,59.7677629],[30.3307574,59.7681331],[30.330426,59.7681707],[30.3304023,59.7680996],[30.3304877,59.7680935]]]},"properties":{"building":"yes","description":"Котельная","name":"Котельная","_source":"real","_class":"heat_source","_osm_id":"way/78503365","_district":"Московский район"}},{"type":"Feature","geometry":{"type":"Polygon","coordinates":[[[30.2761652,59.8488342],[30.2765916,59.8488373],[30.2765967,59.8486568],[30.2761702,59.8486538],[30.2761652,59.8488342]]]},"properties":{"barrier":"wall","name":"Котельная","plant:output:heat":"yes","plant:source":"gas","power":"plant","_source":"real","_class":"heat_source","_osm_id":"way/790659314","_district":"Кировский район"}},{"type":"Feature","geometry":{"type":"Polygon","coordinates":[[[30.293513,59.8339289],[30.2937231,59.8339791],[30.2937959,59.8339022],[30.2939857,59.8339476],[30.2942604,59.8336573],[30.29436,59.8336811],[30.2946412,59.8333839],[30.2945365,59.8333589],[30.2948582,59.833019],[30.2944633,59.8329246],[30.293513,59.8339289]]]},"properties":{"addr:housenumber":"2","addr:street":"Предпортовая улица","building":"yes","generator:output:hot_water":"yes","generator:source":"gas","man_made":"boiler_house","power":"generator","_source":"real","_class":"heat_source","_osm_id":"way/79569748","_district":"Московский район"}},{"type":"Feature","geometry":{"type":"Polygon","coordinates":[[[30.2430065,59.9952879],[30.2429073,59.9936295],[30.242893,59.9933906],[30.2418117,59.9934068],[30.2418413,59.9939008],[30.2421711,59.9938958],[30.2421827,59.9940892],[30.241561,59.9940985],[30.2415781,59.994384],[30.2422189,59.9943744],[30.2422241,59.9944612],[30.2418,59.9944675],[30.2418126,59.9946789],[30.2421137,59.9946744],[30.2421512,59.9953007],[30.2430065,59.9952879]]]},"properties":{"addr:city":"Санкт-Петербург","addr:housenumber":"6","addr:postcode":"197374","addr:street":"улица Оптиков","building":"industrial","building:levels":"6","name":"Котельная \"Приморская\"","_source":"real","_class":"heat_source","_osm_id":"way/81526004","_district":"Приморский район"}},{"type":"Feature","geometry":{"type":"Polygon","coordinates":[[[30.242261,59.9928349],[30.2430353,59.9927533],[30.2429457,59.9925403],[30.2421713,59.9926218],[30.242261,59.9928349]]]},"properties":{"addr:housenumber":"6Б","addr:street":"улица Оптиков","building":"industrial","name":"Котельная \"Пусковая\"","_source":"real","_class":"heat_source","_osm_id":"way/81526118","_district":"Приморский район"}},{"type":"Feature","geometry":{"type":"LineString","coordinates":[[30.4206651,59.876837],[30.4204881,59.8767327],[30.4195078,59.8769091],[30.4195219,59.8769208],[30.4194897,59.8769313],[30.4194749,59.8769228],[30.418976,59.8770921],[30.4186086,59.8772382],[30.4175263,59.8776962],[30.4173687,59.8776178],[30.4173674,59.8775935],[30.4166003,59.8771985],[30.4156829,59.8778661],[30.4149815,59.8783197],[30.4149976,59.8783295],[30.4149688,59.8783453],[30.4149514,59.8783379],[30.4141695,59.8787155],[30.4141822,59.8787239],[30.4141501,59.8787377],[30.414136,59.8787296],[30.4133206,59.879052],[30.4131241,59.8789433],[30.4127908,59.8787811],[30.4129511,59.8786579]]},"properties":{"location":"overground","man_made":"pipeline","substance":"heat","_source":"real","_class":"heat_pipe","_osm_id":"way/837521767","_district":"Невский район","_length_km":0.636}},{"type":"Feature","geometry":{"type":"Polygon","coordinates":[[[30.311872,59.957198],[30.3119216,59.9571429],[30.3121856,59.9572025],[30.312136,59.9572576],[30.311872,59.957198]]]},"properties":{"addr:city":"Санкт-Петербург","addr:country":"RU","addr:housenumber":"45","addr:postcode":"197101","addr:street":"Кронверкский проспект","building":"industrial","building:levels":"1","industrial":"heating_station","power":"plant","_source":"real","_class":"heat_source","_osm_id":"way/84929196","_district":"Петроградский район"}},{"type":"Feature","geometry":{"type":"Polygon","coordinates":[[[30.3240314,59.9548217],[30.323997,59.9548543],[30.3242137,59.9549084],[30.3242455,59.954876],[30.3240314,59.9548217]]]},"properties":{"addr:city":"Санкт-Петербург","addr:country":"RU","addr:housenumber":"5 литВ","addr:postcode":"197046","addr:street":"Кронверкский проспект","building":"industrial","building:levels":"1","power":"plant","_source":"real","_class":"heat_source","_osm_id":"way/85426958","_district":"Петроградский район"}},{"type":"Feature","geometry":{"type":"Polygon","coordinates":[[[30.3212013,59.9582651],[30.3213653,59.9583032],[30.3212434,59.9584242],[30.3210796,59.9583847],[30.3212013,59.9582651]]]},"properties":{"addr:city":"Санкт-Петербург","addr:country":"RU","addr:housenumber":"8 к2 литБ","addr:street":"Малая Посадская улица","building":"industrial","building:levels":"1","name":"Котельная","source":"rgis.spb.ru","_source":"real","_class":"heat_source","_osm_id":"way/85733913","_district":"Петроградский район"}},{"type":"Feature","geometry":{"type":"Polygon","coordinates":[[[30.3244066,59.9577511],[30.3243855,59.9576867],[30.3243089,59.957693],[30.3240859,59.9577113],[30.324107,59.9577757],[30.3244066,59.9577511]]]},"properties":{"addr:housenumber":"18 к2","addr:street":"Малая Посадская улица","building":"service","power":"plant","_source":"real","_class":"heat_source","_osm_id":"way/85733929","_district":"Петроградский район"}},{"type":"Feature","geometry":{"type":"LineString","coordinates":[[29.749511,59.9953778],[29.7497139,59.9955999],[29.7498702,59.9958098],[29.7499238,59.9958007],[29.7499513,59.9958386],[29.7499017,59.9958504],[29.7500727,59.9960764],[29.7497159,59.9961468],[29.7499593,59.9965244]]},"properties":{"location":"overground","man_made":"pipeline","substance":"heat","_source":"real","_class":"heat_pipe","_osm_id":"way/866821240","_district":"Кронштадтский район","_length_km":0.155}},{"type":"Feature","geometry":{"type":"LineString","coordinates":[[29.7522258,59.9953695],[29.7525356,59.9955083],[29.7526959,59.9955751],[29.7530177,59.9956767],[29.7531753,59.995723],[29.7532155,59.9956921],[29.7532685,59.9957085],[29.753235,59.9957411],[29.7534938,59.9958219],[29.753811,59.9959198],[29.7541878,59.9960365],[29.7542207,59.9960036],[29.7542797,59.9960194],[29.7542442,59.9960536],[29.7548946,59.9962581],[29.754727,59.9964147],[29.7547015,59.996695]]},"properties":{"location":"overground","man_made":"pipeline","substance":"heat","_source":"real","_class":"heat_pipe","_osm_id":"way/866821248","_district":"Кронштадтский район","_length_km":0.247}},{"type":"Feature","geometry":{"type":"Polygon","coordinates":[[[30.2718626,60.0543433],[30.2719364,60.0542342],[30.2721469,60.0542696],[30.2720732,60.0543788],[30.2718626,60.0543433]]]},"properties":{"addr:housenumber":"соор17/1","addr:postcode":"197375","addr:street":"набережная реки Каменки","building":"service","industrial":"heating_station","power":"substation","_source":"real","_class":"heat_source","_osm_id":"way/868448967","_district":"Приморский район"}},{"type":"Feature","geometry":{"type":"LineString","coordinates":[[30.125834,59.8509885],[30.1246386,59.8509733]]},"properties":{"count":"2","layer":"1","location":"overhead","man_made":"pipeline","note":"арка теплотрассы над дорогой","substance":"hot_water","_source":"real","_class":"heat_pipe","_osm_id":"way/88797849","_district":"Красносельский район","_length_km":0.067}},{"type":"Feature","geometry":{"type":"Polygon","coordinates":[[[30.3039802,59.96623],[30.3040796,59.966187],[30.3038901,59.9660773],[30.3037908,59.9661203],[30.3039802,59.96623]]]},"properties":{"addr:housenumber":"2 к2","addr:street":"Плуталова улица","building":"industrial","industrial":"heating_station","_source":"real","_class":"heat_source","_osm_id":"way/91938580","_district":"Петроградский район"}},{"type":"Feature","geometry":{"type":"LineString","coordinates":[[30.1106702,60.017846],[30.1107788,60.0178607],[30.1107962,60.0178185],[30.1107185,60.0178017],[30.1107681,60.0177153],[30.1122808,60.0175209],[30.1126322,60.017655],[30.1142737,60.0174405],[30.1146858,60.0169415],[30.1168805,60.0166664],[30.1169311,60.0167541],[30.117226,60.0167167],[30.1171904,60.0166298],[30.1198481,60.0162692],[30.1199394,60.0162506],[30.1231066,60.0158481],[30.1231428,60.0159365],[30.1234392,60.0158889],[30.1233906,60.0158105],[30.1260736,60.0154521],[30.1260551,60.0138392],[30.1262487,60.0138317],[30.1262647,60.0136697],[30.1260551,60.0136731],[30.1260565,60.0133596],[30.126065,60.0122194],[30.1262421,60.0122212],[30.1262519,60.0120587],[30.126065,60.0120539],[30.1260607,60.0106025],[30.1262289,60.0106014],[30.1262252,60.0104433],[30.1260464,60.010439],[30.1260499,60.0093018],[30.1262078,60.0092971],[30.1262171,60.0091383],[30.1260396,60.0091365],[30.12603,60.0082187],[30.1260414,60.007796],[30.1259401,60.0077988],[30.1259446,60.0076842],[30.1261437,60.0075829],[30.1268885,60.0074792],[30.1269253,60.0075431],[30.128181,60.0073595],[30.1282259,60.0074456],[30.1285501,60.0073976],[30.1285081,60.0073085],[30.1312671,60.0069218],[30.1313315,60.0069986],[30.131618,60.0069558],[30.1315789,60.0068681],[30.1347041,60.0064116],[30.1347791,60.0064931],[30.1350605,60.0064477],[30.1350084,60.006367],[30.1381495,60.0059129],[30.1382155,60.0059947],[30.1385165,60.005944],[30.1384751,60.0058612],[30.1396515,60.0056884],[30.1399083,60.0056224],[30.1413991,60.0054042],[30.1414745,60.0055103],[30.1417787,60.0054635],[30.1417211,60.0053551],[30.1435981,60.0050798],[30.1438637,60.0050409],[30.1455199,60.0047869],[30.1455877,60.004904],[30.1459188,60.0048561],[30.1458558,60.0047473],[30.1467729,60.0046001],[30.1477619,60.0044057],[30.1478707,60.0045184],[30.148123,60.0044506],[30.1480776,60.0043667],[30.1487354,60.0042388],[30.1490217,60.0042081],[30.1492101,60.0040542],[30.150422,60.0036576],[30.1505428,60.0037377],[30.1508073,60.0036473],[30.1507073,60.0035708],[30.1518528,60.0031771],[30.1521144,60.0030065],[30.1523858,60.0029463],[30.1522402,60.0027897],[30.1525173,60.0027205],[30.1527594,60.0025582],[30.1529101,60.0026057],[30.1530817,60.0024796],[30.1529539,60.0024264],[30.1542112,60.001499],[30.1546431,60.001207],[30.1547119,60.0012308],[30.1551115,60.0009291]]},"properties":{"layer":"1","location":"overground","man_made":"pipeline","substance":"heat","_source":"real","_class":"heat_pipe","_osm_id":"way/92352303","_district":"Приморский район","_length_km":4.002}},{"type":"Feature","geometry":{"type":"LineString","coordinates":[[30.2190037,59.9937188],[30.22175,59.9933558],[30.2217129,59.9932759],[30.222022,59.9932333],[30.2220683,59.9933159],[30.2239523,59.9930727]]},"properties":{"location":"overground","man_made":"pipeline","substance":"heat","_source":"real","_class":"heat_pipe","_osm_id":"way/946723477","_district":"Приморский район","_length_km":0.304}},{"type":"Feature","geometry":{"type":"LineString","coordinates":[[30.2178123,59.9936549],[30.2179115,59.9938526],[30.2190037,59.9937188]]},"properties":{"layer":"1","location":"overhead","man_made":"pipeline","substance":"heat","_source":"real","_class":"heat_pipe","_osm_id":"way/946723478","_district":"Приморский район","_length_km":0.085}},{"type":"Feature","geometry":{"type":"LineString","coordinates":[[30.2368307,59.9932414],[30.237929,59.9931975]]},"properties":{"layer":"1","location":"overhead","man_made":"pipeline","substance":"heat","_source":"real","_class":"heat_pipe","_osm_id":"way/946723479","_district":"Приморский район","_length_km":0.061}},{"type":"Feature","geometry":{"type":"LineString","coordinates":[[30.2335194,59.9922549],[30.233808,59.9933848],[30.2343081,59.9935172],[30.2368307,59.9932414]]},"properties":{"location":"overground","man_made":"pipeline","substance":"heat","_source":"real","_class":"heat_pipe","_osm_id":"way/946723480","_district":"Приморский район","_length_km":0.303}},{"type":"Feature","geometry":{"type":"LineString","coordinates":[[30.2329384,59.9918283],[30.233478,59.9918302],[30.2335194,59.9922549]]},"properties":{"layer":"1","location":"overhead","man_made":"pipeline","substance":"heat","_source":"real","_class":"heat_pipe","_osm_id":"way/946723481","_district":"Приморский район","_length_km":0.077}},{"type":"Feature","geometry":{"type":"LineString","coordinates":[[30.2298405,59.9922341],[30.2329384,59.9918283]]},"properties":{"location":"overground","man_made":"pipeline","substance":"heat","_source":"real","_class":"heat_pipe","_osm_id":"way/946723482","_district":"Приморский район","_length_km":0.179}},{"type":"Feature","geometry":{"type":"LineString","coordinates":[[30.2291256,59.9923277],[30.2298405,59.9922341]]},"properties":{"layer":"1","location":"overhead","man_made":"pipeline","substance":"heat","_source":"real","_class":"heat_pipe","_osm_id":"way/946723483","_district":"Приморский район","_length_km":0.041}},{"type":"Feature","geometry":{"type":"LineString","coordinates":[[30.2246391,59.9929841],[30.2264046,59.9927556],[30.2263595,59.9926698],[30.2266744,59.9926299],[30.2267246,59.9927139],[30.2287713,59.9924411],[30.2287375,59.9923785],[30.2291256,59.9923277]]},"properties":{"location":"overground","man_made":"pipeline","substance":"heat","_source":"real","_class":"heat_pipe","_osm_id":"way/946723484","_district":"Приморский район","_length_km":0.287}},{"type":"Feature","geometry":{"type":"LineString","coordinates":[[30.237929,59.9931975],[30.2383167,59.9931429],[30.2383393,59.9931865],[30.2385013,59.9931706],[30.2384699,59.9930815],[30.239066,59.9930027],[30.2392662,59.9930055],[30.2404577,59.9928532],[30.2408377,59.9932426],[30.2408312,59.9934462],[30.2406729,59.9934592],[30.2407771,59.9938426],[30.2410328,59.9938275],[30.2410553,59.9939056],[30.2407985,59.9939212],[30.2409992,59.9946599],[30.241076,59.9955195],[30.242101,59.9955107]]},"properties":{"location":"overground","man_made":"pipeline","substance":"heat","_source":"real","_class":"heat_pipe","_osm_id":"way/946723485","_district":"Приморский район","_length_km":0.558}},{"type":"Feature","geometry":{"type":"LineString","coordinates":[[30.2239523,59.9930727],[30.2246391,59.9929841]]},"properties":{"layer":"1","location":"overhead","man_made":"pipeline","substance":"heat","_source":"real","_class":"heat_pipe","_osm_id":"way/946723486","_district":"Приморский район","_length_km":0.04}},{"type":"Feature","geometry":{"type":"Polygon","coordinates":[[[30.3238495,59.9220276],[30.3238625,59.9220319],[30.3240461,59.9220911],[30.3243059,59.9221743],[30.3243395,59.9221865],[30.3248305,59.9223546],[30.325342,59.9224835],[30.3258097,59.9225715],[30.3262108,59.9224803],[30.326292,59.9225401],[30.326072,59.9226996],[30.3264151,59.9228566],[30.3252577,59.9233804],[30.3248534,59.9232289],[30.3244433,59.9231775],[30.3242444,59.923216],[30.3238467,59.9234507],[30.3233699,59.9232609],[30.3226386,59.9230003],[30.3238495,59.9220276]]]},"properties":{"landuse":"industrial","name":"ЭС-3 Центральной ТЭЦ","name:uk":"ЕС-3 Центральної ТЕЦ","plant:output:electricity":"yes","power":"plant","website":"https://www.tgc1.ru/production/complex/spb-branch/centralnaya-chpp/","_source":"real","_class":"heat_source","_osm_id":"way/95035451","_district":"Адмиралтейский район"}},{"type":"Feature","geometry":{"type":"Polygon","coordinates":[[[29.7696347,59.9232522],[29.7699294,59.9233426],[29.7702679,59.9230654],[29.7699731,59.922975],[29.7696347,59.9232522]]]},"properties":{"addr:housenumber":"3 литХ","addr:postcode":"198412","addr:street":"Гаванский переулок","building":"yes","name":"Котельная","_source":"real","_class":"heat_source","_osm_id":"way/95658570","_district":"Петродворцовый район"}},{"type":"Feature","geometry":{"type":"Polygon","coordinates":[[[30.2907953,59.9719318],[30.2907467,59.9719986],[30.2910622,59.972056],[30.2911107,59.9719892],[30.2907953,59.9719318]]]},"properties":{"building":"industrial","power":"plant","_source":"real","_class":"heat_source","_osm_id":"way/962750928","_district":"Петроградский район"}},{"type":"Feature","geometry":{"type":"Polygon","coordinates":[[[30.3189708,60.014528],[30.3190684,60.0142862],[30.3191166,60.0141666],[30.3193864,60.0141938],[30.3192785,60.0144611],[30.3191514,60.0144484],[30.3191135,60.0145423],[30.3189708,60.014528]]]},"properties":{"addr:city":"Санкт-Петербург","addr:country":"RU","addr:housenumber":"11 к2","addr:postcode":"194017","addr:street":"Костромской проспект","building":"yes","building:levels":"1","name":"Котельная 1 Выборгского ЭУ","_source":"real","_class":"heat_source","_osm_id":"way/96456029","_district":"Выборгский район"}},{"type":"Feature","geometry":{"type":"LineString","coordinates":[[29.945463,59.8556772],[29.9457063,59.8556434],[29.9458043,59.8558027],[29.9457555,59.8558103],[29.9457734,59.8558393],[29.9458222,59.8558317],[29.9461509,59.8563657]]},"properties":{"location":"overground","man_made":"pipeline","substance":"hot_water","_source":"real","_class":"heat_pipe","_osm_id":"way/966251335","_district":"Петродворцовый район","_length_km":0.104}},{"type":"Feature","geometry":{"type":"LineString","coordinates":[[29.9454582,59.855668],[29.9457599,59.8556202]]},"properties":{"location":"overground","man_made":"pipeline","substance":"hot_water","_source":"real","_class":"heat_pipe","_osm_id":"way/966251336","_district":"Петродворцовый район","_length_km":0.018}},{"type":"Feature","geometry":{"type":"LineString","coordinates":[[30.461597,59.695676],[30.4616864,59.6955387]]},"properties":{"location":"overground","man_made":"pipeline","substance":"heat","_source":"real","_class":"heat_pipe","_osm_id":"way/988417774","_district":"Пушкинский район","_length_km":0.016}},{"type":"Feature","geometry":{"type":"LineString","coordinates":[[30.4512291,59.8303272],[30.4513953,59.8303597],[30.4518268,59.8298029],[30.4520145,59.8298397]]},"properties":{"location":"overground","man_made":"pipeline","substance":"heat","_source":"real","_class":"heat_pipe","_osm_id":"way/990471826","_district":"Колпинский район","_length_km":0.088}},{"type":"Feature","geometry":{"type":"LineString","coordinates":[[30.4511543,59.830511],[30.4515099,59.8300521],[30.4518051,59.8301099],[30.4520145,59.8298397],[30.4520987,59.8297311]]},"properties":{"location":"overground","man_made":"pipeline","substance":"heat","_source":"real","_class":"heat_pipe","_osm_id":"way/990471827","_district":"Колпинский район","_length_km":0.118}},{"type":"Feature","geometry":{"type":"LineString","coordinates":[[30.4510945,59.8305008],[30.4512291,59.8303272],[30.4514714,59.8300146],[30.4517622,59.8300715],[30.4520241,59.8297336]]},"properties":{"location":"overground","man_made":"pipeline","substance":"heat","_source":"real","_class":"heat_pipe","_osm_id":"way/990471828","_district":"Колпинский район","_length_km":0.116}},{"type":"Feature","geometry":{"type":"LineString","coordinates":[[30.4546728,59.8313094],[30.4547185,59.8313402],[30.4589756,59.8318911],[30.4590033,59.8318835],[30.4590288,59.8318349],[30.4590543,59.8318275],[30.4592742,59.8318565],[30.4592849,59.8318693],[30.4592635,59.8319192],[30.4592809,59.8319327],[30.4603474,59.8320711],[30.4603954,59.8320624],[30.4604333,59.8319867]]},"properties":{"location":"overground","man_made":"pipeline","substance":"hot_water","_source":"real","_class":"heat_pipe","_osm_id":"way/990471829","_district":"Колпинский район","_length_km":0.355}},{"type":"Feature","geometry":{"type":"LineString","coordinates":[[30.4545943,59.8311083],[30.4546728,59.8313094]]},"properties":{"layer":"1","location":"overground","man_made":"pipeline","substance":"hot_water","_source":"real","_class":"heat_pipe","_osm_id":"way/990471830","_district":"Колпинский район","_length_km":0.023}},{"type":"Feature","geometry":{"type":"LineString","coordinates":[[30.4749343,59.8333547],[30.477009,59.8337704]]},"properties":{"layer":"-1","location":"underground","man_made":"pipeline","substance":"hot_water","_source":"real","_class":"heat_pipe","_osm_id":"way/990471831","_district":"Колпинский район","_length_km":0.125}},{"type":"Feature","geometry":{"type":"LineString","coordinates":[[30.4858174,59.8346279],[30.4861909,59.8346485]]},"properties":{"location":"overground","man_made":"pipeline","substance":"hot_water","_source":"real","_class":"heat_pipe","_osm_id":"way/990471832","_district":"Невский район","_length_km":0.021}},{"type":"Feature","geometry":{"type":"LineString","coordinates":[[30.4855395,59.8346126],[30.4858174,59.8346279]]},"properties":{"layer":"1","man_made":"pipeline","substance":"hot_water","_source":"real","_class":"heat_pipe","_osm_id":"way/990471833","_district":"Невский район","_length_km":0.016}},{"type":"Feature","geometry":{"type":"LineString","coordinates":[[30.4604806,59.831854],[30.4604911,59.8318277],[30.4630175,59.8321604],[30.4632828,59.8321901],[30.4643029,59.8322916]]},"properties":{"location":"overground","man_made":"pipeline","substance":"hot_water","_source":"real","_class":"heat_pipe","_osm_id":"way/990471834","_district":"Колпинский район","_length_km":0.223}},{"type":"Feature","geometry":{"type":"LineString","coordinates":[[30.4604333,59.8319867],[30.4604806,59.831854]]},"properties":{"layer":"1","man_made":"pipeline","substance":"hot_water","_source":"real","_class":"heat_pipe","_osm_id":"way/990471835","_district":"Колпинский район","_length_km":0.015}},{"type":"Feature","geometry":{"type":"LineString","coordinates":[[30.4645728,59.8323185],[30.4733348,59.8331675],[30.474894,59.8331714],[30.4749343,59.8333547]]},"properties":{"location":"overground","man_made":"pipeline","substance":"hot_water","_source":"real","_class":"heat_pipe","_osm_id":"way/990471836","_district":"Колпинский район","_length_km":0.608}},{"type":"Feature","geometry":{"type":"LineString","coordinates":[[30.4643029,59.8322916],[30.4645728,59.8323185]]},"properties":{"layer":"1","man_made":"pipeline","substance":"hot_water","_source":"real","_class":"heat_pipe","_osm_id":"way/990471837","_district":"Колпинский район","_length_km":0.015}},{"type":"Feature","geometry":{"type":"Polygon","coordinates":[[[30.6027947,59.7718326],[30.6028107,59.7716764],[30.6025886,59.7716707],[30.6025726,59.7718268],[30.6027947,59.7718326]]]},"properties":{"building":"service","building:levels":"1","landuse":"industrial","power":"plant","_source":"real","_class":"heat_source","_osm_id":"way/996669934","_district":"Колпинский район"}}]}